Loaded FEMNIST test split partition_id=64 with 355 samples
Wall-clock time: 1765418904.6183178 ||Test loss: 8.2265 || Test accuracy: 0.0282 || CPU time: 7.2375 || CPU utilization: 0.3747 || R#1's duration (s): 19.3165 || Cumulative runtime (s): 19.3165 || Loading data delay (s): 7.0641 || Eval delay (s): 0.5705 || Agg delay (s): 0.0000 || Coordination delay (s): 0.0000 || DIST task delay: 0.0000 || RECV task delay: 0.0000 || Queueing delay: 0.0000 || MSG (from mid) Ave. delay: 0.0000 || Total cache delay: 0.0000 || Ave. cache delay: 0.0000
[R#1] CUMULATIVE_RUNTIME_SEC=19.3165
Top Aggregator Timestamps: CACHE, CACHE_START_T: 0.0, CACHE_END_T: 0.0 || AGG, AGG_START_T: 0.0, AGG_END_T: 0.0 || EVAL, EVAL_START_T: 1765418904.0477476, EVAL_END_T: 1765418904.6182916 || RECV, RECV_START_T: 0.0, RECV_END_T: 0.0 || DIST, DIST_START_T: 0.0, DIST_END_T: 0.0 || LOAD, LOAD_START_T: 1765418885.6514986, LOAD_END_T: 1765418892.7156448 || MSG_MTo, MSG_MTo_START_T: 0.0, MSG_MTo_END_T: 0.0
Loaded FEMNIST test split partition_id=22 with 334 samples
Wall-clock time: 1765418942.4643178 ||Test loss: 3.6425 || Test accuracy: 0.0988 || CPU time: 7.2043 || CPU utilization: 0.1904 || R#2's duration (s): 37.8460 || Cumulative runtime (s): 57.1625 || Loading data delay (s): 6.0429 || Eval delay (s): 0.5499 || Agg delay (s): 0.0000 || Coordination delay (s): 0.0000 || DIST task delay: 0.0000 || RECV task delay: 0.0000 || Queueing delay: 0.0000 || MSG (from mid) Ave. delay: 0.0000 || Total cache delay: 0.0000 || Ave. cache delay: 0.0000
[R#2] CUMULATIVE_RUNTIME_SEC=57.1625
Top Aggregator Timestamps: CACHE, CACHE_START_T: 0.0, CACHE_END_T: 0.0 || AGG, AGG_START_T: 0.0, AGG_END_T: 0.0 || EVAL, EVAL_START_T: 1765418941.9143717, EVAL_END_T: 1765418942.464297 || RECV, RECV_START_T: 0.0, RECV_END_T: 0.0 || DIST, DIST_START_T: 0.0, DIST_END_T: 0.0 || LOAD, LOAD_START_T: 1765418904.6214747, LOAD_END_T: 1765418910.664354 || MSG_MTo, MSG_MTo_START_T: 0.0, MSG_MTo_END_T: 0.0
Loaded FEMNIST test split partition_id=29 with 247 samples
Wall-clock time: 1765418975.291552 ||Test loss: 3.7456 || Test accuracy: 0.1215 || CPU time: 6.1746 || CPU utilization: 0.1881 || R#3's duration (s): 32.8272 || Cumulative runtime (s): 89.9898 || Loading data delay (s): 6.4210 || Eval delay (s): 0.4603 || Agg delay (s): 0.0000 || Coordination delay (s): 0.0000 || DIST task delay: 0.0000 || RECV task delay: 0.0000 || Queueing delay: 0.0000 || MSG (from mid) Ave. delay: 0.0000 || Total cache delay: 0.0000 || Ave. cache delay: 0.0000
[R#3] CUMULATIVE_RUNTIME_SEC=89.9898
Top Aggregator Timestamps: CACHE, CACHE_START_T: 0.0, CACHE_END_T: 0.0 || AGG, AGG_START_T: 0.0, AGG_END_T: 0.0 || EVAL, EVAL_START_T: 1765418974.8312523, EVAL_END_T: 1765418975.291525 || RECV, RECV_START_T: 0.0, RECV_END_T: 0.0 || DIST, DIST_START_T: 0.0, DIST_END_T: 0.0 || LOAD, LOAD_START_T: 1765418942.4673226, LOAD_END_T: 1765418948.8883681 || MSG_MTo, MSG_MTo_START_T: 0.0, MSG_MTo_END_T: 0.0
Loaded FEMNIST test split partition_id=20 with 371 samples
Wall-clock time: 1765419014.677192 ||Test loss: 3.6123 || Test accuracy: 0.0836 || CPU time: 8.3962 || CPU utilization: 0.2132 || R#4's duration (s): 39.3856 || Cumulative runtime (s): 129.3754 || Loading data delay (s): 6.0620 || Eval delay (s): 0.6500 || Agg delay (s): 0.0000 || Coordination delay (s): 0.0000 || DIST task delay: 0.0000 || RECV task delay: 0.0000 || Queueing delay: 0.0000 || MSG (from mid) Ave. delay: 0.0000 || Total cache delay: 0.0000 || Ave. cache delay: 0.0000
[R#4] CUMULATIVE_RUNTIME_SEC=129.3754
Top Aggregator Timestamps: CACHE, CACHE_START_T: 0.0, CACHE_END_T: 0.0 || AGG, AGG_START_T: 0.0, AGG_END_T: 0.0 || EVAL, EVAL_START_T: 1765419014.0271518, EVAL_END_T: 1765419014.677169 || RECV, RECV_START_T: 0.0, RECV_END_T: 0.0 || DIST, DIST_START_T: 0.0, DIST_END_T: 0.0 || LOAD, LOAD_START_T: 1765418975.294776, LOAD_END_T: 1765418981.3568058 || MSG_MTo, MSG_MTo_START_T: 0.0, MSG_MTo_END_T: 0.0
Loaded FEMNIST test split partition_id=62 with 390 samples
Wall-clock time: 1765419048.8499415 ||Test loss: 3.5116 || Test accuracy: 0.1615 || CPU time: 8.5849 || CPU utilization: 0.2512 || R#5's duration (s): 34.1727 || Cumulative runtime (s): 163.5482 || Loading data delay (s): 6.4076 || Eval delay (s): 0.6483 || Agg delay (s): 0.0000 || Coordination delay (s): 0.0000 || DIST task delay: 0.0000 || RECV task delay: 0.0000 || Queueing delay: 0.0000 || MSG (from mid) Ave. delay: 0.0000 || Total cache delay: 0.0000 || Ave. cache delay: 0.0000
[R#5] CUMULATIVE_RUNTIME_SEC=163.5482
Top Aggregator Timestamps: CACHE, CACHE_START_T: 0.0, CACHE_END_T: 0.0 || AGG, AGG_START_T: 0.0, AGG_END_T: 0.0 || EVAL, EVAL_START_T: 1765419048.201633, EVAL_END_T: 1765419048.8499157 || RECV, RECV_START_T: 0.0, RECV_END_T: 0.0 || DIST, DIST_START_T: 0.0, DIST_END_T: 0.0 || LOAD, LOAD_START_T: 1765419014.6831036, LOAD_END_T: 1765419021.0907228 || MSG_MTo, MSG_MTo_START_T: 0.0, MSG_MTo_END_T: 0.0
Loaded FEMNIST test split partition_id=18 with 383 samples
Wall-clock time: 1765419091.086488 ||Test loss: 3.1573 || Test accuracy: 0.1828 || CPU time: 8.9491 || CPU utilization: 0.2119 || R#6's duration (s): 42.2365 || Cumulative runtime (s): 205.7847 || Loading data delay (s): 7.5521 || Eval delay (s): 0.6941 || Agg delay (s): 0.0000 || Coordination delay (s): 0.0000 || DIST task delay: 0.0000 || RECV task delay: 0.0000 || Queueing delay: 0.0000 || MSG (from mid) Ave. delay: 0.0000 || Total cache delay: 0.0000 || Ave. cache delay: 0.0000
[R#6] CUMULATIVE_RUNTIME_SEC=205.7847
Top Aggregator Timestamps: CACHE, CACHE_START_T: 0.0, CACHE_END_T: 0.0 || AGG, AGG_START_T: 0.0, AGG_END_T: 0.0 || EVAL, EVAL_START_T: 1765419090.3923485, EVAL_END_T: 1765419091.0864532 || RECV, RECV_START_T: 0.0, RECV_END_T: 0.0 || DIST, DIST_START_T: 0.0, DIST_END_T: 0.0 || LOAD, LOAD_START_T: 1765419048.8532145, LOAD_END_T: 1765419056.405302 || MSG_MTo, MSG_MTo_START_T: 0.0, MSG_MTo_END_T: 0.0
Loaded FEMNIST test split partition_id=6 with 380 samples
Wall-clock time: 1765419132.0320458 ||Test loss: 2.6219 || Test accuracy: 0.2711 || CPU time: 8.0567 || CPU utilization: 0.1968 || R#7's duration (s): 40.9456 || Cumulative runtime (s): 246.7303 || Loading data delay (s): 7.2346 || Eval delay (s): 0.6115 || Agg delay (s): 0.0000 || Coordination delay (s): 0.0000 || DIST task delay: 0.0000 || RECV task delay: 0.0000 || Queueing delay: 0.0000 || MSG (from mid) Ave. delay: 0.0000 || Total cache delay: 0.0000 || Ave. cache delay: 0.0000
[R#7] CUMULATIVE_RUNTIME_SEC=246.7303
Top Aggregator Timestamps: CACHE, CACHE_START_T: 0.0, CACHE_END_T: 0.0 || AGG, AGG_START_T: 0.0, AGG_END_T: 0.0 || EVAL, EVAL_START_T: 1765419131.420499, EVAL_END_T: 1765419132.0320206 || RECV, RECV_START_T: 0.0, RECV_END_T: 0.0 || DIST, DIST_START_T: 0.0, DIST_END_T: 0.0 || LOAD, LOAD_START_T: 1765419091.0899527, LOAD_END_T: 1765419098.3245459 || MSG_MTo, MSG_MTo_START_T: 0.0, MSG_MTo_END_T: 0.0
Loaded FEMNIST test split partition_id=45 with 327 samples
Wall-clock time: 1765419167.3237169 ||Test loss: 4.8897 || Test accuracy: 0.0673 || CPU time: 7.0161 || CPU utilization: 0.1988 || R#8's duration (s): 35.2917 || Cumulative runtime (s): 282.0219 || Loading data delay (s): 6.2737 || Eval delay (s): 0.5271 || Agg delay (s): 0.0000 || Coordination delay (s): 0.0000 || DIST task delay: 0.0000 || RECV task delay: 0.0000 || Queueing delay: 0.0000 || MSG (from mid) Ave. delay: 0.0000 || Total cache delay: 0.0000 || Ave. cache delay: 0.0000
[R#8] CUMULATIVE_RUNTIME_SEC=282.0219
Top Aggregator Timestamps: CACHE, CACHE_START_T: 0.0, CACHE_END_T: 0.0 || AGG, AGG_START_T: 0.0, AGG_END_T: 0.0 || EVAL, EVAL_START_T: 1765419166.7966042, EVAL_END_T: 1765419167.3236823 || RECV, RECV_START_T: 0.0, RECV_END_T: 0.0 || DIST, DIST_START_T: 0.0, DIST_END_T: 0.0 || LOAD, LOAD_START_T: 1765419132.0352514, LOAD_END_T: 1765419138.3089554 || MSG_MTo, MSG_MTo_START_T: 0.0, MSG_MTo_END_T: 0.0
Loaded FEMNIST test split partition_id=31 with 407 samples
Wall-clock time: 1765419201.6689835 ||Test loss: 3.7936 || Test accuracy: 0.1351 || CPU time: 9.3680 || CPU utilization: 0.2728 || R#9's duration (s): 34.3453 || Cumulative runtime (s): 316.3672 || Loading data delay (s): 6.4957 || Eval delay (s): 0.7248 || Agg delay (s): 0.0000 || Coordination delay (s): 0.0000 || DIST task delay: 0.0000 || RECV task delay: 0.0000 || Queueing delay: 0.0000 || MSG (from mid) Ave. delay: 0.0000 || Total cache delay: 0.0000 || Ave. cache delay: 0.0000
[R#9] CUMULATIVE_RUNTIME_SEC=316.3672
Top Aggregator Timestamps: CACHE, CACHE_START_T: 0.0, CACHE_END_T: 0.0 || AGG, AGG_START_T: 0.0, AGG_END_T: 0.0 || EVAL, EVAL_START_T: 1765419200.944178, EVAL_END_T: 1765419201.6689613 || RECV, RECV_START_T: 0.0, RECV_END_T: 0.0 || DIST, DIST_START_T: 0.0, DIST_END_T: 0.0 || LOAD, LOAD_START_T: 1765419167.327211, LOAD_END_T: 1765419173.8228946 || MSG_MTo, MSG_MTo_START_T: 0.0, MSG_MTo_END_T: 0.0
Loaded FEMNIST test split partition_id=16 with 312 samples
Wall-clock time: 1765419239.8036985 ||Test loss: 2.8608 || Test accuracy: 0.2404 || CPU time: 7.7109 || CPU utilization: 0.2022 || R#10's duration (s): 38.1347 || Cumulative runtime (s): 354.5019 || Loading data delay (s): 6.3508 || Eval delay (s): 0.5929 || Agg delay (s): 0.0000 || Coordination delay (s): 0.0000 || DIST task delay: 0.0000 || RECV task delay: 0.0000 || Queueing delay: 0.0000 || MSG (from mid) Ave. delay: 0.0000 || Total cache delay: 0.0000 || Ave. cache delay: 0.0000
[R#10] CUMULATIVE_RUNTIME_SEC=354.5019
Top Aggregator Timestamps: CACHE, CACHE_START_T: 0.0, CACHE_END_T: 0.0 || AGG, AGG_START_T: 0.0, AGG_END_T: 0.0 || EVAL, EVAL_START_T: 1765419239.2107875, EVAL_END_T: 1765419239.803676 || RECV, RECV_START_T: 0.0, RECV_END_T: 0.0 || DIST, DIST_START_T: 0.0, DIST_END_T: 0.0 || LOAD, LOAD_START_T: 1765419201.6720173, LOAD_END_T: 1765419208.0227897 || MSG_MTo, MSG_MTo_START_T: 0.0, MSG_MTo_END_T: 0.0
Loaded FEMNIST test split partition_id=2 with 404 samples
Wall-clock time: 1765419278.9317684 ||Test loss: 2.8157 || Test accuracy: 0.2649 || CPU time: 9.6860 || CPU utilization: 0.2475 || R#11's duration (s): 39.1281 || Cumulative runtime (s): 393.6300 || Loading data delay (s): 6.9757 || Eval delay (s): 0.7479 || Agg delay (s): 0.0000 || Coordination delay (s): 0.0000 || DIST task delay: 0.0000 || RECV task delay: 0.0000 || Queueing delay: 0.0000 || MSG (from mid) Ave. delay: 0.0000 || Total cache delay: 0.0000 || Ave. cache delay: 0.0000
[R#11] CUMULATIVE_RUNTIME_SEC=393.6300
Top Aggregator Timestamps: CACHE, CACHE_START_T: 0.0, CACHE_END_T: 0.0 || AGG, AGG_START_T: 0.0, AGG_END_T: 0.0 || EVAL, EVAL_START_T: 1765419278.1838174, EVAL_END_T: 1765419278.93174 || RECV, RECV_START_T: 0.0, RECV_END_T: 0.0 || DIST, DIST_START_T: 0.0, DIST_END_T: 0.0 || LOAD, LOAD_START_T: 1765419239.8068218, LOAD_END_T: 1765419246.782482 || MSG_MTo, MSG_MTo_START_T: 0.0, MSG_MTo_END_T: 0.0
Loaded FEMNIST test split partition_id=55 with 373 samples
Wall-clock time: 1765419311.9883184 ||Test loss: 3.6208 || Test accuracy: 0.1421 || CPU time: 7.8315 || CPU utilization: 0.2369 || R#12's duration (s): 33.0566 || Cumulative runtime (s): 426.6865 || Loading data delay (s): 6.1781 || Eval delay (s): 0.5884 || Agg delay (s): 0.0000 || Coordination delay (s): 0.0000 || DIST task delay: 0.0000 || RECV task delay: 0.0000 || Queueing delay: 0.0000 || MSG (from mid) Ave. delay: 0.0000 || Total cache delay: 0.0000 || Ave. cache delay: 0.0000
[R#12] CUMULATIVE_RUNTIME_SEC=426.6865
Top Aggregator Timestamps: CACHE, CACHE_START_T: 0.0, CACHE_END_T: 0.0 || AGG, AGG_START_T: 0.0, AGG_END_T: 0.0 || EVAL, EVAL_START_T: 1765419311.3998594, EVAL_END_T: 1765419311.9882994 || RECV, RECV_START_T: 0.0, RECV_END_T: 0.0 || DIST, DIST_START_T: 0.0, DIST_END_T: 0.0 || LOAD, LOAD_START_T: 1765419278.9346812, LOAD_END_T: 1765419285.1127422 || MSG_MTo, MSG_MTo_START_T: 0.0, MSG_MTo_END_T: 0.0
Loaded FEMNIST test split partition_id=32 with 278 samples
Wall-clock time: 1765419341.2715714 ||Test loss: 3.0379 || Test accuracy: 0.2302 || CPU time: 6.9298 || CPU utilization: 0.2366 || R#13's duration (s): 29.2833 || Cumulative runtime (s): 455.9698 || Loading data delay (s): 6.8474 || Eval delay (s): 0.5342 || Agg delay (s): 0.0000 || Coordination delay (s): 0.0000 || DIST task delay: 0.0000 || RECV task delay: 0.0000 || Queueing delay: 0.0000 || MSG (from mid) Ave. delay: 0.0000 || Total cache delay: 0.0000 || Ave. cache delay: 0.0000
[R#13] CUMULATIVE_RUNTIME_SEC=455.9698
Top Aggregator Timestamps: CACHE, CACHE_START_T: 0.0, CACHE_END_T: 0.0 || AGG, AGG_START_T: 0.0, AGG_END_T: 0.0 || EVAL, EVAL_START_T: 1765419340.7373762, EVAL_END_T: 1765419341.2715287 || RECV, RECV_START_T: 0.0, RECV_END_T: 0.0 || DIST, DIST_START_T: 0.0, DIST_END_T: 0.0 || LOAD, LOAD_START_T: 1765419311.9911535, LOAD_END_T: 1765419318.8385592 || MSG_MTo, MSG_MTo_START_T: 0.0, MSG_MTo_END_T: 0.0
Loaded FEMNIST test split partition_id=13 with 329 samples
Wall-clock time: 1765419393.1695282 ||Test loss: 2.2086 || Test accuracy: 0.3343 || CPU time: 7.5468 || CPU utilization: 0.1454 || R#14's duration (s): 51.8980 || Cumulative runtime (s): 507.8677 || Loading data delay (s): 7.0236 || Eval delay (s): 0.5960 || Agg delay (s): 0.0000 || Coordination delay (s): 0.0000 || DIST task delay: 0.0000 || RECV task delay: 0.0000 || Queueing delay: 0.0000 || MSG (from mid) Ave. delay: 0.0000 || Total cache delay: 0.0000 || Ave. cache delay: 0.0000
[R#14] CUMULATIVE_RUNTIME_SEC=507.8677
Top Aggregator Timestamps: CACHE, CACHE_START_T: 0.0, CACHE_END_T: 0.0 || AGG, AGG_START_T: 0.0, AGG_END_T: 0.0 || EVAL, EVAL_START_T: 1765419392.5735233, EVAL_END_T: 1765419393.1695092 || RECV, RECV_START_T: 0.0, RECV_END_T: 0.0 || DIST, DIST_START_T: 0.0, DIST_END_T: 0.0 || LOAD, LOAD_START_T: 1765419341.2752082, LOAD_END_T: 1765419348.298791 || MSG_MTo, MSG_MTo_START_T: 0.0, MSG_MTo_END_T: 0.0
Loaded FEMNIST test split partition_id=1 with 413 samples
Wall-clock time: 1765419424.3516335 ||Test loss: 2.3300 || Test accuracy: 0.3196 || CPU time: 9.2689 || CPU utilization: 0.2973 || R#15's duration (s): 31.1821 || Cumulative runtime (s): 539.0498 || Loading data delay (s): 7.0643 || Eval delay (s): 0.7268 || Agg delay (s): 0.0000 || Coordination delay (s): 0.0000 || DIST task delay: 0.0000 || RECV task delay: 0.0000 || Queueing delay: 0.0000 || MSG (from mid) Ave. delay: 0.0000 || Total cache delay: 0.0000 || Ave. cache delay: 0.0000
[R#15] CUMULATIVE_RUNTIME_SEC=539.0498
Top Aggregator Timestamps: CACHE, CACHE_START_T: 0.0, CACHE_END_T: 0.0 || AGG, AGG_START_T: 0.0, AGG_END_T: 0.0 || EVAL, EVAL_START_T: 1765419423.6248143, EVAL_END_T: 1765419424.3516142 || RECV, RECV_START_T: 0.0, RECV_END_T: 0.0 || DIST, DIST_START_T: 0.0, DIST_END_T: 0.0 || LOAD, LOAD_START_T: 1765419393.172725, LOAD_END_T: 1765419400.237004 || MSG_MTo, MSG_MTo_START_T: 0.0, MSG_MTo_END_T: 0.0
Loaded FEMNIST test split partition_id=17 with 424 samples
Wall-clock time: 1765419461.5925694 ||Test loss: 2.9089 || Test accuracy: 0.2264 || CPU time: 9.6665 || CPU utilization: 0.2596 || R#16's duration (s): 37.2409 || Cumulative runtime (s): 576.2908 || Loading data delay (s): 6.9778 || Eval delay (s): 0.7557 || Agg delay (s): 0.0000 || Coordination delay (s): 0.0000 || DIST task delay: 0.0000 || RECV task delay: 0.0000 || Queueing delay: 0.0000 || MSG (from mid) Ave. delay: 0.0000 || Total cache delay: 0.0000 || Ave. cache delay: 0.0000
[R#16] CUMULATIVE_RUNTIME_SEC=576.2908
Top Aggregator Timestamps: CACHE, CACHE_START_T: 0.0, CACHE_END_T: 0.0 || AGG, AGG_START_T: 0.0, AGG_END_T: 0.0 || EVAL, EVAL_START_T: 1765419460.8368347, EVAL_END_T: 1765419461.5925457 || RECV, RECV_START_T: 0.0, RECV_END_T: 0.0 || DIST, DIST_START_T: 0.0, DIST_END_T: 0.0 || LOAD, LOAD_START_T: 1765419424.3549032, LOAD_END_T: 1765419431.3326957 || MSG_MTo, MSG_MTo_START_T: 0.0, MSG_MTo_END_T: 0.0
Loaded FEMNIST test split partition_id=27 with 446 samples
Wall-clock time: 1765419503.675883 ||Test loss: 2.1656 || Test accuracy: 0.4058 || CPU time: 10.0536 || CPU utilization: 0.2389 || R#17's duration (s): 42.0833 || Cumulative runtime (s): 618.3741 || Loading data delay (s): 6.8781 || Eval delay (s): 0.7818 || Agg delay (s): 0.0000 || Coordination delay (s): 0.0000 || DIST task delay: 0.0000 || RECV task delay: 0.0000 || Queueing delay: 0.0000 || MSG (from mid) Ave. delay: 0.0000 || Total cache delay: 0.0000 || Ave. cache delay: 0.0000
[R#17] CUMULATIVE_RUNTIME_SEC=618.3741
Top Aggregator Timestamps: CACHE, CACHE_START_T: 0.0, CACHE_END_T: 0.0 || AGG, AGG_START_T: 0.0, AGG_END_T: 0.0 || EVAL, EVAL_START_T: 1765419502.8940713, EVAL_END_T: 1765419503.6758606 || RECV, RECV_START_T: 0.0, RECV_END_T: 0.0 || DIST, DIST_START_T: 0.0, DIST_END_T: 0.0 || LOAD, LOAD_START_T: 1765419461.5956247, LOAD_END_T: 1765419468.4737616 || MSG_MTo, MSG_MTo_START_T: 0.0, MSG_MTo_END_T: 0.0
Loaded FEMNIST test split partition_id=23 with 418 samples
Wall-clock time: 1765419540.8968108 ||Test loss: 1.8764 || Test accuracy: 0.4019 || CPU time: 9.9623 || CPU utilization: 0.2677 || R#18's duration (s): 37.2209 || Cumulative runtime (s): 655.5950 || Loading data delay (s): 7.0209 || Eval delay (s): 0.7675 || Agg delay (s): 0.0000 || Coordination delay (s): 0.0000 || DIST task delay: 0.0000 || RECV task delay: 0.0000 || Queueing delay: 0.0000 || MSG (from mid) Ave. delay: 0.0000 || Total cache delay: 0.0000 || Ave. cache delay: 0.0000
[R#18] CUMULATIVE_RUNTIME_SEC=655.5950
Top Aggregator Timestamps: CACHE, CACHE_START_T: 0.0, CACHE_END_T: 0.0 || AGG, AGG_START_T: 0.0, AGG_END_T: 0.0 || EVAL, EVAL_START_T: 1765419540.1293173, EVAL_END_T: 1765419540.8967848 || RECV, RECV_START_T: 0.0, RECV_END_T: 0.0 || DIST, DIST_START_T: 0.0, DIST_END_T: 0.0 || LOAD, LOAD_START_T: 1765419503.679013, LOAD_END_T: 1765419510.6998937 || MSG_MTo, MSG_MTo_START_T: 0.0, MSG_MTo_END_T: 0.0
Loaded FEMNIST test split partition_id=29 with 247 samples
Wall-clock time: 1765419578.0367985 ||Test loss: 3.6843 || Test accuracy: 0.1579 || CPU time: 6.2220 || CPU utilization: 0.1675 || R#19's duration (s): 37.1400 || Cumulative runtime (s): 692.7350 || Loading data delay (s): 6.6831 || Eval delay (s): 0.4728 || Agg delay (s): 0.0000 || Coordination delay (s): 0.0000 || DIST task delay: 0.0000 || RECV task delay: 0.0000 || Queueing delay: 0.0000 || MSG (from mid) Ave. delay: 0.0000 || Total cache delay: 0.0000 || Ave. cache delay: 0.0000
[R#19] CUMULATIVE_RUNTIME_SEC=692.7350
Top Aggregator Timestamps: CACHE, CACHE_START_T: 0.0, CACHE_END_T: 0.0 || AGG, AGG_START_T: 0.0, AGG_END_T: 0.0 || EVAL, EVAL_START_T: 1765419577.5640097, EVAL_END_T: 1765419578.036773 || RECV, RECV_START_T: 0.0, RECV_END_T: 0.0 || DIST, DIST_START_T: 0.0, DIST_END_T: 0.0 || LOAD, LOAD_START_T: 1765419540.9000392, LOAD_END_T: 1765419547.5831409 || MSG_MTo, MSG_MTo_START_T: 0.0, MSG_MTo_END_T: 0.0
Loaded FEMNIST test split partition_id=9 with 377 samples
Top Aggregator initialized with resnet18 on cpu
Loaded FEMNIST test split partition_id=7 with 375 samples
Top Aggregator initialized with resnet18 on cpu
Loaded FEMNIST test split partition_id=19 with 377 samples
Top Aggregator initialized with resnet18 on cpu
Loaded FEMNIST test split partition_id=27 with 446 samples
Top Aggregator initialized with resnet18 on cpu
Loaded FEMNIST test split partition_id=51 with 396 samples
Top Aggregator initialized with resnet18 on cpu
Loaded FEMNIST test split partition_id=14 with 378 samples
Top Aggregator initialized with resnet18 on cpu
Loaded FEMNIST test split partition_id=10 with 436 samples
Top Aggregator initialized with resnet18 on cpu
Loaded FEMNIST test split partition_id=56 with 343 samples
Top Aggregator initialized with resnet18 on cpu
Loaded FEMNIST test split partition_id=16 with 312 samples
Top Aggregator initialized with resnet18 on cpu
Loaded FEMNIST test split partition_id=48 with 131 samples
Wall-clock time: 1765421064.0264704 ||Test loss: 10.3258 || Test accuracy: 0.0000 || CPU time: 3.2384 || CPU utilization: 0.1547 || R#1's duration (s): 20.9276 || Cumulative runtime (s): 20.9276 || Loading data delay (s): 6.7276 || Eval delay (s): 0.2537 || Agg delay (s): 0.0000 || Coordination delay (s): 0.0000 || DIST task delay: 0.0000 || RECV task delay: 0.0000 || Queueing delay: 0.0000 || MSG (from mid) Ave. delay: 0.0000 || Total cache delay: 0.0000 || Ave. cache delay: 0.0000
[R#1] CUMULATIVE_RUNTIME_SEC=20.9276
Top Aggregator Timestamps: CACHE, CACHE_START_T: 0.0, CACHE_END_T: 0.0 || AGG, AGG_START_T: 0.0, AGG_END_T: 0.0 || EVAL, EVAL_START_T: 1765421063.7727256, EVAL_END_T: 1765421064.0264432 || RECV, RECV_START_T: 0.0, RECV_END_T: 0.0 || DIST, DIST_START_T: 0.0, DIST_END_T: 0.0 || LOAD, LOAD_START_T: 1765421043.575948, LOAD_END_T: 1765421050.3035462 || MSG_MTo, MSG_MTo_START_T: 0.0, MSG_MTo_END_T: 0.0
Loaded FEMNIST test split partition_id=35 with 416 samples
Wall-clock time: 1765421109.016612 ||Test loss: 4.1230 || Test accuracy: 0.0769 || CPU time: 8.6984 || CPU utilization: 0.1933 || R#2's duration (s): 44.9901 || Cumulative runtime (s): 65.9178 || Loading data delay (s): 5.9688 || Eval delay (s): 0.6628 || Agg delay (s): 0.0000 || Coordination delay (s): 0.0000 || DIST task delay: 0.0000 || RECV task delay: 0.0000 || Queueing delay: 0.0000 || MSG (from mid) Ave. delay: 0.0000 || Total cache delay: 0.0000 || Ave. cache delay: 0.0000
[R#2] CUMULATIVE_RUNTIME_SEC=65.9178
Top Aggregator Timestamps: CACHE, CACHE_START_T: 0.0, CACHE_END_T: 0.0 || AGG, AGG_START_T: 0.0, AGG_END_T: 0.0 || EVAL, EVAL_START_T: 1765421108.3538234, EVAL_END_T: 1765421109.0165858 || RECV, RECV_START_T: 0.0, RECV_END_T: 0.0 || DIST, DIST_START_T: 0.0, DIST_END_T: 0.0 || LOAD, LOAD_START_T: 1765421064.0301542, LOAD_END_T: 1765421069.9989073 || MSG_MTo, MSG_MTo_START_T: 0.0, MSG_MTo_END_T: 0.0
Loaded FEMNIST test split partition_id=65 with 379 samples
Wall-clock time: 1765421144.0430403 ||Test loss: 5.2691 || Test accuracy: 0.0158 || CPU time: 8.3694 || CPU utilization: 0.2389 || R#3's duration (s): 35.0264 || Cumulative runtime (s): 100.9442 || Loading data delay (s): 6.5156 || Eval delay (s): 0.6305 || Agg delay (s): 0.0000 || Coordination delay (s): 0.0000 || DIST task delay: 0.0000 || RECV task delay: 0.0000 || Queueing delay: 0.0000 || MSG (from mid) Ave. delay: 0.0000 || Total cache delay: 0.0000 || Ave. cache delay: 0.0000
[R#3] CUMULATIVE_RUNTIME_SEC=100.9442
Top Aggregator Timestamps: CACHE, CACHE_START_T: 0.0, CACHE_END_T: 0.0 || AGG, AGG_START_T: 0.0, AGG_END_T: 0.0 || EVAL, EVAL_START_T: 1765421143.4125383, EVAL_END_T: 1765421144.0430143 || RECV, RECV_START_T: 0.0, RECV_END_T: 0.0 || DIST, DIST_START_T: 0.0, DIST_END_T: 0.0 || LOAD, LOAD_START_T: 1765421109.0198493, LOAD_END_T: 1765421115.5354114 || MSG_MTo, MSG_MTo_START_T: 0.0, MSG_MTo_END_T: 0.0
Loaded FEMNIST test split partition_id=35 with 416 samples
Wall-clock time: 1765421177.6743793 ||Test loss: 3.7514 || Test accuracy: 0.0721 || CPU time: 8.5583 || CPU utilization: 0.2545 || R#4's duration (s): 33.6313 || Cumulative runtime (s): 134.5755 || Loading data delay (s): 6.4437 || Eval delay (s): 0.6629 || Agg delay (s): 0.0000 || Coordination delay (s): 0.0000 || DIST task delay: 0.0000 || RECV task delay: 0.0000 || Queueing delay: 0.0000 || MSG (from mid) Ave. delay: 0.0000 || Total cache delay: 0.0000 || Ave. cache delay: 0.0000
[R#4] CUMULATIVE_RUNTIME_SEC=134.5755
Top Aggregator Timestamps: CACHE, CACHE_START_T: 0.0, CACHE_END_T: 0.0 || AGG, AGG_START_T: 0.0, AGG_END_T: 0.0 || EVAL, EVAL_START_T: 1765421177.01147, EVAL_END_T: 1765421177.6743572 || RECV, RECV_START_T: 0.0, RECV_END_T: 0.0 || DIST, DIST_START_T: 0.0, DIST_END_T: 0.0 || LOAD, LOAD_START_T: 1765421144.0462482, LOAD_END_T: 1765421150.4899652 || MSG_MTo, MSG_MTo_START_T: 0.0, MSG_MTo_END_T: 0.0
Loaded FEMNIST test split partition_id=14 with 378 samples
Wall-clock time: 1765421208.52362 ||Test loss: 3.4551 || Test accuracy: 0.1164 || CPU time: 8.4779 || CPU utilization: 0.2748 || R#5's duration (s): 30.8492 || Cumulative runtime (s): 165.4248 || Loading data delay (s): 6.2051 || Eval delay (s): 0.6188 || Agg delay (s): 0.0000 || Coordination delay (s): 0.0000 || DIST task delay: 0.0000 || RECV task delay: 0.0000 || Queueing delay: 0.0000 || MSG (from mid) Ave. delay: 0.0000 || Total cache delay: 0.0000 || Ave. cache delay: 0.0000
[R#5] CUMULATIVE_RUNTIME_SEC=165.4248
Top Aggregator Timestamps: CACHE, CACHE_START_T: 0.0, CACHE_END_T: 0.0 || AGG, AGG_START_T: 0.0, AGG_END_T: 0.0 || EVAL, EVAL_START_T: 1765421207.9047658, EVAL_END_T: 1765421208.5235956 || RECV, RECV_START_T: 0.0, RECV_END_T: 0.0 || DIST, DIST_START_T: 0.0, DIST_END_T: 0.0 || LOAD, LOAD_START_T: 1765421177.6771762, LOAD_END_T: 1765421183.882305 || MSG_MTo, MSG_MTo_START_T: 0.0, MSG_MTo_END_T: 0.0
Loaded FEMNIST test split partition_id=11 with 425 samples
Wall-clock time: 1765421245.822729 ||Test loss: 3.3222 || Test accuracy: 0.1435 || CPU time: 9.2398 || CPU utilization: 0.2477 || R#6's duration (s): 37.2991 || Cumulative runtime (s): 202.7239 || Loading data delay (s): 7.5701 || Eval delay (s): 0.7389 || Agg delay (s): 0.0000 || Coordination delay (s): 0.0000 || DIST task delay: 0.0000 || RECV task delay: 0.0000 || Queueing delay: 0.0000 || MSG (from mid) Ave. delay: 0.0000 || Total cache delay: 0.0000 || Ave. cache delay: 0.0000
[R#6] CUMULATIVE_RUNTIME_SEC=202.7239
Top Aggregator Timestamps: CACHE, CACHE_START_T: 0.0, CACHE_END_T: 0.0 || AGG, AGG_START_T: 0.0, AGG_END_T: 0.0 || EVAL, EVAL_START_T: 1765421245.0838478, EVAL_END_T: 1765421245.8227012 || RECV, RECV_START_T: 0.0, RECV_END_T: 0.0 || DIST, DIST_START_T: 0.0, DIST_END_T: 0.0 || LOAD, LOAD_START_T: 1765421208.5267725, LOAD_END_T: 1765421216.0969024 || MSG_MTo, MSG_MTo_START_T: 0.0, MSG_MTo_END_T: 0.0
Loaded FEMNIST test split partition_id=23 with 418 samples
Wall-clock time: 1765421286.3086896 ||Test loss: 3.2572 || Test accuracy: 0.1579 || CPU time: 9.2349 || CPU utilization: 0.2281 || R#7's duration (s): 40.4860 || Cumulative runtime (s): 243.2098 || Loading data delay (s): 7.0460 || Eval delay (s): 0.7116 || Agg delay (s): 0.0000 || Coordination delay (s): 0.0000 || DIST task delay: 0.0000 || RECV task delay: 0.0000 || Queueing delay: 0.0000 || MSG (from mid) Ave. delay: 0.0000 || Total cache delay: 0.0000 || Ave. cache delay: 0.0000
[R#7] CUMULATIVE_RUNTIME_SEC=243.2098
Top Aggregator Timestamps: CACHE, CACHE_START_T: 0.0, CACHE_END_T: 0.0 || AGG, AGG_START_T: 0.0, AGG_END_T: 0.0 || EVAL, EVAL_START_T: 1765421285.5971105, EVAL_END_T: 1765421286.3086615 || RECV, RECV_START_T: 0.0, RECV_END_T: 0.0 || DIST, DIST_START_T: 0.0, DIST_END_T: 0.0 || LOAD, LOAD_START_T: 1765421245.826345, LOAD_END_T: 1765421252.872347 || MSG_MTo, MSG_MTo_START_T: 0.0, MSG_MTo_END_T: 0.0
Loaded FEMNIST test split partition_id=1 with 413 samples
Wall-clock time: 1765421322.16272 ||Test loss: 3.0996 || Test accuracy: 0.1743 || CPU time: 8.8214 || CPU utilization: 0.2460 || R#8's duration (s): 35.8540 || Cumulative runtime (s): 279.0639 || Loading data delay (s): 7.0194 || Eval delay (s): 0.6764 || Agg delay (s): 0.0000 || Coordination delay (s): 0.0000 || DIST task delay: 0.0000 || RECV task delay: 0.0000 || Queueing delay: 0.0000 || MSG (from mid) Ave. delay: 0.0000 || Total cache delay: 0.0000 || Ave. cache delay: 0.0000
[R#8] CUMULATIVE_RUNTIME_SEC=279.0639
Top Aggregator Timestamps: CACHE, CACHE_START_T: 0.0, CACHE_END_T: 0.0 || AGG, AGG_START_T: 0.0, AGG_END_T: 0.0 || EVAL, EVAL_START_T: 1765421321.486316, EVAL_END_T: 1765421322.1626906 || RECV, RECV_START_T: 0.0, RECV_END_T: 0.0 || DIST, DIST_START_T: 0.0, DIST_END_T: 0.0 || LOAD, LOAD_START_T: 1765421286.3118744, LOAD_END_T: 1765421293.3312805 || MSG_MTo, MSG_MTo_START_T: 0.0, MSG_MTo_END_T: 0.0
Loaded FEMNIST test split partition_id=18 with 383 samples
Wall-clock time: 1765421363.7201636 ||Test loss: 2.7187 || Test accuracy: 0.3029 || CPU time: 8.4727 || CPU utilization: 0.2039 || R#9's duration (s): 41.5574 || Cumulative runtime (s): 320.6213 || Loading data delay (s): 7.6413 || Eval delay (s): 0.6389 || Agg delay (s): 0.0000 || Coordination delay (s): 0.0000 || DIST task delay: 0.0000 || RECV task delay: 0.0000 || Queueing delay: 0.0000 || MSG (from mid) Ave. delay: 0.0000 || Total cache delay: 0.0000 || Ave. cache delay: 0.0000
[R#9] CUMULATIVE_RUNTIME_SEC=320.6213
Top Aggregator Timestamps: CACHE, CACHE_START_T: 0.0, CACHE_END_T: 0.0 || AGG, AGG_START_T: 0.0, AGG_END_T: 0.0 || EVAL, EVAL_START_T: 1765421363.0812178, EVAL_END_T: 1765421363.7201316 || RECV, RECV_START_T: 0.0, RECV_END_T: 0.0 || DIST, DIST_START_T: 0.0, DIST_END_T: 0.0 || LOAD, LOAD_START_T: 1765421322.1661434, LOAD_END_T: 1765421329.8074722 || MSG_MTo, MSG_MTo_START_T: 0.0, MSG_MTo_END_T: 0.0
Loaded FEMNIST test split partition_id=25 with 317 samples
Wall-clock time: 1765421400.163892 ||Test loss: 3.2931 || Test accuracy: 0.1167 || CPU time: 7.1048 || CPU utilization: 0.1950 || R#10's duration (s): 36.4437 || Cumulative runtime (s): 357.0650 || Loading data delay (s): 6.2240 || Eval delay (s): 0.5353 || Agg delay (s): 0.0000 || Coordination delay (s): 0.0000 || DIST task delay: 0.0000 || RECV task delay: 0.0000 || Queueing delay: 0.0000 || MSG (from mid) Ave. delay: 0.0000 || Total cache delay: 0.0000 || Ave. cache delay: 0.0000
[R#10] CUMULATIVE_RUNTIME_SEC=357.0650
Top Aggregator Timestamps: CACHE, CACHE_START_T: 0.0, CACHE_END_T: 0.0 || AGG, AGG_START_T: 0.0, AGG_END_T: 0.0 || EVAL, EVAL_START_T: 1765421399.6285238, EVAL_END_T: 1765421400.1638715 || RECV, RECV_START_T: 0.0, RECV_END_T: 0.0 || DIST, DIST_START_T: 0.0, DIST_END_T: 0.0 || LOAD, LOAD_START_T: 1765421363.7235277, LOAD_END_T: 1765421369.9474974 || MSG_MTo, MSG_MTo_START_T: 0.0, MSG_MTo_END_T: 0.0
Loaded FEMNIST test split partition_id=17 with 424 samples
Wall-clock time: 1765421437.672699 ||Test loss: 2.4968 || Test accuracy: 0.3632 || CPU time: 8.9465 || CPU utilization: 0.2385 || R#11's duration (s): 37.5088 || Cumulative runtime (s): 394.5739 || Loading data delay (s): 6.7057 || Eval delay (s): 0.6835 || Agg delay (s): 0.0000 || Coordination delay (s): 0.0000 || DIST task delay: 0.0000 || RECV task delay: 0.0000 || Queueing delay: 0.0000 || MSG (from mid) Ave. delay: 0.0000 || Total cache delay: 0.0000 || Ave. cache delay: 0.0000
[R#11] CUMULATIVE_RUNTIME_SEC=394.5739
Top Aggregator Timestamps: CACHE, CACHE_START_T: 0.0, CACHE_END_T: 0.0 || AGG, AGG_START_T: 0.0, AGG_END_T: 0.0 || EVAL, EVAL_START_T: 1765421436.989166, EVAL_END_T: 1765421437.6726775 || RECV, RECV_START_T: 0.0, RECV_END_T: 0.0 || DIST, DIST_START_T: 0.0, DIST_END_T: 0.0 || LOAD, LOAD_START_T: 1765421400.1671588, LOAD_END_T: 1765421406.8728476 || MSG_MTo, MSG_MTo_START_T: 0.0, MSG_MTo_END_T: 0.0
Loaded FEMNIST test split partition_id=8 with 418 samples
Wall-clock time: 1765421472.573604 ||Test loss: 1.6593 || Test accuracy: 0.4498 || CPU time: 8.8987 || CPU utilization: 0.2550 || R#12's duration (s): 34.9009 || Cumulative runtime (s): 429.4748 || Loading data delay (s): 6.2331 || Eval delay (s): 0.6811 || Agg delay (s): 0.0000 || Coordination delay (s): 0.0000 || DIST task delay: 0.0000 || RECV task delay: 0.0000 || Queueing delay: 0.0000 || MSG (from mid) Ave. delay: 0.0000 || Total cache delay: 0.0000 || Ave. cache delay: 0.0000
[R#12] CUMULATIVE_RUNTIME_SEC=429.4748
Top Aggregator Timestamps: CACHE, CACHE_START_T: 0.0, CACHE_END_T: 0.0 || AGG, AGG_START_T: 0.0, AGG_END_T: 0.0 || EVAL, EVAL_START_T: 1765421471.8924375, EVAL_END_T: 1765421472.573585 || RECV, RECV_START_T: 0.0, RECV_END_T: 0.0 || DIST, DIST_START_T: 0.0, DIST_END_T: 0.0 || LOAD, LOAD_START_T: 1765421437.6755264, LOAD_END_T: 1765421443.9085968 || MSG_MTo, MSG_MTo_START_T: 0.0, MSG_MTo_END_T: 0.0
Loaded FEMNIST test split partition_id=59 with 361 samples
Wall-clock time: 1765421507.3000796 ||Test loss: 3.7563 || Test accuracy: 0.1911 || CPU time: 8.3058 || CPU utilization: 0.2392 || R#13's duration (s): 34.7265 || Cumulative runtime (s): 464.2012 || Loading data delay (s): 6.4715 || Eval delay (s): 0.6289 || Agg delay (s): 0.0000 || Coordination delay (s): 0.0000 || DIST task delay: 0.0000 || RECV task delay: 0.0000 || Queueing delay: 0.0000 || MSG (from mid) Ave. delay: 0.0000 || Total cache delay: 0.0000 || Ave. cache delay: 0.0000
[R#13] CUMULATIVE_RUNTIME_SEC=464.2012
Top Aggregator Timestamps: CACHE, CACHE_START_T: 0.0, CACHE_END_T: 0.0 || AGG, AGG_START_T: 0.0, AGG_END_T: 0.0 || EVAL, EVAL_START_T: 1765421506.6710901, EVAL_END_T: 1765421507.3000374 || RECV, RECV_START_T: 0.0, RECV_END_T: 0.0 || DIST, DIST_START_T: 0.0, DIST_END_T: 0.0 || LOAD, LOAD_START_T: 1765421472.576721, LOAD_END_T: 1765421479.0482614 || MSG_MTo, MSG_MTo_START_T: 0.0, MSG_MTo_END_T: 0.0
Loaded FEMNIST test split partition_id=14 with 378 samples
Wall-clock time: 1765421546.77932 ||Test loss: 1.6468 || Test accuracy: 0.4815 || CPU time: 8.4854 || CPU utilization: 0.2149 || R#14's duration (s): 39.4792 || Cumulative runtime (s): 503.6805 || Loading data delay (s): 6.4642 || Eval delay (s): 0.6397 || Agg delay (s): 0.0000 || Coordination delay (s): 0.0000 || DIST task delay: 0.0000 || RECV task delay: 0.0000 || Queueing delay: 0.0000 || MSG (from mid) Ave. delay: 0.0000 || Total cache delay: 0.0000 || Ave. cache delay: 0.0000
[R#14] CUMULATIVE_RUNTIME_SEC=503.6805
Top Aggregator Timestamps: CACHE, CACHE_START_T: 0.0, CACHE_END_T: 0.0 || AGG, AGG_START_T: 0.0, AGG_END_T: 0.0 || EVAL, EVAL_START_T: 1765421546.1396112, EVAL_END_T: 1765421546.7792993 || RECV, RECV_START_T: 0.0, RECV_END_T: 0.0 || DIST, DIST_START_T: 0.0, DIST_END_T: 0.0 || LOAD, LOAD_START_T: 1765421507.3037097, LOAD_END_T: 1765421513.767944 || MSG_MTo, MSG_MTo_START_T: 0.0, MSG_MTo_END_T: 0.0
Loaded FEMNIST test split partition_id=50 with 313 samples
Wall-clock time: 1765421581.4828405 ||Test loss: 2.1298 || Test accuracy: 0.3930 || CPU time: 7.0947 || CPU utilization: 0.2044 || R#15's duration (s): 34.7035 || Cumulative runtime (s): 538.3840 || Loading data delay (s): 6.3537 || Eval delay (s): 0.5503 || Agg delay (s): 0.0000 || Coordination delay (s): 0.0000 || DIST task delay: 0.0000 || RECV task delay: 0.0000 || Queueing delay: 0.0000 || MSG (from mid) Ave. delay: 0.0000 || Total cache delay: 0.0000 || Ave. cache delay: 0.0000
[R#15] CUMULATIVE_RUNTIME_SEC=538.3840
Top Aggregator Timestamps: CACHE, CACHE_START_T: 0.0, CACHE_END_T: 0.0 || AGG, AGG_START_T: 0.0, AGG_END_T: 0.0 || EVAL, EVAL_START_T: 1765421580.932538, EVAL_END_T: 1765421581.4828124 || RECV, RECV_START_T: 0.0, RECV_END_T: 0.0 || DIST, DIST_START_T: 0.0, DIST_END_T: 0.0 || LOAD, LOAD_START_T: 1765421546.7823732, LOAD_END_T: 1765421553.1360757 || MSG_MTo, MSG_MTo_START_T: 0.0, MSG_MTo_END_T: 0.0
Loaded FEMNIST test split partition_id=53 with 326 samples
Wall-clock time: 1765421610.124351 ||Test loss: 2.6441 || Test accuracy: 0.2822 || CPU time: 7.4963 || CPU utilization: 0.2617 || R#16's duration (s): 28.6415 || Cumulative runtime (s): 567.0255 || Loading data delay (s): 6.2431 || Eval delay (s): 0.5774 || Agg delay (s): 0.0000 || Coordination delay (s): 0.0000 || DIST task delay: 0.0000 || RECV task delay: 0.0000 || Queueing delay: 0.0000 || MSG (from mid) Ave. delay: 0.0000 || Total cache delay: 0.0000 || Ave. cache delay: 0.0000
[R#16] CUMULATIVE_RUNTIME_SEC=567.0255
Top Aggregator Timestamps: CACHE, CACHE_START_T: 0.0, CACHE_END_T: 0.0 || AGG, AGG_START_T: 0.0, AGG_END_T: 0.0 || EVAL, EVAL_START_T: 1765421609.5469592, EVAL_END_T: 1765421610.1243274 || RECV, RECV_START_T: 0.0, RECV_END_T: 0.0 || DIST, DIST_START_T: 0.0, DIST_END_T: 0.0 || LOAD, LOAD_START_T: 1765421581.48604, LOAD_END_T: 1765421587.7290938 || MSG_MTo, MSG_MTo_START_T: 0.0, MSG_MTo_END_T: 0.0
Loaded FEMNIST test split partition_id=4 with 315 samples
Wall-clock time: 1765421647.6993697 ||Test loss: 2.7304 || Test accuracy: 0.2444 || CPU time: 6.5072 || CPU utilization: 0.1732 || R#17's duration (s): 37.5750 || Cumulative runtime (s): 604.6005 || Loading data delay (s): 6.9429 || Eval delay (s): 0.4989 || Agg delay (s): 0.0000 || Coordination delay (s): 0.0000 || DIST task delay: 0.0000 || RECV task delay: 0.0000 || Queueing delay: 0.0000 || MSG (from mid) Ave. delay: 0.0000 || Total cache delay: 0.0000 || Ave. cache delay: 0.0000
[R#17] CUMULATIVE_RUNTIME_SEC=604.6005
Top Aggregator Timestamps: CACHE, CACHE_START_T: 0.0, CACHE_END_T: 0.0 || AGG, AGG_START_T: 0.0, AGG_END_T: 0.0 || EVAL, EVAL_START_T: 1765421647.200434, EVAL_END_T: 1765421647.699314 || RECV, RECV_START_T: 0.0, RECV_END_T: 0.0 || DIST, DIST_START_T: 0.0, DIST_END_T: 0.0 || LOAD, LOAD_START_T: 1765421610.1274958, LOAD_END_T: 1765421617.0703824 || MSG_MTo, MSG_MTo_START_T: 0.0, MSG_MTo_END_T: 0.0
Loaded FEMNIST test split partition_id=33 with 337 samples
Wall-clock time: 1765421684.7427468 ||Test loss: 1.5769 || Test accuracy: 0.5341 || CPU time: 6.9312 || CPU utilization: 0.1871 || R#18's duration (s): 37.0434 || Cumulative runtime (s): 641.6439 || Loading data delay (s): 6.3557 || Eval delay (s): 0.5245 || Agg delay (s): 0.0000 || Coordination delay (s): 0.0000 || DIST task delay: 0.0000 || RECV task delay: 0.0000 || Queueing delay: 0.0000 || MSG (from mid) Ave. delay: 0.0000 || Total cache delay: 0.0000 || Ave. cache delay: 0.0000
[R#18] CUMULATIVE_RUNTIME_SEC=641.6439
Top Aggregator Timestamps: CACHE, CACHE_START_T: 0.0, CACHE_END_T: 0.0 || AGG, AGG_START_T: 0.0, AGG_END_T: 0.0 || EVAL, EVAL_START_T: 1765421684.218207, EVAL_END_T: 1765421684.742728 || RECV, RECV_START_T: 0.0, RECV_END_T: 0.0 || DIST, DIST_START_T: 0.0, DIST_END_T: 0.0 || LOAD, LOAD_START_T: 1765421647.7022212, LOAD_END_T: 1765421654.0579531 || MSG_MTo, MSG_MTo_START_T: 0.0, MSG_MTo_END_T: 0.0
Loaded FEMNIST test split partition_id=18 with 383 samples
Wall-clock time: 1765421708.7997127 ||Test loss: 2.0730 || Test accuracy: 0.3394 || CPU time: 8.5805 || CPU utilization: 0.3567 || R#19's duration (s): 24.0570 || Cumulative runtime (s): 665.7009 || Loading data delay (s): 6.3450 || Eval delay (s): 0.6594 || Agg delay (s): 0.0000 || Coordination delay (s): 0.0000 || DIST task delay: 0.0000 || RECV task delay: 0.0000 || Queueing delay: 0.0000 || MSG (from mid) Ave. delay: 0.0000 || Total cache delay: 0.0000 || Ave. cache delay: 0.0000
[R#19] CUMULATIVE_RUNTIME_SEC=665.7009
Top Aggregator Timestamps: CACHE, CACHE_START_T: 0.0, CACHE_END_T: 0.0 || AGG, AGG_START_T: 0.0, AGG_END_T: 0.0 || EVAL, EVAL_START_T: 1765421708.1403224, EVAL_END_T: 1765421708.7996876 || RECV, RECV_START_T: 0.0, RECV_END_T: 0.0 || DIST, DIST_START_T: 0.0, DIST_END_T: 0.0 || LOAD, LOAD_START_T: 1765421684.7455766, LOAD_END_T: 1765421691.0905566 || MSG_MTo, MSG_MTo_START_T: 0.0, MSG_MTo_END_T: 0.0
Loaded FEMNIST test split partition_id=15 with 370 samples
Wall-clock time: 1765421743.8105717 ||Test loss: 2.0400 || Test accuracy: 0.4216 || CPU time: 8.6842 || CPU utilization: 0.2480 || R#20's duration (s): 35.0109 || Cumulative runtime (s): 700.7117 || Loading data delay (s): 6.0817 || Eval delay (s): 0.6625 || Agg delay (s): 0.0000 || Coordination delay (s): 0.0000 || DIST task delay: 0.0000 || RECV task delay: 0.0000 || Queueing delay: 0.0000 || MSG (from mid) Ave. delay: 0.0000 || Total cache delay: 0.0000 || Ave. cache delay: 0.0000
[R#20] CUMULATIVE_RUNTIME_SEC=700.7117
Top Aggregator Timestamps: CACHE, CACHE_START_T: 0.0, CACHE_END_T: 0.0 || AGG, AGG_START_T: 0.0, AGG_END_T: 0.0 || EVAL, EVAL_START_T: 1765421743.1480494, EVAL_END_T: 1765421743.8105354 || RECV, RECV_START_T: 0.0, RECV_END_T: 0.0 || DIST, DIST_START_T: 0.0, DIST_END_T: 0.0 || LOAD, LOAD_START_T: 1765421708.8026223, LOAD_END_T: 1765421714.8843136 || MSG_MTo, MSG_MTo_START_T: 0.0, MSG_MTo_END_T: 0.0
Loaded FEMNIST test split partition_id=49 with 393 samples
Wall-clock time: 1765421771.9832919 ||Test loss: 1.3475 || Test accuracy: 0.5674 || CPU time: 9.2122 || CPU utilization: 0.3270 || R#21's duration (s): 28.1727 || Cumulative runtime (s): 728.8844 || Loading data delay (s): 6.5710 || Eval delay (s): 0.6946 || Agg delay (s): 0.0000 || Coordination delay (s): 0.0000 || DIST task delay: 0.0000 || RECV task delay: 0.0000 || Queueing delay: 0.0000 || MSG (from mid) Ave. delay: 0.0000 || Total cache delay: 0.0000 || Ave. cache delay: 0.0000
[R#21] CUMULATIVE_RUNTIME_SEC=728.8844
Top Aggregator Timestamps: CACHE, CACHE_START_T: 0.0, CACHE_END_T: 0.0 || AGG, AGG_START_T: 0.0, AGG_END_T: 0.0 || EVAL, EVAL_START_T: 1765421771.288655, EVAL_END_T: 1765421771.9832714 || RECV, RECV_START_T: 0.0, RECV_END_T: 0.0 || DIST, DIST_START_T: 0.0, DIST_END_T: 0.0 || LOAD, LOAD_START_T: 1765421743.813684, LOAD_END_T: 1765421750.3846886 || MSG_MTo, MSG_MTo_START_T: 0.0, MSG_MTo_END_T: 0.0
Loaded FEMNIST test split partition_id=3 with 397 samples
Wall-clock time: 1765421805.524824 ||Test loss: 1.4440 || Test accuracy: 0.5542 || CPU time: 8.8220 || CPU utilization: 0.2630 || R#22's duration (s): 33.5415 || Cumulative runtime (s): 762.4260 || Loading data delay (s): 6.9171 || Eval delay (s): 0.6776 || Agg delay (s): 0.0000 || Coordination delay (s): 0.0000 || DIST task delay: 0.0000 || RECV task delay: 0.0000 || Queueing delay: 0.0000 || MSG (from mid) Ave. delay: 0.0000 || Total cache delay: 0.0000 || Ave. cache delay: 0.0000
[R#22] CUMULATIVE_RUNTIME_SEC=762.4260
Top Aggregator Timestamps: CACHE, CACHE_START_T: 0.0, CACHE_END_T: 0.0 || AGG, AGG_START_T: 0.0, AGG_END_T: 0.0 || EVAL, EVAL_START_T: 1765421804.8472106, EVAL_END_T: 1765421805.5247996 || RECV, RECV_START_T: 0.0, RECV_END_T: 0.0 || DIST, DIST_START_T: 0.0, DIST_END_T: 0.0 || LOAD, LOAD_START_T: 1765421771.9865274, LOAD_END_T: 1765421778.9036434 || MSG_MTo, MSG_MTo_START_T: 0.0, MSG_MTo_END_T: 0.0
Loaded FEMNIST test split partition_id=40 with 375 samples
Wall-clock time: 1765421836.8727777 ||Test loss: 1.6434 || Test accuracy: 0.4907 || CPU time: 8.9427 || CPU utilization: 0.2853 || R#23's duration (s): 31.3480 || Cumulative runtime (s): 793.7739 || Loading data delay (s): 6.1700 || Eval delay (s): 0.6965 || Agg delay (s): 0.0000 || Coordination delay (s): 0.0000 || DIST task delay: 0.0000 || RECV task delay: 0.0000 || Queueing delay: 0.0000 || MSG (from mid) Ave. delay: 0.0000 || Total cache delay: 0.0000 || Ave. cache delay: 0.0000
[R#23] CUMULATIVE_RUNTIME_SEC=793.7739
Top Aggregator Timestamps: CACHE, CACHE_START_T: 0.0, CACHE_END_T: 0.0 || AGG, AGG_START_T: 0.0, AGG_END_T: 0.0 || EVAL, EVAL_START_T: 1765421836.1762502, EVAL_END_T: 1765421836.8727534 || RECV, RECV_START_T: 0.0, RECV_END_T: 0.0 || DIST, DIST_START_T: 0.0, DIST_END_T: 0.0 || LOAD, LOAD_START_T: 1765421805.5279076, LOAD_END_T: 1765421811.6979294 || MSG_MTo, MSG_MTo_START_T: 0.0, MSG_MTo_END_T: 0.0
Loaded FEMNIST test split partition_id=38 with 347 samples
Wall-clock time: 1765421872.0989015 ||Test loss: 1.8718 || Test accuracy: 0.4294 || CPU time: 7.6485 || CPU utilization: 0.2171 || R#24's duration (s): 35.2261 || Cumulative runtime (s): 829.0001 || Loading data delay (s): 7.5454 || Eval delay (s): 0.5803 || Agg delay (s): 0.0000 || Coordination delay (s): 0.0000 || DIST task delay: 0.0000 || RECV task delay: 0.0000 || Queueing delay: 0.0000 || MSG (from mid) Ave. delay: 0.0000 || Total cache delay: 0.0000 || Ave. cache delay: 0.0000
[R#24] CUMULATIVE_RUNTIME_SEC=829.0001
Top Aggregator Timestamps: CACHE, CACHE_START_T: 0.0, CACHE_END_T: 0.0 || AGG, AGG_START_T: 0.0, AGG_END_T: 0.0 || EVAL, EVAL_START_T: 1765421871.5185866, EVAL_END_T: 1765421872.0988748 || RECV, RECV_START_T: 0.0, RECV_END_T: 0.0 || DIST, DIST_START_T: 0.0, DIST_END_T: 0.0 || LOAD, LOAD_START_T: 1765421836.8760517, LOAD_END_T: 1765421844.4214168 || MSG_MTo, MSG_MTo_START_T: 0.0, MSG_MTo_END_T: 0.0
Loaded FEMNIST test split partition_id=8 with 418 samples
Wall-clock time: 1765421907.4921892 ||Test loss: 1.6110 || Test accuracy: 0.4569 || CPU time: 9.3723 || CPU utilization: 0.2648 || R#25's duration (s): 35.3933 || Cumulative runtime (s): 864.3933 || Loading data delay (s): 6.3883 || Eval delay (s): 0.7125 || Agg delay (s): 0.0000 || Coordination delay (s): 0.0000 || DIST task delay: 0.0000 || RECV task delay: 0.0000 || Queueing delay: 0.0000 || MSG (from mid) Ave. delay: 0.0000 || Total cache delay: 0.0000 || Ave. cache delay: 0.0000
[R#25] CUMULATIVE_RUNTIME_SEC=864.3933
Top Aggregator Timestamps: CACHE, CACHE_START_T: 0.0, CACHE_END_T: 0.0 || AGG, AGG_START_T: 0.0, AGG_END_T: 0.0 || EVAL, EVAL_START_T: 1765421906.7796738, EVAL_END_T: 1765421907.4921567 || RECV, RECV_START_T: 0.0, RECV_END_T: 0.0 || DIST, DIST_START_T: 0.0, DIST_END_T: 0.0 || LOAD, LOAD_START_T: 1765421872.1019716, LOAD_END_T: 1765421878.4902835 || MSG_MTo, MSG_MTo_START_T: 0.0, MSG_MTo_END_T: 0.0
Loaded FEMNIST test split partition_id=8 with 418 samples
Wall-clock time: 1765421941.661672 ||Test loss: 1.3073 || Test accuracy: 0.5718 || CPU time: 9.4028 || CPU utilization: 0.2752 || R#26's duration (s): 34.1695 || Cumulative runtime (s): 898.5628 || Loading data delay (s): 6.2416 || Eval delay (s): 0.7158 || Agg delay (s): 0.0000 || Coordination delay (s): 0.0000 || DIST task delay: 0.0000 || RECV task delay: 0.0000 || Queueing delay: 0.0000 || MSG (from mid) Ave. delay: 0.0000 || Total cache delay: 0.0000 || Ave. cache delay: 0.0000
[R#26] CUMULATIVE_RUNTIME_SEC=898.5628
Top Aggregator Timestamps: CACHE, CACHE_START_T: 0.0, CACHE_END_T: 0.0 || AGG, AGG_START_T: 0.0, AGG_END_T: 0.0 || EVAL, EVAL_START_T: 1765421940.945829, EVAL_END_T: 1765421941.6616502 || RECV, RECV_START_T: 0.0, RECV_END_T: 0.0 || DIST, DIST_START_T: 0.0, DIST_END_T: 0.0 || LOAD, LOAD_START_T: 1765421907.4958003, LOAD_END_T: 1765421913.7374265 || MSG_MTo, MSG_MTo_START_T: 0.0, MSG_MTo_END_T: 0.0
Loaded FEMNIST test split partition_id=7 with 375 samples
Wall-clock time: 1765421978.565306 ||Test loss: 2.8109 || Test accuracy: 0.3040 || CPU time: 8.6474 || CPU utilization: 0.2343 || R#27's duration (s): 36.9036 || Cumulative runtime (s): 935.4665 || Loading data delay (s): 6.4087 || Eval delay (s): 0.6639 || Agg delay (s): 0.0000 || Coordination delay (s): 0.0000 || DIST task delay: 0.0000 || RECV task delay: 0.0000 || Queueing delay: 0.0000 || MSG (from mid) Ave. delay: 0.0000 || Total cache delay: 0.0000 || Ave. cache delay: 0.0000
[R#27] CUMULATIVE_RUNTIME_SEC=935.4665
Top Aggregator Timestamps: CACHE, CACHE_START_T: 0.0, CACHE_END_T: 0.0 || AGG, AGG_START_T: 0.0, AGG_END_T: 0.0 || EVAL, EVAL_START_T: 1765421977.9014032, EVAL_END_T: 1765421978.5652668 || RECV, RECV_START_T: 0.0, RECV_END_T: 0.0 || DIST, DIST_START_T: 0.0, DIST_END_T: 0.0 || LOAD, LOAD_START_T: 1765421941.6648202, LOAD_END_T: 1765421948.0734975 || MSG_MTo, MSG_MTo_START_T: 0.0, MSG_MTo_END_T: 0.0
Loaded FEMNIST test split partition_id=37 with 403 samples
Wall-clock time: 1765422028.4071133 ||Test loss: 2.1230 || Test accuracy: 0.5161 || CPU time: 8.7908 || CPU utilization: 0.1764 || R#28's duration (s): 49.8418 || Cumulative runtime (s): 985.3083 || Loading data delay (s): 6.2576 || Eval delay (s): 0.6702 || Agg delay (s): 0.0000 || Coordination delay (s): 0.0000 || DIST task delay: 0.0000 || RECV task delay: 0.0000 || Queueing delay: 0.0000 || MSG (from mid) Ave. delay: 0.0000 || Total cache delay: 0.0000 || Ave. cache delay: 0.0000
[R#28] CUMULATIVE_RUNTIME_SEC=985.3083
Top Aggregator Timestamps: CACHE, CACHE_START_T: 0.0, CACHE_END_T: 0.0 || AGG, AGG_START_T: 0.0, AGG_END_T: 0.0 || EVAL, EVAL_START_T: 1765422027.7368562, EVAL_END_T: 1765422028.4070911 || RECV, RECV_START_T: 0.0, RECV_END_T: 0.0 || DIST, DIST_START_T: 0.0, DIST_END_T: 0.0 || LOAD, LOAD_START_T: 1765421978.5689816, LOAD_END_T: 1765421984.826594 || MSG_MTo, MSG_MTo_START_T: 0.0, MSG_MTo_END_T: 0.0
Loaded FEMNIST test split partition_id=27 with 446 samples
Wall-clock time: 1765422065.4927642 ||Test loss: 1.5132 || Test accuracy: 0.5202 || CPU time: 10.0643 || CPU utilization: 0.2714 || R#29's duration (s): 37.0857 || Cumulative runtime (s): 1022.3939 || Loading data delay (s): 6.4097 || Eval delay (s): 0.7680 || Agg delay (s): 0.0000 || Coordination delay (s): 0.0000 || DIST task delay: 0.0000 || RECV task delay: 0.0000 || Queueing delay: 0.0000 || MSG (from mid) Ave. delay: 0.0000 || Total cache delay: 0.0000 || Ave. cache delay: 0.0000
[R#29] CUMULATIVE_RUNTIME_SEC=1022.3939
Top Aggregator Timestamps: CACHE, CACHE_START_T: 0.0, CACHE_END_T: 0.0 || AGG, AGG_START_T: 0.0, AGG_END_T: 0.0 || EVAL, EVAL_START_T: 1765422064.7247694, EVAL_END_T: 1765422065.4927318 || RECV, RECV_START_T: 0.0, RECV_END_T: 0.0 || DIST, DIST_START_T: 0.0, DIST_END_T: 0.0 || LOAD, LOAD_START_T: 1765422028.4102798, LOAD_END_T: 1765422034.8200138 || MSG_MTo, MSG_MTo_START_T: 0.0, MSG_MTo_END_T: 0.0
Loaded FEMNIST test split partition_id=7 with 375 samples
Wall-clock time: 1765422097.653611 ||Test loss: 2.4669 || Test accuracy: 0.3840 || CPU time: 7.8217 || CPU utilization: 0.2432 || R#30's duration (s): 32.1608 || Cumulative runtime (s): 1054.5548 || Loading data delay (s): 6.6910 || Eval delay (s): 0.5988 || Agg delay (s): 0.0000 || Coordination delay (s): 0.0000 || DIST task delay: 0.0000 || RECV task delay: 0.0000 || Queueing delay: 0.0000 || MSG (from mid) Ave. delay: 0.0000 || Total cache delay: 0.0000 || Ave. cache delay: 0.0000
[R#30] CUMULATIVE_RUNTIME_SEC=1054.5548
Top Aggregator Timestamps: CACHE, CACHE_START_T: 0.0, CACHE_END_T: 0.0 || AGG, AGG_START_T: 0.0, AGG_END_T: 0.0 || EVAL, EVAL_START_T: 1765422097.0548332, EVAL_END_T: 1765422097.6535904 || RECV, RECV_START_T: 0.0, RECV_END_T: 0.0 || DIST, DIST_START_T: 0.0, DIST_END_T: 0.0 || LOAD, LOAD_START_T: 1765422065.4962094, LOAD_END_T: 1765422072.1872003 || MSG_MTo, MSG_MTo_START_T: 0.0, MSG_MTo_END_T: 0.0
Loaded FEMNIST test split partition_id=42 with 330 samples
Wall-clock time: 1765422122.8773186 ||Test loss: 1.6572 || Test accuracy: 0.5182 || CPU time: 6.8925 || CPU utilization: 0.2733 || R#31's duration (s): 25.2237 || Cumulative runtime (s): 1079.7785 || Loading data delay (s): 6.3154 || Eval delay (s): 0.5204 || Agg delay (s): 0.0000 || Coordination delay (s): 0.0000 || DIST task delay: 0.0000 || RECV task delay: 0.0000 || Queueing delay: 0.0000 || MSG (from mid) Ave. delay: 0.0000 || Total cache delay: 0.0000 || Ave. cache delay: 0.0000
[R#31] CUMULATIVE_RUNTIME_SEC=1079.7785
Top Aggregator Timestamps: CACHE, CACHE_START_T: 0.0, CACHE_END_T: 0.0 || AGG, AGG_START_T: 0.0, AGG_END_T: 0.0 || EVAL, EVAL_START_T: 1765422122.3569412, EVAL_END_T: 1765422122.877295 || RECV, RECV_START_T: 0.0, RECV_END_T: 0.0 || DIST, DIST_START_T: 0.0, DIST_END_T: 0.0 || LOAD, LOAD_START_T: 1765422097.6564207, LOAD_END_T: 1765422103.9718451 || MSG_MTo, MSG_MTo_START_T: 0.0, MSG_MTo_END_T: 0.0
Loaded FEMNIST test split partition_id=31 with 407 samples
Wall-clock time: 1765422163.8654919 ||Test loss: 1.6237 || Test accuracy: 0.5012 || CPU time: 9.3558 || CPU utilization: 0.2283 || R#32's duration (s): 40.9882 || Cumulative runtime (s): 1120.7666 || Loading data delay (s): 6.4837 || Eval delay (s): 0.7063 || Agg delay (s): 0.0000 || Coordination delay (s): 0.0000 || DIST task delay: 0.0000 || RECV task delay: 0.0000 || Queueing delay: 0.0000 || MSG (from mid) Ave. delay: 0.0000 || Total cache delay: 0.0000 || Ave. cache delay: 0.0000
[R#32] CUMULATIVE_RUNTIME_SEC=1120.7666
Top Aggregator Timestamps: CACHE, CACHE_START_T: 0.0, CACHE_END_T: 0.0 || AGG, AGG_START_T: 0.0, AGG_END_T: 0.0 || EVAL, EVAL_START_T: 1765422163.159178, EVAL_END_T: 1765422163.8654678 || RECV, RECV_START_T: 0.0, RECV_END_T: 0.0 || DIST, DIST_START_T: 0.0, DIST_END_T: 0.0 || LOAD, LOAD_START_T: 1765422122.8805065, LOAD_END_T: 1765422129.36421 || MSG_MTo, MSG_MTo_START_T: 0.0, MSG_MTo_END_T: 0.0
Loaded FEMNIST test split partition_id=55 with 373 samples
Wall-clock time: 1765422201.6752992 ||Test loss: 2.9489 || Test accuracy: 0.3137 || CPU time: 8.8263 || CPU utilization: 0.2334 || R#33's duration (s): 37.8098 || Cumulative runtime (s): 1158.5765 || Loading data delay (s): 6.4382 || Eval delay (s): 0.6695 || Agg delay (s): 0.0000 || Coordination delay (s): 0.0000 || DIST task delay: 0.0000 || RECV task delay: 0.0000 || Queueing delay: 0.0000 || MSG (from mid) Ave. delay: 0.0000 || Total cache delay: 0.0000 || Ave. cache delay: 0.0000
[R#33] CUMULATIVE_RUNTIME_SEC=1158.5765
Top Aggregator Timestamps: CACHE, CACHE_START_T: 0.0, CACHE_END_T: 0.0 || AGG, AGG_START_T: 0.0, AGG_END_T: 0.0 || EVAL, EVAL_START_T: 1765422201.0057447, EVAL_END_T: 1765422201.6752594 || RECV, RECV_START_T: 0.0, RECV_END_T: 0.0 || DIST, DIST_START_T: 0.0, DIST_END_T: 0.0 || LOAD, LOAD_START_T: 1765422163.8685546, LOAD_END_T: 1765422170.3067586 || MSG_MTo, MSG_MTo_START_T: 0.0, MSG_MTo_END_T: 0.0
Loaded FEMNIST test split partition_id=2 with 404 samples
Wall-clock time: 1765422229.108385 ||Test loss: 1.5648 || Test accuracy: 0.5916 || CPU time: 9.3400 || CPU utilization: 0.3405 || R#34's duration (s): 27.4331 || Cumulative runtime (s): 1186.0095 || Loading data delay (s): 6.4706 || Eval delay (s): 0.7135 || Agg delay (s): 0.0000 || Coordination delay (s): 0.0000 || DIST task delay: 0.0000 || RECV task delay: 0.0000 || Queueing delay: 0.0000 || MSG (from mid) Ave. delay: 0.0000 || Total cache delay: 0.0000 || Ave. cache delay: 0.0000
[R#34] CUMULATIVE_RUNTIME_SEC=1186.0095
Top Aggregator Timestamps: CACHE, CACHE_START_T: 0.0, CACHE_END_T: 0.0 || AGG, AGG_START_T: 0.0, AGG_END_T: 0.0 || EVAL, EVAL_START_T: 1765422228.3948426, EVAL_END_T: 1765422229.108365 || RECV, RECV_START_T: 0.0, RECV_END_T: 0.0 || DIST, DIST_START_T: 0.0, DIST_END_T: 0.0 || LOAD, LOAD_START_T: 1765422201.6789289, LOAD_END_T: 1765422208.1495318 || MSG_MTo, MSG_MTo_START_T: 0.0, MSG_MTo_END_T: 0.0
Loaded FEMNIST test split partition_id=30 with 284 samples
Wall-clock time: 1765422266.2909482 ||Test loss: 1.4032 || Test accuracy: 0.6092 || CPU time: 6.4375 || CPU utilization: 0.1731 || R#35's duration (s): 37.1826 || Cumulative runtime (s): 1223.1921 || Loading data delay (s): 6.8157 || Eval delay (s): 0.5072 || Agg delay (s): 0.0000 || Coordination delay (s): 0.0000 || DIST task delay: 0.0000 || RECV task delay: 0.0000 || Queueing delay: 0.0000 || MSG (from mid) Ave. delay: 0.0000 || Total cache delay: 0.0000 || Ave. cache delay: 0.0000
[R#35] CUMULATIVE_RUNTIME_SEC=1223.1921
Top Aggregator Timestamps: CACHE, CACHE_START_T: 0.0, CACHE_END_T: 0.0 || AGG, AGG_START_T: 0.0, AGG_END_T: 0.0 || EVAL, EVAL_START_T: 1765422265.7837152, EVAL_END_T: 1765422266.290908 || RECV, RECV_START_T: 0.0, RECV_END_T: 0.0 || DIST, DIST_START_T: 0.0, DIST_END_T: 0.0 || LOAD, LOAD_START_T: 1765422229.1114545, LOAD_END_T: 1765422235.927119 || MSG_MTo, MSG_MTo_START_T: 0.0, MSG_MTo_END_T: 0.0
Loaded FEMNIST test split partition_id=66 with 428 samples
Wall-clock time: 1765422302.7215264 ||Test loss: 2.2592 || Test accuracy: 0.4346 || CPU time: 9.5340 || CPU utilization: 0.2617 || R#36's duration (s): 36.4306 || Cumulative runtime (s): 1259.6227 || Loading data delay (s): 7.1627 || Eval delay (s): 0.7383 || Agg delay (s): 0.0000 || Coordination delay (s): 0.0000 || DIST task delay: 0.0000 || RECV task delay: 0.0000 || Queueing delay: 0.0000 || MSG (from mid) Ave. delay: 0.0000 || Total cache delay: 0.0000 || Ave. cache delay: 0.0000
[R#36] CUMULATIVE_RUNTIME_SEC=1259.6227
Top Aggregator Timestamps: CACHE, CACHE_START_T: 0.0, CACHE_END_T: 0.0 || AGG, AGG_START_T: 0.0, AGG_END_T: 0.0 || EVAL, EVAL_START_T: 1765422301.9831893, EVAL_END_T: 1765422302.721501 || RECV, RECV_START_T: 0.0, RECV_END_T: 0.0 || DIST, DIST_START_T: 0.0, DIST_END_T: 0.0 || LOAD, LOAD_START_T: 1765422266.2959135, LOAD_END_T: 1765422273.4586432 || MSG_MTo, MSG_MTo_START_T: 0.0, MSG_MTo_END_T: 0.0
Loaded FEMNIST test split partition_id=4 with 315 samples
Wall-clock time: 1765422354.8084035 ||Test loss: 1.5641 || Test accuracy: 0.4698 || CPU time: 7.2237 || CPU utilization: 0.1387 || R#37's duration (s): 52.0869 || Cumulative runtime (s): 1311.7096 || Loading data delay (s): 6.6717 || Eval delay (s): 0.5624 || Agg delay (s): 0.0000 || Coordination delay (s): 0.0000 || DIST task delay: 0.0000 || RECV task delay: 0.0000 || Queueing delay: 0.0000 || MSG (from mid) Ave. delay: 0.0000 || Total cache delay: 0.0000 || Ave. cache delay: 0.0000
[R#37] CUMULATIVE_RUNTIME_SEC=1311.7096
Top Aggregator Timestamps: CACHE, CACHE_START_T: 0.0, CACHE_END_T: 0.0 || AGG, AGG_START_T: 0.0, AGG_END_T: 0.0 || EVAL, EVAL_START_T: 1765422354.2460017, EVAL_END_T: 1765422354.8083787 || RECV, RECV_START_T: 0.0, RECV_END_T: 0.0 || DIST, DIST_START_T: 0.0, DIST_END_T: 0.0 || LOAD, LOAD_START_T: 1765422302.7251203, LOAD_END_T: 1765422309.39682 || MSG_MTo, MSG_MTo_START_T: 0.0, MSG_MTo_END_T: 0.0
Loaded FEMNIST test split partition_id=16 with 312 samples
Wall-clock time: 1765422380.2128515 ||Test loss: 1.4280 || Test accuracy: 0.5000 || CPU time: 6.6953 || CPU utilization: 0.2636 || R#38's duration (s): 25.4044 || Cumulative runtime (s): 1337.1140 || Loading data delay (s): 6.2379 || Eval delay (s): 0.5182 || Agg delay (s): 0.0000 || Coordination delay (s): 0.0000 || DIST task delay: 0.0000 || RECV task delay: 0.0000 || Queueing delay: 0.0000 || MSG (from mid) Ave. delay: 0.0000 || Total cache delay: 0.0000 || Ave. cache delay: 0.0000
[R#38] CUMULATIVE_RUNTIME_SEC=1337.1140
Top Aggregator Timestamps: CACHE, CACHE_START_T: 0.0, CACHE_END_T: 0.0 || AGG, AGG_START_T: 0.0, AGG_END_T: 0.0 || EVAL, EVAL_START_T: 1765422379.694622, EVAL_END_T: 1765422380.2128313 || RECV, RECV_START_T: 0.0, RECV_END_T: 0.0 || DIST, DIST_START_T: 0.0, DIST_END_T: 0.0 || LOAD, LOAD_START_T: 1765422354.8117137, LOAD_END_T: 1765422361.0496407 || MSG_MTo, MSG_MTo_START_T: 0.0, MSG_MTo_END_T: 0.0
Loaded FEMNIST test split partition_id=53 with 326 samples
Top Aggregator initialized with resnet18 on cpu
Loaded FEMNIST test split partition_id=31 with 407 samples
Top Aggregator initialized with resnet18 on cpu
Loaded FEMNIST test split partition_id=41 with 358 samples
Wall-clock time: 1765422826.6857514 ||Test loss: 3.9341 || Test accuracy: 0.0531 || CPU time: 8.3193 || CPU utilization: 0.4195 || R#1's duration (s): 19.8299 || Cumulative runtime (s): 19.8299 || Loading data delay (s): 6.6084 || Eval delay (s): 0.6576 || Agg delay (s): 0.0000 || Coordination delay (s): 0.0000 || DIST task delay: 0.0000 || RECV task delay: 0.0000 || Queueing delay: 0.0000 || MSG (from mid) Ave. delay: 0.0000 || Total cache delay: 0.0000 || Ave. cache delay: 0.0000
[R#1] CUMULATIVE_RUNTIME_SEC=19.8299
Top Aggregator Timestamps: CACHE, CACHE_START_T: 0.0, CACHE_END_T: 0.0 || AGG, AGG_START_T: 0.0, AGG_END_T: 0.0 || EVAL, EVAL_START_T: 1765422826.0281043, EVAL_END_T: 1765422826.685726 || RECV, RECV_START_T: 0.0, RECV_END_T: 0.0 || DIST, DIST_START_T: 0.0, DIST_END_T: 0.0 || LOAD, LOAD_START_T: 1765422807.3118558, LOAD_END_T: 1765422813.9202816 || MSG_MTo, MSG_MTo_START_T: 0.0, MSG_MTo_END_T: 0.0
Loaded FEMNIST test split partition_id=32 with 278 samples
Wall-clock time: 1765422856.9113986 ||Test loss: 4.3398 || Test accuracy: 0.0791 || CPU time: 6.3943 || CPU utilization: 0.2116 || R#2's duration (s): 30.2256 || Cumulative runtime (s): 50.0556 || Loading data delay (s): 5.9993 || Eval delay (s): 0.4731 || Agg delay (s): 0.0000 || Coordination delay (s): 0.0000 || DIST task delay: 0.0000 || RECV task delay: 0.0000 || Queueing delay: 0.0000 || MSG (from mid) Ave. delay: 0.0000 || Total cache delay: 0.0000 || Ave. cache delay: 0.0000
[R#2] CUMULATIVE_RUNTIME_SEC=50.0556
Top Aggregator Timestamps: CACHE, CACHE_START_T: 0.0, CACHE_END_T: 0.0 || AGG, AGG_START_T: 0.0, AGG_END_T: 0.0 || EVAL, EVAL_START_T: 1765422856.4383, EVAL_END_T: 1765422856.911377 || RECV, RECV_START_T: 0.0, RECV_END_T: 0.0 || DIST, DIST_START_T: 0.0, DIST_END_T: 0.0 || LOAD, LOAD_START_T: 1765422826.6890714, LOAD_END_T: 1765422832.6883335 || MSG_MTo, MSG_MTo_START_T: 0.0, MSG_MTo_END_T: 0.0
Loaded FEMNIST test split partition_id=31 with 407 samples
Wall-clock time: 1765422896.1050994 ||Test loss: 3.3759 || Test accuracy: 0.0983 || CPU time: 9.7898 || CPU utilization: 0.2498 || R#3's duration (s): 39.1937 || Cumulative runtime (s): 89.2493 || Loading data delay (s): 6.5380 || Eval delay (s): 0.7471 || Agg delay (s): 0.0000 || Coordination delay (s): 0.0000 || DIST task delay: 0.0000 || RECV task delay: 0.0000 || Queueing delay: 0.0000 || MSG (from mid) Ave. delay: 0.0000 || Total cache delay: 0.0000 || Ave. cache delay: 0.0000
[R#3] CUMULATIVE_RUNTIME_SEC=89.2493
Top Aggregator Timestamps: CACHE, CACHE_START_T: 0.0, CACHE_END_T: 0.0 || AGG, AGG_START_T: 0.0, AGG_END_T: 0.0 || EVAL, EVAL_START_T: 1765422895.3580225, EVAL_END_T: 1765422896.1050751 || RECV, RECV_START_T: 0.0, RECV_END_T: 0.0 || DIST, DIST_START_T: 0.0, DIST_END_T: 0.0 || LOAD, LOAD_START_T: 1765422856.9144998, LOAD_END_T: 1765422863.452496 || MSG_MTo, MSG_MTo_START_T: 0.0, MSG_MTo_END_T: 0.0
Loaded FEMNIST test split partition_id=29 with 247 samples
Wall-clock time: 1765422933.146529 ||Test loss: 3.2045 || Test accuracy: 0.2105 || CPU time: 5.7239 || CPU utilization: 0.1545 || R#4's duration (s): 37.0414 || Cumulative runtime (s): 126.2907 || Loading data delay (s): 6.1128 || Eval delay (s): 0.4308 || Agg delay (s): 0.0000 || Coordination delay (s): 0.0000 || DIST task delay: 0.0000 || RECV task delay: 0.0000 || Queueing delay: 0.0000 || MSG (from mid) Ave. delay: 0.0000 || Total cache delay: 0.0000 || Ave. cache delay: 0.0000
[R#4] CUMULATIVE_RUNTIME_SEC=126.2907
Top Aggregator Timestamps: CACHE, CACHE_START_T: 0.0, CACHE_END_T: 0.0 || AGG, AGG_START_T: 0.0, AGG_END_T: 0.0 || EVAL, EVAL_START_T: 1765422932.7157512, EVAL_END_T: 1765422933.146507 || RECV, RECV_START_T: 0.0, RECV_END_T: 0.0 || DIST, DIST_START_T: 0.0, DIST_END_T: 0.0 || LOAD, LOAD_START_T: 1765422896.1081948, LOAD_END_T: 1765422902.2210038 || MSG_MTo, MSG_MTo_START_T: 0.0, MSG_MTo_END_T: 0.0
Loaded FEMNIST test split partition_id=23 with 418 samples
Wall-clock time: 1765422970.025165 ||Test loss: 2.6586 || Test accuracy: 0.2656 || CPU time: 9.3336 || CPU utilization: 0.2531 || R#5's duration (s): 36.8786 || Cumulative runtime (s): 163.1694 || Loading data delay (s): 6.3017 || Eval delay (s): 0.6966 || Agg delay (s): 0.0000 || Coordination delay (s): 0.0000 || DIST task delay: 0.0000 || RECV task delay: 0.0000 || Queueing delay: 0.0000 || MSG (from mid) Ave. delay: 0.0000 || Total cache delay: 0.0000 || Ave. cache delay: 0.0000
[R#5] CUMULATIVE_RUNTIME_SEC=163.1694
Top Aggregator Timestamps: CACHE, CACHE_START_T: 0.0, CACHE_END_T: 0.0 || AGG, AGG_START_T: 0.0, AGG_END_T: 0.0 || EVAL, EVAL_START_T: 1765422969.3285737, EVAL_END_T: 1765422970.025145 || RECV, RECV_START_T: 0.0, RECV_END_T: 0.0 || DIST, DIST_START_T: 0.0, DIST_END_T: 0.0 || LOAD, LOAD_START_T: 1765422933.1496084, LOAD_END_T: 1765422939.4513311 || MSG_MTo, MSG_MTo_START_T: 0.0, MSG_MTo_END_T: 0.0
Loaded FEMNIST test split partition_id=43 with 330 samples
Wall-clock time: 1765423012.9989102 ||Test loss: 3.1229 || Test accuracy: 0.1576 || CPU time: 7.2242 || CPU utilization: 0.1681 || R#6's duration (s): 42.9737 || Cumulative runtime (s): 206.1431 || Loading data delay (s): 6.6220 || Eval delay (s): 0.5462 || Agg delay (s): 0.0000 || Coordination delay (s): 0.0000 || DIST task delay: 0.0000 || RECV task delay: 0.0000 || Queueing delay: 0.0000 || MSG (from mid) Ave. delay: 0.0000 || Total cache delay: 0.0000 || Ave. cache delay: 0.0000
[R#6] CUMULATIVE_RUNTIME_SEC=206.1431
Top Aggregator Timestamps: CACHE, CACHE_START_T: 0.0, CACHE_END_T: 0.0 || AGG, AGG_START_T: 0.0, AGG_END_T: 0.0 || EVAL, EVAL_START_T: 1765423012.4527278, EVAL_END_T: 1765423012.9988835 || RECV, RECV_START_T: 0.0, RECV_END_T: 0.0 || DIST, DIST_START_T: 0.0, DIST_END_T: 0.0 || LOAD, LOAD_START_T: 1765422970.028256, LOAD_END_T: 1765422976.6502311 || MSG_MTo, MSG_MTo_START_T: 0.0, MSG_MTo_END_T: 0.0
Loaded FEMNIST test split partition_id=43 with 330 samples
Wall-clock time: 1765423042.0301993 ||Test loss: 2.9308 || Test accuracy: 0.2030 || CPU time: 7.0837 || CPU utilization: 0.2440 || R#7's duration (s): 29.0313 || Cumulative runtime (s): 235.1744 || Loading data delay (s): 6.2426 || Eval delay (s): 0.5460 || Agg delay (s): 0.0000 || Coordination delay (s): 0.0000 || DIST task delay: 0.0000 || RECV task delay: 0.0000 || Queueing delay: 0.0000 || MSG (from mid) Ave. delay: 0.0000 || Total cache delay: 0.0000 || Ave. cache delay: 0.0000
[R#7] CUMULATIVE_RUNTIME_SEC=235.1744
Top Aggregator Timestamps: CACHE, CACHE_START_T: 0.0, CACHE_END_T: 0.0 || AGG, AGG_START_T: 0.0, AGG_END_T: 0.0 || EVAL, EVAL_START_T: 1765423041.4841425, EVAL_END_T: 1765423042.0301788 || RECV, RECV_START_T: 0.0, RECV_END_T: 0.0 || DIST, DIST_START_T: 0.0, DIST_END_T: 0.0 || LOAD, LOAD_START_T: 1765423013.0018723, LOAD_END_T: 1765423019.244504 || MSG_MTo, MSG_MTo_START_T: 0.0, MSG_MTo_END_T: 0.0
Loaded FEMNIST test split partition_id=22 with 334 samples
Wall-clock time: 1765423070.021422 ||Test loss: 6.1373 || Test accuracy: 0.1317 || CPU time: 7.8867 || CPU utilization: 0.2818 || R#8's duration (s): 27.9912 || Cumulative runtime (s): 263.1656 || Loading data delay (s): 6.5091 || Eval delay (s): 0.5982 || Agg delay (s): 0.0000 || Coordination delay (s): 0.0000 || DIST task delay: 0.0000 || RECV task delay: 0.0000 || Queueing delay: 0.0000 || MSG (from mid) Ave. delay: 0.0000 || Total cache delay: 0.0000 || Ave. cache delay: 0.0000
[R#8] CUMULATIVE_RUNTIME_SEC=263.1656
Top Aggregator Timestamps: CACHE, CACHE_START_T: 0.0, CACHE_END_T: 0.0 || AGG, AGG_START_T: 0.0, AGG_END_T: 0.0 || EVAL, EVAL_START_T: 1765423069.4231546, EVAL_END_T: 1765423070.021391 || RECV, RECV_START_T: 0.0, RECV_END_T: 0.0 || DIST, DIST_START_T: 0.0, DIST_END_T: 0.0 || LOAD, LOAD_START_T: 1765423042.033948, LOAD_END_T: 1765423048.543036 || MSG_MTo, MSG_MTo_START_T: 0.0, MSG_MTo_END_T: 0.0
Loaded FEMNIST test split partition_id=52 with 218 samples
Wall-clock time: 1765423104.9292347 ||Test loss: 2.4080 || Test accuracy: 0.2661 || CPU time: 5.4021 || CPU utilization: 0.1548 || R#9's duration (s): 34.9078 || Cumulative runtime (s): 298.0734 || Loading data delay (s): 6.8425 || Eval delay (s): 0.4126 || Agg delay (s): 0.0000 || Coordination delay (s): 0.0000 || DIST task delay: 0.0000 || RECV task delay: 0.0000 || Queueing delay: 0.0000 || MSG (from mid) Ave. delay: 0.0000 || Total cache delay: 0.0000 || Ave. cache delay: 0.0000
[R#9] CUMULATIVE_RUNTIME_SEC=298.0734
Top Aggregator Timestamps: CACHE, CACHE_START_T: 0.0, CACHE_END_T: 0.0 || AGG, AGG_START_T: 0.0, AGG_END_T: 0.0 || EVAL, EVAL_START_T: 1765423104.51661, EVAL_END_T: 1765423104.9292014 || RECV, RECV_START_T: 0.0, RECV_END_T: 0.0 || DIST, DIST_START_T: 0.0, DIST_END_T: 0.0 || LOAD, LOAD_START_T: 1765423070.0244615, LOAD_END_T: 1765423076.866924 || MSG_MTo, MSG_MTo_START_T: 0.0, MSG_MTo_END_T: 0.0
Loaded FEMNIST test split partition_id=34 with 376 samples
Wall-clock time: 1765423141.8356485 ||Test loss: 2.9335 || Test accuracy: 0.1995 || CPU time: 8.7260 || CPU utilization: 0.2364 || R#10's duration (s): 36.9064 || Cumulative runtime (s): 334.9798 || Loading data delay (s): 6.3756 || Eval delay (s): 0.6537 || Agg delay (s): 0.0000 || Coordination delay (s): 0.0000 || DIST task delay: 0.0000 || RECV task delay: 0.0000 || Queueing delay: 0.0000 || MSG (from mid) Ave. delay: 0.0000 || Total cache delay: 0.0000 || Ave. cache delay: 0.0000
[R#10] CUMULATIVE_RUNTIME_SEC=334.9798
Top Aggregator Timestamps: CACHE, CACHE_START_T: 0.0, CACHE_END_T: 0.0 || AGG, AGG_START_T: 0.0, AGG_END_T: 0.0 || EVAL, EVAL_START_T: 1765423141.181958, EVAL_END_T: 1765423141.835612 || RECV, RECV_START_T: 0.0, RECV_END_T: 0.0 || DIST, DIST_START_T: 0.0, DIST_END_T: 0.0 || LOAD, LOAD_START_T: 1765423104.9325683, LOAD_END_T: 1765423111.3082125 || MSG_MTo, MSG_MTo_START_T: 0.0, MSG_MTo_END_T: 0.0
Loaded FEMNIST test split partition_id=55 with 373 samples
Wall-clock time: 1765423184.165531 ||Test loss: 2.8524 || Test accuracy: 0.1984 || CPU time: 8.5285 || CPU utilization: 0.2015 || R#11's duration (s): 42.3299 || Cumulative runtime (s): 377.3097 || Loading data delay (s): 6.7518 || Eval delay (s): 0.6448 || Agg delay (s): 0.0000 || Coordination delay (s): 0.0000 || DIST task delay: 0.0000 || RECV task delay: 0.0000 || Queueing delay: 0.0000 || MSG (from mid) Ave. delay: 0.0000 || Total cache delay: 0.0000 || Ave. cache delay: 0.0000
[R#11] CUMULATIVE_RUNTIME_SEC=377.3097
Top Aggregator Timestamps: CACHE, CACHE_START_T: 0.0, CACHE_END_T: 0.0 || AGG, AGG_START_T: 0.0, AGG_END_T: 0.0 || EVAL, EVAL_START_T: 1765423183.520716, EVAL_END_T: 1765423184.1654844 || RECV, RECV_START_T: 0.0, RECV_END_T: 0.0 || DIST, DIST_START_T: 0.0, DIST_END_T: 0.0 || LOAD, LOAD_START_T: 1765423141.8392072, LOAD_END_T: 1765423148.5909822 || MSG_MTo, MSG_MTo_START_T: 0.0, MSG_MTo_END_T: 0.0
Loaded FEMNIST test split partition_id=3 with 397 samples
Wall-clock time: 1765423226.8624856 ||Test loss: 1.9338 || Test accuracy: 0.4534 || CPU time: 9.0536 || CPU utilization: 0.2120 || R#12's duration (s): 42.6970 || Cumulative runtime (s): 420.0067 || Loading data delay (s): 6.5948 || Eval delay (s): 0.6959 || Agg delay (s): 0.0000 || Coordination delay (s): 0.0000 || DIST task delay: 0.0000 || RECV task delay: 0.0000 || Queueing delay: 0.0000 || MSG (from mid) Ave. delay: 0.0000 || Total cache delay: 0.0000 || Ave. cache delay: 0.0000
[R#12] CUMULATIVE_RUNTIME_SEC=420.0067
Top Aggregator Timestamps: CACHE, CACHE_START_T: 0.0, CACHE_END_T: 0.0 || AGG, AGG_START_T: 0.0, AGG_END_T: 0.0 || EVAL, EVAL_START_T: 1765423226.166591, EVAL_END_T: 1765423226.862464 || RECV, RECV_START_T: 0.0, RECV_END_T: 0.0 || DIST, DIST_START_T: 0.0, DIST_END_T: 0.0 || LOAD, LOAD_START_T: 1765423184.1686935, LOAD_END_T: 1765423190.7634723 || MSG_MTo, MSG_MTo_START_T: 0.0, MSG_MTo_END_T: 0.0
Loaded FEMNIST test split partition_id=42 with 330 samples
Wall-clock time: 1765423269.1305542 ||Test loss: 2.1464 || Test accuracy: 0.3667 || CPU time: 7.3715 || CPU utilization: 0.1744 || R#13's duration (s): 42.2681 || Cumulative runtime (s): 462.2747 || Loading data delay (s): 6.4053 || Eval delay (s): 0.5601 || Agg delay (s): 0.0000 || Coordination delay (s): 0.0000 || DIST task delay: 0.0000 || RECV task delay: 0.0000 || Queueing delay: 0.0000 || MSG (from mid) Ave. delay: 0.0000 || Total cache delay: 0.0000 || Ave. cache delay: 0.0000
[R#13] CUMULATIVE_RUNTIME_SEC=462.2747
Top Aggregator Timestamps: CACHE, CACHE_START_T: 0.0, CACHE_END_T: 0.0 || AGG, AGG_START_T: 0.0, AGG_END_T: 0.0 || EVAL, EVAL_START_T: 1765423268.5704699, EVAL_END_T: 1765423269.1305277 || RECV, RECV_START_T: 0.0, RECV_END_T: 0.0 || DIST, DIST_START_T: 0.0, DIST_END_T: 0.0 || LOAD, LOAD_START_T: 1765423226.865616, LOAD_END_T: 1765423233.2709436 || MSG_MTo, MSG_MTo_START_T: 0.0, MSG_MTo_END_T: 0.0
Loaded FEMNIST test split partition_id=22 with 334 samples
Wall-clock time: 1765423311.7437174 ||Test loss: 2.4980 || Test accuracy: 0.2485 || CPU time: 7.8066 || CPU utilization: 0.1832 || R#14's duration (s): 42.6132 || Cumulative runtime (s): 504.8879 || Loading data delay (s): 6.4987 || Eval delay (s): 0.5926 || Agg delay (s): 0.0000 || Coordination delay (s): 0.0000 || DIST task delay: 0.0000 || RECV task delay: 0.0000 || Queueing delay: 0.0000 || MSG (from mid) Ave. delay: 0.0000 || Total cache delay: 0.0000 || Ave. cache delay: 0.0000
[R#14] CUMULATIVE_RUNTIME_SEC=504.8879
Top Aggregator Timestamps: CACHE, CACHE_START_T: 0.0, CACHE_END_T: 0.0 || AGG, AGG_START_T: 0.0, AGG_END_T: 0.0 || EVAL, EVAL_START_T: 1765423311.1511164, EVAL_END_T: 1765423311.7436962 || RECV, RECV_START_T: 0.0, RECV_END_T: 0.0 || DIST, DIST_START_T: 0.0, DIST_END_T: 0.0 || LOAD, LOAD_START_T: 1765423269.1336367, LOAD_END_T: 1765423275.6323287 || MSG_MTo, MSG_MTo_START_T: 0.0, MSG_MTo_END_T: 0.0
Loaded FEMNIST test split partition_id=24 with 374 samples
Wall-clock time: 1765423333.8627512 ||Test loss: 2.0297 || Test accuracy: 0.4492 || CPU time: 8.5393 || CPU utilization: 0.3861 || R#15's duration (s): 22.1190 || Cumulative runtime (s): 527.0069 || Loading data delay (s): 6.2368 || Eval delay (s): 0.6492 || Agg delay (s): 0.0000 || Coordination delay (s): 0.0000 || DIST task delay: 0.0000 || RECV task delay: 0.0000 || Queueing delay: 0.0000 || MSG (from mid) Ave. delay: 0.0000 || Total cache delay: 0.0000 || Ave. cache delay: 0.0000
[R#15] CUMULATIVE_RUNTIME_SEC=527.0069
Top Aggregator Timestamps: CACHE, CACHE_START_T: 0.0, CACHE_END_T: 0.0 || AGG, AGG_START_T: 0.0, AGG_END_T: 0.0 || EVAL, EVAL_START_T: 1765423333.2135143, EVAL_END_T: 1765423333.8627276 || RECV, RECV_START_T: 0.0, RECV_END_T: 0.0 || DIST, DIST_START_T: 0.0, DIST_END_T: 0.0 || LOAD, LOAD_START_T: 1765423311.7470875, LOAD_END_T: 1765423317.9839008 || MSG_MTo, MSG_MTo_START_T: 0.0, MSG_MTo_END_T: 0.0
Loaded FEMNIST test split partition_id=23 with 418 samples
Wall-clock time: 1765423370.2274003 ||Test loss: 1.5964 || Test accuracy: 0.5120 || CPU time: 9.8121 || CPU utilization: 0.2698 || R#16's duration (s): 36.3646 || Cumulative runtime (s): 563.3716 || Loading data delay (s): 6.6339 || Eval delay (s): 0.7469 || Agg delay (s): 0.0000 || Coordination delay (s): 0.0000 || DIST task delay: 0.0000 || RECV task delay: 0.0000 || Queueing delay: 0.0000 || MSG (from mid) Ave. delay: 0.0000 || Total cache delay: 0.0000 || Ave. cache delay: 0.0000
[R#16] CUMULATIVE_RUNTIME_SEC=563.3716
Top Aggregator Timestamps: CACHE, CACHE_START_T: 0.0, CACHE_END_T: 0.0 || AGG, AGG_START_T: 0.0, AGG_END_T: 0.0 || EVAL, EVAL_START_T: 1765423369.4804354, EVAL_END_T: 1765423370.227358 || RECV, RECV_START_T: 0.0, RECV_END_T: 0.0 || DIST, DIST_START_T: 0.0, DIST_END_T: 0.0 || LOAD, LOAD_START_T: 1765423333.8658385, LOAD_END_T: 1765423340.499696 || MSG_MTo, MSG_MTo_START_T: 0.0, MSG_MTo_END_T: 0.0
Loaded FEMNIST test split partition_id=49 with 393 samples
Wall-clock time: 1765423404.4920297 ||Test loss: 1.8948 || Test accuracy: 0.3868 || CPU time: 8.9101 || CPU utilization: 0.2600 || R#17's duration (s): 34.2646 || Cumulative runtime (s): 597.6362 || Loading data delay (s): 6.3303 || Eval delay (s): 0.6755 || Agg delay (s): 0.0000 || Coordination delay (s): 0.0000 || DIST task delay: 0.0000 || RECV task delay: 0.0000 || Queueing delay: 0.0000 || MSG (from mid) Ave. delay: 0.0000 || Total cache delay: 0.0000 || Ave. cache delay: 0.0000
[R#17] CUMULATIVE_RUNTIME_SEC=597.6362
Top Aggregator Timestamps: CACHE, CACHE_START_T: 0.0, CACHE_END_T: 0.0 || AGG, AGG_START_T: 0.0, AGG_END_T: 0.0 || EVAL, EVAL_START_T: 1765423403.816476, EVAL_END_T: 1765423404.4919937 || RECV, RECV_START_T: 0.0, RECV_END_T: 0.0 || DIST, DIST_START_T: 0.0, DIST_END_T: 0.0 || LOAD, LOAD_START_T: 1765423370.231126, LOAD_END_T: 1765423376.561439 || MSG_MTo, MSG_MTo_START_T: 0.0, MSG_MTo_END_T: 0.0
Loaded FEMNIST test split partition_id=63 with 413 samples
Wall-clock time: 1765423430.9284523 ||Test loss: 2.1229 || Test accuracy: 0.3705 || CPU time: 8.5262 || CPU utilization: 0.3225 || R#18's duration (s): 26.4364 || Cumulative runtime (s): 624.0726 || Loading data delay (s): 6.5140 || Eval delay (s): 0.6516 || Agg delay (s): 0.0000 || Coordination delay (s): 0.0000 || DIST task delay: 0.0000 || RECV task delay: 0.0000 || Queueing delay: 0.0000 || MSG (from mid) Ave. delay: 0.0000 || Total cache delay: 0.0000 || Ave. cache delay: 0.0000
[R#18] CUMULATIVE_RUNTIME_SEC=624.0726
Top Aggregator Timestamps: CACHE, CACHE_START_T: 0.0, CACHE_END_T: 0.0 || AGG, AGG_START_T: 0.0, AGG_END_T: 0.0 || EVAL, EVAL_START_T: 1765423430.27679, EVAL_END_T: 1765423430.928426 || RECV, RECV_START_T: 0.0, RECV_END_T: 0.0 || DIST, DIST_START_T: 0.0, DIST_END_T: 0.0 || LOAD, LOAD_START_T: 1765423404.4955628, LOAD_END_T: 1765423411.0096073 || MSG_MTo, MSG_MTo_START_T: 0.0, MSG_MTo_END_T: 0.0
Loaded FEMNIST test split partition_id=12 with 308 samples
Wall-clock time: 1765423472.3335998 ||Test loss: 2.1032 || Test accuracy: 0.4123 || CPU time: 6.5383 || CPU utilization: 0.1579 || R#19's duration (s): 41.4051 || Cumulative runtime (s): 665.4778 || Loading data delay (s): 6.6258 || Eval delay (s): 0.4845 || Agg delay (s): 0.0000 || Coordination delay (s): 0.0000 || DIST task delay: 0.0000 || RECV task delay: 0.0000 || Queueing delay: 0.0000 || MSG (from mid) Ave. delay: 0.0000 || Total cache delay: 0.0000 || Ave. cache delay: 0.0000
[R#19] CUMULATIVE_RUNTIME_SEC=665.4778
Top Aggregator Timestamps: CACHE, CACHE_START_T: 0.0, CACHE_END_T: 0.0 || AGG, AGG_START_T: 0.0, AGG_END_T: 0.0 || EVAL, EVAL_START_T: 1765423471.8490355, EVAL_END_T: 1765423472.333581 || RECV, RECV_START_T: 0.0, RECV_END_T: 0.0 || DIST, DIST_START_T: 0.0, DIST_END_T: 0.0 || LOAD, LOAD_START_T: 1765423430.9313843, LOAD_END_T: 1765423437.5572302 || MSG_MTo, MSG_MTo_START_T: 0.0, MSG_MTo_END_T: 0.0
Loaded FEMNIST test split partition_id=56 with 343 samples
Wall-clock time: 1765423510.5103068 ||Test loss: 2.1058 || Test accuracy: 0.3878 || CPU time: 6.9528 || CPU utilization: 0.1821 || R#20's duration (s): 38.1767 || Cumulative runtime (s): 703.6545 || Loading data delay (s): 6.4733 || Eval delay (s): 0.5251 || Agg delay (s): 0.0000 || Coordination delay (s): 0.0000 || DIST task delay: 0.0000 || RECV task delay: 0.0000 || Queueing delay: 0.0000 || MSG (from mid) Ave. delay: 0.0000 || Total cache delay: 0.0000 || Ave. cache delay: 0.0000
[R#20] CUMULATIVE_RUNTIME_SEC=703.6545
Top Aggregator Timestamps: CACHE, CACHE_START_T: 0.0, CACHE_END_T: 0.0 || AGG, AGG_START_T: 0.0, AGG_END_T: 0.0 || EVAL, EVAL_START_T: 1765423509.9851797, EVAL_END_T: 1765423510.5102806 || RECV, RECV_START_T: 0.0, RECV_END_T: 0.0 || DIST, DIST_START_T: 0.0, DIST_END_T: 0.0 || LOAD, LOAD_START_T: 1765423472.3366458, LOAD_END_T: 1765423478.8099358 || MSG_MTo, MSG_MTo_START_T: 0.0, MSG_MTo_END_T: 0.0
Loaded FEMNIST test split partition_id=26 with 363 samples
Top Aggregator initialized with resnet18 on cpu
Loaded FEMNIST test split partition_id=29 with 247 samples
Top Aggregator initialized with resnet18 on cpu
Loaded FEMNIST test split partition_id=59 with 361 samples
Top Aggregator initialized with resnet18 on cpu
Loaded FEMNIST test split partition_id=56 with 343 samples
Top Aggregator initialized with resnet18 on cpu
Loaded FEMNIST test split partition_id=16 with 312 samples
Top Aggregator initialized with resnet18 on cpu
Loaded FEMNIST test split partition_id=2 with 404 samples
Wall-clock time: 1765424638.5657806 ||Test loss: 12.7628 || Test accuracy: 0.0198 || CPU time: 8.7459 || CPU utilization: 0.4500 || R#1's duration (s): 19.4342 || Cumulative runtime (s): 19.4342 || Loading data delay (s): 6.7267 || Eval delay (s): 0.6736 || Agg delay (s): 0.0000 || Coordination delay (s): 0.0000 || DIST task delay: 0.0000 || RECV task delay: 0.0000 || Queueing delay: 0.0000 || MSG (from mid) Ave. delay: 0.0000 || Total cache delay: 0.0000 || Ave. cache delay: 0.0000
[R#1] CUMULATIVE_RUNTIME_SEC=19.4342
Top Aggregator Timestamps: CACHE, CACHE_START_T: 0.0, CACHE_END_T: 0.0 || AGG, AGG_START_T: 0.0, AGG_END_T: 0.0 || EVAL, EVAL_START_T: 1765424637.8921144, EVAL_END_T: 1765424638.5657527 || RECV, RECV_START_T: 0.0, RECV_END_T: 0.0 || DIST, DIST_START_T: 0.0, DIST_END_T: 0.0 || LOAD, LOAD_START_T: 1765424619.6078513, LOAD_END_T: 1765424626.3345356 || MSG_MTo, MSG_MTo_START_T: 0.0, MSG_MTo_END_T: 0.0
Loaded FEMNIST test split partition_id=24 with 374 samples
Wall-clock time: 1765424677.4554627 ||Test loss: 3.8222 || Test accuracy: 0.0455 || CPU time: 9.0119 || CPU utilization: 0.2317 || R#2's duration (s): 38.8897 || Cumulative runtime (s): 58.3239 || Loading data delay (s): 6.0536 || Eval delay (s): 0.6872 || Agg delay (s): 0.0000 || Coordination delay (s): 0.0000 || DIST task delay: 0.0000 || RECV task delay: 0.0000 || Queueing delay: 0.0000 || MSG (from mid) Ave. delay: 0.0000 || Total cache delay: 0.0000 || Ave. cache delay: 0.0000
[R#2] CUMULATIVE_RUNTIME_SEC=58.3239
Top Aggregator Timestamps: CACHE, CACHE_START_T: 0.0, CACHE_END_T: 0.0 || AGG, AGG_START_T: 0.0, AGG_END_T: 0.0 || EVAL, EVAL_START_T: 1765424676.7682521, EVAL_END_T: 1765424677.4554367 || RECV, RECV_START_T: 0.0, RECV_END_T: 0.0 || DIST, DIST_START_T: 0.0, DIST_END_T: 0.0 || LOAD, LOAD_START_T: 1765424638.568865, LOAD_END_T: 1765424644.6224978 || MSG_MTo, MSG_MTo_START_T: 0.0, MSG_MTo_END_T: 0.0
Loaded FEMNIST test split partition_id=9 with 377 samples
Wall-clock time: 1765424715.5133755 ||Test loss: 6.1616 || Test accuracy: 0.0398 || CPU time: 8.5334 || CPU utilization: 0.2242 || R#3's duration (s): 38.0579 || Cumulative runtime (s): 96.3818 || Loading data delay (s): 6.6907 || Eval delay (s): 0.6426 || Agg delay (s): 0.0000 || Coordination delay (s): 0.0000 || DIST task delay: 0.0000 || RECV task delay: 0.0000 || Queueing delay: 0.0000 || MSG (from mid) Ave. delay: 0.0000 || Total cache delay: 0.0000 || Ave. cache delay: 0.0000
[R#3] CUMULATIVE_RUNTIME_SEC=96.3818
Top Aggregator Timestamps: CACHE, CACHE_START_T: 0.0, CACHE_END_T: 0.0 || AGG, AGG_START_T: 0.0, AGG_END_T: 0.0 || EVAL, EVAL_START_T: 1765424714.8707142, EVAL_END_T: 1765424715.513352 || RECV, RECV_START_T: 0.0, RECV_END_T: 0.0 || DIST, DIST_START_T: 0.0, DIST_END_T: 0.0 || LOAD, LOAD_START_T: 1765424677.4586258, LOAD_END_T: 1765424684.1493676 || MSG_MTo, MSG_MTo_START_T: 0.0, MSG_MTo_END_T: 0.0
Loaded FEMNIST test split partition_id=1 with 413 samples
Wall-clock time: 1765424756.1247156 ||Test loss: 5.4443 || Test accuracy: 0.0387 || CPU time: 9.3663 || CPU utilization: 0.2306 || R#4's duration (s): 40.6113 || Cumulative runtime (s): 136.9932 || Loading data delay (s): 6.2115 || Eval delay (s): 0.7149 || Agg delay (s): 0.0000 || Coordination delay (s): 0.0000 || DIST task delay: 0.0000 || RECV task delay: 0.0000 || Queueing delay: 0.0000 || MSG (from mid) Ave. delay: 0.0000 || Total cache delay: 0.0000 || Ave. cache delay: 0.0000
[R#4] CUMULATIVE_RUNTIME_SEC=136.9932
Top Aggregator Timestamps: CACHE, CACHE_START_T: 0.0, CACHE_END_T: 0.0 || AGG, AGG_START_T: 0.0, AGG_END_T: 0.0 || EVAL, EVAL_START_T: 1765424755.4097495, EVAL_END_T: 1765424756.1246839 || RECV, RECV_START_T: 0.0, RECV_END_T: 0.0 || DIST, DIST_START_T: 0.0, DIST_END_T: 0.0 || LOAD, LOAD_START_T: 1765424715.5166836, LOAD_END_T: 1765424721.7281337 || MSG_MTo, MSG_MTo_START_T: 0.0, MSG_MTo_END_T: 0.0
Loaded FEMNIST test split partition_id=66 with 428 samples
Wall-clock time: 1765424782.4690392 ||Test loss: 4.0413 || Test accuracy: 0.1005 || CPU time: 9.3618 || CPU utilization: 0.3554 || R#5's duration (s): 26.3443 || Cumulative runtime (s): 163.3375 || Loading data delay (s): 6.5816 || Eval delay (s): 0.7121 || Agg delay (s): 0.0000 || Coordination delay (s): 0.0000 || DIST task delay: 0.0000 || RECV task delay: 0.0000 || Queueing delay: 0.0000 || MSG (from mid) Ave. delay: 0.0000 || Total cache delay: 0.0000 || Ave. cache delay: 0.0000
[R#5] CUMULATIVE_RUNTIME_SEC=163.3375
Top Aggregator Timestamps: CACHE, CACHE_START_T: 0.0, CACHE_END_T: 0.0 || AGG, AGG_START_T: 0.0, AGG_END_T: 0.0 || EVAL, EVAL_START_T: 1765424781.756952, EVAL_END_T: 1765424782.4690156 || RECV, RECV_START_T: 0.0, RECV_END_T: 0.0 || DIST, DIST_START_T: 0.0, DIST_END_T: 0.0 || LOAD, LOAD_START_T: 1765424756.1281402, LOAD_END_T: 1765424762.7097898 || MSG_MTo, MSG_MTo_START_T: 0.0, MSG_MTo_END_T: 0.0
Loaded FEMNIST test split partition_id=21 with 292 samples
Wall-clock time: 1765424822.7736602 ||Test loss: 3.3504 || Test accuracy: 0.1952 || CPU time: 6.7678 || CPU utilization: 0.1679 || R#6's duration (s): 40.3046 || Cumulative runtime (s): 203.6421 || Loading data delay (s): 6.5484 || Eval delay (s): 0.5103 || Agg delay (s): 0.0000 || Coordination delay (s): 0.0000 || DIST task delay: 0.0000 || RECV task delay: 0.0000 || Queueing delay: 0.0000 || MSG (from mid) Ave. delay: 0.0000 || Total cache delay: 0.0000 || Ave. cache delay: 0.0000
[R#6] CUMULATIVE_RUNTIME_SEC=203.6421
Top Aggregator Timestamps: CACHE, CACHE_START_T: 0.0, CACHE_END_T: 0.0 || AGG, AGG_START_T: 0.0, AGG_END_T: 0.0 || EVAL, EVAL_START_T: 1765424822.263294, EVAL_END_T: 1765424822.7736304 || RECV, RECV_START_T: 0.0, RECV_END_T: 0.0 || DIST, DIST_START_T: 0.0, DIST_END_T: 0.0 || LOAD, LOAD_START_T: 1765424782.4719994, LOAD_END_T: 1765424789.0203865 || MSG_MTo, MSG_MTo_START_T: 0.0, MSG_MTo_END_T: 0.0
Loaded FEMNIST test split partition_id=66 with 428 samples
Wall-clock time: 1765424861.0464537 ||Test loss: 3.7203 || Test accuracy: 0.1589 || CPU time: 9.0951 || CPU utilization: 0.2376 || R#7's duration (s): 38.2728 || Cumulative runtime (s): 241.9149 || Loading data delay (s): 6.4133 || Eval delay (s): 0.7012 || Agg delay (s): 0.0000 || Coordination delay (s): 0.0000 || DIST task delay: 0.0000 || RECV task delay: 0.0000 || Queueing delay: 0.0000 || MSG (from mid) Ave. delay: 0.0000 || Total cache delay: 0.0000 || Ave. cache delay: 0.0000
[R#7] CUMULATIVE_RUNTIME_SEC=241.9149
Top Aggregator Timestamps: CACHE, CACHE_START_T: 0.0, CACHE_END_T: 0.0 || AGG, AGG_START_T: 0.0, AGG_END_T: 0.0 || EVAL, EVAL_START_T: 1765424860.3452666, EVAL_END_T: 1765424861.046426 || RECV, RECV_START_T: 0.0, RECV_END_T: 0.0 || DIST, DIST_START_T: 0.0, DIST_END_T: 0.0 || LOAD, LOAD_START_T: 1765424822.7768302, LOAD_END_T: 1765424829.1901724 || MSG_MTo, MSG_MTo_START_T: 0.0, MSG_MTo_END_T: 0.0
Loaded FEMNIST test split partition_id=33 with 337 samples
Wall-clock time: 1765424898.711435 ||Test loss: 3.3120 || Test accuracy: 0.1335 || CPU time: 7.0167 || CPU utilization: 0.1863 || R#8's duration (s): 37.6650 || Cumulative runtime (s): 279.5799 || Loading data delay (s): 6.3941 || Eval delay (s): 0.5256 || Agg delay (s): 0.0000 || Coordination delay (s): 0.0000 || DIST task delay: 0.0000 || RECV task delay: 0.0000 || Queueing delay: 0.0000 || MSG (from mid) Ave. delay: 0.0000 || Total cache delay: 0.0000 || Ave. cache delay: 0.0000
[R#8] CUMULATIVE_RUNTIME_SEC=279.5799
Top Aggregator Timestamps: CACHE, CACHE_START_T: 0.0, CACHE_END_T: 0.0 || AGG, AGG_START_T: 0.0, AGG_END_T: 0.0 || EVAL, EVAL_START_T: 1765424898.1858203, EVAL_END_T: 1765424898.7114193 || RECV, RECV_START_T: 0.0, RECV_END_T: 0.0 || DIST, DIST_START_T: 0.0, DIST_END_T: 0.0 || LOAD, LOAD_START_T: 1765424861.04961, LOAD_END_T: 1765424867.4436917 || MSG_MTo, MSG_MTo_START_T: 0.0, MSG_MTo_END_T: 0.0
Loaded FEMNIST test split partition_id=2 with 404 samples
Wall-clock time: 1765424926.6391168 ||Test loss: 4.1633 || Test accuracy: 0.0817 || CPU time: 8.9385 || CPU utilization: 0.3201 || R#9's duration (s): 27.9277 || Cumulative runtime (s): 307.5076 || Loading data delay (s): 6.2624 || Eval delay (s): 0.6829 || Agg delay (s): 0.0000 || Coordination delay (s): 0.0000 || DIST task delay: 0.0000 || RECV task delay: 0.0000 || Queueing delay: 0.0000 || MSG (from mid) Ave. delay: 0.0000 || Total cache delay: 0.0000 || Ave. cache delay: 0.0000
[R#9] CUMULATIVE_RUNTIME_SEC=307.5076
Top Aggregator Timestamps: CACHE, CACHE_START_T: 0.0, CACHE_END_T: 0.0 || AGG, AGG_START_T: 0.0, AGG_END_T: 0.0 || EVAL, EVAL_START_T: 1765424925.9562013, EVAL_END_T: 1765424926.6390717 || RECV, RECV_START_T: 0.0, RECV_END_T: 0.0 || DIST, DIST_START_T: 0.0, DIST_END_T: 0.0 || LOAD, LOAD_START_T: 1765424898.714161, LOAD_END_T: 1765424904.9765413 || MSG_MTo, MSG_MTo_START_T: 0.0, MSG_MTo_END_T: 0.0
Loaded FEMNIST test split partition_id=36 with 384 samples
Wall-clock time: 1765424958.7998874 ||Test loss: 3.1408 || Test accuracy: 0.2057 || CPU time: 8.9661 || CPU utilization: 0.2788 || R#10's duration (s): 32.1608 || Cumulative runtime (s): 339.6683 || Loading data delay (s): 6.2895 || Eval delay (s): 0.6784 || Agg delay (s): 0.0000 || Coordination delay (s): 0.0000 || DIST task delay: 0.0000 || RECV task delay: 0.0000 || Queueing delay: 0.0000 || MSG (from mid) Ave. delay: 0.0000 || Total cache delay: 0.0000 || Ave. cache delay: 0.0000
[R#10] CUMULATIVE_RUNTIME_SEC=339.6683
Top Aggregator Timestamps: CACHE, CACHE_START_T: 0.0, CACHE_END_T: 0.0 || AGG, AGG_START_T: 0.0, AGG_END_T: 0.0 || EVAL, EVAL_START_T: 1765424958.1214395, EVAL_END_T: 1765424958.7998557 || RECV, RECV_START_T: 0.0, RECV_END_T: 0.0 || DIST, DIST_START_T: 0.0, DIST_END_T: 0.0 || LOAD, LOAD_START_T: 1765424926.6428473, LOAD_END_T: 1765424932.9323192 || MSG_MTo, MSG_MTo_START_T: 0.0, MSG_MTo_END_T: 0.0
Loaded FEMNIST test split partition_id=35 with 416 samples
Wall-clock time: 1765424997.4104106 ||Test loss: 2.1580 || Test accuracy: 0.3966 || CPU time: 9.3649 || CPU utilization: 0.2425 || R#11's duration (s): 38.6105 || Cumulative runtime (s): 378.2789 || Loading data delay (s): 6.1614 || Eval delay (s): 0.7213 || Agg delay (s): 0.0000 || Coordination delay (s): 0.0000 || DIST task delay: 0.0000 || RECV task delay: 0.0000 || Queueing delay: 0.0000 || MSG (from mid) Ave. delay: 0.0000 || Total cache delay: 0.0000 || Ave. cache delay: 0.0000
[R#11] CUMULATIVE_RUNTIME_SEC=378.2789
Top Aggregator Timestamps: CACHE, CACHE_START_T: 0.0, CACHE_END_T: 0.0 || AGG, AGG_START_T: 0.0, AGG_END_T: 0.0 || EVAL, EVAL_START_T: 1765424996.689111, EVAL_END_T: 1765424997.410383 || RECV, RECV_START_T: 0.0, RECV_END_T: 0.0 || DIST, DIST_START_T: 0.0, DIST_END_T: 0.0 || LOAD, LOAD_START_T: 1765424958.8029501, LOAD_END_T: 1765424964.9643097 || MSG_MTo, MSG_MTo_START_T: 0.0, MSG_MTo_END_T: 0.0
Loaded FEMNIST test split partition_id=38 with 347 samples
Wall-clock time: 1765425030.203344 ||Test loss: 2.9852 || Test accuracy: 0.2767 || CPU time: 7.7580 || CPU utilization: 0.2366 || R#12's duration (s): 32.7929 || Cumulative runtime (s): 411.0718 || Loading data delay (s): 6.3540 || Eval delay (s): 0.5858 || Agg delay (s): 0.0000 || Coordination delay (s): 0.0000 || DIST task delay: 0.0000 || RECV task delay: 0.0000 || Queueing delay: 0.0000 || MSG (from mid) Ave. delay: 0.0000 || Total cache delay: 0.0000 || Ave. cache delay: 0.0000
[R#12] CUMULATIVE_RUNTIME_SEC=411.0718
Top Aggregator Timestamps: CACHE, CACHE_START_T: 0.0, CACHE_END_T: 0.0 || AGG, AGG_START_T: 0.0, AGG_END_T: 0.0 || EVAL, EVAL_START_T: 1765425029.6175163, EVAL_END_T: 1765425030.2033162 || RECV, RECV_START_T: 0.0, RECV_END_T: 0.0 || DIST, DIST_START_T: 0.0, DIST_END_T: 0.0 || LOAD, LOAD_START_T: 1765424997.4137242, LOAD_END_T: 1765425003.767742 || MSG_MTo, MSG_MTo_START_T: 0.0, MSG_MTo_END_T: 0.0
Loaded FEMNIST test split partition_id=59 with 361 samples
Wall-clock time: 1765425062.2534394 ||Test loss: 2.8049 || Test accuracy: 0.2659 || CPU time: 8.3307 || CPU utilization: 0.2599 || R#13's duration (s): 32.0501 || Cumulative runtime (s): 443.1219 || Loading data delay (s): 6.9483 || Eval delay (s): 0.6342 || Agg delay (s): 0.0000 || Coordination delay (s): 0.0000 || DIST task delay: 0.0000 || RECV task delay: 0.0000 || Queueing delay: 0.0000 || MSG (from mid) Ave. delay: 0.0000 || Total cache delay: 0.0000 || Ave. cache delay: 0.0000
[R#13] CUMULATIVE_RUNTIME_SEC=443.1219
Top Aggregator Timestamps: CACHE, CACHE_START_T: 0.0, CACHE_END_T: 0.0 || AGG, AGG_START_T: 0.0, AGG_END_T: 0.0 || EVAL, EVAL_START_T: 1765425061.6192033, EVAL_END_T: 1765425062.2533803 || RECV, RECV_START_T: 0.0, RECV_END_T: 0.0 || DIST, DIST_START_T: 0.0, DIST_END_T: 0.0 || LOAD, LOAD_START_T: 1765425030.2069404, LOAD_END_T: 1765425037.1552074 || MSG_MTo, MSG_MTo_START_T: 0.0, MSG_MTo_END_T: 0.0
Loaded FEMNIST test split partition_id=41 with 358 samples
Wall-clock time: 1765425105.9962618 ||Test loss: 2.3431 || Test accuracy: 0.3296 || CPU time: 8.6350 || CPU utilization: 0.1974 || R#14's duration (s): 43.7428 || Cumulative runtime (s): 486.8647 || Loading data delay (s): 7.1577 || Eval delay (s): 0.6662 || Agg delay (s): 0.0000 || Coordination delay (s): 0.0000 || DIST task delay: 0.0000 || RECV task delay: 0.0000 || Queueing delay: 0.0000 || MSG (from mid) Ave. delay: 0.0000 || Total cache delay: 0.0000 || Ave. cache delay: 0.0000
[R#14] CUMULATIVE_RUNTIME_SEC=486.8647
Top Aggregator Timestamps: CACHE, CACHE_START_T: 0.0, CACHE_END_T: 0.0 || AGG, AGG_START_T: 0.0, AGG_END_T: 0.0 || EVAL, EVAL_START_T: 1765425105.3300605, EVAL_END_T: 1765425105.9962249 || RECV, RECV_START_T: 0.0, RECV_END_T: 0.0 || DIST, DIST_START_T: 0.0, DIST_END_T: 0.0 || LOAD, LOAD_START_T: 1765425062.2579837, LOAD_END_T: 1765425069.415695 || MSG_MTo, MSG_MTo_START_T: 0.0, MSG_MTo_END_T: 0.0
Loaded FEMNIST test split partition_id=19 with 377 samples
Wall-clock time: 1765425138.0976822 ||Test loss: 2.7284 || Test accuracy: 0.2599 || CPU time: 8.0579 || CPU utilization: 0.2510 || R#15's duration (s): 32.1014 || Cumulative runtime (s): 518.9661 || Loading data delay (s): 6.7423 || Eval delay (s): 0.6265 || Agg delay (s): 0.0000 || Coordination delay (s): 0.0000 || DIST task delay: 0.0000 || RECV task delay: 0.0000 || Queueing delay: 0.0000 || MSG (from mid) Ave. delay: 0.0000 || Total cache delay: 0.0000 || Ave. cache delay: 0.0000
[R#15] CUMULATIVE_RUNTIME_SEC=518.9661
Top Aggregator Timestamps: CACHE, CACHE_START_T: 0.0, CACHE_END_T: 0.0 || AGG, AGG_START_T: 0.0, AGG_END_T: 0.0 || EVAL, EVAL_START_T: 1765425137.4711084, EVAL_END_T: 1765425138.0976477 || RECV, RECV_START_T: 0.0, RECV_END_T: 0.0 || DIST, DIST_START_T: 0.0, DIST_END_T: 0.0 || LOAD, LOAD_START_T: 1765425106.0000253, LOAD_END_T: 1765425112.742346 || MSG_MTo, MSG_MTo_START_T: 0.0, MSG_MTo_END_T: 0.0
Loaded FEMNIST test split partition_id=17 with 424 samples
Wall-clock time: 1765425172.0432663 ||Test loss: 5.6677 || Test accuracy: 0.0873 || CPU time: 8.9950 || CPU utilization: 0.2650 || R#16's duration (s): 33.9456 || Cumulative runtime (s): 552.9117 || Loading data delay (s): 6.3913 || Eval delay (s): 0.6808 || Agg delay (s): 0.0000 || Coordination delay (s): 0.0000 || DIST task delay: 0.0000 || RECV task delay: 0.0000 || Queueing delay: 0.0000 || MSG (from mid) Ave. delay: 0.0000 || Total cache delay: 0.0000 || Ave. cache delay: 0.0000
[R#16] CUMULATIVE_RUNTIME_SEC=552.9117
Top Aggregator Timestamps: CACHE, CACHE_START_T: 0.0, CACHE_END_T: 0.0 || AGG, AGG_START_T: 0.0, AGG_END_T: 0.0 || EVAL, EVAL_START_T: 1765425171.3624706, EVAL_END_T: 1765425172.0432444 || RECV, RECV_START_T: 0.0, RECV_END_T: 0.0 || DIST, DIST_START_T: 0.0, DIST_END_T: 0.0 || LOAD, LOAD_START_T: 1765425138.1005824, LOAD_END_T: 1765425144.4918349 || MSG_MTo, MSG_MTo_START_T: 0.0, MSG_MTo_END_T: 0.0
Loaded FEMNIST test split partition_id=39 with 373 samples
Wall-clock time: 1765425198.9098473 ||Test loss: 4.4783 || Test accuracy: 0.0751 || CPU time: 7.8964 || CPU utilization: 0.2939 || R#17's duration (s): 26.8666 || Cumulative runtime (s): 579.7783 || Loading data delay (s): 6.2612 || Eval delay (s): 0.5912 || Agg delay (s): 0.0000 || Coordination delay (s): 0.0000 || DIST task delay: 0.0000 || RECV task delay: 0.0000 || Queueing delay: 0.0000 || MSG (from mid) Ave. delay: 0.0000 || Total cache delay: 0.0000 || Ave. cache delay: 0.0000
[R#17] CUMULATIVE_RUNTIME_SEC=579.7783
Top Aggregator Timestamps: CACHE, CACHE_START_T: 0.0, CACHE_END_T: 0.0 || AGG, AGG_START_T: 0.0, AGG_END_T: 0.0 || EVAL, EVAL_START_T: 1765425198.3186588, EVAL_END_T: 1765425198.9098217 || RECV, RECV_START_T: 0.0, RECV_END_T: 0.0 || DIST, DIST_START_T: 0.0, DIST_END_T: 0.0 || LOAD, LOAD_START_T: 1765425172.046232, LOAD_END_T: 1765425178.3074052 || MSG_MTo, MSG_MTo_START_T: 0.0, MSG_MTo_END_T: 0.0
Loaded FEMNIST test split partition_id=4 with 315 samples
Wall-clock time: 1765425241.278192 ||Test loss: 3.0298 || Test accuracy: 0.2222 || CPU time: 6.7151 || CPU utilization: 0.1585 || R#18's duration (s): 42.3683 || Cumulative runtime (s): 622.1466 || Loading data delay (s): 6.5557 || Eval delay (s): 0.5228 || Agg delay (s): 0.0000 || Coordination delay (s): 0.0000 || DIST task delay: 0.0000 || RECV task delay: 0.0000 || Queueing delay: 0.0000 || MSG (from mid) Ave. delay: 0.0000 || Total cache delay: 0.0000 || Ave. cache delay: 0.0000
[R#18] CUMULATIVE_RUNTIME_SEC=622.1466
Top Aggregator Timestamps: CACHE, CACHE_START_T: 0.0, CACHE_END_T: 0.0 || AGG, AGG_START_T: 0.0, AGG_END_T: 0.0 || EVAL, EVAL_START_T: 1765425240.755396, EVAL_END_T: 1765425241.2781703 || RECV, RECV_START_T: 0.0, RECV_END_T: 0.0 || DIST, DIST_START_T: 0.0, DIST_END_T: 0.0 || LOAD, LOAD_START_T: 1765425198.9125915, LOAD_END_T: 1765425205.468338 || MSG_MTo, MSG_MTo_START_T: 0.0, MSG_MTo_END_T: 0.0
Loaded FEMNIST test split partition_id=64 with 355 samples
Wall-clock time: 1765425284.4761794 ||Test loss: 4.5141 || Test accuracy: 0.1634 || CPU time: 8.0246 || CPU utilization: 0.1858 || R#19's duration (s): 43.1980 || Cumulative runtime (s): 665.3446 || Loading data delay (s): 6.2692 || Eval delay (s): 0.6016 || Agg delay (s): 0.0000 || Coordination delay (s): 0.0000 || DIST task delay: 0.0000 || RECV task delay: 0.0000 || Queueing delay: 0.0000 || MSG (from mid) Ave. delay: 0.0000 || Total cache delay: 0.0000 || Ave. cache delay: 0.0000
[R#19] CUMULATIVE_RUNTIME_SEC=665.3446
Top Aggregator Timestamps: CACHE, CACHE_START_T: 0.0, CACHE_END_T: 0.0 || AGG, AGG_START_T: 0.0, AGG_END_T: 0.0 || EVAL, EVAL_START_T: 1765425283.8745522, EVAL_END_T: 1765425284.4761565 || RECV, RECV_START_T: 0.0, RECV_END_T: 0.0 || DIST, DIST_START_T: 0.0, DIST_END_T: 0.0 || LOAD, LOAD_START_T: 1765425241.2812722, LOAD_END_T: 1765425247.5504568 || MSG_MTo, MSG_MTo_START_T: 0.0, MSG_MTo_END_T: 0.0
Loaded FEMNIST test split partition_id=62 with 390 samples
Wall-clock time: 1765425319.0375047 ||Test loss: 2.1069 || Test accuracy: 0.3846 || CPU time: 8.1285 || CPU utilization: 0.2352 || R#20's duration (s): 34.5613 || Cumulative runtime (s): 699.9060 || Loading data delay (s): 7.1600 || Eval delay (s): 0.6154 || Agg delay (s): 0.0000 || Coordination delay (s): 0.0000 || DIST task delay: 0.0000 || RECV task delay: 0.0000 || Queueing delay: 0.0000 || MSG (from mid) Ave. delay: 0.0000 || Total cache delay: 0.0000 || Ave. cache delay: 0.0000
[R#20] CUMULATIVE_RUNTIME_SEC=699.9060
Top Aggregator Timestamps: CACHE, CACHE_START_T: 0.0, CACHE_END_T: 0.0 || AGG, AGG_START_T: 0.0, AGG_END_T: 0.0 || EVAL, EVAL_START_T: 1765425318.4220335, EVAL_END_T: 1765425319.0374768 || RECV, RECV_START_T: 0.0, RECV_END_T: 0.0 || DIST, DIST_START_T: 0.0, DIST_END_T: 0.0 || LOAD, LOAD_START_T: 1765425284.4790173, LOAD_END_T: 1765425291.6389956 || MSG_MTo, MSG_MTo_START_T: 0.0, MSG_MTo_END_T: 0.0
Loaded FEMNIST test split partition_id=51 with 396 samples
Wall-clock time: 1765425357.2594795 ||Test loss: 1.9997 || Test accuracy: 0.4444 || CPU time: 8.5295 || CPU utilization: 0.2232 || R#21's duration (s): 38.2220 || Cumulative runtime (s): 738.1279 || Loading data delay (s): 6.2618 || Eval delay (s): 0.6483 || Agg delay (s): 0.0000 || Coordination delay (s): 0.0000 || DIST task delay: 0.0000 || RECV task delay: 0.0000 || Queueing delay: 0.0000 || MSG (from mid) Ave. delay: 0.0000 || Total cache delay: 0.0000 || Ave. cache delay: 0.0000
[R#21] CUMULATIVE_RUNTIME_SEC=738.1279
Top Aggregator Timestamps: CACHE, CACHE_START_T: 0.0, CACHE_END_T: 0.0 || AGG, AGG_START_T: 0.0, AGG_END_T: 0.0 || EVAL, EVAL_START_T: 1765425356.611145, EVAL_END_T: 1765425357.2594573 || RECV, RECV_START_T: 0.0, RECV_END_T: 0.0 || DIST, DIST_START_T: 0.0, DIST_END_T: 0.0 || LOAD, LOAD_START_T: 1765425319.0406928, LOAD_END_T: 1765425325.302513 || MSG_MTo, MSG_MTo_START_T: 0.0, MSG_MTo_END_T: 0.0
Loaded FEMNIST test split partition_id=53 with 326 samples
Wall-clock time: 1765425389.8573759 ||Test loss: 2.4563 || Test accuracy: 0.4049 || CPU time: 6.9100 || CPU utilization: 0.2120 || R#22's duration (s): 32.5979 || Cumulative runtime (s): 770.7258 || Loading data delay (s): 6.4495 || Eval delay (s): 0.5202 || Agg delay (s): 0.0000 || Coordination delay (s): 0.0000 || DIST task delay: 0.0000 || RECV task delay: 0.0000 || Queueing delay: 0.0000 || MSG (from mid) Ave. delay: 0.0000 || Total cache delay: 0.0000 || Ave. cache delay: 0.0000
[R#22] CUMULATIVE_RUNTIME_SEC=770.7258
Top Aggregator Timestamps: CACHE, CACHE_START_T: 0.0, CACHE_END_T: 0.0 || AGG, AGG_START_T: 0.0, AGG_END_T: 0.0 || EVAL, EVAL_START_T: 1765425389.3371735, EVAL_END_T: 1765425389.8573558 || RECV, RECV_START_T: 0.0, RECV_END_T: 0.0 || DIST, DIST_START_T: 0.0, DIST_END_T: 0.0 || LOAD, LOAD_START_T: 1765425357.2622032, LOAD_END_T: 1765425363.7117326 || MSG_MTo, MSG_MTo_START_T: 0.0, MSG_MTo_END_T: 0.0
Loaded FEMNIST test split partition_id=55 with 373 samples
Wall-clock time: 1765425414.7204838 ||Test loss: 3.5058 || Test accuracy: 0.2306 || CPU time: 8.3586 || CPU utilization: 0.3362 || R#23's duration (s): 24.8631 || Cumulative runtime (s): 795.5889 || Loading data delay (s): 6.3856 || Eval delay (s): 0.6363 || Agg delay (s): 0.0000 || Coordination delay (s): 0.0000 || DIST task delay: 0.0000 || RECV task delay: 0.0000 || Queueing delay: 0.0000 || MSG (from mid) Ave. delay: 0.0000 || Total cache delay: 0.0000 || Ave. cache delay: 0.0000
[R#23] CUMULATIVE_RUNTIME_SEC=795.5889
Top Aggregator Timestamps: CACHE, CACHE_START_T: 0.0, CACHE_END_T: 0.0 || AGG, AGG_START_T: 0.0, AGG_END_T: 0.0 || EVAL, EVAL_START_T: 1765425414.0841157, EVAL_END_T: 1765425414.7204442 || RECV, RECV_START_T: 0.0, RECV_END_T: 0.0 || DIST, DIST_START_T: 0.0, DIST_END_T: 0.0 || LOAD, LOAD_START_T: 1765425389.8602028, LOAD_END_T: 1765425396.2458296 || MSG_MTo, MSG_MTo_START_T: 0.0, MSG_MTo_END_T: 0.0
Loaded FEMNIST test split partition_id=30 with 284 samples
Wall-clock time: 1765425462.3974006 ||Test loss: 1.5322 || Test accuracy: 0.5845 || CPU time: 6.5595 || CPU utilization: 0.1376 || R#24's duration (s): 47.6769 || Cumulative runtime (s): 843.2658 || Loading data delay (s): 6.4492 || Eval delay (s): 0.5070 || Agg delay (s): 0.0000 || Coordination delay (s): 0.0000 || DIST task delay: 0.0000 || RECV task delay: 0.0000 || Queueing delay: 0.0000 || MSG (from mid) Ave. delay: 0.0000 || Total cache delay: 0.0000 || Ave. cache delay: 0.0000
[R#24] CUMULATIVE_RUNTIME_SEC=843.2658
Top Aggregator Timestamps: CACHE, CACHE_START_T: 0.0, CACHE_END_T: 0.0 || AGG, AGG_START_T: 0.0, AGG_END_T: 0.0 || EVAL, EVAL_START_T: 1765425461.8904152, EVAL_END_T: 1765425462.3973713 || RECV, RECV_START_T: 0.0, RECV_END_T: 0.0 || DIST, DIST_START_T: 0.0, DIST_END_T: 0.0 || LOAD, LOAD_START_T: 1765425414.7236118, LOAD_END_T: 1765425421.1728506 || MSG_MTo, MSG_MTo_START_T: 0.0, MSG_MTo_END_T: 0.0
Loaded FEMNIST test split partition_id=10 with 436 samples
Wall-clock time: 1765425491.8122363 ||Test loss: 2.9560 || Test accuracy: 0.2683 || CPU time: 9.3519 || CPU utilization: 0.3179 || R#25's duration (s): 29.4148 || Cumulative runtime (s): 872.6807 || Loading data delay (s): 6.2044 || Eval delay (s): 0.7118 || Agg delay (s): 0.0000 || Coordination delay (s): 0.0000 || DIST task delay: 0.0000 || RECV task delay: 0.0000 || Queueing delay: 0.0000 || MSG (from mid) Ave. delay: 0.0000 || Total cache delay: 0.0000 || Ave. cache delay: 0.0000
[R#25] CUMULATIVE_RUNTIME_SEC=872.6807
Top Aggregator Timestamps: CACHE, CACHE_START_T: 0.0, CACHE_END_T: 0.0 || AGG, AGG_START_T: 0.0, AGG_END_T: 0.0 || EVAL, EVAL_START_T: 1765425491.1004388, EVAL_END_T: 1765425491.8121989 || RECV, RECV_START_T: 0.0, RECV_END_T: 0.0 || DIST, DIST_START_T: 0.0, DIST_END_T: 0.0 || LOAD, LOAD_START_T: 1765425462.400484, LOAD_END_T: 1765425468.6048927 || MSG_MTo, MSG_MTo_START_T: 0.0, MSG_MTo_END_T: 0.0
Loaded FEMNIST test split partition_id=27 with 446 samples
Wall-clock time: 1765425527.1456082 ||Test loss: 1.8767 || Test accuracy: 0.4574 || CPU time: 9.5691 || CPU utilization: 0.2708 || R#26's duration (s): 35.3334 || Cumulative runtime (s): 908.0141 || Loading data delay (s): 6.4675 || Eval delay (s): 0.7294 || Agg delay (s): 0.0000 || Coordination delay (s): 0.0000 || DIST task delay: 0.0000 || RECV task delay: 0.0000 || Queueing delay: 0.0000 || MSG (from mid) Ave. delay: 0.0000 || Total cache delay: 0.0000 || Ave. cache delay: 0.0000
[R#26] CUMULATIVE_RUNTIME_SEC=908.0141
Top Aggregator Timestamps: CACHE, CACHE_START_T: 0.0, CACHE_END_T: 0.0 || AGG, AGG_START_T: 0.0, AGG_END_T: 0.0 || EVAL, EVAL_START_T: 1765425526.416175, EVAL_END_T: 1765425527.1455817 || RECV, RECV_START_T: 0.0, RECV_END_T: 0.0 || DIST, DIST_START_T: 0.0, DIST_END_T: 0.0 || LOAD, LOAD_START_T: 1765425491.815812, LOAD_END_T: 1765425498.2832642 || MSG_MTo, MSG_MTo_START_T: 0.0, MSG_MTo_END_T: 0.0
Loaded FEMNIST test split partition_id=24 with 374 samples
Wall-clock time: 1765425564.485012 ||Test loss: 2.0379 || Test accuracy: 0.4305 || CPU time: 8.3323 || CPU utilization: 0.2232 || R#27's duration (s): 37.3394 || Cumulative runtime (s): 945.3535 || Loading data delay (s): 6.7387 || Eval delay (s): 0.6457 || Agg delay (s): 0.0000 || Coordination delay (s): 0.0000 || DIST task delay: 0.0000 || RECV task delay: 0.0000 || Queueing delay: 0.0000 || MSG (from mid) Ave. delay: 0.0000 || Total cache delay: 0.0000 || Ave. cache delay: 0.0000
[R#27] CUMULATIVE_RUNTIME_SEC=945.3535
Top Aggregator Timestamps: CACHE, CACHE_START_T: 0.0, CACHE_END_T: 0.0 || AGG, AGG_START_T: 0.0, AGG_END_T: 0.0 || EVAL, EVAL_START_T: 1765425563.8392386, EVAL_END_T: 1765425564.4849687 || RECV, RECV_START_T: 0.0, RECV_END_T: 0.0 || DIST, DIST_START_T: 0.0, DIST_END_T: 0.0 || LOAD, LOAD_START_T: 1765425527.1486447, LOAD_END_T: 1765425533.8873904 || MSG_MTo, MSG_MTo_START_T: 0.0, MSG_MTo_END_T: 0.0
Loaded FEMNIST test split partition_id=15 with 370 samples
Wall-clock time: 1765425591.3632345 ||Test loss: 2.4457 || Test accuracy: 0.3595 || CPU time: 8.4212 || CPU utilization: 0.3133 || R#28's duration (s): 26.8782 || Cumulative runtime (s): 972.2317 || Loading data delay (s): 6.3806 || Eval delay (s): 0.6363 || Agg delay (s): 0.0000 || Coordination delay (s): 0.0000 || DIST task delay: 0.0000 || RECV task delay: 0.0000 || Queueing delay: 0.0000 || MSG (from mid) Ave. delay: 0.0000 || Total cache delay: 0.0000 || Ave. cache delay: 0.0000
[R#28] CUMULATIVE_RUNTIME_SEC=972.2317
Top Aggregator Timestamps: CACHE, CACHE_START_T: 0.0, CACHE_END_T: 0.0 || AGG, AGG_START_T: 0.0, AGG_END_T: 0.0 || EVAL, EVAL_START_T: 1765425590.7268853, EVAL_END_T: 1765425591.3631945 || RECV, RECV_START_T: 0.0, RECV_END_T: 0.0 || DIST, DIST_START_T: 0.0, DIST_END_T: 0.0 || LOAD, LOAD_START_T: 1765425564.4885678, LOAD_END_T: 1765425570.8691866 || MSG_MTo, MSG_MTo_START_T: 0.0, MSG_MTo_END_T: 0.0
Loaded FEMNIST test split partition_id=60 with 303 samples
Wall-clock time: 1765425637.5545375 ||Test loss: 2.5182 || Test accuracy: 0.3366 || CPU time: 6.9971 || CPU utilization: 0.1515 || R#29's duration (s): 46.1913 || Cumulative runtime (s): 1018.4230 || Loading data delay (s): 6.4567 || Eval delay (s): 0.5368 || Agg delay (s): 0.0000 || Coordination delay (s): 0.0000 || DIST task delay: 0.0000 || RECV task delay: 0.0000 || Queueing delay: 0.0000 || MSG (from mid) Ave. delay: 0.0000 || Total cache delay: 0.0000 || Ave. cache delay: 0.0000
[R#29] CUMULATIVE_RUNTIME_SEC=1018.4230
Top Aggregator Timestamps: CACHE, CACHE_START_T: 0.0, CACHE_END_T: 0.0 || AGG, AGG_START_T: 0.0, AGG_END_T: 0.0 || EVAL, EVAL_START_T: 1765425637.017708, EVAL_END_T: 1765425637.554499 || RECV, RECV_START_T: 0.0, RECV_END_T: 0.0 || DIST, DIST_START_T: 0.0, DIST_END_T: 0.0 || LOAD, LOAD_START_T: 1765425591.3662298, LOAD_END_T: 1765425597.822886 || MSG_MTo, MSG_MTo_START_T: 0.0, MSG_MTo_END_T: 0.0
Loaded FEMNIST test split partition_id=13 with 329 samples
Wall-clock time: 1765425686.043165 ||Test loss: 1.6279 || Test accuracy: 0.5593 || CPU time: 7.2696 || CPU utilization: 0.1499 || R#30's duration (s): 48.4886 || Cumulative runtime (s): 1066.9116 || Loading data delay (s): 6.2083 || Eval delay (s): 0.5585 || Agg delay (s): 0.0000 || Coordination delay (s): 0.0000 || DIST task delay: 0.0000 || RECV task delay: 0.0000 || Queueing delay: 0.0000 || MSG (from mid) Ave. delay: 0.0000 || Total cache delay: 0.0000 || Ave. cache delay: 0.0000
[R#30] CUMULATIVE_RUNTIME_SEC=1066.9116
Top Aggregator Timestamps: CACHE, CACHE_START_T: 0.0, CACHE_END_T: 0.0 || AGG, AGG_START_T: 0.0, AGG_END_T: 0.0 || EVAL, EVAL_START_T: 1765425685.4846735, EVAL_END_T: 1765425686.0431392 || RECV, RECV_START_T: 0.0, RECV_END_T: 0.0 || DIST, DIST_START_T: 0.0, DIST_END_T: 0.0 || LOAD, LOAD_START_T: 1765425637.5575833, LOAD_END_T: 1765425643.7658558 || MSG_MTo, MSG_MTo_START_T: 0.0, MSG_MTo_END_T: 0.0
Loaded FEMNIST test split partition_id=30 with 284 samples
Wall-clock time: 1765425724.0837364 ||Test loss: 1.6078 || Test accuracy: 0.6162 || CPU time: 6.7196 || CPU utilization: 0.1766 || R#31's duration (s): 38.0406 || Cumulative runtime (s): 1104.9522 || Loading data delay (s): 7.2070 || Eval delay (s): 0.5240 || Agg delay (s): 0.0000 || Coordination delay (s): 0.0000 || DIST task delay: 0.0000 || RECV task delay: 0.0000 || Queueing delay: 0.0000 || MSG (from mid) Ave. delay: 0.0000 || Total cache delay: 0.0000 || Ave. cache delay: 0.0000
[R#31] CUMULATIVE_RUNTIME_SEC=1104.9522
Top Aggregator Timestamps: CACHE, CACHE_START_T: 0.0, CACHE_END_T: 0.0 || AGG, AGG_START_T: 0.0, AGG_END_T: 0.0 || EVAL, EVAL_START_T: 1765425723.559723, EVAL_END_T: 1765425724.0837095 || RECV, RECV_START_T: 0.0, RECV_END_T: 0.0 || DIST, DIST_START_T: 0.0, DIST_END_T: 0.0 || LOAD, LOAD_START_T: 1765425686.0465198, LOAD_END_T: 1765425693.253521 || MSG_MTo, MSG_MTo_START_T: 0.0, MSG_MTo_END_T: 0.0
Loaded FEMNIST test split partition_id=61 with 356 samples
Wall-clock time: 1765425760.7052321 ||Test loss: 2.7649 || Test accuracy: 0.2444 || CPU time: 8.6382 || CPU utilization: 0.2359 || R#32's duration (s): 36.6215 || Cumulative runtime (s): 1141.5737 || Loading data delay (s): 6.7893 || Eval delay (s): 0.6714 || Agg delay (s): 0.0000 || Coordination delay (s): 0.0000 || DIST task delay: 0.0000 || RECV task delay: 0.0000 || Queueing delay: 0.0000 || MSG (from mid) Ave. delay: 0.0000 || Total cache delay: 0.0000 || Ave. cache delay: 0.0000
[R#32] CUMULATIVE_RUNTIME_SEC=1141.5737
Top Aggregator Timestamps: CACHE, CACHE_START_T: 0.0, CACHE_END_T: 0.0 || AGG, AGG_START_T: 0.0, AGG_END_T: 0.0 || EVAL, EVAL_START_T: 1765425760.0338123, EVAL_END_T: 1765425760.7052066 || RECV, RECV_START_T: 0.0, RECV_END_T: 0.0 || DIST, DIST_START_T: 0.0, DIST_END_T: 0.0 || LOAD, LOAD_START_T: 1765425724.0873122, LOAD_END_T: 1765425730.876651 || MSG_MTo, MSG_MTo_START_T: 0.0, MSG_MTo_END_T: 0.0
Loaded FEMNIST test split partition_id=18 with 383 samples
Wall-clock time: 1765425799.2705371 ||Test loss: 2.5452 || Test accuracy: 0.3238 || CPU time: 7.9680 || CPU utilization: 0.2066 || R#33's duration (s): 38.5653 || Cumulative runtime (s): 1180.1390 || Loading data delay (s): 6.7164 || Eval delay (s): 0.6182 || Agg delay (s): 0.0000 || Coordination delay (s): 0.0000 || DIST task delay: 0.0000 || RECV task delay: 0.0000 || Queueing delay: 0.0000 || MSG (from mid) Ave. delay: 0.0000 || Total cache delay: 0.0000 || Ave. cache delay: 0.0000
[R#33] CUMULATIVE_RUNTIME_SEC=1180.1390
Top Aggregator Timestamps: CACHE, CACHE_START_T: 0.0, CACHE_END_T: 0.0 || AGG, AGG_START_T: 0.0, AGG_END_T: 0.0 || EVAL, EVAL_START_T: 1765425798.652334, EVAL_END_T: 1765425799.2705152 || RECV, RECV_START_T: 0.0, RECV_END_T: 0.0 || DIST, DIST_START_T: 0.0, DIST_END_T: 0.0 || LOAD, LOAD_START_T: 1765425760.7087243, LOAD_END_T: 1765425767.4250875 || MSG_MTo, MSG_MTo_START_T: 0.0, MSG_MTo_END_T: 0.0
Loaded FEMNIST test split partition_id=37 with 403 samples
Wall-clock time: 1765425826.2010963 ||Test loss: 2.2050 || Test accuracy: 0.3970 || CPU time: 9.5430 || CPU utilization: 0.3544 || R#34's duration (s): 26.9306 || Cumulative runtime (s): 1207.0695 || Loading data delay (s): 6.6071 || Eval delay (s): 0.7506 || Agg delay (s): 0.0000 || Coordination delay (s): 0.0000 || DIST task delay: 0.0000 || RECV task delay: 0.0000 || Queueing delay: 0.0000 || MSG (from mid) Ave. delay: 0.0000 || Total cache delay: 0.0000 || Ave. cache delay: 0.0000
[R#34] CUMULATIVE_RUNTIME_SEC=1207.0695
Top Aggregator Timestamps: CACHE, CACHE_START_T: 0.0, CACHE_END_T: 0.0 || AGG, AGG_START_T: 0.0, AGG_END_T: 0.0 || EVAL, EVAL_START_T: 1765425825.4504414, EVAL_END_T: 1765425826.201068 || RECV, RECV_START_T: 0.0, RECV_END_T: 0.0 || DIST, DIST_START_T: 0.0, DIST_END_T: 0.0 || LOAD, LOAD_START_T: 1765425799.2739098, LOAD_END_T: 1765425805.8809853 || MSG_MTo, MSG_MTo_START_T: 0.0, MSG_MTo_END_T: 0.0
Loaded FEMNIST test split partition_id=41 with 358 samples
Wall-clock time: 1765425863.3187418 ||Test loss: 2.0959 || Test accuracy: 0.3855 || CPU time: 7.7818 || CPU utilization: 0.2097 || R#35's duration (s): 37.1176 || Cumulative runtime (s): 1244.1872 || Loading data delay (s): 7.8193 || Eval delay (s): 0.6075 || Agg delay (s): 0.0000 || Coordination delay (s): 0.0000 || DIST task delay: 0.0000 || RECV task delay: 0.0000 || Queueing delay: 0.0000 || MSG (from mid) Ave. delay: 0.0000 || Total cache delay: 0.0000 || Ave. cache delay: 0.0000
[R#35] CUMULATIVE_RUNTIME_SEC=1244.1872
Top Aggregator Timestamps: CACHE, CACHE_START_T: 0.0, CACHE_END_T: 0.0 || AGG, AGG_START_T: 0.0, AGG_END_T: 0.0 || EVAL, EVAL_START_T: 1765425862.7112591, EVAL_END_T: 1765425863.3187191 || RECV, RECV_START_T: 0.0, RECV_END_T: 0.0 || DIST, DIST_START_T: 0.0, DIST_END_T: 0.0 || LOAD, LOAD_START_T: 1765425826.2045975, LOAD_END_T: 1765425834.023866 || MSG_MTo, MSG_MTo_START_T: 0.0, MSG_MTo_END_T: 0.0
Loaded FEMNIST test split partition_id=31 with 407 samples
Wall-clock time: 1765425904.7510343 ||Test loss: 1.6310 || Test accuracy: 0.5111 || CPU time: 9.2478 || CPU utilization: 0.2232 || R#36's duration (s): 41.4323 || Cumulative runtime (s): 1285.6195 || Loading data delay (s): 7.8189 || Eval delay (s): 0.7231 || Agg delay (s): 0.0000 || Coordination delay (s): 0.0000 || DIST task delay: 0.0000 || RECV task delay: 0.0000 || Queueing delay: 0.0000 || MSG (from mid) Ave. delay: 0.0000 || Total cache delay: 0.0000 || Ave. cache delay: 0.0000
[R#36] CUMULATIVE_RUNTIME_SEC=1285.6195
Top Aggregator Timestamps: CACHE, CACHE_START_T: 0.0, CACHE_END_T: 0.0 || AGG, AGG_START_T: 0.0, AGG_END_T: 0.0 || EVAL, EVAL_START_T: 1765425904.0278862, EVAL_END_T: 1765425904.7509925 || RECV, RECV_START_T: 0.0, RECV_END_T: 0.0 || DIST, DIST_START_T: 0.0, DIST_END_T: 0.0 || LOAD, LOAD_START_T: 1765425863.3222654, LOAD_END_T: 1765425871.1411738 || MSG_MTo, MSG_MTo_START_T: 0.0, MSG_MTo_END_T: 0.0
Loaded FEMNIST test split partition_id=29 with 247 samples
Wall-clock time: 1765425946.0548704 ||Test loss: 3.6236 || Test accuracy: 0.1943 || CPU time: 5.4413 || CPU utilization: 0.1317 || R#37's duration (s): 41.3038 || Cumulative runtime (s): 1326.9233 || Loading data delay (s): 7.2710 || Eval delay (s): 0.4233 || Agg delay (s): 0.0000 || Coordination delay (s): 0.0000 || DIST task delay: 0.0000 || RECV task delay: 0.0000 || Queueing delay: 0.0000 || MSG (from mid) Ave. delay: 0.0000 || Total cache delay: 0.0000 || Ave. cache delay: 0.0000
[R#37] CUMULATIVE_RUNTIME_SEC=1326.9233
Top Aggregator Timestamps: CACHE, CACHE_START_T: 0.0, CACHE_END_T: 0.0 || AGG, AGG_START_T: 0.0, AGG_END_T: 0.0 || EVAL, EVAL_START_T: 1765425945.63157, EVAL_END_T: 1765425946.0548477 || RECV, RECV_START_T: 0.0, RECV_END_T: 0.0 || DIST, DIST_START_T: 0.0, DIST_END_T: 0.0 || LOAD, LOAD_START_T: 1765425904.7547789, LOAD_END_T: 1765425912.0257845 || MSG_MTo, MSG_MTo_START_T: 0.0, MSG_MTo_END_T: 0.0
Loaded FEMNIST test split partition_id=24 with 374 samples
Wall-clock time: 1765425985.5711372 ||Test loss: 1.8014 || Test accuracy: 0.5187 || CPU time: 8.9367 || CPU utilization: 0.2262 || R#38's duration (s): 39.5163 || Cumulative runtime (s): 1366.4396 || Loading data delay (s): 7.0051 || Eval delay (s): 0.7195 || Agg delay (s): 0.0000 || Coordination delay (s): 0.0000 || DIST task delay: 0.0000 || RECV task delay: 0.0000 || Queueing delay: 0.0000 || MSG (from mid) Ave. delay: 0.0000 || Total cache delay: 0.0000 || Ave. cache delay: 0.0000
[R#38] CUMULATIVE_RUNTIME_SEC=1366.4396
Top Aggregator Timestamps: CACHE, CACHE_START_T: 0.0, CACHE_END_T: 0.0 || AGG, AGG_START_T: 0.0, AGG_END_T: 0.0 || EVAL, EVAL_START_T: 1765425984.8515763, EVAL_END_T: 1765425985.5711079 || RECV, RECV_START_T: 0.0, RECV_END_T: 0.0 || DIST, DIST_START_T: 0.0, DIST_END_T: 0.0 || LOAD, LOAD_START_T: 1765425946.0583951, LOAD_END_T: 1765425953.06354 || MSG_MTo, MSG_MTo_START_T: 0.0, MSG_MTo_END_T: 0.0
Loaded FEMNIST test split partition_id=4 with 315 samples
Wall-clock time: 1765426023.2574315 ||Test loss: 1.6855 || Test accuracy: 0.4698 || CPU time: 6.9264 || CPU utilization: 0.1838 || R#39's duration (s): 37.6863 || Cumulative runtime (s): 1404.1259 || Loading data delay (s): 7.5187 || Eval delay (s): 0.5274 || Agg delay (s): 0.0000 || Coordination delay (s): 0.0000 || DIST task delay: 0.0000 || RECV task delay: 0.0000 || Queueing delay: 0.0000 || MSG (from mid) Ave. delay: 0.0000 || Total cache delay: 0.0000 || Ave. cache delay: 0.0000
[R#39] CUMULATIVE_RUNTIME_SEC=1404.1259
Top Aggregator Timestamps: CACHE, CACHE_START_T: 0.0, CACHE_END_T: 0.0 || AGG, AGG_START_T: 0.0, AGG_END_T: 0.0 || EVAL, EVAL_START_T: 1765426022.7300274, EVAL_END_T: 1765426023.2574072 || RECV, RECV_START_T: 0.0, RECV_END_T: 0.0 || DIST, DIST_START_T: 0.0, DIST_END_T: 0.0 || LOAD, LOAD_START_T: 1765425985.57567, LOAD_END_T: 1765425993.094402 || MSG_MTo, MSG_MTo_START_T: 0.0, MSG_MTo_END_T: 0.0
Loaded FEMNIST test split partition_id=34 with 376 samples
Wall-clock time: 1765426061.1517496 ||Test loss: 1.9889 || Test accuracy: 0.4335 || CPU time: 8.6763 || CPU utilization: 0.2290 || R#40's duration (s): 37.8943 || Cumulative runtime (s): 1442.0202 || Loading data delay (s): 6.8101 || Eval delay (s): 0.6561 || Agg delay (s): 0.0000 || Coordination delay (s): 0.0000 || DIST task delay: 0.0000 || RECV task delay: 0.0000 || Queueing delay: 0.0000 || MSG (from mid) Ave. delay: 0.0000 || Total cache delay: 0.0000 || Ave. cache delay: 0.0000
[R#40] CUMULATIVE_RUNTIME_SEC=1442.0202
Top Aggregator Timestamps: CACHE, CACHE_START_T: 0.0, CACHE_END_T: 0.0 || AGG, AGG_START_T: 0.0, AGG_END_T: 0.0 || EVAL, EVAL_START_T: 1765426060.4956243, EVAL_END_T: 1765426061.1517224 || RECV, RECV_START_T: 0.0, RECV_END_T: 0.0 || DIST, DIST_START_T: 0.0, DIST_END_T: 0.0 || LOAD, LOAD_START_T: 1765426023.2606132, LOAD_END_T: 1765426030.0707097 || MSG_MTo, MSG_MTo_START_T: 0.0, MSG_MTo_END_T: 0.0
Loaded FEMNIST test split partition_id=37 with 403 samples
Wall-clock time: 1765426099.9980252 ||Test loss: 2.4839 || Test accuracy: 0.4467 || CPU time: 9.2458 || CPU utilization: 0.2380 || R#41's duration (s): 38.8463 || Cumulative runtime (s): 1480.8665 || Loading data delay (s): 6.6332 || Eval delay (s): 0.7003 || Agg delay (s): 0.0000 || Coordination delay (s): 0.0000 || DIST task delay: 0.0000 || RECV task delay: 0.0000 || Queueing delay: 0.0000 || MSG (from mid) Ave. delay: 0.0000 || Total cache delay: 0.0000 || Ave. cache delay: 0.0000
[R#41] CUMULATIVE_RUNTIME_SEC=1480.8665
Top Aggregator Timestamps: CACHE, CACHE_START_T: 0.0, CACHE_END_T: 0.0 || AGG, AGG_START_T: 0.0, AGG_END_T: 0.0 || EVAL, EVAL_START_T: 1765426099.29769, EVAL_END_T: 1765426099.9980004 || RECV, RECV_START_T: 0.0, RECV_END_T: 0.0 || DIST, DIST_START_T: 0.0, DIST_END_T: 0.0 || LOAD, LOAD_START_T: 1765426061.154918, LOAD_END_T: 1765426067.7880816 || MSG_MTo, MSG_MTo_START_T: 0.0, MSG_MTo_END_T: 0.0
Loaded FEMNIST test split partition_id=1 with 413 samples
Wall-clock time: 1765426146.3023217 ||Test loss: 2.4859 || Test accuracy: 0.4140 || CPU time: 8.3266 || CPU utilization: 0.1798 || R#42's duration (s): 46.3043 || Cumulative runtime (s): 1527.1708 || Loading data delay (s): 6.2320 || Eval delay (s): 0.6396 || Agg delay (s): 0.0000 || Coordination delay (s): 0.0000 || DIST task delay: 0.0000 || RECV task delay: 0.0000 || Queueing delay: 0.0000 || MSG (from mid) Ave. delay: 0.0000 || Total cache delay: 0.0000 || Ave. cache delay: 0.0000
[R#42] CUMULATIVE_RUNTIME_SEC=1527.1708
Top Aggregator Timestamps: CACHE, CACHE_START_T: 0.0, CACHE_END_T: 0.0 || AGG, AGG_START_T: 0.0, AGG_END_T: 0.0 || EVAL, EVAL_START_T: 1765426145.662732, EVAL_END_T: 1765426146.302298 || RECV, RECV_START_T: 0.0, RECV_END_T: 0.0 || DIST, DIST_START_T: 0.0, DIST_END_T: 0.0 || LOAD, LOAD_START_T: 1765426100.0010247, LOAD_END_T: 1765426106.2330117 || MSG_MTo, MSG_MTo_START_T: 0.0, MSG_MTo_END_T: 0.0
Loaded FEMNIST test split partition_id=28 with 399 samples
Wall-clock time: 1765426177.213035 ||Test loss: 1.5319 || Test accuracy: 0.5739 || CPU time: 9.1244 || CPU utilization: 0.2952 || R#43's duration (s): 30.9107 || Cumulative runtime (s): 1558.0815 || Loading data delay (s): 7.0027 || Eval delay (s): 0.7110 || Agg delay (s): 0.0000 || Coordination delay (s): 0.0000 || DIST task delay: 0.0000 || RECV task delay: 0.0000 || Queueing delay: 0.0000 || MSG (from mid) Ave. delay: 0.0000 || Total cache delay: 0.0000 || Ave. cache delay: 0.0000
[R#43] CUMULATIVE_RUNTIME_SEC=1558.0815
Top Aggregator Timestamps: CACHE, CACHE_START_T: 0.0, CACHE_END_T: 0.0 || AGG, AGG_START_T: 0.0, AGG_END_T: 0.0 || EVAL, EVAL_START_T: 1765426176.502035, EVAL_END_T: 1765426177.212997 || RECV, RECV_START_T: 0.0, RECV_END_T: 0.0 || DIST, DIST_START_T: 0.0, DIST_END_T: 0.0 || LOAD, LOAD_START_T: 1765426146.305292, LOAD_END_T: 1765426153.3080356 || MSG_MTo, MSG_MTo_START_T: 0.0, MSG_MTo_END_T: 0.0
Loaded FEMNIST test split partition_id=11 with 425 samples
Wall-clock time: 1765426209.8451319 ||Test loss: 2.5305 || Test accuracy: 0.3647 || CPU time: 9.7677 || CPU utilization: 0.2993 || R#44's duration (s): 32.6321 || Cumulative runtime (s): 1590.7136 || Loading data delay (s): 7.3957 || Eval delay (s): 0.7634 || Agg delay (s): 0.0000 || Coordination delay (s): 0.0000 || DIST task delay: 0.0000 || RECV task delay: 0.0000 || Queueing delay: 0.0000 || MSG (from mid) Ave. delay: 0.0000 || Total cache delay: 0.0000 || Ave. cache delay: 0.0000
[R#44] CUMULATIVE_RUNTIME_SEC=1590.7136
Top Aggregator Timestamps: CACHE, CACHE_START_T: 0.0, CACHE_END_T: 0.0 || AGG, AGG_START_T: 0.0, AGG_END_T: 0.0 || EVAL, EVAL_START_T: 1765426209.0817423, EVAL_END_T: 1765426209.8451076 || RECV, RECV_START_T: 0.0, RECV_END_T: 0.0 || DIST, DIST_START_T: 0.0, DIST_END_T: 0.0 || LOAD, LOAD_START_T: 1765426177.2167227, LOAD_END_T: 1765426184.612422 || MSG_MTo, MSG_MTo_START_T: 0.0, MSG_MTo_END_T: 0.0
Loaded FEMNIST test split partition_id=22 with 334 samples
Wall-clock time: 1765426245.1483202 ||Test loss: 1.5287 || Test accuracy: 0.5090 || CPU time: 8.2668 || CPU utilization: 0.2342 || R#45's duration (s): 35.3032 || Cumulative runtime (s): 1626.0168 || Loading data delay (s): 6.7013 || Eval delay (s): 0.6425 || Agg delay (s): 0.0000 || Coordination delay (s): 0.0000 || DIST task delay: 0.0000 || RECV task delay: 0.0000 || Queueing delay: 0.0000 || MSG (from mid) Ave. delay: 0.0000 || Total cache delay: 0.0000 || Ave. cache delay: 0.0000
[R#45] CUMULATIVE_RUNTIME_SEC=1626.0168
Top Aggregator Timestamps: CACHE, CACHE_START_T: 0.0, CACHE_END_T: 0.0 || AGG, AGG_START_T: 0.0, AGG_END_T: 0.0 || EVAL, EVAL_START_T: 1765426244.505759, EVAL_END_T: 1765426245.1482813 || RECV, RECV_START_T: 0.0, RECV_END_T: 0.0 || DIST, DIST_START_T: 0.0, DIST_END_T: 0.0 || LOAD, LOAD_START_T: 1765426209.8482463, LOAD_END_T: 1765426216.5494964 || MSG_MTo, MSG_MTo_START_T: 0.0, MSG_MTo_END_T: 0.0
Loaded FEMNIST test split partition_id=3 with 397 samples
Wall-clock time: 1765426275.8389843 ||Test loss: 1.2660 || Test accuracy: 0.6599 || CPU time: 9.3174 || CPU utilization: 0.3036 || R#46's duration (s): 30.6907 || Cumulative runtime (s): 1656.7074 || Loading data delay (s): 6.9891 || Eval delay (s): 0.7387 || Agg delay (s): 0.0000 || Coordination delay (s): 0.0000 || DIST task delay: 0.0000 || RECV task delay: 0.0000 || Queueing delay: 0.0000 || MSG (from mid) Ave. delay: 0.0000 || Total cache delay: 0.0000 || Ave. cache delay: 0.0000
[R#46] CUMULATIVE_RUNTIME_SEC=1656.7074
Top Aggregator Timestamps: CACHE, CACHE_START_T: 0.0, CACHE_END_T: 0.0 || AGG, AGG_START_T: 0.0, AGG_END_T: 0.0 || EVAL, EVAL_START_T: 1765426275.1001976, EVAL_END_T: 1765426275.8389385 || RECV, RECV_START_T: 0.0, RECV_END_T: 0.0 || DIST, DIST_START_T: 0.0, DIST_END_T: 0.0 || LOAD, LOAD_START_T: 1765426245.1520958, LOAD_END_T: 1765426252.1411674 || MSG_MTo, MSG_MTo_START_T: 0.0, MSG_MTo_END_T: 0.0
Loaded FEMNIST test split partition_id=57 with 388 samples
Wall-clock time: 1765426311.5036309 ||Test loss: 1.5129 || Test accuracy: 0.5979 || CPU time: 8.3637 || CPU utilization: 0.2345 || R#47's duration (s): 35.6646 || Cumulative runtime (s): 1692.3721 || Loading data delay (s): 6.8766 || Eval delay (s): 0.6431 || Agg delay (s): 0.0000 || Coordination delay (s): 0.0000 || DIST task delay: 0.0000 || RECV task delay: 0.0000 || Queueing delay: 0.0000 || MSG (from mid) Ave. delay: 0.0000 || Total cache delay: 0.0000 || Ave. cache delay: 0.0000
[R#47] CUMULATIVE_RUNTIME_SEC=1692.3721
Top Aggregator Timestamps: CACHE, CACHE_START_T: 0.0, CACHE_END_T: 0.0 || AGG, AGG_START_T: 0.0, AGG_END_T: 0.0 || EVAL, EVAL_START_T: 1765426310.8604894, EVAL_END_T: 1765426311.5036085 || RECV, RECV_START_T: 0.0, RECV_END_T: 0.0 || DIST, DIST_START_T: 0.0, DIST_END_T: 0.0 || LOAD, LOAD_START_T: 1765426275.8422067, LOAD_END_T: 1765426282.7187707 || MSG_MTo, MSG_MTo_START_T: 0.0, MSG_MTo_END_T: 0.0
Loaded FEMNIST test split partition_id=25 with 317 samples
Wall-clock time: 1765426342.6704829 ||Test loss: 1.9466 || Test accuracy: 0.4890 || CPU time: 6.5570 || CPU utilization: 0.2104 || R#48's duration (s): 31.1669 || Cumulative runtime (s): 1723.5389 || Loading data delay (s): 6.9226 || Eval delay (s): 0.4927 || Agg delay (s): 0.0000 || Coordination delay (s): 0.0000 || DIST task delay: 0.0000 || RECV task delay: 0.0000 || Queueing delay: 0.0000 || MSG (from mid) Ave. delay: 0.0000 || Total cache delay: 0.0000 || Ave. cache delay: 0.0000
[R#48] CUMULATIVE_RUNTIME_SEC=1723.5389
Top Aggregator Timestamps: CACHE, CACHE_START_T: 0.0, CACHE_END_T: 0.0 || AGG, AGG_START_T: 0.0, AGG_END_T: 0.0 || EVAL, EVAL_START_T: 1765426342.177743, EVAL_END_T: 1765426342.6704667 || RECV, RECV_START_T: 0.0, RECV_END_T: 0.0 || DIST, DIST_START_T: 0.0, DIST_END_T: 0.0 || LOAD, LOAD_START_T: 1765426311.5064492, LOAD_END_T: 1765426318.4290643 || MSG_MTo, MSG_MTo_START_T: 0.0, MSG_MTo_END_T: 0.0
Loaded FEMNIST test split partition_id=16 with 312 samples
Wall-clock time: 1765426377.8097553 ||Test loss: 2.2081 || Test accuracy: 0.3750 || CPU time: 7.7364 || CPU utilization: 0.2202 || R#49's duration (s): 35.1393 || Cumulative runtime (s): 1758.6782 || Loading data delay (s): 6.9958 || Eval delay (s): 0.6058 || Agg delay (s): 0.0000 || Coordination delay (s): 0.0000 || DIST task delay: 0.0000 || RECV task delay: 0.0000 || Queueing delay: 0.0000 || MSG (from mid) Ave. delay: 0.0000 || Total cache delay: 0.0000 || Ave. cache delay: 0.0000
[R#49] CUMULATIVE_RUNTIME_SEC=1758.6782
Top Aggregator Timestamps: CACHE, CACHE_START_T: 0.0, CACHE_END_T: 0.0 || AGG, AGG_START_T: 0.0, AGG_END_T: 0.0 || EVAL, EVAL_START_T: 1765426377.2039015, EVAL_END_T: 1765426377.8097339 || RECV, RECV_START_T: 0.0, RECV_END_T: 0.0 || DIST, DIST_START_T: 0.0, DIST_END_T: 0.0 || LOAD, LOAD_START_T: 1765426342.6734354, LOAD_END_T: 1765426349.669248 || MSG_MTo, MSG_MTo_START_T: 0.0, MSG_MTo_END_T: 0.0
Loaded FEMNIST test split partition_id=30 with 284 samples
Wall-clock time: 1765426409.9563308 ||Test loss: 1.1297 || Test accuracy: 0.6549 || CPU time: 6.9378 || CPU utilization: 0.2158 || R#50's duration (s): 32.1466 || Cumulative runtime (s): 1790.8248 || Loading data delay (s): 6.9313 || Eval delay (s): 0.5568 || Agg delay (s): 0.0000 || Coordination delay (s): 0.0000 || DIST task delay: 0.0000 || RECV task delay: 0.0000 || Queueing delay: 0.0000 || MSG (from mid) Ave. delay: 0.0000 || Total cache delay: 0.0000 || Ave. cache delay: 0.0000
[R#50] CUMULATIVE_RUNTIME_SEC=1790.8248
Top Aggregator Timestamps: CACHE, CACHE_START_T: 0.0, CACHE_END_T: 0.0 || AGG, AGG_START_T: 0.0, AGG_END_T: 0.0 || EVAL, EVAL_START_T: 1765426409.3995476, EVAL_END_T: 1765426409.9563038 || RECV, RECV_START_T: 0.0, RECV_END_T: 0.0 || DIST, DIST_START_T: 0.0, DIST_END_T: 0.0 || LOAD, LOAD_START_T: 1765426377.8131874, LOAD_END_T: 1765426384.7445042 || MSG_MTo, MSG_MTo_START_T: 0.0, MSG_MTo_END_T: 0.0
Loaded FEMNIST test split partition_id=39 with 373 samples
Wall-clock time: 1765426442.3789558 ||Test loss: 2.6455 || Test accuracy: 0.3110 || CPU time: 9.0107 || CPU utilization: 0.2779 || R#51's duration (s): 32.4226 || Cumulative runtime (s): 1823.2474 || Loading data delay (s): 7.0359 || Eval delay (s): 0.6943 || Agg delay (s): 0.0000 || Coordination delay (s): 0.0000 || DIST task delay: 0.0000 || RECV task delay: 0.0000 || Queueing delay: 0.0000 || MSG (from mid) Ave. delay: 0.0000 || Total cache delay: 0.0000 || Ave. cache delay: 0.0000
[R#51] CUMULATIVE_RUNTIME_SEC=1823.2474
Top Aggregator Timestamps: CACHE, CACHE_START_T: 0.0, CACHE_END_T: 0.0 || AGG, AGG_START_T: 0.0, AGG_END_T: 0.0 || EVAL, EVAL_START_T: 1765426441.6846445, EVAL_END_T: 1765426442.3788974 || RECV, RECV_START_T: 0.0, RECV_END_T: 0.0 || DIST, DIST_START_T: 0.0, DIST_END_T: 0.0 || LOAD, LOAD_START_T: 1765426409.9603193, LOAD_END_T: 1765426416.9961958 || MSG_MTo, MSG_MTo_START_T: 0.0, MSG_MTo_END_T: 0.0
Loaded FEMNIST test split partition_id=36 with 384 samples
Wall-clock time: 1765426477.2266865 ||Test loss: 2.3944 || Test accuracy: 0.3958 || CPU time: 8.5675 || CPU utilization: 0.2459 || R#52's duration (s): 34.8477 || Cumulative runtime (s): 1858.0951 || Loading data delay (s): 7.1193 || Eval delay (s): 0.6611 || Agg delay (s): 0.0000 || Coordination delay (s): 0.0000 || DIST task delay: 0.0000 || RECV task delay: 0.0000 || Queueing delay: 0.0000 || MSG (from mid) Ave. delay: 0.0000 || Total cache delay: 0.0000 || Ave. cache delay: 0.0000
[R#52] CUMULATIVE_RUNTIME_SEC=1858.0951
Top Aggregator Timestamps: CACHE, CACHE_START_T: 0.0, CACHE_END_T: 0.0 || AGG, AGG_START_T: 0.0, AGG_END_T: 0.0 || EVAL, EVAL_START_T: 1765426476.565569, EVAL_END_T: 1765426477.2266562 || RECV, RECV_START_T: 0.0, RECV_END_T: 0.0 || DIST, DIST_START_T: 0.0, DIST_END_T: 0.0 || LOAD, LOAD_START_T: 1765426442.3841436, LOAD_END_T: 1765426449.503484 || MSG_MTo, MSG_MTo_START_T: 0.0, MSG_MTo_END_T: 0.0
Loaded FEMNIST test split partition_id=61 with 356 samples
Wall-clock time: 1765426504.7904596 ||Test loss: 3.7433 || Test accuracy: 0.1966 || CPU time: 7.8837 || CPU utilization: 0.2860 || R#53's duration (s): 27.5638 || Cumulative runtime (s): 1885.6589 || Loading data delay (s): 7.7086 || Eval delay (s): 0.6143 || Agg delay (s): 0.0000 || Coordination delay (s): 0.0000 || DIST task delay: 0.0000 || RECV task delay: 0.0000 || Queueing delay: 0.0000 || MSG (from mid) Ave. delay: 0.0000 || Total cache delay: 0.0000 || Ave. cache delay: 0.0000
[R#53] CUMULATIVE_RUNTIME_SEC=1885.6589
Top Aggregator Timestamps: CACHE, CACHE_START_T: 0.0, CACHE_END_T: 0.0 || AGG, AGG_START_T: 0.0, AGG_END_T: 0.0 || EVAL, EVAL_START_T: 1765426504.176107, EVAL_END_T: 1765426504.7904322 || RECV, RECV_START_T: 0.0, RECV_END_T: 0.0 || DIST, DIST_START_T: 0.0, DIST_END_T: 0.0 || LOAD, LOAD_START_T: 1765426477.229802, LOAD_END_T: 1765426484.9384148 || MSG_MTo, MSG_MTo_START_T: 0.0, MSG_MTo_END_T: 0.0
Loaded FEMNIST test split partition_id=21 with 292 samples
Wall-clock time: 1765426541.8516028 ||Test loss: 1.6629 || Test accuracy: 0.6233 || CPU time: 6.6572 || CPU utilization: 0.1796 || R#54's duration (s): 37.0611 || Cumulative runtime (s): 1922.7201 || Loading data delay (s): 7.3691 || Eval delay (s): 0.5042 || Agg delay (s): 0.0000 || Coordination delay (s): 0.0000 || DIST task delay: 0.0000 || RECV task delay: 0.0000 || Queueing delay: 0.0000 || MSG (from mid) Ave. delay: 0.0000 || Total cache delay: 0.0000 || Ave. cache delay: 0.0000
[R#54] CUMULATIVE_RUNTIME_SEC=1922.7201
Top Aggregator Timestamps: CACHE, CACHE_START_T: 0.0, CACHE_END_T: 0.0 || AGG, AGG_START_T: 0.0, AGG_END_T: 0.0 || EVAL, EVAL_START_T: 1765426541.3473833, EVAL_END_T: 1765426541.851566 || RECV, RECV_START_T: 0.0, RECV_END_T: 0.0 || DIST, DIST_START_T: 0.0, DIST_END_T: 0.0 || LOAD, LOAD_START_T: 1765426504.7936418, LOAD_END_T: 1765426512.1627605 || MSG_MTo, MSG_MTo_START_T: 0.0, MSG_MTo_END_T: 0.0
Loaded FEMNIST test split partition_id=45 with 327 samples
Wall-clock time: 1765426572.0322058 ||Test loss: 2.6484 || Test accuracy: 0.3394 || CPU time: 6.9954 || CPU utilization: 0.2318 || R#55's duration (s): 30.1806 || Cumulative runtime (s): 1952.9007 || Loading data delay (s): 7.3497 || Eval delay (s): 0.5267 || Agg delay (s): 0.0000 || Coordination delay (s): 0.0000 || DIST task delay: 0.0000 || RECV task delay: 0.0000 || Queueing delay: 0.0000 || MSG (from mid) Ave. delay: 0.0000 || Total cache delay: 0.0000 || Ave. cache delay: 0.0000
[R#55] CUMULATIVE_RUNTIME_SEC=1952.9007
Top Aggregator Timestamps: CACHE, CACHE_START_T: 0.0, CACHE_END_T: 0.0 || AGG, AGG_START_T: 0.0, AGG_END_T: 0.0 || EVAL, EVAL_START_T: 1765426571.505481, EVAL_END_T: 1765426572.0321789 || RECV, RECV_START_T: 0.0, RECV_END_T: 0.0 || DIST, DIST_START_T: 0.0, DIST_END_T: 0.0 || LOAD, LOAD_START_T: 1765426541.8545508, LOAD_END_T: 1765426549.2042396 || MSG_MTo, MSG_MTo_START_T: 0.0, MSG_MTo_END_T: 0.0
Loaded FEMNIST test split partition_id=22 with 334 samples
Wall-clock time: 1765426599.7540753 ||Test loss: 1.6859 || Test accuracy: 0.4880 || CPU time: 7.7343 || CPU utilization: 0.2790 || R#56's duration (s): 27.7219 || Cumulative runtime (s): 1980.6225 || Loading data delay (s): 7.4821 || Eval delay (s): 0.6010 || Agg delay (s): 0.0000 || Coordination delay (s): 0.0000 || DIST task delay: 0.0000 || RECV task delay: 0.0000 || Queueing delay: 0.0000 || MSG (from mid) Ave. delay: 0.0000 || Total cache delay: 0.0000 || Ave. cache delay: 0.0000
[R#56] CUMULATIVE_RUNTIME_SEC=1980.6225
Top Aggregator Timestamps: CACHE, CACHE_START_T: 0.0, CACHE_END_T: 0.0 || AGG, AGG_START_T: 0.0, AGG_END_T: 0.0 || EVAL, EVAL_START_T: 1765426599.1530805, EVAL_END_T: 1765426599.7540529 || RECV, RECV_START_T: 0.0, RECV_END_T: 0.0 || DIST, DIST_START_T: 0.0, DIST_END_T: 0.0 || LOAD, LOAD_START_T: 1765426572.0355895, LOAD_END_T: 1765426579.5177104 || MSG_MTo, MSG_MTo_START_T: 0.0, MSG_MTo_END_T: 0.0
Loaded FEMNIST test split partition_id=60 with 303 samples
Wall-clock time: 1765426628.148221 ||Test loss: 1.8732 || Test accuracy: 0.5050 || CPU time: 7.4225 || CPU utilization: 0.2614 || R#57's duration (s): 28.3941 || Cumulative runtime (s): 2009.0167 || Loading data delay (s): 6.5675 || Eval delay (s): 0.5876 || Agg delay (s): 0.0000 || Coordination delay (s): 0.0000 || DIST task delay: 0.0000 || RECV task delay: 0.0000 || Queueing delay: 0.0000 || MSG (from mid) Ave. delay: 0.0000 || Total cache delay: 0.0000 || Ave. cache delay: 0.0000
[R#57] CUMULATIVE_RUNTIME_SEC=2009.0167
Top Aggregator Timestamps: CACHE, CACHE_START_T: 0.0, CACHE_END_T: 0.0 || AGG, AGG_START_T: 0.0, AGG_END_T: 0.0 || EVAL, EVAL_START_T: 1765426627.560592, EVAL_END_T: 1765426628.1481886 || RECV, RECV_START_T: 0.0, RECV_END_T: 0.0 || DIST, DIST_START_T: 0.0, DIST_END_T: 0.0 || LOAD, LOAD_START_T: 1765426599.7582717, LOAD_END_T: 1765426606.3257813 || MSG_MTo, MSG_MTo_START_T: 0.0, MSG_MTo_END_T: 0.0
Loaded FEMNIST test split partition_id=22 with 334 samples
Wall-clock time: 1765426668.7462983 ||Test loss: 1.6202 || Test accuracy: 0.5299 || CPU time: 7.0724 || CPU utilization: 0.1742 || R#58's duration (s): 40.5981 || Cumulative runtime (s): 2049.6147 || Loading data delay (s): 7.2770 || Eval delay (s): 0.5584 || Agg delay (s): 0.0000 || Coordination delay (s): 0.0000 || DIST task delay: 0.0000 || RECV task delay: 0.0000 || Queueing delay: 0.0000 || MSG (from mid) Ave. delay: 0.0000 || Total cache delay: 0.0000 || Ave. cache delay: 0.0000
[R#58] CUMULATIVE_RUNTIME_SEC=2049.6147
Top Aggregator Timestamps: CACHE, CACHE_START_T: 0.0, CACHE_END_T: 0.0 || AGG, AGG_START_T: 0.0, AGG_END_T: 0.0 || EVAL, EVAL_START_T: 1765426668.1879077, EVAL_END_T: 1765426668.7462766 || RECV, RECV_START_T: 0.0, RECV_END_T: 0.0 || DIST, DIST_START_T: 0.0, DIST_END_T: 0.0 || LOAD, LOAD_START_T: 1765426628.1519885, LOAD_END_T: 1765426635.4289904 || MSG_MTo, MSG_MTo_START_T: 0.0, MSG_MTo_END_T: 0.0
Loaded FEMNIST test split partition_id=46 with 430 samples
Wall-clock time: 1765426704.303606 ||Test loss: 1.4284 || Test accuracy: 0.5349 || CPU time: 9.1415 || CPU utilization: 0.2571 || R#59's duration (s): 35.5573 || Cumulative runtime (s): 2085.1721 || Loading data delay (s): 6.6185 || Eval delay (s): 0.7034 || Agg delay (s): 0.0000 || Coordination delay (s): 0.0000 || DIST task delay: 0.0000 || RECV task delay: 0.0000 || Queueing delay: 0.0000 || MSG (from mid) Ave. delay: 0.0000 || Total cache delay: 0.0000 || Ave. cache delay: 0.0000
[R#59] CUMULATIVE_RUNTIME_SEC=2085.1721
Top Aggregator Timestamps: CACHE, CACHE_START_T: 0.0, CACHE_END_T: 0.0 || AGG, AGG_START_T: 0.0, AGG_END_T: 0.0 || EVAL, EVAL_START_T: 1765426703.6001675, EVAL_END_T: 1765426704.3035717 || RECV, RECV_START_T: 0.0, RECV_END_T: 0.0 || DIST, DIST_START_T: 0.0, DIST_END_T: 0.0 || LOAD, LOAD_START_T: 1765426668.750328, LOAD_END_T: 1765426675.3688273 || MSG_MTo, MSG_MTo_START_T: 0.0, MSG_MTo_END_T: 0.0
Loaded FEMNIST test split partition_id=36 with 384 samples
Wall-clock time: 1765426743.4822264 ||Test loss: 1.5298 || Test accuracy: 0.5807 || CPU time: 7.9815 || CPU utilization: 0.2037 || R#60's duration (s): 39.1786 || Cumulative runtime (s): 2124.3507 || Loading data delay (s): 6.4364 || Eval delay (s): 0.6092 || Agg delay (s): 0.0000 || Coordination delay (s): 0.0000 || DIST task delay: 0.0000 || RECV task delay: 0.0000 || Queueing delay: 0.0000 || MSG (from mid) Ave. delay: 0.0000 || Total cache delay: 0.0000 || Ave. cache delay: 0.0000
[R#60] CUMULATIVE_RUNTIME_SEC=2124.3507
Top Aggregator Timestamps: CACHE, CACHE_START_T: 0.0, CACHE_END_T: 0.0 || AGG, AGG_START_T: 0.0, AGG_END_T: 0.0 || EVAL, EVAL_START_T: 1765426742.8729818, EVAL_END_T: 1765426743.4821894 || RECV, RECV_START_T: 0.0, RECV_END_T: 0.0 || DIST, DIST_START_T: 0.0, DIST_END_T: 0.0 || LOAD, LOAD_START_T: 1765426704.3067172, LOAD_END_T: 1765426710.743159 || MSG_MTo, MSG_MTo_START_T: 0.0, MSG_MTo_END_T: 0.0
Loaded FEMNIST test split partition_id=40 with 375 samples
Wall-clock time: 1765426778.4340093 ||Test loss: 1.3917 || Test accuracy: 0.6320 || CPU time: 8.3257 || CPU utilization: 0.2382 || R#61's duration (s): 34.9518 || Cumulative runtime (s): 2159.3025 || Loading data delay (s): 6.5908 || Eval delay (s): 0.6349 || Agg delay (s): 0.0000 || Coordination delay (s): 0.0000 || DIST task delay: 0.0000 || RECV task delay: 0.0000 || Queueing delay: 0.0000 || MSG (from mid) Ave. delay: 0.0000 || Total cache delay: 0.0000 || Ave. cache delay: 0.0000
[R#61] CUMULATIVE_RUNTIME_SEC=2159.3025
Top Aggregator Timestamps: CACHE, CACHE_START_T: 0.0, CACHE_END_T: 0.0 || AGG, AGG_START_T: 0.0, AGG_END_T: 0.0 || EVAL, EVAL_START_T: 1765426777.7990758, EVAL_END_T: 1765426778.433979 || RECV, RECV_START_T: 0.0, RECV_END_T: 0.0 || DIST, DIST_START_T: 0.0, DIST_END_T: 0.0 || LOAD, LOAD_START_T: 1765426743.4856584, LOAD_END_T: 1765426750.0764346 || MSG_MTo, MSG_MTo_START_T: 0.0, MSG_MTo_END_T: 0.0
Loaded FEMNIST test split partition_id=33 with 337 samples
Wall-clock time: 1765426809.2780821 ||Test loss: 1.3290 || Test accuracy: 0.6469 || CPU time: 7.8239 || CPU utilization: 0.2537 || R#62's duration (s): 30.8441 || Cumulative runtime (s): 2190.1465 || Loading data delay (s): 6.6555 || Eval delay (s): 0.6008 || Agg delay (s): 0.0000 || Coordination delay (s): 0.0000 || DIST task delay: 0.0000 || RECV task delay: 0.0000 || Queueing delay: 0.0000 || MSG (from mid) Ave. delay: 0.0000 || Total cache delay: 0.0000 || Ave. cache delay: 0.0000
[R#62] CUMULATIVE_RUNTIME_SEC=2190.1465
Top Aggregator Timestamps: CACHE, CACHE_START_T: 0.0, CACHE_END_T: 0.0 || AGG, AGG_START_T: 0.0, AGG_END_T: 0.0 || EVAL, EVAL_START_T: 1765426808.6772153, EVAL_END_T: 1765426809.2780626 || RECV, RECV_START_T: 0.0, RECV_END_T: 0.0 || DIST, DIST_START_T: 0.0, DIST_END_T: 0.0 || LOAD, LOAD_START_T: 1765426778.4373293, LOAD_END_T: 1765426785.0928097 || MSG_MTo, MSG_MTo_START_T: 0.0, MSG_MTo_END_T: 0.0
Loaded FEMNIST test split partition_id=34 with 376 samples
Wall-clock time: 1765426843.4724052 ||Test loss: 1.8938 || Test accuracy: 0.4282 || CPU time: 8.6826 || CPU utilization: 0.2539 || R#63's duration (s): 34.1943 || Cumulative runtime (s): 2224.3409 || Loading data delay (s): 6.4283 || Eval delay (s): 0.6652 || Agg delay (s): 0.0000 || Coordination delay (s): 0.0000 || DIST task delay: 0.0000 || RECV task delay: 0.0000 || Queueing delay: 0.0000 || MSG (from mid) Ave. delay: 0.0000 || Total cache delay: 0.0000 || Ave. cache delay: 0.0000
[R#63] CUMULATIVE_RUNTIME_SEC=2224.3409
Top Aggregator Timestamps: CACHE, CACHE_START_T: 0.0, CACHE_END_T: 0.0 || AGG, AGG_START_T: 0.0, AGG_END_T: 0.0 || EVAL, EVAL_START_T: 1765426842.8071957, EVAL_END_T: 1765426843.4723635 || RECV, RECV_START_T: 0.0, RECV_END_T: 0.0 || DIST, DIST_START_T: 0.0, DIST_END_T: 0.0 || LOAD, LOAD_START_T: 1765426809.280862, LOAD_END_T: 1765426815.7091386 || MSG_MTo, MSG_MTo_START_T: 0.0, MSG_MTo_END_T: 0.0
Loaded FEMNIST test split partition_id=9 with 377 samples
Wall-clock time: 1765426876.6714737 ||Test loss: 2.0201 || Test accuracy: 0.4721 || CPU time: 9.0298 || CPU utilization: 0.2720 || R#64's duration (s): 33.1991 || Cumulative runtime (s): 2257.5399 || Loading data delay (s): 5.8975 || Eval delay (s): 0.6879 || Agg delay (s): 0.0000 || Coordination delay (s): 0.0000 || DIST task delay: 0.0000 || RECV task delay: 0.0000 || Queueing delay: 0.0000 || MSG (from mid) Ave. delay: 0.0000 || Total cache delay: 0.0000 || Ave. cache delay: 0.0000
[R#64] CUMULATIVE_RUNTIME_SEC=2257.5399
Top Aggregator Timestamps: CACHE, CACHE_START_T: 0.0, CACHE_END_T: 0.0 || AGG, AGG_START_T: 0.0, AGG_END_T: 0.0 || EVAL, EVAL_START_T: 1765426875.9834986, EVAL_END_T: 1765426876.671443 || RECV, RECV_START_T: 0.0, RECV_END_T: 0.0 || DIST, DIST_START_T: 0.0, DIST_END_T: 0.0 || LOAD, LOAD_START_T: 1765426843.4760058, LOAD_END_T: 1765426849.3735547 || MSG_MTo, MSG_MTo_START_T: 0.0, MSG_MTo_END_T: 0.0
Loaded FEMNIST test split partition_id=23 with 418 samples
Wall-clock time: 1765426906.915645 ||Test loss: 1.6150 || Test accuracy: 0.5359 || CPU time: 9.3088 || CPU utilization: 0.3078 || R#65's duration (s): 30.2442 || Cumulative runtime (s): 2287.7841 || Loading data delay (s): 6.5891 || Eval delay (s): 0.7073 || Agg delay (s): 0.0000 || Coordination delay (s): 0.0000 || DIST task delay: 0.0000 || RECV task delay: 0.0000 || Queueing delay: 0.0000 || MSG (from mid) Ave. delay: 0.0000 || Total cache delay: 0.0000 || Ave. cache delay: 0.0000
[R#65] CUMULATIVE_RUNTIME_SEC=2287.7841
Top Aggregator Timestamps: CACHE, CACHE_START_T: 0.0, CACHE_END_T: 0.0 || AGG, AGG_START_T: 0.0, AGG_END_T: 0.0 || EVAL, EVAL_START_T: 1765426906.2083, EVAL_END_T: 1765426906.9156253 || RECV, RECV_START_T: 0.0, RECV_END_T: 0.0 || DIST, DIST_START_T: 0.0, DIST_END_T: 0.0 || LOAD, LOAD_START_T: 1765426876.6746874, LOAD_END_T: 1765426883.2637799 || MSG_MTo, MSG_MTo_START_T: 0.0, MSG_MTo_END_T: 0.0
Loaded FEMNIST test split partition_id=16 with 312 samples
Wall-clock time: 1765426947.0552406 ||Test loss: 2.1131 || Test accuracy: 0.3878 || CPU time: 7.3975 || CPU utilization: 0.1843 || R#66's duration (s): 40.1396 || Cumulative runtime (s): 2327.9237 || Loading data delay (s): 6.5787 || Eval delay (s): 0.5664 || Agg delay (s): 0.0000 || Coordination delay (s): 0.0000 || DIST task delay: 0.0000 || RECV task delay: 0.0000 || Queueing delay: 0.0000 || MSG (from mid) Ave. delay: 0.0000 || Total cache delay: 0.0000 || Ave. cache delay: 0.0000
[R#66] CUMULATIVE_RUNTIME_SEC=2327.9237
Top Aggregator Timestamps: CACHE, CACHE_START_T: 0.0, CACHE_END_T: 0.0 || AGG, AGG_START_T: 0.0, AGG_END_T: 0.0 || EVAL, EVAL_START_T: 1765426946.4887528, EVAL_END_T: 1765426947.0551953 || RECV, RECV_START_T: 0.0, RECV_END_T: 0.0 || DIST, DIST_START_T: 0.0, DIST_END_T: 0.0 || LOAD, LOAD_START_T: 1765426906.9186773, LOAD_END_T: 1765426913.4973383 || MSG_MTo, MSG_MTo_START_T: 0.0, MSG_MTo_END_T: 0.0
Loaded FEMNIST test split partition_id=21 with 292 samples
Wall-clock time: 1765426982.8851366 ||Test loss: 1.5777 || Test accuracy: 0.5925 || CPU time: 6.8840 || CPU utilization: 0.1921 || R#67's duration (s): 35.8299 || Cumulative runtime (s): 2363.7536 || Loading data delay (s): 6.7478 || Eval delay (s): 0.5296 || Agg delay (s): 0.0000 || Coordination delay (s): 0.0000 || DIST task delay: 0.0000 || RECV task delay: 0.0000 || Queueing delay: 0.0000 || MSG (from mid) Ave. delay: 0.0000 || Total cache delay: 0.0000 || Ave. cache delay: 0.0000
[R#67] CUMULATIVE_RUNTIME_SEC=2363.7536
Top Aggregator Timestamps: CACHE, CACHE_START_T: 0.0, CACHE_END_T: 0.0 || AGG, AGG_START_T: 0.0, AGG_END_T: 0.0 || EVAL, EVAL_START_T: 1765426982.355549, EVAL_END_T: 1765426982.88511 || RECV, RECV_START_T: 0.0, RECV_END_T: 0.0 || DIST, DIST_START_T: 0.0, DIST_END_T: 0.0 || LOAD, LOAD_START_T: 1765426947.0583043, LOAD_END_T: 1765426953.8061314 || MSG_MTo, MSG_MTo_START_T: 0.0, MSG_MTo_END_T: 0.0
Loaded FEMNIST test split partition_id=41 with 358 samples
Wall-clock time: 1765427010.1978629 ||Test loss: 2.5096 || Test accuracy: 0.3045 || CPU time: 8.5272 || CPU utilization: 0.3122 || R#68's duration (s): 27.3127 || Cumulative runtime (s): 2391.0663 || Loading data delay (s): 6.1593 || Eval delay (s): 0.6608 || Agg delay (s): 0.0000 || Coordination delay (s): 0.0000 || DIST task delay: 0.0000 || RECV task delay: 0.0000 || Queueing delay: 0.0000 || MSG (from mid) Ave. delay: 0.0000 || Total cache delay: 0.0000 || Ave. cache delay: 0.0000
[R#68] CUMULATIVE_RUNTIME_SEC=2391.0663
Top Aggregator Timestamps: CACHE, CACHE_START_T: 0.0, CACHE_END_T: 0.0 || AGG, AGG_START_T: 0.0, AGG_END_T: 0.0 || EVAL, EVAL_START_T: 1765427009.5370107, EVAL_END_T: 1765427010.197817 || RECV, RECV_START_T: 0.0, RECV_END_T: 0.0 || DIST, DIST_START_T: 0.0, DIST_END_T: 0.0 || LOAD, LOAD_START_T: 1765426982.8881497, LOAD_END_T: 1765426989.0474226 || MSG_MTo, MSG_MTo_START_T: 0.0, MSG_MTo_END_T: 0.0
Loaded FEMNIST test split partition_id=24 with 374 samples
Wall-clock time: 1765427049.1543431 ||Test loss: 1.0756 || Test accuracy: 0.6952 || CPU time: 8.4767 || CPU utilization: 0.2176 || R#69's duration (s): 38.9565 || Cumulative runtime (s): 2430.0228 || Loading data delay (s): 6.4582 || Eval delay (s): 0.6484 || Agg delay (s): 0.0000 || Coordination delay (s): 0.0000 || DIST task delay: 0.0000 || RECV task delay: 0.0000 || Queueing delay: 0.0000 || MSG (from mid) Ave. delay: 0.0000 || Total cache delay: 0.0000 || Ave. cache delay: 0.0000
[R#69] CUMULATIVE_RUNTIME_SEC=2430.0228
Top Aggregator Timestamps: CACHE, CACHE_START_T: 0.0, CACHE_END_T: 0.0 || AGG, AGG_START_T: 0.0, AGG_END_T: 0.0 || EVAL, EVAL_START_T: 1765427048.5059662, EVAL_END_T: 1765427049.1543198 || RECV, RECV_START_T: 0.0, RECV_END_T: 0.0 || DIST, DIST_START_T: 0.0, DIST_END_T: 0.0 || LOAD, LOAD_START_T: 1765427010.20143, LOAD_END_T: 1765427016.659592 || MSG_MTo, MSG_MTo_START_T: 0.0, MSG_MTo_END_T: 0.0
Loaded FEMNIST test split partition_id=10 with 436 samples
Wall-clock time: 1765427090.4003148 ||Test loss: 1.4654 || Test accuracy: 0.5390 || CPU time: 9.9193 || CPU utilization: 0.2405 || R#70's duration (s): 41.2460 || Cumulative runtime (s): 2471.2688 || Loading data delay (s): 7.1935 || Eval delay (s): 0.7798 || Agg delay (s): 0.0000 || Coordination delay (s): 0.0000 || DIST task delay: 0.0000 || RECV task delay: 0.0000 || Queueing delay: 0.0000 || MSG (from mid) Ave. delay: 0.0000 || Total cache delay: 0.0000 || Ave. cache delay: 0.0000
[R#70] CUMULATIVE_RUNTIME_SEC=2471.2688
Top Aggregator Timestamps: CACHE, CACHE_START_T: 0.0, CACHE_END_T: 0.0 || AGG, AGG_START_T: 0.0, AGG_END_T: 0.0 || EVAL, EVAL_START_T: 1765427089.6205232, EVAL_END_T: 1765427090.4002798 || RECV, RECV_START_T: 0.0, RECV_END_T: 0.0 || DIST, DIST_START_T: 0.0, DIST_END_T: 0.0 || LOAD, LOAD_START_T: 1765427049.1572602, LOAD_END_T: 1765427056.350755 || MSG_MTo, MSG_MTo_START_T: 0.0, MSG_MTo_END_T: 0.0
Loaded FEMNIST test split partition_id=53 with 326 samples
Wall-clock time: 1765427122.4782548 ||Test loss: 1.4345 || Test accuracy: 0.5706 || CPU time: 7.6133 || CPU utilization: 0.2373 || R#71's duration (s): 32.0779 || Cumulative runtime (s): 2503.3467 || Loading data delay (s): 6.9093 || Eval delay (s): 0.6014 || Agg delay (s): 0.0000 || Coordination delay (s): 0.0000 || DIST task delay: 0.0000 || RECV task delay: 0.0000 || Queueing delay: 0.0000 || MSG (from mid) Ave. delay: 0.0000 || Total cache delay: 0.0000 || Ave. cache delay: 0.0000
[R#71] CUMULATIVE_RUNTIME_SEC=2503.3467
Top Aggregator Timestamps: CACHE, CACHE_START_T: 0.0, CACHE_END_T: 0.0 || AGG, AGG_START_T: 0.0, AGG_END_T: 0.0 || EVAL, EVAL_START_T: 1765427121.8768663, EVAL_END_T: 1765427122.4782295 || RECV, RECV_START_T: 0.0, RECV_END_T: 0.0 || DIST, DIST_START_T: 0.0, DIST_END_T: 0.0 || LOAD, LOAD_START_T: 1765427090.4034166, LOAD_END_T: 1765427097.3126733 || MSG_MTo, MSG_MTo_START_T: 0.0, MSG_MTo_END_T: 0.0
Loaded FEMNIST test split partition_id=42 with 330 samples
Wall-clock time: 1765427154.793626 ||Test loss: 1.4306 || Test accuracy: 0.5636 || CPU time: 7.5179 || CPU utilization: 0.2326 || R#72's duration (s): 32.3154 || Cumulative runtime (s): 2535.6621 || Loading data delay (s): 7.3268 || Eval delay (s): 0.5863 || Agg delay (s): 0.0000 || Coordination delay (s): 0.0000 || DIST task delay: 0.0000 || RECV task delay: 0.0000 || Queueing delay: 0.0000 || MSG (from mid) Ave. delay: 0.0000 || Total cache delay: 0.0000 || Ave. cache delay: 0.0000
[R#72] CUMULATIVE_RUNTIME_SEC=2535.6621
Top Aggregator Timestamps: CACHE, CACHE_START_T: 0.0, CACHE_END_T: 0.0 || AGG, AGG_START_T: 0.0, AGG_END_T: 0.0 || EVAL, EVAL_START_T: 1765427154.2072554, EVAL_END_T: 1765427154.793602 || RECV, RECV_START_T: 0.0, RECV_END_T: 0.0 || DIST, DIST_START_T: 0.0, DIST_END_T: 0.0 || LOAD, LOAD_START_T: 1765427122.4818869, LOAD_END_T: 1765427129.808649 || MSG_MTo, MSG_MTo_START_T: 0.0, MSG_MTo_END_T: 0.0
Loaded FEMNIST test split partition_id=30 with 284 samples
Wall-clock time: 1765427189.4534829 ||Test loss: 2.7606 || Test accuracy: 0.4190 || CPU time: 6.5481 || CPU utilization: 0.1889 || R#73's duration (s): 34.6599 || Cumulative runtime (s): 2570.3219 || Loading data delay (s): 6.8842 || Eval delay (s): 0.5062 || Agg delay (s): 0.0000 || Coordination delay (s): 0.0000 || DIST task delay: 0.0000 || RECV task delay: 0.0000 || Queueing delay: 0.0000 || MSG (from mid) Ave. delay: 0.0000 || Total cache delay: 0.0000 || Ave. cache delay: 0.0000
[R#73] CUMULATIVE_RUNTIME_SEC=2570.3219
Top Aggregator Timestamps: CACHE, CACHE_START_T: 0.0, CACHE_END_T: 0.0 || AGG, AGG_START_T: 0.0, AGG_END_T: 0.0 || EVAL, EVAL_START_T: 1765427188.947239, EVAL_END_T: 1765427189.4534624 || RECV, RECV_START_T: 0.0, RECV_END_T: 0.0 || DIST, DIST_START_T: 0.0, DIST_END_T: 0.0 || LOAD, LOAD_START_T: 1765427154.796977, LOAD_END_T: 1765427161.6811392 || MSG_MTo, MSG_MTo_START_T: 0.0, MSG_MTo_END_T: 0.0
Loaded FEMNIST test split partition_id=18 with 383 samples
Wall-clock time: 1765427225.1296184 ||Test loss: 1.4109 || Test accuracy: 0.5953 || CPU time: 8.3859 || CPU utilization: 0.2351 || R#74's duration (s): 35.6761 || Cumulative runtime (s): 2605.9981 || Loading data delay (s): 6.4266 || Eval delay (s): 0.6359 || Agg delay (s): 0.0000 || Coordination delay (s): 0.0000 || DIST task delay: 0.0000 || RECV task delay: 0.0000 || Queueing delay: 0.0000 || MSG (from mid) Ave. delay: 0.0000 || Total cache delay: 0.0000 || Ave. cache delay: 0.0000
[R#74] CUMULATIVE_RUNTIME_SEC=2605.9981
Top Aggregator Timestamps: CACHE, CACHE_START_T: 0.0, CACHE_END_T: 0.0 || AGG, AGG_START_T: 0.0, AGG_END_T: 0.0 || EVAL, EVAL_START_T: 1765427224.4937203, EVAL_END_T: 1765427225.1295967 || RECV, RECV_START_T: 0.0, RECV_END_T: 0.0 || DIST, DIST_START_T: 0.0, DIST_END_T: 0.0 || LOAD, LOAD_START_T: 1765427189.4566946, LOAD_END_T: 1765427195.883273 || MSG_MTo, MSG_MTo_START_T: 0.0, MSG_MTo_END_T: 0.0
Loaded FEMNIST test split partition_id=47 with 395 samples
Wall-clock time: 1765427258.5385141 ||Test loss: 1.2649 || Test accuracy: 0.6253 || CPU time: 9.0154 || CPU utilization: 0.2698 || R#75's duration (s): 33.4089 || Cumulative runtime (s): 2639.4070 || Loading data delay (s): 6.5841 || Eval delay (s): 0.6911 || Agg delay (s): 0.0000 || Coordination delay (s): 0.0000 || DIST task delay: 0.0000 || RECV task delay: 0.0000 || Queueing delay: 0.0000 || MSG (from mid) Ave. delay: 0.0000 || Total cache delay: 0.0000 || Ave. cache delay: 0.0000
[R#75] CUMULATIVE_RUNTIME_SEC=2639.4070
Top Aggregator Timestamps: CACHE, CACHE_START_T: 0.0, CACHE_END_T: 0.0 || AGG, AGG_START_T: 0.0, AGG_END_T: 0.0 || EVAL, EVAL_START_T: 1765427257.8474076, EVAL_END_T: 1765427258.5384939 || RECV, RECV_START_T: 0.0, RECV_END_T: 0.0 || DIST, DIST_START_T: 0.0, DIST_END_T: 0.0 || LOAD, LOAD_START_T: 1765427225.13277, LOAD_END_T: 1765427231.7168393 || MSG_MTo, MSG_MTo_START_T: 0.0, MSG_MTo_END_T: 0.0
Loaded FEMNIST test split partition_id=15 with 370 samples
Wall-clock time: 1765427295.6486304 ||Test loss: 1.0277 || Test accuracy: 0.6946 || CPU time: 8.4905 || CPU utilization: 0.2288 || R#76's duration (s): 37.1101 || Cumulative runtime (s): 2676.5171 || Loading data delay (s): 6.6975 || Eval delay (s): 0.6421 || Agg delay (s): 0.0000 || Coordination delay (s): 0.0000 || DIST task delay: 0.0000 || RECV task delay: 0.0000 || Queueing delay: 0.0000 || MSG (from mid) Ave. delay: 0.0000 || Total cache delay: 0.0000 || Ave. cache delay: 0.0000
[R#76] CUMULATIVE_RUNTIME_SEC=2676.5171
Top Aggregator Timestamps: CACHE, CACHE_START_T: 0.0, CACHE_END_T: 0.0 || AGG, AGG_START_T: 0.0, AGG_END_T: 0.0 || EVAL, EVAL_START_T: 1765427295.0065238, EVAL_END_T: 1765427295.648601 || RECV, RECV_START_T: 0.0, RECV_END_T: 0.0 || DIST, DIST_START_T: 0.0, DIST_END_T: 0.0 || LOAD, LOAD_START_T: 1765427258.5417652, LOAD_END_T: 1765427265.2392836 || MSG_MTo, MSG_MTo_START_T: 0.0, MSG_MTo_END_T: 0.0
Loaded FEMNIST test split partition_id=37 with 403 samples
Wall-clock time: 1765427334.8504112 ||Test loss: 1.0597 || Test accuracy: 0.7320 || CPU time: 9.2375 || CPU utilization: 0.2356 || R#77's duration (s): 39.2018 || Cumulative runtime (s): 2715.7189 || Loading data delay (s): 6.2764 || Eval delay (s): 0.7101 || Agg delay (s): 0.0000 || Coordination delay (s): 0.0000 || DIST task delay: 0.0000 || RECV task delay: 0.0000 || Queueing delay: 0.0000 || MSG (from mid) Ave. delay: 0.0000 || Total cache delay: 0.0000 || Ave. cache delay: 0.0000
[R#77] CUMULATIVE_RUNTIME_SEC=2715.7189
Top Aggregator Timestamps: CACHE, CACHE_START_T: 0.0, CACHE_END_T: 0.0 || AGG, AGG_START_T: 0.0, AGG_END_T: 0.0 || EVAL, EVAL_START_T: 1765427334.140336, EVAL_END_T: 1765427334.8503869 || RECV, RECV_START_T: 0.0, RECV_END_T: 0.0 || DIST, DIST_START_T: 0.0, DIST_END_T: 0.0 || LOAD, LOAD_START_T: 1765427295.6516545, LOAD_END_T: 1765427301.9280298 || MSG_MTo, MSG_MTo_START_T: 0.0, MSG_MTo_END_T: 0.0
Loaded FEMNIST test split partition_id=65 with 379 samples
Wall-clock time: 1765427377.4991543 ||Test loss: 0.7195 || Test accuracy: 0.7889 || CPU time: 8.2849 || CPU utilization: 0.1943 || R#78's duration (s): 42.6487 || Cumulative runtime (s): 2758.3676 || Loading data delay (s): 7.0050 || Eval delay (s): 0.6383 || Agg delay (s): 0.0000 || Coordination delay (s): 0.0000 || DIST task delay: 0.0000 || RECV task delay: 0.0000 || Queueing delay: 0.0000 || MSG (from mid) Ave. delay: 0.0000 || Total cache delay: 0.0000 || Ave. cache delay: 0.0000
[R#78] CUMULATIVE_RUNTIME_SEC=2758.3676
Top Aggregator Timestamps: CACHE, CACHE_START_T: 0.0, CACHE_END_T: 0.0 || AGG, AGG_START_T: 0.0, AGG_END_T: 0.0 || EVAL, EVAL_START_T: 1765427376.8608522, EVAL_END_T: 1765427377.499129 || RECV, RECV_START_T: 0.0, RECV_END_T: 0.0 || DIST, DIST_START_T: 0.0, DIST_END_T: 0.0 || LOAD, LOAD_START_T: 1765427334.8537538, LOAD_END_T: 1765427341.8587217 || MSG_MTo, MSG_MTo_START_T: 0.0, MSG_MTo_END_T: 0.0
Loaded FEMNIST test split partition_id=64 with 355 samples
Wall-clock time: 1765427407.16954 ||Test loss: 2.4558 || Test accuracy: 0.4000 || CPU time: 8.3932 || CPU utilization: 0.2829 || R#79's duration (s): 29.6704 || Cumulative runtime (s): 2788.0380 || Loading data delay (s): 6.2427 || Eval delay (s): 0.6386 || Agg delay (s): 0.0000 || Coordination delay (s): 0.0000 || DIST task delay: 0.0000 || RECV task delay: 0.0000 || Queueing delay: 0.0000 || MSG (from mid) Ave. delay: 0.0000 || Total cache delay: 0.0000 || Ave. cache delay: 0.0000
[R#79] CUMULATIVE_RUNTIME_SEC=2788.0380
Top Aggregator Timestamps: CACHE, CACHE_START_T: 0.0, CACHE_END_T: 0.0 || AGG, AGG_START_T: 0.0, AGG_END_T: 0.0 || EVAL, EVAL_START_T: 1765427406.5309339, EVAL_END_T: 1765427407.1694958 || RECV, RECV_START_T: 0.0, RECV_END_T: 0.0 || DIST, DIST_START_T: 0.0, DIST_END_T: 0.0 || LOAD, LOAD_START_T: 1765427377.5021582, LOAD_END_T: 1765427383.7449079 || MSG_MTo, MSG_MTo_START_T: 0.0, MSG_MTo_END_T: 0.0
Loaded FEMNIST test split partition_id=9 with 377 samples
Wall-clock time: 1765427442.3147314 ||Test loss: 2.6272 || Test accuracy: 0.4377 || CPU time: 8.4774 || CPU utilization: 0.2412 || R#80's duration (s): 35.1452 || Cumulative runtime (s): 2823.1832 || Loading data delay (s): 6.9301 || Eval delay (s): 0.6582 || Agg delay (s): 0.0000 || Coordination delay (s): 0.0000 || DIST task delay: 0.0000 || RECV task delay: 0.0000 || Queueing delay: 0.0000 || MSG (from mid) Ave. delay: 0.0000 || Total cache delay: 0.0000 || Ave. cache delay: 0.0000
[R#80] CUMULATIVE_RUNTIME_SEC=2823.1832
Top Aggregator Timestamps: CACHE, CACHE_START_T: 0.0, CACHE_END_T: 0.0 || AGG, AGG_START_T: 0.0, AGG_END_T: 0.0 || EVAL, EVAL_START_T: 1765427441.6565213, EVAL_END_T: 1765427442.3147113 || RECV, RECV_START_T: 0.0, RECV_END_T: 0.0 || DIST, DIST_START_T: 0.0, DIST_END_T: 0.0 || LOAD, LOAD_START_T: 1765427407.1729963, LOAD_END_T: 1765427414.1031256 || MSG_MTo, MSG_MTo_START_T: 0.0, MSG_MTo_END_T: 0.0
Loaded FEMNIST test split partition_id=45 with 327 samples
Wall-clock time: 1765427476.4813812 ||Test loss: 2.1147 || Test accuracy: 0.4128 || CPU time: 7.8669 || CPU utilization: 0.2303 || R#81's duration (s): 34.1666 || Cumulative runtime (s): 2857.3498 || Loading data delay (s): 6.6343 || Eval delay (s): 0.6004 || Agg delay (s): 0.0000 || Coordination delay (s): 0.0000 || DIST task delay: 0.0000 || RECV task delay: 0.0000 || Queueing delay: 0.0000 || MSG (from mid) Ave. delay: 0.0000 || Total cache delay: 0.0000 || Ave. cache delay: 0.0000
[R#81] CUMULATIVE_RUNTIME_SEC=2857.3498
Top Aggregator Timestamps: CACHE, CACHE_START_T: 0.0, CACHE_END_T: 0.0 || AGG, AGG_START_T: 0.0, AGG_END_T: 0.0 || EVAL, EVAL_START_T: 1765427475.8809257, EVAL_END_T: 1765427476.4813416 || RECV, RECV_START_T: 0.0, RECV_END_T: 0.0 || DIST, DIST_START_T: 0.0, DIST_END_T: 0.0 || LOAD, LOAD_START_T: 1765427442.3177562, LOAD_END_T: 1765427448.9520307 || MSG_MTo, MSG_MTo_START_T: 0.0, MSG_MTo_END_T: 0.0
Loaded FEMNIST test split partition_id=48 with 131 samples
Wall-clock time: 1765427503.858541 ||Test loss: 5.3606 || Test accuracy: 0.0916 || CPU time: 3.4917 || CPU utilization: 0.1275 || R#82's duration (s): 27.3772 || Cumulative runtime (s): 2884.7270 || Loading data delay (s): 6.3392 || Eval delay (s): 0.2635 || Agg delay (s): 0.0000 || Coordination delay (s): 0.0000 || DIST task delay: 0.0000 || RECV task delay: 0.0000 || Queueing delay: 0.0000 || MSG (from mid) Ave. delay: 0.0000 || Total cache delay: 0.0000 || Ave. cache delay: 0.0000
[R#82] CUMULATIVE_RUNTIME_SEC=2884.7270
Top Aggregator Timestamps: CACHE, CACHE_START_T: 0.0, CACHE_END_T: 0.0 || AGG, AGG_START_T: 0.0, AGG_END_T: 0.0 || EVAL, EVAL_START_T: 1765427503.5950196, EVAL_END_T: 1765427503.858515 || RECV, RECV_START_T: 0.0, RECV_END_T: 0.0 || DIST, DIST_START_T: 0.0, DIST_END_T: 0.0 || LOAD, LOAD_START_T: 1765427476.4850044, LOAD_END_T: 1765427482.824237 || MSG_MTo, MSG_MTo_START_T: 0.0, MSG_MTo_END_T: 0.0
Loaded FEMNIST test split partition_id=61 with 356 samples
Wall-clock time: 1765427528.1554875 ||Test loss: 3.0219 || Test accuracy: 0.2416 || CPU time: 8.4654 || CPU utilization: 0.3484 || R#83's duration (s): 24.2969 || Cumulative runtime (s): 2909.0239 || Loading data delay (s): 6.5254 || Eval delay (s): 0.6453 || Agg delay (s): 0.0000 || Coordination delay (s): 0.0000 || DIST task delay: 0.0000 || RECV task delay: 0.0000 || Queueing delay: 0.0000 || MSG (from mid) Ave. delay: 0.0000 || Total cache delay: 0.0000 || Ave. cache delay: 0.0000
[R#83] CUMULATIVE_RUNTIME_SEC=2909.0239
Top Aggregator Timestamps: CACHE, CACHE_START_T: 0.0, CACHE_END_T: 0.0 || AGG, AGG_START_T: 0.0, AGG_END_T: 0.0 || EVAL, EVAL_START_T: 1765427527.5101376, EVAL_END_T: 1765427528.1554668 || RECV, RECV_START_T: 0.0, RECV_END_T: 0.0 || DIST, DIST_START_T: 0.0, DIST_END_T: 0.0 || LOAD, LOAD_START_T: 1765427503.8623567, LOAD_END_T: 1765427510.3877175 || MSG_MTo, MSG_MTo_START_T: 0.0, MSG_MTo_END_T: 0.0
Loaded FEMNIST test split partition_id=34 with 376 samples
Wall-clock time: 1765427559.2239714 ||Test loss: 1.8911 || Test accuracy: 0.4335 || CPU time: 8.6505 || CPU utilization: 0.2784 || R#84's duration (s): 31.0685 || Cumulative runtime (s): 2940.0924 || Loading data delay (s): 6.4098 || Eval delay (s): 0.6645 || Agg delay (s): 0.0000 || Coordination delay (s): 0.0000 || DIST task delay: 0.0000 || RECV task delay: 0.0000 || Queueing delay: 0.0000 || MSG (from mid) Ave. delay: 0.0000 || Total cache delay: 0.0000 || Ave. cache delay: 0.0000
[R#84] CUMULATIVE_RUNTIME_SEC=2940.0924
Top Aggregator Timestamps: CACHE, CACHE_START_T: 0.0, CACHE_END_T: 0.0 || AGG, AGG_START_T: 0.0, AGG_END_T: 0.0 || EVAL, EVAL_START_T: 1765427558.559476, EVAL_END_T: 1765427559.223948 || RECV, RECV_START_T: 0.0, RECV_END_T: 0.0 || DIST, DIST_START_T: 0.0, DIST_END_T: 0.0 || LOAD, LOAD_START_T: 1765427528.158526, LOAD_END_T: 1765427534.5683122 || MSG_MTo, MSG_MTo_START_T: 0.0, MSG_MTo_END_T: 0.0
Loaded FEMNIST test split partition_id=54 with 428 samples
Wall-clock time: 1765427596.0699651 ||Test loss: 1.1475 || Test accuracy: 0.6729 || CPU time: 9.6980 || CPU utilization: 0.2632 || R#85's duration (s): 36.8460 || Cumulative runtime (s): 2976.9384 || Loading data delay (s): 6.4804 || Eval delay (s): 0.7453 || Agg delay (s): 0.0000 || Coordination delay (s): 0.0000 || DIST task delay: 0.0000 || RECV task delay: 0.0000 || Queueing delay: 0.0000 || MSG (from mid) Ave. delay: 0.0000 || Total cache delay: 0.0000 || Ave. cache delay: 0.0000
[R#85] CUMULATIVE_RUNTIME_SEC=2976.9384
Top Aggregator Timestamps: CACHE, CACHE_START_T: 0.0, CACHE_END_T: 0.0 || AGG, AGG_START_T: 0.0, AGG_END_T: 0.0 || EVAL, EVAL_START_T: 1765427595.324615, EVAL_END_T: 1765427596.0699368 || RECV, RECV_START_T: 0.0, RECV_END_T: 0.0 || DIST, DIST_START_T: 0.0, DIST_END_T: 0.0 || LOAD, LOAD_START_T: 1765427559.226962, LOAD_END_T: 1765427565.707321 || MSG_MTo, MSG_MTo_START_T: 0.0, MSG_MTo_END_T: 0.0
Loaded FEMNIST test split partition_id=33 with 337 samples
Wall-clock time: 1765427632.2758892 ||Test loss: 1.4951 || Test accuracy: 0.5668 || CPU time: 7.4991 || CPU utilization: 0.2071 || R#86's duration (s): 36.2059 || Cumulative runtime (s): 3013.1443 || Loading data delay (s): 6.7420 || Eval delay (s): 0.5714 || Agg delay (s): 0.0000 || Coordination delay (s): 0.0000 || DIST task delay: 0.0000 || RECV task delay: 0.0000 || Queueing delay: 0.0000 || MSG (from mid) Ave. delay: 0.0000 || Total cache delay: 0.0000 || Ave. cache delay: 0.0000
[R#86] CUMULATIVE_RUNTIME_SEC=3013.1443
Top Aggregator Timestamps: CACHE, CACHE_START_T: 0.0, CACHE_END_T: 0.0 || AGG, AGG_START_T: 0.0, AGG_END_T: 0.0 || EVAL, EVAL_START_T: 1765427631.7044642, EVAL_END_T: 1765427632.2758617 || RECV, RECV_START_T: 0.0, RECV_END_T: 0.0 || DIST, DIST_START_T: 0.0, DIST_END_T: 0.0 || LOAD, LOAD_START_T: 1765427596.0733676, LOAD_END_T: 1765427602.8154125 || MSG_MTo, MSG_MTo_START_T: 0.0, MSG_MTo_END_T: 0.0
Loaded FEMNIST test split partition_id=32 with 278 samples
Wall-clock time: 1765427672.4545228 ||Test loss: 0.9779 || Test accuracy: 0.7158 || CPU time: 6.4538 || CPU utilization: 0.1606 || R#87's duration (s): 40.1786 || Cumulative runtime (s): 3053.3230 || Loading data delay (s): 6.3028 || Eval delay (s): 0.5014 || Agg delay (s): 0.0000 || Coordination delay (s): 0.0000 || DIST task delay: 0.0000 || RECV task delay: 0.0000 || Queueing delay: 0.0000 || MSG (from mid) Ave. delay: 0.0000 || Total cache delay: 0.0000 || Ave. cache delay: 0.0000
[R#87] CUMULATIVE_RUNTIME_SEC=3053.3230
Top Aggregator Timestamps: CACHE, CACHE_START_T: 0.0, CACHE_END_T: 0.0 || AGG, AGG_START_T: 0.0, AGG_END_T: 0.0 || EVAL, EVAL_START_T: 1765427671.9530666, EVAL_END_T: 1765427672.4544992 || RECV, RECV_START_T: 0.0, RECV_END_T: 0.0 || DIST, DIST_START_T: 0.0, DIST_END_T: 0.0 || LOAD, LOAD_START_T: 1765427632.2788768, LOAD_END_T: 1765427638.5817049 || MSG_MTo, MSG_MTo_START_T: 0.0, MSG_MTo_END_T: 0.0
Loaded FEMNIST test split partition_id=53 with 326 samples
Wall-clock time: 1765427705.6422312 ||Test loss: 1.2829 || Test accuracy: 0.6411 || CPU time: 7.7775 || CPU utilization: 0.2344 || R#88's duration (s): 33.1877 || Cumulative runtime (s): 3086.5107 || Loading data delay (s): 7.0326 || Eval delay (s): 0.6139 || Agg delay (s): 0.0000 || Coordination delay (s): 0.0000 || DIST task delay: 0.0000 || RECV task delay: 0.0000 || Queueing delay: 0.0000 || MSG (from mid) Ave. delay: 0.0000 || Total cache delay: 0.0000 || Ave. cache delay: 0.0000
[R#88] CUMULATIVE_RUNTIME_SEC=3086.5107
Top Aggregator Timestamps: CACHE, CACHE_START_T: 0.0, CACHE_END_T: 0.0 || AGG, AGG_START_T: 0.0, AGG_END_T: 0.0 || EVAL, EVAL_START_T: 1765427705.0283203, EVAL_END_T: 1765427705.6422071 || RECV, RECV_START_T: 0.0, RECV_END_T: 0.0 || DIST, DIST_START_T: 0.0, DIST_END_T: 0.0 || LOAD, LOAD_START_T: 1765427672.4573226, LOAD_END_T: 1765427679.489905 || MSG_MTo, MSG_MTo_START_T: 0.0, MSG_MTo_END_T: 0.0
Loaded FEMNIST test split partition_id=46 with 430 samples
Wall-clock time: 1765427748.0328062 ||Test loss: 0.5197 || Test accuracy: 0.8256 || CPU time: 8.9562 || CPU utilization: 0.2113 || R#89's duration (s): 42.3906 || Cumulative runtime (s): 3128.9013 || Loading data delay (s): 7.2347 || Eval delay (s): 0.6851 || Agg delay (s): 0.0000 || Coordination delay (s): 0.0000 || DIST task delay: 0.0000 || RECV task delay: 0.0000 || Queueing delay: 0.0000 || MSG (from mid) Ave. delay: 0.0000 || Total cache delay: 0.0000 || Ave. cache delay: 0.0000
[R#89] CUMULATIVE_RUNTIME_SEC=3128.9013
Top Aggregator Timestamps: CACHE, CACHE_START_T: 0.0, CACHE_END_T: 0.0 || AGG, AGG_START_T: 0.0, AGG_END_T: 0.0 || EVAL, EVAL_START_T: 1765427747.3477337, EVAL_END_T: 1765427748.0327845 || RECV, RECV_START_T: 0.0, RECV_END_T: 0.0 || DIST, DIST_START_T: 0.0, DIST_END_T: 0.0 || LOAD, LOAD_START_T: 1765427705.646718, LOAD_END_T: 1765427712.8814228 || MSG_MTo, MSG_MTo_START_T: 0.0, MSG_MTo_END_T: 0.0
Loaded FEMNIST test split partition_id=15 with 370 samples
Wall-clock time: 1765427783.5905235 ||Test loss: 0.9365 || Test accuracy: 0.7216 || CPU time: 8.5994 || CPU utilization: 0.2418 || R#90's duration (s): 35.5577 || Cumulative runtime (s): 3164.4590 || Loading data delay (s): 6.5898 || Eval delay (s): 0.6557 || Agg delay (s): 0.0000 || Coordination delay (s): 0.0000 || DIST task delay: 0.0000 || RECV task delay: 0.0000 || Queueing delay: 0.0000 || MSG (from mid) Ave. delay: 0.0000 || Total cache delay: 0.0000 || Ave. cache delay: 0.0000
[R#90] CUMULATIVE_RUNTIME_SEC=3164.4590
Top Aggregator Timestamps: CACHE, CACHE_START_T: 0.0, CACHE_END_T: 0.0 || AGG, AGG_START_T: 0.0, AGG_END_T: 0.0 || EVAL, EVAL_START_T: 1765427782.9348052, EVAL_END_T: 1765427783.5904927 || RECV, RECV_START_T: 0.0, RECV_END_T: 0.0 || DIST, DIST_START_T: 0.0, DIST_END_T: 0.0 || LOAD, LOAD_START_T: 1765427748.0361562, LOAD_END_T: 1765427754.6259813 || MSG_MTo, MSG_MTo_START_T: 0.0, MSG_MTo_END_T: 0.0
Loaded FEMNIST test split partition_id=44 with 343 samples
Wall-clock time: 1765427816.9264336 ||Test loss: 1.7441 || Test accuracy: 0.5656 || CPU time: 7.8772 || CPU utilization: 0.2363 || R#91's duration (s): 33.3359 || Cumulative runtime (s): 3197.7949 || Loading data delay (s): 7.2514 || Eval delay (s): 0.6105 || Agg delay (s): 0.0000 || Coordination delay (s): 0.0000 || DIST task delay: 0.0000 || RECV task delay: 0.0000 || Queueing delay: 0.0000 || MSG (from mid) Ave. delay: 0.0000 || Total cache delay: 0.0000 || Ave. cache delay: 0.0000
[R#91] CUMULATIVE_RUNTIME_SEC=3197.7949
Top Aggregator Timestamps: CACHE, CACHE_START_T: 0.0, CACHE_END_T: 0.0 || AGG, AGG_START_T: 0.0, AGG_END_T: 0.0 || EVAL, EVAL_START_T: 1765427816.3158937, EVAL_END_T: 1765427816.9264052 || RECV, RECV_START_T: 0.0, RECV_END_T: 0.0 || DIST, DIST_START_T: 0.0, DIST_END_T: 0.0 || LOAD, LOAD_START_T: 1765427783.5941076, LOAD_END_T: 1765427790.8454804 || MSG_MTo, MSG_MTo_START_T: 0.0, MSG_MTo_END_T: 0.0
Loaded FEMNIST test split partition_id=5 with 351 samples
Wall-clock time: 1765427842.1995366 ||Test loss: 1.3592 || Test accuracy: 0.6154 || CPU time: 7.5589 || CPU utilization: 0.2991 || R#92's duration (s): 25.2731 || Cumulative runtime (s): 3223.0680 || Loading data delay (s): 6.9141 || Eval delay (s): 0.5938 || Agg delay (s): 0.0000 || Coordination delay (s): 0.0000 || DIST task delay: 0.0000 || RECV task delay: 0.0000 || Queueing delay: 0.0000 || MSG (from mid) Ave. delay: 0.0000 || Total cache delay: 0.0000 || Ave. cache delay: 0.0000
[R#92] CUMULATIVE_RUNTIME_SEC=3223.0680
Top Aggregator Timestamps: CACHE, CACHE_START_T: 0.0, CACHE_END_T: 0.0 || AGG, AGG_START_T: 0.0, AGG_END_T: 0.0 || EVAL, EVAL_START_T: 1765427841.605695, EVAL_END_T: 1765427842.199517 || RECV, RECV_START_T: 0.0, RECV_END_T: 0.0 || DIST, DIST_START_T: 0.0, DIST_END_T: 0.0 || LOAD, LOAD_START_T: 1765427816.9295871, LOAD_END_T: 1765427823.8436577 || MSG_MTo, MSG_MTo_START_T: 0.0, MSG_MTo_END_T: 0.0
Loaded FEMNIST test split partition_id=55 with 373 samples
Wall-clock time: 1765427877.282114 ||Test loss: 1.7987 || Test accuracy: 0.5040 || CPU time: 8.7152 || CPU utilization: 0.2484 || R#93's duration (s): 35.0826 || Cumulative runtime (s): 3258.1506 || Loading data delay (s): 7.3422 || Eval delay (s): 0.6640 || Agg delay (s): 0.0000 || Coordination delay (s): 0.0000 || DIST task delay: 0.0000 || RECV task delay: 0.0000 || Queueing delay: 0.0000 || MSG (from mid) Ave. delay: 0.0000 || Total cache delay: 0.0000 || Ave. cache delay: 0.0000
[R#93] CUMULATIVE_RUNTIME_SEC=3258.1506
Top Aggregator Timestamps: CACHE, CACHE_START_T: 0.0, CACHE_END_T: 0.0 || AGG, AGG_START_T: 0.0, AGG_END_T: 0.0 || EVAL, EVAL_START_T: 1765427876.6181152, EVAL_END_T: 1765427877.2820847 || RECV, RECV_START_T: 0.0, RECV_END_T: 0.0 || DIST, DIST_START_T: 0.0, DIST_END_T: 0.0 || LOAD, LOAD_START_T: 1765427842.2031975, LOAD_END_T: 1765427849.5453875 || MSG_MTo, MSG_MTo_START_T: 0.0, MSG_MTo_END_T: 0.0
Loaded FEMNIST test split partition_id=28 with 399 samples
Wall-clock time: 1765427910.6764355 ||Test loss: 1.9184 || Test accuracy: 0.4762 || CPU time: 9.2182 || CPU utilization: 0.2760 || R#94's duration (s): 33.3943 || Cumulative runtime (s): 3291.5449 || Loading data delay (s): 7.0127 || Eval delay (s): 0.7313 || Agg delay (s): 0.0000 || Coordination delay (s): 0.0000 || DIST task delay: 0.0000 || RECV task delay: 0.0000 || Queueing delay: 0.0000 || MSG (from mid) Ave. delay: 0.0000 || Total cache delay: 0.0000 || Ave. cache delay: 0.0000
[R#94] CUMULATIVE_RUNTIME_SEC=3291.5449
Top Aggregator Timestamps: CACHE, CACHE_START_T: 0.0, CACHE_END_T: 0.0 || AGG, AGG_START_T: 0.0, AGG_END_T: 0.0 || EVAL, EVAL_START_T: 1765427909.9450617, EVAL_END_T: 1765427910.6763783 || RECV, RECV_START_T: 0.0, RECV_END_T: 0.0 || DIST, DIST_START_T: 0.0, DIST_END_T: 0.0 || LOAD, LOAD_START_T: 1765427877.2853537, LOAD_END_T: 1765427884.2980475 || MSG_MTo, MSG_MTo_START_T: 0.0, MSG_MTo_END_T: 0.0
Loaded FEMNIST test split partition_id=23 with 418 samples
Wall-clock time: 1765427945.05197 ||Test loss: 1.2531 || Test accuracy: 0.6124 || CPU time: 8.9828 || CPU utilization: 0.2613 || R#95's duration (s): 34.3755 || Cumulative runtime (s): 3325.9204 || Loading data delay (s): 7.3311 || Eval delay (s): 0.6762 || Agg delay (s): 0.0000 || Coordination delay (s): 0.0000 || DIST task delay: 0.0000 || RECV task delay: 0.0000 || Queueing delay: 0.0000 || MSG (from mid) Ave. delay: 0.0000 || Total cache delay: 0.0000 || Ave. cache delay: 0.0000
[R#95] CUMULATIVE_RUNTIME_SEC=3325.9204
Top Aggregator Timestamps: CACHE, CACHE_START_T: 0.0, CACHE_END_T: 0.0 || AGG, AGG_START_T: 0.0, AGG_END_T: 0.0 || EVAL, EVAL_START_T: 1765427944.375759, EVAL_END_T: 1765427945.0519187 || RECV, RECV_START_T: 0.0, RECV_END_T: 0.0 || DIST, DIST_START_T: 0.0, DIST_END_T: 0.0 || LOAD, LOAD_START_T: 1765427910.6800828, LOAD_END_T: 1765427918.0111766 || MSG_MTo, MSG_MTo_START_T: 0.0, MSG_MTo_END_T: 0.0
Loaded FEMNIST test split partition_id=15 with 370 samples
Wall-clock time: 1765427978.280896 ||Test loss: 1.2879 || Test accuracy: 0.6054 || CPU time: 8.0090 || CPU utilization: 0.2410 || R#96's duration (s): 33.2289 || Cumulative runtime (s): 3359.1493 || Loading data delay (s): 7.5748 || Eval delay (s): 0.5965 || Agg delay (s): 0.0000 || Coordination delay (s): 0.0000 || DIST task delay: 0.0000 || RECV task delay: 0.0000 || Queueing delay: 0.0000 || MSG (from mid) Ave. delay: 0.0000 || Total cache delay: 0.0000 || Ave. cache delay: 0.0000
[R#96] CUMULATIVE_RUNTIME_SEC=3359.1493
Top Aggregator Timestamps: CACHE, CACHE_START_T: 0.0, CACHE_END_T: 0.0 || AGG, AGG_START_T: 0.0, AGG_END_T: 0.0 || EVAL, EVAL_START_T: 1765427977.6844084, EVAL_END_T: 1765427978.2808754 || RECV, RECV_START_T: 0.0, RECV_END_T: 0.0 || DIST, DIST_START_T: 0.0, DIST_END_T: 0.0 || LOAD, LOAD_START_T: 1765427945.0552711, LOAD_END_T: 1765427952.630104 || MSG_MTo, MSG_MTo_START_T: 0.0, MSG_MTo_END_T: 0.0
Loaded FEMNIST test split partition_id=59 with 361 samples
Wall-clock time: 1765428020.8877218 ||Test loss: 1.6541 || Test accuracy: 0.6122 || CPU time: 8.3237 || CPU utilization: 0.1954 || R#97's duration (s): 42.6068 || Cumulative runtime (s): 3401.7562 || Loading data delay (s): 6.1938 || Eval delay (s): 0.6400 || Agg delay (s): 0.0000 || Coordination delay (s): 0.0000 || DIST task delay: 0.0000 || RECV task delay: 0.0000 || Queueing delay: 0.0000 || MSG (from mid) Ave. delay: 0.0000 || Total cache delay: 0.0000 || Ave. cache delay: 0.0000
[R#97] CUMULATIVE_RUNTIME_SEC=3401.7562
Top Aggregator Timestamps: CACHE, CACHE_START_T: 0.0, CACHE_END_T: 0.0 || AGG, AGG_START_T: 0.0, AGG_END_T: 0.0 || EVAL, EVAL_START_T: 1765428020.2476742, EVAL_END_T: 1765428020.8876858 || RECV, RECV_START_T: 0.0, RECV_END_T: 0.0 || DIST, DIST_START_T: 0.0, DIST_END_T: 0.0 || LOAD, LOAD_START_T: 1765427978.2841644, LOAD_END_T: 1765427984.4779797 || MSG_MTo, MSG_MTo_START_T: 0.0, MSG_MTo_END_T: 0.0
Loaded FEMNIST test split partition_id=25 with 317 samples
Wall-clock time: 1765428055.7470968 ||Test loss: 0.9386 || Test accuracy: 0.7192 || CPU time: 7.1758 || CPU utilization: 0.2058 || R#98's duration (s): 34.8594 || Cumulative runtime (s): 3436.6155 || Loading data delay (s): 6.6212 || Eval delay (s): 0.5590 || Agg delay (s): 0.0000 || Coordination delay (s): 0.0000 || DIST task delay: 0.0000 || RECV task delay: 0.0000 || Queueing delay: 0.0000 || MSG (from mid) Ave. delay: 0.0000 || Total cache delay: 0.0000 || Ave. cache delay: 0.0000
[R#98] CUMULATIVE_RUNTIME_SEC=3436.6155
Top Aggregator Timestamps: CACHE, CACHE_START_T: 0.0, CACHE_END_T: 0.0 || AGG, AGG_START_T: 0.0, AGG_END_T: 0.0 || EVAL, EVAL_START_T: 1765428055.1880474, EVAL_END_T: 1765428055.7470744 || RECV, RECV_START_T: 0.0, RECV_END_T: 0.0 || DIST, DIST_START_T: 0.0, DIST_END_T: 0.0 || LOAD, LOAD_START_T: 1765428020.890732, LOAD_END_T: 1765428027.511883 || MSG_MTo, MSG_MTo_START_T: 0.0, MSG_MTo_END_T: 0.0
Loaded FEMNIST test split partition_id=10 with 436 samples
Wall-clock time: 1765428086.543413 ||Test loss: 1.2910 || Test accuracy: 0.5550 || CPU time: 9.5845 || CPU utilization: 0.3112 || R#99's duration (s): 30.7963 || Cumulative runtime (s): 3467.4119 || Loading data delay (s): 6.4525 || Eval delay (s): 0.7099 || Agg delay (s): 0.0000 || Coordination delay (s): 0.0000 || DIST task delay: 0.0000 || RECV task delay: 0.0000 || Queueing delay: 0.0000 || MSG (from mid) Ave. delay: 0.0000 || Total cache delay: 0.0000 || Ave. cache delay: 0.0000
[R#99] CUMULATIVE_RUNTIME_SEC=3467.4119
Top Aggregator Timestamps: CACHE, CACHE_START_T: 0.0, CACHE_END_T: 0.0 || AGG, AGG_START_T: 0.0, AGG_END_T: 0.0 || EVAL, EVAL_START_T: 1765428085.8335092, EVAL_END_T: 1765428086.5433812 || RECV, RECV_START_T: 0.0, RECV_END_T: 0.0 || DIST, DIST_START_T: 0.0, DIST_END_T: 0.0 || LOAD, LOAD_START_T: 1765428055.7502306, LOAD_END_T: 1765428062.20276 || MSG_MTo, MSG_MTo_START_T: 0.0, MSG_MTo_END_T: 0.0
Loaded FEMNIST test split partition_id=1 with 413 samples
Wall-clock time: 1765428120.5078387 ||Test loss: 0.9200 || Test accuracy: 0.6901 || CPU time: 9.5408 || CPU utilization: 0.2809 || R#100's duration (s): 33.9644 || Cumulative runtime (s): 3501.3763 || Loading data delay (s): 6.2407 || Eval delay (s): 0.7355 || Agg delay (s): 0.0000 || Coordination delay (s): 0.0000 || DIST task delay: 0.0000 || RECV task delay: 0.0000 || Queueing delay: 0.0000 || MSG (from mid) Ave. delay: 0.0000 || Total cache delay: 0.0000 || Ave. cache delay: 0.0000
[R#100] CUMULATIVE_RUNTIME_SEC=3501.3763
Top Aggregator Timestamps: CACHE, CACHE_START_T: 0.0, CACHE_END_T: 0.0 || AGG, AGG_START_T: 0.0, AGG_END_T: 0.0 || EVAL, EVAL_START_T: 1765428119.7723074, EVAL_END_T: 1765428120.5078118 || RECV, RECV_START_T: 0.0, RECV_END_T: 0.0 || DIST, DIST_START_T: 0.0, DIST_END_T: 0.0 || LOAD, LOAD_START_T: 1765428086.5468214, LOAD_END_T: 1765428092.7874982 || MSG_MTo, MSG_MTo_START_T: 0.0, MSG_MTo_END_T: 0.0
Loaded FEMNIST test split partition_id=48 with 131 samples
Wall-clock time: 1765428164.432575 ||Test loss: 5.7525 || Test accuracy: 0.0840 || CPU time: 3.2615 || CPU utilization: 0.0743 || R#101's duration (s): 43.9247 || Cumulative runtime (s): 3545.3010 || Loading data delay (s): 6.6779 || Eval delay (s): 0.2473 || Agg delay (s): 0.0000 || Coordination delay (s): 0.0000 || DIST task delay: 0.0000 || RECV task delay: 0.0000 || Queueing delay: 0.0000 || MSG (from mid) Ave. delay: 0.0000 || Total cache delay: 0.0000 || Ave. cache delay: 0.0000
[R#101] CUMULATIVE_RUNTIME_SEC=3545.3010
Top Aggregator Timestamps: CACHE, CACHE_START_T: 0.0, CACHE_END_T: 0.0 || AGG, AGG_START_T: 0.0, AGG_END_T: 0.0 || EVAL, EVAL_START_T: 1765428164.1851926, EVAL_END_T: 1765428164.4325426 || RECV, RECV_START_T: 0.0, RECV_END_T: 0.0 || DIST, DIST_START_T: 0.0, DIST_END_T: 0.0 || LOAD, LOAD_START_T: 1765428120.5108252, LOAD_END_T: 1765428127.1887105 || MSG_MTo, MSG_MTo_START_T: 0.0, MSG_MTo_END_T: 0.0
Loaded FEMNIST test split partition_id=10 with 436 samples
Wall-clock time: 1765428217.1340408 ||Test loss: 0.9741 || Test accuracy: 0.6881 || CPU time: 9.5739 || CPU utilization: 0.1817 || R#102's duration (s): 52.7015 || Cumulative runtime (s): 3598.0025 || Loading data delay (s): 6.2891 || Eval delay (s): 0.7304 || Agg delay (s): 0.0000 || Coordination delay (s): 0.0000 || DIST task delay: 0.0000 || RECV task delay: 0.0000 || Queueing delay: 0.0000 || MSG (from mid) Ave. delay: 0.0000 || Total cache delay: 0.0000 || Ave. cache delay: 0.0000
[R#102] CUMULATIVE_RUNTIME_SEC=3598.0025
Top Aggregator Timestamps: CACHE, CACHE_START_T: 0.0, CACHE_END_T: 0.0 || AGG, AGG_START_T: 0.0, AGG_END_T: 0.0 || EVAL, EVAL_START_T: 1765428216.4035926, EVAL_END_T: 1765428217.1340058 || RECV, RECV_START_T: 0.0, RECV_END_T: 0.0 || DIST, DIST_START_T: 0.0, DIST_END_T: 0.0 || LOAD, LOAD_START_T: 1765428164.4354355, LOAD_END_T: 1765428170.7245 || MSG_MTo, MSG_MTo_START_T: 0.0, MSG_MTo_END_T: 0.0
Loaded FEMNIST test split partition_id=41 with 358 samples
Wall-clock time: 1765428249.3295617 ||Test loss: 2.3422 || Test accuracy: 0.4469 || CPU time: 7.8433 || CPU utilization: 0.2436 || R#103's duration (s): 32.1955 || Cumulative runtime (s): 3630.1980 || Loading data delay (s): 7.0131 || Eval delay (s): 0.5993 || Agg delay (s): 0.0000 || Coordination delay (s): 0.0000 || DIST task delay: 0.0000 || RECV task delay: 0.0000 || Queueing delay: 0.0000 || MSG (from mid) Ave. delay: 0.0000 || Total cache delay: 0.0000 || Ave. cache delay: 0.0000
[R#103] CUMULATIVE_RUNTIME_SEC=3630.1980
Top Aggregator Timestamps: CACHE, CACHE_START_T: 0.0, CACHE_END_T: 0.0 || AGG, AGG_START_T: 0.0, AGG_END_T: 0.0 || EVAL, EVAL_START_T: 1765428248.7301893, EVAL_END_T: 1765428249.3295374 || RECV, RECV_START_T: 0.0, RECV_END_T: 0.0 || DIST, DIST_START_T: 0.0, DIST_END_T: 0.0 || LOAD, LOAD_START_T: 1765428217.1373005, LOAD_END_T: 1765428224.1504235 || MSG_MTo, MSG_MTo_START_T: 0.0, MSG_MTo_END_T: 0.0
Loaded FEMNIST test split partition_id=10 with 436 samples
Wall-clock time: 1765428276.3822403 ||Test loss: 1.2294 || Test accuracy: 0.6445 || CPU time: 9.5472 || CPU utilization: 0.3529 || R#104's duration (s): 27.0527 || Cumulative runtime (s): 3657.2507 || Loading data delay (s): 6.2581 || Eval delay (s): 0.7232 || Agg delay (s): 0.0000 || Coordination delay (s): 0.0000 || DIST task delay: 0.0000 || RECV task delay: 0.0000 || Queueing delay: 0.0000 || MSG (from mid) Ave. delay: 0.0000 || Total cache delay: 0.0000 || Ave. cache delay: 0.0000
[R#104] CUMULATIVE_RUNTIME_SEC=3657.2507
Top Aggregator Timestamps: CACHE, CACHE_START_T: 0.0, CACHE_END_T: 0.0 || AGG, AGG_START_T: 0.0, AGG_END_T: 0.0 || EVAL, EVAL_START_T: 1765428275.6589766, EVAL_END_T: 1765428276.3821993 || RECV, RECV_START_T: 0.0, RECV_END_T: 0.0 || DIST, DIST_START_T: 0.0, DIST_END_T: 0.0 || LOAD, LOAD_START_T: 1765428249.3326993, LOAD_END_T: 1765428255.5908096 || MSG_MTo, MSG_MTo_START_T: 0.0, MSG_MTo_END_T: 0.0
Loaded FEMNIST test split partition_id=53 with 326 samples
Wall-clock time: 1765428308.5580506 ||Test loss: 1.5857 || Test accuracy: 0.5859 || CPU time: 6.8627 || CPU utilization: 0.2133 || R#105's duration (s): 32.1758 || Cumulative runtime (s): 3689.4265 || Loading data delay (s): 6.2956 || Eval delay (s): 0.5265 || Agg delay (s): 0.0000 || Coordination delay (s): 0.0000 || DIST task delay: 0.0000 || RECV task delay: 0.0000 || Queueing delay: 0.0000 || MSG (from mid) Ave. delay: 0.0000 || Total cache delay: 0.0000 || Ave. cache delay: 0.0000
[R#105] CUMULATIVE_RUNTIME_SEC=3689.4265
Top Aggregator Timestamps: CACHE, CACHE_START_T: 0.0, CACHE_END_T: 0.0 || AGG, AGG_START_T: 0.0, AGG_END_T: 0.0 || EVAL, EVAL_START_T: 1765428308.0314991, EVAL_END_T: 1765428308.5580297 || RECV, RECV_START_T: 0.0, RECV_END_T: 0.0 || DIST, DIST_START_T: 0.0, DIST_END_T: 0.0 || LOAD, LOAD_START_T: 1765428276.3855956, LOAD_END_T: 1765428282.6811683 || MSG_MTo, MSG_MTo_START_T: 0.0, MSG_MTo_END_T: 0.0
Loaded FEMNIST test split partition_id=13 with 329 samples
Wall-clock time: 1765428337.7300596 ||Test loss: 1.2891 || Test accuracy: 0.6413 || CPU time: 7.3017 || CPU utilization: 0.2503 || R#106's duration (s): 29.1720 || Cumulative runtime (s): 3718.5985 || Loading data delay (s): 6.6302 || Eval delay (s): 0.5602 || Agg delay (s): 0.0000 || Coordination delay (s): 0.0000 || DIST task delay: 0.0000 || RECV task delay: 0.0000 || Queueing delay: 0.0000 || MSG (from mid) Ave. delay: 0.0000 || Total cache delay: 0.0000 || Ave. cache delay: 0.0000
[R#106] CUMULATIVE_RUNTIME_SEC=3718.5985
Top Aggregator Timestamps: CACHE, CACHE_START_T: 0.0, CACHE_END_T: 0.0 || AGG, AGG_START_T: 0.0, AGG_END_T: 0.0 || EVAL, EVAL_START_T: 1765428337.169812, EVAL_END_T: 1765428337.7300298 || RECV, RECV_START_T: 0.0, RECV_END_T: 0.0 || DIST, DIST_START_T: 0.0, DIST_END_T: 0.0 || LOAD, LOAD_START_T: 1765428308.5608675, LOAD_END_T: 1765428315.1910355 || MSG_MTo, MSG_MTo_START_T: 0.0, MSG_MTo_END_T: 0.0
Loaded FEMNIST test split partition_id=54 with 428 samples
Wall-clock time: 1765428371.400288 ||Test loss: 0.6870 || Test accuracy: 0.7967 || CPU time: 9.1723 || CPU utilization: 0.2724 || R#107's duration (s): 33.6702 || Cumulative runtime (s): 3752.2687 || Loading data delay (s): 6.2765 || Eval delay (s): 0.6978 || Agg delay (s): 0.0000 || Coordination delay (s): 0.0000 || DIST task delay: 0.0000 || RECV task delay: 0.0000 || Queueing delay: 0.0000 || MSG (from mid) Ave. delay: 0.0000 || Total cache delay: 0.0000 || Ave. cache delay: 0.0000
[R#107] CUMULATIVE_RUNTIME_SEC=3752.2687
Top Aggregator Timestamps: CACHE, CACHE_START_T: 0.0, CACHE_END_T: 0.0 || AGG, AGG_START_T: 0.0, AGG_END_T: 0.0 || EVAL, EVAL_START_T: 1765428370.7024684, EVAL_END_T: 1765428371.4002538 || RECV, RECV_START_T: 0.0, RECV_END_T: 0.0 || DIST, DIST_START_T: 0.0, DIST_END_T: 0.0 || LOAD, LOAD_START_T: 1765428337.7328637, LOAD_END_T: 1765428344.0093997 || MSG_MTo, MSG_MTo_START_T: 0.0, MSG_MTo_END_T: 0.0
Loaded FEMNIST test split partition_id=9 with 377 samples
Wall-clock time: 1765428417.0925183 ||Test loss: 1.7907 || Test accuracy: 0.5093 || CPU time: 9.0973 || CPU utilization: 0.1991 || R#108's duration (s): 45.6922 || Cumulative runtime (s): 3797.9610 || Loading data delay (s): 6.4950 || Eval delay (s): 0.6940 || Agg delay (s): 0.0000 || Coordination delay (s): 0.0000 || DIST task delay: 0.0000 || RECV task delay: 0.0000 || Queueing delay: 0.0000 || MSG (from mid) Ave. delay: 0.0000 || Total cache delay: 0.0000 || Ave. cache delay: 0.0000
[R#108] CUMULATIVE_RUNTIME_SEC=3797.9610
Top Aggregator Timestamps: CACHE, CACHE_START_T: 0.0, CACHE_END_T: 0.0 || AGG, AGG_START_T: 0.0, AGG_END_T: 0.0 || EVAL, EVAL_START_T: 1765428416.3984745, EVAL_END_T: 1765428417.0924811 || RECV, RECV_START_T: 0.0, RECV_END_T: 0.0 || DIST, DIST_START_T: 0.0, DIST_END_T: 0.0 || LOAD, LOAD_START_T: 1765428371.4032886, LOAD_END_T: 1765428377.8982525 || MSG_MTo, MSG_MTo_START_T: 0.0, MSG_MTo_END_T: 0.0
Loaded FEMNIST test split partition_id=6 with 380 samples
Wall-clock time: 1765428453.148811 ||Test loss: 0.9014 || Test accuracy: 0.7447 || CPU time: 8.7522 || CPU utilization: 0.2427 || R#109's duration (s): 36.0563 || Cumulative runtime (s): 3834.0173 || Loading data delay (s): 6.2942 || Eval delay (s): 0.6733 || Agg delay (s): 0.0000 || Coordination delay (s): 0.0000 || DIST task delay: 0.0000 || RECV task delay: 0.0000 || Queueing delay: 0.0000 || MSG (from mid) Ave. delay: 0.0000 || Total cache delay: 0.0000 || Ave. cache delay: 0.0000
[R#109] CUMULATIVE_RUNTIME_SEC=3834.0173
Top Aggregator Timestamps: CACHE, CACHE_START_T: 0.0, CACHE_END_T: 0.0 || AGG, AGG_START_T: 0.0, AGG_END_T: 0.0 || EVAL, EVAL_START_T: 1765428452.4754548, EVAL_END_T: 1765428453.1487808 || RECV, RECV_START_T: 0.0, RECV_END_T: 0.0 || DIST, DIST_START_T: 0.0, DIST_END_T: 0.0 || LOAD, LOAD_START_T: 1765428417.096032, LOAD_END_T: 1765428423.3902404 || MSG_MTo, MSG_MTo_START_T: 0.0, MSG_MTo_END_T: 0.0
Loaded FEMNIST test split partition_id=7 with 375 samples
Wall-clock time: 1765428489.987684 ||Test loss: 1.4113 || Test accuracy: 0.6000 || CPU time: 8.5577 || CPU utilization: 0.2323 || R#110's duration (s): 36.8389 || Cumulative runtime (s): 3870.8561 || Loading data delay (s): 6.4460 || Eval delay (s): 0.6573 || Agg delay (s): 0.0000 || Coordination delay (s): 0.0000 || DIST task delay: 0.0000 || RECV task delay: 0.0000 || Queueing delay: 0.0000 || MSG (from mid) Ave. delay: 0.0000 || Total cache delay: 0.0000 || Ave. cache delay: 0.0000
[R#110] CUMULATIVE_RUNTIME_SEC=3870.8561
Top Aggregator Timestamps: CACHE, CACHE_START_T: 0.0, CACHE_END_T: 0.0 || AGG, AGG_START_T: 0.0, AGG_END_T: 0.0 || EVAL, EVAL_START_T: 1765428489.3303018, EVAL_END_T: 1765428489.9876516 || RECV, RECV_START_T: 0.0, RECV_END_T: 0.0 || DIST, DIST_START_T: 0.0, DIST_END_T: 0.0 || LOAD, LOAD_START_T: 1765428453.1521122, LOAD_END_T: 1765428459.5980911 || MSG_MTo, MSG_MTo_START_T: 0.0, MSG_MTo_END_T: 0.0
Loaded FEMNIST test split partition_id=41 with 358 samples
Wall-clock time: 1765428514.8963242 ||Test loss: 2.0086 || Test accuracy: 0.4665 || CPU time: 8.0550 || CPU utilization: 0.3234 || R#111's duration (s): 24.9086 || Cumulative runtime (s): 3895.7648 || Loading data delay (s): 6.5991 || Eval delay (s): 0.6124 || Agg delay (s): 0.0000 || Coordination delay (s): 0.0000 || DIST task delay: 0.0000 || RECV task delay: 0.0000 || Queueing delay: 0.0000 || MSG (from mid) Ave. delay: 0.0000 || Total cache delay: 0.0000 || Ave. cache delay: 0.0000
[R#111] CUMULATIVE_RUNTIME_SEC=3895.7648
Top Aggregator Timestamps: CACHE, CACHE_START_T: 0.0, CACHE_END_T: 0.0 || AGG, AGG_START_T: 0.0, AGG_END_T: 0.0 || EVAL, EVAL_START_T: 1765428514.283853, EVAL_END_T: 1765428514.896295 || RECV, RECV_START_T: 0.0, RECV_END_T: 0.0 || DIST, DIST_START_T: 0.0, DIST_END_T: 0.0 || LOAD, LOAD_START_T: 1765428489.991015, LOAD_END_T: 1765428496.5900772 || MSG_MTo, MSG_MTo_START_T: 0.0, MSG_MTo_END_T: 0.0
Loaded FEMNIST test split partition_id=25 with 317 samples
Wall-clock time: 1765428548.859714 ||Test loss: 0.7045 || Test accuracy: 0.7918 || CPU time: 7.5082 || CPU utilization: 0.2211 || R#112's duration (s): 33.9634 || Cumulative runtime (s): 3929.7282 || Loading data delay (s): 6.2183 || Eval delay (s): 0.5876 || Agg delay (s): 0.0000 || Coordination delay (s): 0.0000 || DIST task delay: 0.0000 || RECV task delay: 0.0000 || Queueing delay: 0.0000 || MSG (from mid) Ave. delay: 0.0000 || Total cache delay: 0.0000 || Ave. cache delay: 0.0000
[R#112] CUMULATIVE_RUNTIME_SEC=3929.7282
Top Aggregator Timestamps: CACHE, CACHE_START_T: 0.0, CACHE_END_T: 0.0 || AGG, AGG_START_T: 0.0, AGG_END_T: 0.0 || EVAL, EVAL_START_T: 1765428548.2720642, EVAL_END_T: 1765428548.8596683 || RECV, RECV_START_T: 0.0, RECV_END_T: 0.0 || DIST, DIST_START_T: 0.0, DIST_END_T: 0.0 || LOAD, LOAD_START_T: 1765428514.8993642, LOAD_END_T: 1765428521.1176543 || MSG_MTo, MSG_MTo_START_T: 0.0, MSG_MTo_END_T: 0.0
Loaded FEMNIST test split partition_id=11 with 425 samples
Wall-clock time: 1765428586.6964855 ||Test loss: 2.3423 || Test accuracy: 0.4753 || CPU time: 9.6553 || CPU utilization: 0.2552 || R#113's duration (s): 37.8368 || Cumulative runtime (s): 3967.5649 || Loading data delay (s): 6.7981 || Eval delay (s): 0.7353 || Agg delay (s): 0.0000 || Coordination delay (s): 0.0000 || DIST task delay: 0.0000 || RECV task delay: 0.0000 || Queueing delay: 0.0000 || MSG (from mid) Ave. delay: 0.0000 || Total cache delay: 0.0000 || Ave. cache delay: 0.0000
[R#113] CUMULATIVE_RUNTIME_SEC=3967.5649
Top Aggregator Timestamps: CACHE, CACHE_START_T: 0.0, CACHE_END_T: 0.0 || AGG, AGG_START_T: 0.0, AGG_END_T: 0.0 || EVAL, EVAL_START_T: 1765428585.9611802, EVAL_END_T: 1765428586.6964576 || RECV, RECV_START_T: 0.0, RECV_END_T: 0.0 || DIST, DIST_START_T: 0.0, DIST_END_T: 0.0 || LOAD, LOAD_START_T: 1765428548.8639247, LOAD_END_T: 1765428555.6620274 || MSG_MTo, MSG_MTo_START_T: 0.0, MSG_MTo_END_T: 0.0
Loaded FEMNIST test split partition_id=50 with 313 samples
Wall-clock time: 1765428626.2521362 ||Test loss: 1.0035 || Test accuracy: 0.7061 || CPU time: 7.2957 || CPU utilization: 0.1844 || R#114's duration (s): 39.5557 || Cumulative runtime (s): 4007.1206 || Loading data delay (s): 6.2422 || Eval delay (s): 0.5600 || Agg delay (s): 0.0000 || Coordination delay (s): 0.0000 || DIST task delay: 0.0000 || RECV task delay: 0.0000 || Queueing delay: 0.0000 || MSG (from mid) Ave. delay: 0.0000 || Total cache delay: 0.0000 || Ave. cache delay: 0.0000
[R#114] CUMULATIVE_RUNTIME_SEC=4007.1206
Top Aggregator Timestamps: CACHE, CACHE_START_T: 0.0, CACHE_END_T: 0.0 || AGG, AGG_START_T: 0.0, AGG_END_T: 0.0 || EVAL, EVAL_START_T: 1765428625.6921284, EVAL_END_T: 1765428626.2521152 || RECV, RECV_START_T: 0.0, RECV_END_T: 0.0 || DIST, DIST_START_T: 0.0, DIST_END_T: 0.0 || LOAD, LOAD_START_T: 1765428586.6996548, LOAD_END_T: 1765428592.9418592 || MSG_MTo, MSG_MTo_START_T: 0.0, MSG_MTo_END_T: 0.0
Loaded FEMNIST test split partition_id=66 with 428 samples
Wall-clock time: 1765428658.049041 ||Test loss: 1.6856 || Test accuracy: 0.5981 || CPU time: 9.7787 || CPU utilization: 0.3075 || R#115's duration (s): 31.7969 || Cumulative runtime (s): 4038.9175 || Loading data delay (s): 6.5017 || Eval delay (s): 0.7515 || Agg delay (s): 0.0000 || Coordination delay (s): 0.0000 || DIST task delay: 0.0000 || RECV task delay: 0.0000 || Queueing delay: 0.0000 || MSG (from mid) Ave. delay: 0.0000 || Total cache delay: 0.0000 || Ave. cache delay: 0.0000
[R#115] CUMULATIVE_RUNTIME_SEC=4038.9175
Top Aggregator Timestamps: CACHE, CACHE_START_T: 0.0, CACHE_END_T: 0.0 || AGG, AGG_START_T: 0.0, AGG_END_T: 0.0 || EVAL, EVAL_START_T: 1765428657.2974935, EVAL_END_T: 1765428658.0490077 || RECV, RECV_START_T: 0.0, RECV_END_T: 0.0 || DIST, DIST_START_T: 0.0, DIST_END_T: 0.0 || LOAD, LOAD_START_T: 1765428626.2553425, LOAD_END_T: 1765428632.757004 || MSG_MTo, MSG_MTo_START_T: 0.0, MSG_MTo_END_T: 0.0
Loaded FEMNIST test split partition_id=64 with 355 samples
Wall-clock time: 1765428697.439827 ||Test loss: 1.5609 || Test accuracy: 0.5972 || CPU time: 7.9528 || CPU utilization: 0.2019 || R#116's duration (s): 39.3908 || Cumulative runtime (s): 4078.3083 || Loading data delay (s): 6.7594 || Eval delay (s): 0.6042 || Agg delay (s): 0.0000 || Coordination delay (s): 0.0000 || DIST task delay: 0.0000 || RECV task delay: 0.0000 || Queueing delay: 0.0000 || MSG (from mid) Ave. delay: 0.0000 || Total cache delay: 0.0000 || Ave. cache delay: 0.0000
[R#116] CUMULATIVE_RUNTIME_SEC=4078.3083
Top Aggregator Timestamps: CACHE, CACHE_START_T: 0.0, CACHE_END_T: 0.0 || AGG, AGG_START_T: 0.0, AGG_END_T: 0.0 || EVAL, EVAL_START_T: 1765428696.8356345, EVAL_END_T: 1765428697.439801 || RECV, RECV_START_T: 0.0, RECV_END_T: 0.0 || DIST, DIST_START_T: 0.0, DIST_END_T: 0.0 || LOAD, LOAD_START_T: 1765428658.0525312, LOAD_END_T: 1765428664.8118916 || MSG_MTo, MSG_MTo_START_T: 0.0, MSG_MTo_END_T: 0.0
Loaded FEMNIST test split partition_id=38 with 347 samples
Wall-clock time: 1765428734.6159983 ||Test loss: 0.9149 || Test accuracy: 0.7435 || CPU time: 7.1434 || CPU utilization: 0.1922 || R#117's duration (s): 37.1762 || Cumulative runtime (s): 4115.4844 || Loading data delay (s): 6.2999 || Eval delay (s): 0.5383 || Agg delay (s): 0.0000 || Coordination delay (s): 0.0000 || DIST task delay: 0.0000 || RECV task delay: 0.0000 || Queueing delay: 0.0000 || MSG (from mid) Ave. delay: 0.0000 || Total cache delay: 0.0000 || Ave. cache delay: 0.0000
[R#117] CUMULATIVE_RUNTIME_SEC=4115.4844
Top Aggregator Timestamps: CACHE, CACHE_START_T: 0.0, CACHE_END_T: 0.0 || AGG, AGG_START_T: 0.0, AGG_END_T: 0.0 || EVAL, EVAL_START_T: 1765428734.077693, EVAL_END_T: 1765428734.6159625 || RECV, RECV_START_T: 0.0, RECV_END_T: 0.0 || DIST, DIST_START_T: 0.0, DIST_END_T: 0.0 || LOAD, LOAD_START_T: 1765428697.44282, LOAD_END_T: 1765428703.742703 || MSG_MTo, MSG_MTo_START_T: 0.0, MSG_MTo_END_T: 0.0
Loaded FEMNIST test split partition_id=49 with 393 samples
Wall-clock time: 1765428771.3958414 ||Test loss: 1.4813 || Test accuracy: 0.5827 || CPU time: 8.5504 || CPU utilization: 0.2325 || R#118's duration (s): 36.7798 || Cumulative runtime (s): 4152.2643 || Loading data delay (s): 6.5029 || Eval delay (s): 0.6500 || Agg delay (s): 0.0000 || Coordination delay (s): 0.0000 || DIST task delay: 0.0000 || RECV task delay: 0.0000 || Queueing delay: 0.0000 || MSG (from mid) Ave. delay: 0.0000 || Total cache delay: 0.0000 || Ave. cache delay: 0.0000
[R#118] CUMULATIVE_RUNTIME_SEC=4152.2643
Top Aggregator Timestamps: CACHE, CACHE_START_T: 0.0, CACHE_END_T: 0.0 || AGG, AGG_START_T: 0.0, AGG_END_T: 0.0 || EVAL, EVAL_START_T: 1765428770.7458231, EVAL_END_T: 1765428771.3958204 || RECV, RECV_START_T: 0.0, RECV_END_T: 0.0 || DIST, DIST_START_T: 0.0, DIST_END_T: 0.0 || LOAD, LOAD_START_T: 1765428734.6188653, LOAD_END_T: 1765428741.1217577 || MSG_MTo, MSG_MTo_START_T: 0.0, MSG_MTo_END_T: 0.0
Loaded FEMNIST test split partition_id=16 with 312 samples
Wall-clock time: 1765428810.778396 ||Test loss: 1.3044 || Test accuracy: 0.6186 || CPU time: 7.2506 || CPU utilization: 0.1841 || R#119's duration (s): 39.3826 || Cumulative runtime (s): 4191.6468 || Loading data delay (s): 6.2607 || Eval delay (s): 0.5532 || Agg delay (s): 0.0000 || Coordination delay (s): 0.0000 || DIST task delay: 0.0000 || RECV task delay: 0.0000 || Queueing delay: 0.0000 || MSG (from mid) Ave. delay: 0.0000 || Total cache delay: 0.0000 || Ave. cache delay: 0.0000
[R#119] CUMULATIVE_RUNTIME_SEC=4191.6468
Top Aggregator Timestamps: CACHE, CACHE_START_T: 0.0, CACHE_END_T: 0.0 || AGG, AGG_START_T: 0.0, AGG_END_T: 0.0 || EVAL, EVAL_START_T: 1765428810.2252007, EVAL_END_T: 1765428810.7783563 || RECV, RECV_START_T: 0.0, RECV_END_T: 0.0 || DIST, DIST_START_T: 0.0, DIST_END_T: 0.0 || LOAD, LOAD_START_T: 1765428771.3985567, LOAD_END_T: 1765428777.6592932 || MSG_MTo, MSG_MTo_START_T: 0.0, MSG_MTo_END_T: 0.0
Loaded FEMNIST test split partition_id=61 with 356 samples
Wall-clock time: 1765428845.8897922 ||Test loss: 3.7221 || Test accuracy: 0.1573 || CPU time: 7.2779 || CPU utilization: 0.2073 || R#120's duration (s): 35.1114 || Cumulative runtime (s): 4226.7582 || Loading data delay (s): 6.5588 || Eval delay (s): 0.5574 || Agg delay (s): 0.0000 || Coordination delay (s): 0.0000 || DIST task delay: 0.0000 || RECV task delay: 0.0000 || Queueing delay: 0.0000 || MSG (from mid) Ave. delay: 0.0000 || Total cache delay: 0.0000 || Ave. cache delay: 0.0000
[R#120] CUMULATIVE_RUNTIME_SEC=4226.7582
Top Aggregator Timestamps: CACHE, CACHE_START_T: 0.0, CACHE_END_T: 0.0 || AGG, AGG_START_T: 0.0, AGG_END_T: 0.0 || EVAL, EVAL_START_T: 1765428845.3323982, EVAL_END_T: 1765428845.889769 || RECV, RECV_START_T: 0.0, RECV_END_T: 0.0 || DIST, DIST_START_T: 0.0, DIST_END_T: 0.0 || LOAD, LOAD_START_T: 1765428810.7812908, LOAD_END_T: 1765428817.3401165 || MSG_MTo, MSG_MTo_START_T: 0.0, MSG_MTo_END_T: 0.0
Loaded FEMNIST test split partition_id=33 with 337 samples
Wall-clock time: 1765428875.197304 ||Test loss: 1.0140 || Test accuracy: 0.7151 || CPU time: 7.2179 || CPU utilization: 0.2463 || R#121's duration (s): 29.3075 || Cumulative runtime (s): 4256.0658 || Loading data delay (s): 6.6494 || Eval delay (s): 0.5529 || Agg delay (s): 0.0000 || Coordination delay (s): 0.0000 || DIST task delay: 0.0000 || RECV task delay: 0.0000 || Queueing delay: 0.0000 || MSG (from mid) Ave. delay: 0.0000 || Total cache delay: 0.0000 || Ave. cache delay: 0.0000
[R#121] CUMULATIVE_RUNTIME_SEC=4256.0658
Top Aggregator Timestamps: CACHE, CACHE_START_T: 0.0, CACHE_END_T: 0.0 || AGG, AGG_START_T: 0.0, AGG_END_T: 0.0 || EVAL, EVAL_START_T: 1765428874.644399, EVAL_END_T: 1765428875.1972768 || RECV, RECV_START_T: 0.0, RECV_END_T: 0.0 || DIST, DIST_START_T: 0.0, DIST_END_T: 0.0 || LOAD, LOAD_START_T: 1765428845.8926184, LOAD_END_T: 1765428852.5420322 || MSG_MTo, MSG_MTo_START_T: 0.0, MSG_MTo_END_T: 0.0
Loaded FEMNIST test split partition_id=26 with 363 samples
Wall-clock time: 1765428913.179109 ||Test loss: 1.2412 || Test accuracy: 0.6281 || CPU time: 8.3282 || CPU utilization: 0.2193 || R#122's duration (s): 37.9818 || Cumulative runtime (s): 4294.0476 || Loading data delay (s): 6.0543 || Eval delay (s): 0.6399 || Agg delay (s): 0.0000 || Coordination delay (s): 0.0000 || DIST task delay: 0.0000 || RECV task delay: 0.0000 || Queueing delay: 0.0000 || MSG (from mid) Ave. delay: 0.0000 || Total cache delay: 0.0000 || Ave. cache delay: 0.0000
[R#122] CUMULATIVE_RUNTIME_SEC=4294.0476
Top Aggregator Timestamps: CACHE, CACHE_START_T: 0.0, CACHE_END_T: 0.0 || AGG, AGG_START_T: 0.0, AGG_END_T: 0.0 || EVAL, EVAL_START_T: 1765428912.5391915, EVAL_END_T: 1765428913.1790855 || RECV, RECV_START_T: 0.0, RECV_END_T: 0.0 || DIST, DIST_START_T: 0.0, DIST_END_T: 0.0 || LOAD, LOAD_START_T: 1765428875.2001128, LOAD_END_T: 1765428881.2544117 || MSG_MTo, MSG_MTo_START_T: 0.0, MSG_MTo_END_T: 0.0
Loaded FEMNIST test split partition_id=58 with 346 samples
Wall-clock time: 1765428947.152188 ||Test loss: 1.2546 || Test accuracy: 0.6763 || CPU time: 8.0651 || CPU utilization: 0.2374 || R#123's duration (s): 33.9731 || Cumulative runtime (s): 4328.0206 || Loading data delay (s): 6.3114 || Eval delay (s): 0.6151 || Agg delay (s): 0.0000 || Coordination delay (s): 0.0000 || DIST task delay: 0.0000 || RECV task delay: 0.0000 || Queueing delay: 0.0000 || MSG (from mid) Ave. delay: 0.0000 || Total cache delay: 0.0000 || Ave. cache delay: 0.0000
[R#123] CUMULATIVE_RUNTIME_SEC=4328.0206
Top Aggregator Timestamps: CACHE, CACHE_START_T: 0.0, CACHE_END_T: 0.0 || AGG, AGG_START_T: 0.0, AGG_END_T: 0.0 || EVAL, EVAL_START_T: 1765428946.5370436, EVAL_END_T: 1765428947.152165 || RECV, RECV_START_T: 0.0, RECV_END_T: 0.0 || DIST, DIST_START_T: 0.0, DIST_END_T: 0.0 || LOAD, LOAD_START_T: 1765428913.1823046, LOAD_END_T: 1765428919.493741 || MSG_MTo, MSG_MTo_START_T: 0.0, MSG_MTo_END_T: 0.0
Loaded FEMNIST test split partition_id=15 with 370 samples
Wall-clock time: 1765428981.7514462 ||Test loss: 1.6700 || Test accuracy: 0.5297 || CPU time: 9.1331 || CPU utilization: 0.2640 || R#124's duration (s): 34.5993 || Cumulative runtime (s): 4362.6199 || Loading data delay (s): 6.0963 || Eval delay (s): 0.6847 || Agg delay (s): 0.0000 || Coordination delay (s): 0.0000 || DIST task delay: 0.0000 || RECV task delay: 0.0000 || Queueing delay: 0.0000 || MSG (from mid) Ave. delay: 0.0000 || Total cache delay: 0.0000 || Ave. cache delay: 0.0000
[R#124] CUMULATIVE_RUNTIME_SEC=4362.6199
Top Aggregator Timestamps: CACHE, CACHE_START_T: 0.0, CACHE_END_T: 0.0 || AGG, AGG_START_T: 0.0, AGG_END_T: 0.0 || EVAL, EVAL_START_T: 1765428981.0666506, EVAL_END_T: 1765428981.7513905 || RECV, RECV_START_T: 0.0, RECV_END_T: 0.0 || DIST, DIST_START_T: 0.0, DIST_END_T: 0.0 || LOAD, LOAD_START_T: 1765428947.1551678, LOAD_END_T: 1765428953.2514973 || MSG_MTo, MSG_MTo_START_T: 0.0, MSG_MTo_END_T: 0.0
Loaded FEMNIST test split partition_id=36 with 384 samples
Wall-clock time: 1765429011.9481452 ||Test loss: 1.2656 || Test accuracy: 0.6484 || CPU time: 8.6764 || CPU utilization: 0.2873 || R#125's duration (s): 30.1967 || Cumulative runtime (s): 4392.8166 || Loading data delay (s): 6.4093 || Eval delay (s): 0.6762 || Agg delay (s): 0.0000 || Coordination delay (s): 0.0000 || DIST task delay: 0.0000 || RECV task delay: 0.0000 || Queueing delay: 0.0000 || MSG (from mid) Ave. delay: 0.0000 || Total cache delay: 0.0000 || Ave. cache delay: 0.0000
[R#125] CUMULATIVE_RUNTIME_SEC=4392.8166
Top Aggregator Timestamps: CACHE, CACHE_START_T: 0.0, CACHE_END_T: 0.0 || AGG, AGG_START_T: 0.0, AGG_END_T: 0.0 || EVAL, EVAL_START_T: 1765429011.2719202, EVAL_END_T: 1765429011.9481206 || RECV, RECV_START_T: 0.0, RECV_END_T: 0.0 || DIST, DIST_START_T: 0.0, DIST_END_T: 0.0 || LOAD, LOAD_START_T: 1765428981.7550006, LOAD_END_T: 1765428988.1642897 || MSG_MTo, MSG_MTo_START_T: 0.0, MSG_MTo_END_T: 0.0
Loaded FEMNIST test split partition_id=19 with 377 samples
Wall-clock time: 1765429044.2103336 ||Test loss: 1.4885 || Test accuracy: 0.5995 || CPU time: 8.6012 || CPU utilization: 0.2666 || R#126's duration (s): 32.2622 || Cumulative runtime (s): 4425.0788 || Loading data delay (s): 6.7297 || Eval delay (s): 0.6523 || Agg delay (s): 0.0000 || Coordination delay (s): 0.0000 || DIST task delay: 0.0000 || RECV task delay: 0.0000 || Queueing delay: 0.0000 || MSG (from mid) Ave. delay: 0.0000 || Total cache delay: 0.0000 || Ave. cache delay: 0.0000
[R#126] CUMULATIVE_RUNTIME_SEC=4425.0788
Top Aggregator Timestamps: CACHE, CACHE_START_T: 0.0, CACHE_END_T: 0.0 || AGG, AGG_START_T: 0.0, AGG_END_T: 0.0 || EVAL, EVAL_START_T: 1765429043.557961, EVAL_END_T: 1765429044.2102902 || RECV, RECV_START_T: 0.0, RECV_END_T: 0.0 || DIST, DIST_START_T: 0.0, DIST_END_T: 0.0 || LOAD, LOAD_START_T: 1765429011.9511223, LOAD_END_T: 1765429018.6808503 || MSG_MTo, MSG_MTo_START_T: 0.0, MSG_MTo_END_T: 0.0
Loaded FEMNIST test split partition_id=58 with 346 samples
Wall-clock time: 1765429081.974718 ||Test loss: 1.2390 || Test accuracy: 0.6474 || CPU time: 7.9682 || CPU utilization: 0.2110 || R#127's duration (s): 37.7644 || Cumulative runtime (s): 4462.8432 || Loading data delay (s): 6.7048 || Eval delay (s): 0.6181 || Agg delay (s): 0.0000 || Coordination delay (s): 0.0000 || DIST task delay: 0.0000 || RECV task delay: 0.0000 || Queueing delay: 0.0000 || MSG (from mid) Ave. delay: 0.0000 || Total cache delay: 0.0000 || Ave. cache delay: 0.0000
[R#127] CUMULATIVE_RUNTIME_SEC=4462.8432
Top Aggregator Timestamps: CACHE, CACHE_START_T: 0.0, CACHE_END_T: 0.0 || AGG, AGG_START_T: 0.0, AGG_END_T: 0.0 || EVAL, EVAL_START_T: 1765429081.3566139, EVAL_END_T: 1765429081.974674 || RECV, RECV_START_T: 0.0, RECV_END_T: 0.0 || DIST, DIST_START_T: 0.0, DIST_END_T: 0.0 || LOAD, LOAD_START_T: 1765429044.2139568, LOAD_END_T: 1765429050.9187307 || MSG_MTo, MSG_MTo_START_T: 0.0, MSG_MTo_END_T: 0.0
Loaded FEMNIST test split partition_id=15 with 370 samples
Wall-clock time: 1765429108.4276462 ||Test loss: 2.1051 || Test accuracy: 0.4432 || CPU time: 8.6731 || CPU utilization: 0.3279 || R#128's duration (s): 26.4529 || Cumulative runtime (s): 4489.2961 || Loading data delay (s): 6.7330 || Eval delay (s): 0.6566 || Agg delay (s): 0.0000 || Coordination delay (s): 0.0000 || DIST task delay: 0.0000 || RECV task delay: 0.0000 || Queueing delay: 0.0000 || MSG (from mid) Ave. delay: 0.0000 || Total cache delay: 0.0000 || Ave. cache delay: 0.0000
[R#128] CUMULATIVE_RUNTIME_SEC=4489.2961
Top Aggregator Timestamps: CACHE, CACHE_START_T: 0.0, CACHE_END_T: 0.0 || AGG, AGG_START_T: 0.0, AGG_END_T: 0.0 || EVAL, EVAL_START_T: 1765429107.7709713, EVAL_END_T: 1765429108.4276187 || RECV, RECV_START_T: 0.0, RECV_END_T: 0.0 || DIST, DIST_START_T: 0.0, DIST_END_T: 0.0 || LOAD, LOAD_START_T: 1765429081.9782305, LOAD_END_T: 1765429088.7112792 || MSG_MTo, MSG_MTo_START_T: 0.0, MSG_MTo_END_T: 0.0
Loaded FEMNIST test split partition_id=40 with 375 samples
Wall-clock time: 1765429148.150526 ||Test loss: 1.0140 || Test accuracy: 0.7147 || CPU time: 8.1047 || CPU utilization: 0.2040 || R#129's duration (s): 39.7229 || Cumulative runtime (s): 4529.0190 || Loading data delay (s): 6.8127 || Eval delay (s): 0.6275 || Agg delay (s): 0.0000 || Coordination delay (s): 0.0000 || DIST task delay: 0.0000 || RECV task delay: 0.0000 || Queueing delay: 0.0000 || MSG (from mid) Ave. delay: 0.0000 || Total cache delay: 0.0000 || Ave. cache delay: 0.0000
[R#129] CUMULATIVE_RUNTIME_SEC=4529.0190
Top Aggregator Timestamps: CACHE, CACHE_START_T: 0.0, CACHE_END_T: 0.0 || AGG, AGG_START_T: 0.0, AGG_END_T: 0.0 || EVAL, EVAL_START_T: 1765429147.522985, EVAL_END_T: 1765429148.150481 || RECV, RECV_START_T: 0.0, RECV_END_T: 0.0 || DIST, DIST_START_T: 0.0, DIST_END_T: 0.0 || LOAD, LOAD_START_T: 1765429108.430777, LOAD_END_T: 1765429115.2435145 || MSG_MTo, MSG_MTo_START_T: 0.0, MSG_MTo_END_T: 0.0
Loaded FEMNIST test split partition_id=66 with 428 samples
Wall-clock time: 1765429182.5197847 ||Test loss: 1.8593 || Test accuracy: 0.5257 || CPU time: 9.9997 || CPU utilization: 0.2909 || R#130's duration (s): 34.3693 || Cumulative runtime (s): 4563.3882 || Loading data delay (s): 7.4000 || Eval delay (s): 0.7867 || Agg delay (s): 0.0000 || Coordination delay (s): 0.0000 || DIST task delay: 0.0000 || RECV task delay: 0.0000 || Queueing delay: 0.0000 || MSG (from mid) Ave. delay: 0.0000 || Total cache delay: 0.0000 || Ave. cache delay: 0.0000
[R#130] CUMULATIVE_RUNTIME_SEC=4563.3882
Top Aggregator Timestamps: CACHE, CACHE_START_T: 0.0, CACHE_END_T: 0.0 || AGG, AGG_START_T: 0.0, AGG_END_T: 0.0 || EVAL, EVAL_START_T: 1765429181.7330384, EVAL_END_T: 1765429182.5197597 || RECV, RECV_START_T: 0.0, RECV_END_T: 0.0 || DIST, DIST_START_T: 0.0, DIST_END_T: 0.0 || LOAD, LOAD_START_T: 1765429148.1544924, LOAD_END_T: 1765429155.5545022 || MSG_MTo, MSG_MTo_START_T: 0.0, MSG_MTo_END_T: 0.0
Loaded FEMNIST test split partition_id=2 with 404 samples
Wall-clock time: 1765429223.1792588 ||Test loss: 0.9535 || Test accuracy: 0.7748 || CPU time: 9.6268 || CPU utilization: 0.2368 || R#131's duration (s): 40.6595 || Cumulative runtime (s): 4604.0477 || Loading data delay (s): 8.1902 || Eval delay (s): 0.7625 || Agg delay (s): 0.0000 || Coordination delay (s): 0.0000 || DIST task delay: 0.0000 || RECV task delay: 0.0000 || Queueing delay: 0.0000 || MSG (from mid) Ave. delay: 0.0000 || Total cache delay: 0.0000 || Ave. cache delay: 0.0000
[R#131] CUMULATIVE_RUNTIME_SEC=4604.0477
Top Aggregator Timestamps: CACHE, CACHE_START_T: 0.0, CACHE_END_T: 0.0 || AGG, AGG_START_T: 0.0, AGG_END_T: 0.0 || EVAL, EVAL_START_T: 1765429222.4167407, EVAL_END_T: 1765429223.1792324 || RECV, RECV_START_T: 0.0, RECV_END_T: 0.0 || DIST, DIST_START_T: 0.0, DIST_END_T: 0.0 || LOAD, LOAD_START_T: 1765429182.5237803, LOAD_END_T: 1765429190.7140052 || MSG_MTo, MSG_MTo_START_T: 0.0, MSG_MTo_END_T: 0.0
Loaded FEMNIST test split partition_id=30 with 284 samples
Wall-clock time: 1765429267.1636887 ||Test loss: 0.7373 || Test accuracy: 0.7817 || CPU time: 7.3489 || CPU utilization: 0.1671 || R#132's duration (s): 43.9844 || Cumulative runtime (s): 4648.0321 || Loading data delay (s): 7.6697 || Eval delay (s): 0.5782 || Agg delay (s): 0.0000 || Coordination delay (s): 0.0000 || DIST task delay: 0.0000 || RECV task delay: 0.0000 || Queueing delay: 0.0000 || MSG (from mid) Ave. delay: 0.0000 || Total cache delay: 0.0000 || Ave. cache delay: 0.0000
[R#132] CUMULATIVE_RUNTIME_SEC=4648.0321
Top Aggregator Timestamps: CACHE, CACHE_START_T: 0.0, CACHE_END_T: 0.0 || AGG, AGG_START_T: 0.0, AGG_END_T: 0.0 || EVAL, EVAL_START_T: 1765429266.5854573, EVAL_END_T: 1765429267.1636636 || RECV, RECV_START_T: 0.0, RECV_END_T: 0.0 || DIST, DIST_START_T: 0.0, DIST_END_T: 0.0 || LOAD, LOAD_START_T: 1765429223.1822963, LOAD_END_T: 1765429230.8519979 || MSG_MTo, MSG_MTo_START_T: 0.0, MSG_MTo_END_T: 0.0
Loaded FEMNIST test split partition_id=63 with 413 samples
Wall-clock time: 1765429304.1329288 ||Test loss: 1.4937 || Test accuracy: 0.5496 || CPU time: 8.6407 || CPU utilization: 0.2337 || R#133's duration (s): 36.9692 || Cumulative runtime (s): 4685.0014 || Loading data delay (s): 7.3020 || Eval delay (s): 0.6561 || Agg delay (s): 0.0000 || Coordination delay (s): 0.0000 || DIST task delay: 0.0000 || RECV task delay: 0.0000 || Queueing delay: 0.0000 || MSG (from mid) Ave. delay: 0.0000 || Total cache delay: 0.0000 || Ave. cache delay: 0.0000
[R#133] CUMULATIVE_RUNTIME_SEC=4685.0014
Top Aggregator Timestamps: CACHE, CACHE_START_T: 0.0, CACHE_END_T: 0.0 || AGG, AGG_START_T: 0.0, AGG_END_T: 0.0 || EVAL, EVAL_START_T: 1765429303.4768107, EVAL_END_T: 1765429304.1328986 || RECV, RECV_START_T: 0.0, RECV_END_T: 0.0 || DIST, DIST_START_T: 0.0, DIST_END_T: 0.0 || LOAD, LOAD_START_T: 1765429267.1674507, LOAD_END_T: 1765429274.4694562 || MSG_MTo, MSG_MTo_START_T: 0.0, MSG_MTo_END_T: 0.0
Loaded FEMNIST test split partition_id=13 with 329 samples
Wall-clock time: 1765429339.2731912 ||Test loss: 0.9142 || Test accuracy: 0.7234 || CPU time: 7.6808 || CPU utilization: 0.2186 || R#134's duration (s): 35.1403 || Cumulative runtime (s): 4720.1416 || Loading data delay (s): 6.9437 || Eval delay (s): 0.6010 || Agg delay (s): 0.0000 || Coordination delay (s): 0.0000 || DIST task delay: 0.0000 || RECV task delay: 0.0000 || Queueing delay: 0.0000 || MSG (from mid) Ave. delay: 0.0000 || Total cache delay: 0.0000 || Ave. cache delay: 0.0000
[R#134] CUMULATIVE_RUNTIME_SEC=4720.1416
Top Aggregator Timestamps: CACHE, CACHE_START_T: 0.0, CACHE_END_T: 0.0 || AGG, AGG_START_T: 0.0, AGG_END_T: 0.0 || EVAL, EVAL_START_T: 1765429338.6721249, EVAL_END_T: 1765429339.2731586 || RECV, RECV_START_T: 0.0, RECV_END_T: 0.0 || DIST, DIST_START_T: 0.0, DIST_END_T: 0.0 || LOAD, LOAD_START_T: 1765429304.1360226, LOAD_END_T: 1765429311.0797431 || MSG_MTo, MSG_MTo_START_T: 0.0, MSG_MTo_END_T: 0.0
Loaded FEMNIST test split partition_id=61 with 356 samples
Wall-clock time: 1765429378.1667187 ||Test loss: 4.6301 || Test accuracy: 0.1348 || CPU time: 7.5259 || CPU utilization: 0.1935 || R#135's duration (s): 38.8935 || Cumulative runtime (s): 4759.0352 || Loading data delay (s): 7.7075 || Eval delay (s): 0.5596 || Agg delay (s): 0.0000 || Coordination delay (s): 0.0000 || DIST task delay: 0.0000 || RECV task delay: 0.0000 || Queueing delay: 0.0000 || MSG (from mid) Ave. delay: 0.0000 || Total cache delay: 0.0000 || Ave. cache delay: 0.0000
[R#135] CUMULATIVE_RUNTIME_SEC=4759.0352
Top Aggregator Timestamps: CACHE, CACHE_START_T: 0.0, CACHE_END_T: 0.0 || AGG, AGG_START_T: 0.0, AGG_END_T: 0.0 || EVAL, EVAL_START_T: 1765429377.6070437, EVAL_END_T: 1765429378.1666887 || RECV, RECV_START_T: 0.0, RECV_END_T: 0.0 || DIST, DIST_START_T: 0.0, DIST_END_T: 0.0 || LOAD, LOAD_START_T: 1765429339.276746, LOAD_END_T: 1765429346.9842386 || MSG_MTo, MSG_MTo_START_T: 0.0, MSG_MTo_END_T: 0.0
Loaded FEMNIST test split partition_id=27 with 446 samples
Wall-clock time: 1765429412.3590848 ||Test loss: 0.9432 || Test accuracy: 0.7130 || CPU time: 9.6740 || CPU utilization: 0.2829 || R#136's duration (s): 34.1924 || Cumulative runtime (s): 4793.2275 || Loading data delay (s): 7.4287 || Eval delay (s): 0.7514 || Agg delay (s): 0.0000 || Coordination delay (s): 0.0000 || DIST task delay: 0.0000 || RECV task delay: 0.0000 || Queueing delay: 0.0000 || MSG (from mid) Ave. delay: 0.0000 || Total cache delay: 0.0000 || Ave. cache delay: 0.0000
[R#136] CUMULATIVE_RUNTIME_SEC=4793.2275
Top Aggregator Timestamps: CACHE, CACHE_START_T: 0.0, CACHE_END_T: 0.0 || AGG, AGG_START_T: 0.0, AGG_END_T: 0.0 || EVAL, EVAL_START_T: 1765429411.6076603, EVAL_END_T: 1765429412.3590584 || RECV, RECV_START_T: 0.0, RECV_END_T: 0.0 || DIST, DIST_START_T: 0.0, DIST_END_T: 0.0 || LOAD, LOAD_START_T: 1765429378.1698878, LOAD_END_T: 1765429385.5986016 || MSG_MTo, MSG_MTo_START_T: 0.0, MSG_MTo_END_T: 0.0
Loaded FEMNIST test split partition_id=28 with 399 samples
Wall-clock time: 1765429454.7297292 ||Test loss: 1.2082 || Test accuracy: 0.6742 || CPU time: 9.1802 || CPU utilization: 0.2167 || R#137's duration (s): 42.3706 || Cumulative runtime (s): 4835.5982 || Loading data delay (s): 6.8745 || Eval delay (s): 0.7216 || Agg delay (s): 0.0000 || Coordination delay (s): 0.0000 || DIST task delay: 0.0000 || RECV task delay: 0.0000 || Queueing delay: 0.0000 || MSG (from mid) Ave. delay: 0.0000 || Total cache delay: 0.0000 || Ave. cache delay: 0.0000
[R#137] CUMULATIVE_RUNTIME_SEC=4835.5982
Top Aggregator Timestamps: CACHE, CACHE_START_T: 0.0, CACHE_END_T: 0.0 || AGG, AGG_START_T: 0.0, AGG_END_T: 0.0 || EVAL, EVAL_START_T: 1765429454.0081308, EVAL_END_T: 1765429454.7296999 || RECV, RECV_START_T: 0.0, RECV_END_T: 0.0 || DIST, DIST_START_T: 0.0, DIST_END_T: 0.0 || LOAD, LOAD_START_T: 1765429412.3625963, LOAD_END_T: 1765429419.2371006 || MSG_MTo, MSG_MTo_START_T: 0.0, MSG_MTo_END_T: 0.0
Loaded FEMNIST test split partition_id=62 with 390 samples
Wall-clock time: 1765429494.522605 ||Test loss: 1.2566 || Test accuracy: 0.6410 || CPU time: 8.9779 || CPU utilization: 0.2256 || R#138's duration (s): 39.7929 || Cumulative runtime (s): 4875.3911 || Loading data delay (s): 7.2348 || Eval delay (s): 0.7002 || Agg delay (s): 0.0000 || Coordination delay (s): 0.0000 || DIST task delay: 0.0000 || RECV task delay: 0.0000 || Queueing delay: 0.0000 || MSG (from mid) Ave. delay: 0.0000 || Total cache delay: 0.0000 || Ave. cache delay: 0.0000
[R#138] CUMULATIVE_RUNTIME_SEC=4875.3911
Top Aggregator Timestamps: CACHE, CACHE_START_T: 0.0, CACHE_END_T: 0.0 || AGG, AGG_START_T: 0.0, AGG_END_T: 0.0 || EVAL, EVAL_START_T: 1765429493.822428, EVAL_END_T: 1765429494.5225823 || RECV, RECV_START_T: 0.0, RECV_END_T: 0.0 || DIST, DIST_START_T: 0.0, DIST_END_T: 0.0 || LOAD, LOAD_START_T: 1765429454.7334626, LOAD_END_T: 1765429461.9682312 || MSG_MTo, MSG_MTo_START_T: 0.0, MSG_MTo_END_T: 0.0
Loaded FEMNIST test split partition_id=27 with 446 samples
Wall-clock time: 1765429522.5492547 ||Test loss: 0.8220 || Test accuracy: 0.7444 || CPU time: 9.6181 || CPU utilization: 0.3432 || R#139's duration (s): 28.0266 || Cumulative runtime (s): 4903.4177 || Loading data delay (s): 7.5551 || Eval delay (s): 0.7450 || Agg delay (s): 0.0000 || Coordination delay (s): 0.0000 || DIST task delay: 0.0000 || RECV task delay: 0.0000 || Queueing delay: 0.0000 || MSG (from mid) Ave. delay: 0.0000 || Total cache delay: 0.0000 || Ave. cache delay: 0.0000
[R#139] CUMULATIVE_RUNTIME_SEC=4903.4177
Top Aggregator Timestamps: CACHE, CACHE_START_T: 0.0, CACHE_END_T: 0.0 || AGG, AGG_START_T: 0.0, AGG_END_T: 0.0 || EVAL, EVAL_START_T: 1765429521.8042033, EVAL_END_T: 1765429522.5492036 || RECV, RECV_START_T: 0.0, RECV_END_T: 0.0 || DIST, DIST_START_T: 0.0, DIST_END_T: 0.0 || LOAD, LOAD_START_T: 1765429494.526023, LOAD_END_T: 1765429502.0810773 || MSG_MTo, MSG_MTo_START_T: 0.0, MSG_MTo_END_T: 0.0
Loaded FEMNIST test split partition_id=47 with 395 samples
Wall-clock time: 1765429548.815646 ||Test loss: 1.0963 || Test accuracy: 0.6810 || CPU time: 9.0073 || CPU utilization: 0.3429 || R#140's duration (s): 26.2664 || Cumulative runtime (s): 4929.6841 || Loading data delay (s): 7.2971 || Eval delay (s): 0.6765 || Agg delay (s): 0.0000 || Coordination delay (s): 0.0000 || DIST task delay: 0.0000 || RECV task delay: 0.0000 || Queueing delay: 0.0000 || MSG (from mid) Ave. delay: 0.0000 || Total cache delay: 0.0000 || Ave. cache delay: 0.0000
[R#140] CUMULATIVE_RUNTIME_SEC=4929.6841
Top Aggregator Timestamps: CACHE, CACHE_START_T: 0.0, CACHE_END_T: 0.0 || AGG, AGG_START_T: 0.0, AGG_END_T: 0.0 || EVAL, EVAL_START_T: 1765429548.1391315, EVAL_END_T: 1765429548.8156211 || RECV, RECV_START_T: 0.0, RECV_END_T: 0.0 || DIST, DIST_START_T: 0.0, DIST_END_T: 0.0 || LOAD, LOAD_START_T: 1765429522.5536416, LOAD_END_T: 1765429529.850697 || MSG_MTo, MSG_MTo_START_T: 0.0, MSG_MTo_END_T: 0.0
Loaded FEMNIST test split partition_id=48 with 131 samples
Wall-clock time: 1765429582.320193 ||Test loss: 5.8122 || Test accuracy: 0.1527 || CPU time: 3.7107 || CPU utilization: 0.1108 || R#141's duration (s): 33.5045 || Cumulative runtime (s): 4963.1886 || Loading data delay (s): 6.5176 || Eval delay (s): 0.2749 || Agg delay (s): 0.0000 || Coordination delay (s): 0.0000 || DIST task delay: 0.0000 || RECV task delay: 0.0000 || Queueing delay: 0.0000 || MSG (from mid) Ave. delay: 0.0000 || Total cache delay: 0.0000 || Ave. cache delay: 0.0000
[R#141] CUMULATIVE_RUNTIME_SEC=4963.1886
Top Aggregator Timestamps: CACHE, CACHE_START_T: 0.0, CACHE_END_T: 0.0 || AGG, AGG_START_T: 0.0, AGG_END_T: 0.0 || EVAL, EVAL_START_T: 1765429582.0452666, EVAL_END_T: 1765429582.3201406 || RECV, RECV_START_T: 0.0, RECV_END_T: 0.0 || DIST, DIST_START_T: 0.0, DIST_END_T: 0.0 || LOAD, LOAD_START_T: 1765429548.818848, LOAD_END_T: 1765429555.336405 || MSG_MTo, MSG_MTo_START_T: 0.0, MSG_MTo_END_T: 0.0
Loaded FEMNIST test split partition_id=42 with 330 samples
Wall-clock time: 1765429622.3253562 ||Test loss: 1.3533 || Test accuracy: 0.6091 || CPU time: 7.6076 || CPU utilization: 0.1902 || R#142's duration (s): 40.0052 || Cumulative runtime (s): 5003.1938 || Loading data delay (s): 6.8155 || Eval delay (s): 0.5939 || Agg delay (s): 0.0000 || Coordination delay (s): 0.0000 || DIST task delay: 0.0000 || RECV task delay: 0.0000 || Queueing delay: 0.0000 || MSG (from mid) Ave. delay: 0.0000 || Total cache delay: 0.0000 || Ave. cache delay: 0.0000
[R#142] CUMULATIVE_RUNTIME_SEC=5003.1938
Top Aggregator Timestamps: CACHE, CACHE_START_T: 0.0, CACHE_END_T: 0.0 || AGG, AGG_START_T: 0.0, AGG_END_T: 0.0 || EVAL, EVAL_START_T: 1765429621.73145, EVAL_END_T: 1765429622.3253272 || RECV, RECV_START_T: 0.0, RECV_END_T: 0.0 || DIST, DIST_START_T: 0.0, DIST_END_T: 0.0 || LOAD, LOAD_START_T: 1765429582.3245702, LOAD_END_T: 1765429589.1400356 || MSG_MTo, MSG_MTo_START_T: 0.0, MSG_MTo_END_T: 0.0
Loaded FEMNIST test split partition_id=40 with 375 samples
Wall-clock time: 1765429653.0691948 ||Test loss: 1.2417 || Test accuracy: 0.6293 || CPU time: 8.7184 || CPU utilization: 0.2836 || R#143's duration (s): 30.7438 || Cumulative runtime (s): 5033.9376 || Loading data delay (s): 6.6780 || Eval delay (s): 0.6691 || Agg delay (s): 0.0000 || Coordination delay (s): 0.0000 || DIST task delay: 0.0000 || RECV task delay: 0.0000 || Queueing delay: 0.0000 || MSG (from mid) Ave. delay: 0.0000 || Total cache delay: 0.0000 || Ave. cache delay: 0.0000
[R#143] CUMULATIVE_RUNTIME_SEC=5033.9376
Top Aggregator Timestamps: CACHE, CACHE_START_T: 0.0, CACHE_END_T: 0.0 || AGG, AGG_START_T: 0.0, AGG_END_T: 0.0 || EVAL, EVAL_START_T: 1765429652.4000816, EVAL_END_T: 1765429653.0691538 || RECV, RECV_START_T: 0.0, RECV_END_T: 0.0 || DIST, DIST_START_T: 0.0, DIST_END_T: 0.0 || LOAD, LOAD_START_T: 1765429622.3284736, LOAD_END_T: 1765429629.0064862 || MSG_MTo, MSG_MTo_START_T: 0.0, MSG_MTo_END_T: 0.0
Loaded FEMNIST test split partition_id=26 with 363 samples
Wall-clock time: 1765429689.8124747 ||Test loss: 0.8425 || Test accuracy: 0.7273 || CPU time: 8.4616 || CPU utilization: 0.2303 || R#144's duration (s): 36.7433 || Cumulative runtime (s): 5070.6809 || Loading data delay (s): 6.6182 || Eval delay (s): 0.6646 || Agg delay (s): 0.0000 || Coordination delay (s): 0.0000 || DIST task delay: 0.0000 || RECV task delay: 0.0000 || Queueing delay: 0.0000 || MSG (from mid) Ave. delay: 0.0000 || Total cache delay: 0.0000 || Ave. cache delay: 0.0000
[R#144] CUMULATIVE_RUNTIME_SEC=5070.6809
Top Aggregator Timestamps: CACHE, CACHE_START_T: 0.0, CACHE_END_T: 0.0 || AGG, AGG_START_T: 0.0, AGG_END_T: 0.0 || EVAL, EVAL_START_T: 1765429689.1478412, EVAL_END_T: 1765429689.8124309 || RECV, RECV_START_T: 0.0, RECV_END_T: 0.0 || DIST, DIST_START_T: 0.0, DIST_END_T: 0.0 || LOAD, LOAD_START_T: 1765429653.072901, LOAD_END_T: 1765429659.691053 || MSG_MTo, MSG_MTo_START_T: 0.0, MSG_MTo_END_T: 0.0
Loaded FEMNIST test split partition_id=28 with 399 samples
Wall-clock time: 1765429717.2348878 ||Test loss: 0.7092 || Test accuracy: 0.8070 || CPU time: 8.7901 || CPU utilization: 0.3205 || R#145's duration (s): 27.4224 || Cumulative runtime (s): 5098.1033 || Loading data delay (s): 7.0563 || Eval delay (s): 0.7050 || Agg delay (s): 0.0000 || Coordination delay (s): 0.0000 || DIST task delay: 0.0000 || RECV task delay: 0.0000 || Queueing delay: 0.0000 || MSG (from mid) Ave. delay: 0.0000 || Total cache delay: 0.0000 || Ave. cache delay: 0.0000
[R#145] CUMULATIVE_RUNTIME_SEC=5098.1033
Top Aggregator Timestamps: CACHE, CACHE_START_T: 0.0, CACHE_END_T: 0.0 || AGG, AGG_START_T: 0.0, AGG_END_T: 0.0 || EVAL, EVAL_START_T: 1765429716.5298731, EVAL_END_T: 1765429717.2348633 || RECV, RECV_START_T: 0.0, RECV_END_T: 0.0 || DIST, DIST_START_T: 0.0, DIST_END_T: 0.0 || LOAD, LOAD_START_T: 1765429689.816313, LOAD_END_T: 1765429696.8725784 || MSG_MTo, MSG_MTo_START_T: 0.0, MSG_MTo_END_T: 0.0
Loaded FEMNIST test split partition_id=3 with 397 samples
Wall-clock time: 1765429740.5290914 ||Test loss: 1.3375 || Test accuracy: 0.6222 || CPU time: 8.4738 || CPU utilization: 0.3638 || R#146's duration (s): 23.2942 || Cumulative runtime (s): 5121.3975 || Loading data delay (s): 6.4591 || Eval delay (s): 0.6467 || Agg delay (s): 0.0000 || Coordination delay (s): 0.0000 || DIST task delay: 0.0000 || RECV task delay: 0.0000 || Queueing delay: 0.0000 || MSG (from mid) Ave. delay: 0.0000 || Total cache delay: 0.0000 || Ave. cache delay: 0.0000
[R#146] CUMULATIVE_RUNTIME_SEC=5121.3975
Top Aggregator Timestamps: CACHE, CACHE_START_T: 0.0, CACHE_END_T: 0.0 || AGG, AGG_START_T: 0.0, AGG_END_T: 0.0 || EVAL, EVAL_START_T: 1765429739.882378, EVAL_END_T: 1765429740.529058 || RECV, RECV_START_T: 0.0, RECV_END_T: 0.0 || DIST, DIST_START_T: 0.0, DIST_END_T: 0.0 || LOAD, LOAD_START_T: 1765429717.2380097, LOAD_END_T: 1765429723.6971502 || MSG_MTo, MSG_MTo_START_T: 0.0, MSG_MTo_END_T: 0.0
Loaded FEMNIST test split partition_id=36 with 384 samples
Wall-clock time: 1765429773.0094223 ||Test loss: 1.1604 || Test accuracy: 0.6823 || CPU time: 8.1393 || CPU utilization: 0.2506 || R#147's duration (s): 32.4803 || Cumulative runtime (s): 5153.8779 || Loading data delay (s): 6.7482 || Eval delay (s): 0.6336 || Agg delay (s): 0.0000 || Coordination delay (s): 0.0000 || DIST task delay: 0.0000 || RECV task delay: 0.0000 || Queueing delay: 0.0000 || MSG (from mid) Ave. delay: 0.0000 || Total cache delay: 0.0000 || Ave. cache delay: 0.0000
[R#147] CUMULATIVE_RUNTIME_SEC=5153.8779
Top Aggregator Timestamps: CACHE, CACHE_START_T: 0.0, CACHE_END_T: 0.0 || AGG, AGG_START_T: 0.0, AGG_END_T: 0.0 || EVAL, EVAL_START_T: 1765429772.3757484, EVAL_END_T: 1765429773.00939 || RECV, RECV_START_T: 0.0, RECV_END_T: 0.0 || DIST, DIST_START_T: 0.0, DIST_END_T: 0.0 || LOAD, LOAD_START_T: 1765429740.531886, LOAD_END_T: 1765429747.2801178 || MSG_MTo, MSG_MTo_START_T: 0.0, MSG_MTo_END_T: 0.0
Loaded FEMNIST test split partition_id=63 with 413 samples
Wall-clock time: 1765429807.6470616 ||Test loss: 0.8267 || Test accuracy: 0.7530 || CPU time: 8.6871 || CPU utilization: 0.2508 || R#148's duration (s): 34.6376 || Cumulative runtime (s): 5188.5155 || Loading data delay (s): 6.3356 || Eval delay (s): 0.6749 || Agg delay (s): 0.0000 || Coordination delay (s): 0.0000 || DIST task delay: 0.0000 || RECV task delay: 0.0000 || Queueing delay: 0.0000 || MSG (from mid) Ave. delay: 0.0000 || Total cache delay: 0.0000 || Ave. cache delay: 0.0000
[R#148] CUMULATIVE_RUNTIME_SEC=5188.5155
Top Aggregator Timestamps: CACHE, CACHE_START_T: 0.0, CACHE_END_T: 0.0 || AGG, AGG_START_T: 0.0, AGG_END_T: 0.0 || EVAL, EVAL_START_T: 1765429806.9721456, EVAL_END_T: 1765429807.6470335 || RECV, RECV_START_T: 0.0, RECV_END_T: 0.0 || DIST, DIST_START_T: 0.0, DIST_END_T: 0.0 || LOAD, LOAD_START_T: 1765429773.012343, LOAD_END_T: 1765429779.3479593 || MSG_MTo, MSG_MTo_START_T: 0.0, MSG_MTo_END_T: 0.0
Loaded FEMNIST test split partition_id=32 with 278 samples
Wall-clock time: 1765429844.9155807 ||Test loss: 0.8709 || Test accuracy: 0.7410 || CPU time: 6.2664 || CPU utilization: 0.1681 || R#149's duration (s): 37.2685 || Cumulative runtime (s): 5225.7840 || Loading data delay (s): 6.5171 || Eval delay (s): 0.4763 || Agg delay (s): 0.0000 || Coordination delay (s): 0.0000 || DIST task delay: 0.0000 || RECV task delay: 0.0000 || Queueing delay: 0.0000 || MSG (from mid) Ave. delay: 0.0000 || Total cache delay: 0.0000 || Ave. cache delay: 0.0000
[R#149] CUMULATIVE_RUNTIME_SEC=5225.7840
Top Aggregator Timestamps: CACHE, CACHE_START_T: 0.0, CACHE_END_T: 0.0 || AGG, AGG_START_T: 0.0, AGG_END_T: 0.0 || EVAL, EVAL_START_T: 1765429844.4392288, EVAL_END_T: 1765429844.9155486 || RECV, RECV_START_T: 0.0, RECV_END_T: 0.0 || DIST, DIST_START_T: 0.0, DIST_END_T: 0.0 || LOAD, LOAD_START_T: 1765429807.6498375, LOAD_END_T: 1765429814.1668994 || MSG_MTo, MSG_MTo_START_T: 0.0, MSG_MTo_END_T: 0.0
Loaded FEMNIST test split partition_id=31 with 407 samples
Wall-clock time: 1765429880.4557176 ||Test loss: 1.2907 || Test accuracy: 0.6265 || CPU time: 8.4269 || CPU utilization: 0.2371 || R#150's duration (s): 35.5401 || Cumulative runtime (s): 5261.3242 || Loading data delay (s): 6.2199 || Eval delay (s): 0.6462 || Agg delay (s): 0.0000 || Coordination delay (s): 0.0000 || DIST task delay: 0.0000 || RECV task delay: 0.0000 || Queueing delay: 0.0000 || MSG (from mid) Ave. delay: 0.0000 || Total cache delay: 0.0000 || Ave. cache delay: 0.0000
[R#150] CUMULATIVE_RUNTIME_SEC=5261.3242
Top Aggregator Timestamps: CACHE, CACHE_START_T: 0.0, CACHE_END_T: 0.0 || AGG, AGG_START_T: 0.0, AGG_END_T: 0.0 || EVAL, EVAL_START_T: 1765429879.8095267, EVAL_END_T: 1765429880.4556956 || RECV, RECV_START_T: 0.0, RECV_END_T: 0.0 || DIST, DIST_START_T: 0.0, DIST_END_T: 0.0 || LOAD, LOAD_START_T: 1765429844.918393, LOAD_END_T: 1765429851.1383362 || MSG_MTo, MSG_MTo_START_T: 0.0, MSG_MTo_END_T: 0.0
Loaded FEMNIST test split partition_id=3 with 397 samples
Wall-clock time: 1765429917.313552 ||Test loss: 0.6727 || Test accuracy: 0.8086 || CPU time: 7.6981 || CPU utilization: 0.2089 || R#151's duration (s): 36.8578 || Cumulative runtime (s): 5298.1820 || Loading data delay (s): 6.4473 || Eval delay (s): 0.5894 || Agg delay (s): 0.0000 || Coordination delay (s): 0.0000 || DIST task delay: 0.0000 || RECV task delay: 0.0000 || Queueing delay: 0.0000 || MSG (from mid) Ave. delay: 0.0000 || Total cache delay: 0.0000 || Ave. cache delay: 0.0000
[R#151] CUMULATIVE_RUNTIME_SEC=5298.1820
Top Aggregator Timestamps: CACHE, CACHE_START_T: 0.0, CACHE_END_T: 0.0 || AGG, AGG_START_T: 0.0, AGG_END_T: 0.0 || EVAL, EVAL_START_T: 1765429916.7241387, EVAL_END_T: 1765429917.3135254 || RECV, RECV_START_T: 0.0, RECV_END_T: 0.0 || DIST, DIST_START_T: 0.0, DIST_END_T: 0.0 || LOAD, LOAD_START_T: 1765429880.4585526, LOAD_END_T: 1765429886.9058845 || MSG_MTo, MSG_MTo_START_T: 0.0, MSG_MTo_END_T: 0.0
Loaded FEMNIST test split partition_id=66 with 428 samples
Wall-clock time: 1765429950.3544617 ||Test loss: 1.1417 || Test accuracy: 0.6542 || CPU time: 9.3002 || CPU utilization: 0.2815 || R#152's duration (s): 33.0409 || Cumulative runtime (s): 5331.2229 || Loading data delay (s): 6.7256 || Eval delay (s): 0.7429 || Agg delay (s): 0.0000 || Coordination delay (s): 0.0000 || DIST task delay: 0.0000 || RECV task delay: 0.0000 || Queueing delay: 0.0000 || MSG (from mid) Ave. delay: 0.0000 || Total cache delay: 0.0000 || Ave. cache delay: 0.0000
[R#152] CUMULATIVE_RUNTIME_SEC=5331.2229
Top Aggregator Timestamps: CACHE, CACHE_START_T: 0.0, CACHE_END_T: 0.0 || AGG, AGG_START_T: 0.0, AGG_END_T: 0.0 || EVAL, EVAL_START_T: 1765429949.611525, EVAL_END_T: 1765429950.3544343 || RECV, RECV_START_T: 0.0, RECV_END_T: 0.0 || DIST, DIST_START_T: 0.0, DIST_END_T: 0.0 || LOAD, LOAD_START_T: 1765429917.3163395, LOAD_END_T: 1765429924.041943 || MSG_MTo, MSG_MTo_START_T: 0.0, MSG_MTo_END_T: 0.0
Loaded FEMNIST test split partition_id=61 with 356 samples
Wall-clock time: 1765429984.1207504 ||Test loss: 3.2180 || Test accuracy: 0.3511 || CPU time: 7.4383 || CPU utilization: 0.2203 || R#153's duration (s): 33.7663 || Cumulative runtime (s): 5364.9892 || Loading data delay (s): 6.7162 || Eval delay (s): 0.5673 || Agg delay (s): 0.0000 || Coordination delay (s): 0.0000 || DIST task delay: 0.0000 || RECV task delay: 0.0000 || Queueing delay: 0.0000 || MSG (from mid) Ave. delay: 0.0000 || Total cache delay: 0.0000 || Ave. cache delay: 0.0000
[R#153] CUMULATIVE_RUNTIME_SEC=5364.9892
Top Aggregator Timestamps: CACHE, CACHE_START_T: 0.0, CACHE_END_T: 0.0 || AGG, AGG_START_T: 0.0, AGG_END_T: 0.0 || EVAL, EVAL_START_T: 1765429983.5533948, EVAL_END_T: 1765429984.1207235 || RECV, RECV_START_T: 0.0, RECV_END_T: 0.0 || DIST, DIST_START_T: 0.0, DIST_END_T: 0.0 || LOAD, LOAD_START_T: 1765429950.357573, LOAD_END_T: 1765429957.0737724 || MSG_MTo, MSG_MTo_START_T: 0.0, MSG_MTo_END_T: 0.0
Loaded FEMNIST test split partition_id=31 with 407 samples
Wall-clock time: 1765430013.7805655 ||Test loss: 1.0443 || Test accuracy: 0.6880 || CPU time: 8.9637 || CPU utilization: 0.3022 || R#154's duration (s): 29.6598 || Cumulative runtime (s): 5394.6490 || Loading data delay (s): 6.9870 || Eval delay (s): 0.6984 || Agg delay (s): 0.0000 || Coordination delay (s): 0.0000 || DIST task delay: 0.0000 || RECV task delay: 0.0000 || Queueing delay: 0.0000 || MSG (from mid) Ave. delay: 0.0000 || Total cache delay: 0.0000 || Ave. cache delay: 0.0000
[R#154] CUMULATIVE_RUNTIME_SEC=5394.6490
Top Aggregator Timestamps: CACHE, CACHE_START_T: 0.0, CACHE_END_T: 0.0 || AGG, AGG_START_T: 0.0, AGG_END_T: 0.0 || EVAL, EVAL_START_T: 1765430013.082117, EVAL_END_T: 1765430013.780535 || RECV, RECV_START_T: 0.0, RECV_END_T: 0.0 || DIST, DIST_START_T: 0.0, DIST_END_T: 0.0 || LOAD, LOAD_START_T: 1765429984.123637, LOAD_END_T: 1765429991.1106474 || MSG_MTo, MSG_MTo_START_T: 0.0, MSG_MTo_END_T: 0.0
Loaded FEMNIST test split partition_id=64 with 355 samples
Wall-clock time: 1765430047.202122 ||Test loss: 2.3581 || Test accuracy: 0.4423 || CPU time: 7.7378 || CPU utilization: 0.2315 || R#155's duration (s): 33.4216 || Cumulative runtime (s): 5428.0706 || Loading data delay (s): 6.7315 || Eval delay (s): 0.5912 || Agg delay (s): 0.0000 || Coordination delay (s): 0.0000 || DIST task delay: 0.0000 || RECV task delay: 0.0000 || Queueing delay: 0.0000 || MSG (from mid) Ave. delay: 0.0000 || Total cache delay: 0.0000 || Ave. cache delay: 0.0000
[R#155] CUMULATIVE_RUNTIME_SEC=5428.0706
Top Aggregator Timestamps: CACHE, CACHE_START_T: 0.0, CACHE_END_T: 0.0 || AGG, AGG_START_T: 0.0, AGG_END_T: 0.0 || EVAL, EVAL_START_T: 1765430046.6108694, EVAL_END_T: 1765430047.2021022 || RECV, RECV_START_T: 0.0, RECV_END_T: 0.0 || DIST, DIST_START_T: 0.0, DIST_END_T: 0.0 || LOAD, LOAD_START_T: 1765430013.7836666, LOAD_END_T: 1765430020.515198 || MSG_MTo, MSG_MTo_START_T: 0.0, MSG_MTo_END_T: 0.0
Loaded FEMNIST test split partition_id=67 with 253 samples
Wall-clock time: 1765430083.6532693 ||Test loss: 1.5823 || Test accuracy: 0.5375 || CPU time: 5.8303 || CPU utilization: 0.1599 || R#156's duration (s): 36.4511 || Cumulative runtime (s): 5464.5217 || Loading data delay (s): 6.6480 || Eval delay (s): 0.4537 || Agg delay (s): 0.0000 || Coordination delay (s): 0.0000 || DIST task delay: 0.0000 || RECV task delay: 0.0000 || Queueing delay: 0.0000 || MSG (from mid) Ave. delay: 0.0000 || Total cache delay: 0.0000 || Ave. cache delay: 0.0000
[R#156] CUMULATIVE_RUNTIME_SEC=5464.5217
Top Aggregator Timestamps: CACHE, CACHE_START_T: 0.0, CACHE_END_T: 0.0 || AGG, AGG_START_T: 0.0, AGG_END_T: 0.0 || EVAL, EVAL_START_T: 1765430083.1995697, EVAL_END_T: 1765430083.6532373 || RECV, RECV_START_T: 0.0, RECV_END_T: 0.0 || DIST, DIST_START_T: 0.0, DIST_END_T: 0.0 || LOAD, LOAD_START_T: 1765430047.2049994, LOAD_END_T: 1765430053.8529537 || MSG_MTo, MSG_MTo_START_T: 0.0, MSG_MTo_END_T: 0.0
Loaded FEMNIST test split partition_id=16 with 312 samples
Wall-clock time: 1765430111.358508 ||Test loss: 1.5750 || Test accuracy: 0.5256 || CPU time: 7.1067 || CPU utilization: 0.2565 || R#157's duration (s): 27.7052 || Cumulative runtime (s): 5492.2270 || Loading data delay (s): 7.1460 || Eval delay (s): 0.5606 || Agg delay (s): 0.0000 || Coordination delay (s): 0.0000 || DIST task delay: 0.0000 || RECV task delay: 0.0000 || Queueing delay: 0.0000 || MSG (from mid) Ave. delay: 0.0000 || Total cache delay: 0.0000 || Ave. cache delay: 0.0000
[R#157] CUMULATIVE_RUNTIME_SEC=5492.2270
Top Aggregator Timestamps: CACHE, CACHE_START_T: 0.0, CACHE_END_T: 0.0 || AGG, AGG_START_T: 0.0, AGG_END_T: 0.0 || EVAL, EVAL_START_T: 1765430110.7979195, EVAL_END_T: 1765430111.3584735 || RECV, RECV_START_T: 0.0, RECV_END_T: 0.0 || DIST, DIST_START_T: 0.0, DIST_END_T: 0.0 || LOAD, LOAD_START_T: 1765430083.6561873, LOAD_END_T: 1765430090.8021505 || MSG_MTo, MSG_MTo_START_T: 0.0, MSG_MTo_END_T: 0.0
Loaded FEMNIST test split partition_id=26 with 363 samples
Wall-clock time: 1765430145.7640235 ||Test loss: 1.3564 || Test accuracy: 0.6446 || CPU time: 7.9191 || CPU utilization: 0.2302 || R#158's duration (s): 34.4055 || Cumulative runtime (s): 5526.6325 || Loading data delay (s): 6.8143 || Eval delay (s): 0.6084 || Agg delay (s): 0.0000 || Coordination delay (s): 0.0000 || DIST task delay: 0.0000 || RECV task delay: 0.0000 || Queueing delay: 0.0000 || MSG (from mid) Ave. delay: 0.0000 || Total cache delay: 0.0000 || Ave. cache delay: 0.0000
[R#158] CUMULATIVE_RUNTIME_SEC=5526.6325
Top Aggregator Timestamps: CACHE, CACHE_START_T: 0.0, CACHE_END_T: 0.0 || AGG, AGG_START_T: 0.0, AGG_END_T: 0.0 || EVAL, EVAL_START_T: 1765430145.155543, EVAL_END_T: 1765430145.763992 || RECV, RECV_START_T: 0.0, RECV_END_T: 0.0 || DIST, DIST_START_T: 0.0, DIST_END_T: 0.0 || LOAD, LOAD_START_T: 1765430111.3621085, LOAD_END_T: 1765430118.1763763 || MSG_MTo, MSG_MTo_START_T: 0.0, MSG_MTo_END_T: 0.0
Loaded FEMNIST test split partition_id=61 with 356 samples
Wall-clock time: 1765430180.20918 ||Test loss: 2.6514 || Test accuracy: 0.2753 || CPU time: 7.4787 || CPU utilization: 0.2171 || R#159's duration (s): 34.4452 || Cumulative runtime (s): 5561.0776 || Loading data delay (s): 7.0750 || Eval delay (s): 0.5767 || Agg delay (s): 0.0000 || Coordination delay (s): 0.0000 || DIST task delay: 0.0000 || RECV task delay: 0.0000 || Queueing delay: 0.0000 || MSG (from mid) Ave. delay: 0.0000 || Total cache delay: 0.0000 || Ave. cache delay: 0.0000
[R#159] CUMULATIVE_RUNTIME_SEC=5561.0776
Top Aggregator Timestamps: CACHE, CACHE_START_T: 0.0, CACHE_END_T: 0.0 || AGG, AGG_START_T: 0.0, AGG_END_T: 0.0 || EVAL, EVAL_START_T: 1765430179.6324246, EVAL_END_T: 1765430180.2091453 || RECV, RECV_START_T: 0.0, RECV_END_T: 0.0 || DIST, DIST_START_T: 0.0, DIST_END_T: 0.0 || LOAD, LOAD_START_T: 1765430145.7668016, LOAD_END_T: 1765430152.8418207 || MSG_MTo, MSG_MTo_START_T: 0.0, MSG_MTo_END_T: 0.0
Loaded FEMNIST test split partition_id=23 with 418 samples
Wall-clock time: 1765430219.1609929 ||Test loss: 0.7217 || Test accuracy: 0.7488 || CPU time: 9.2308 || CPU utilization: 0.2370 || R#160's duration (s): 38.9518 || Cumulative runtime (s): 5600.0294 || Loading data delay (s): 6.2704 || Eval delay (s): 0.7373 || Agg delay (s): 0.0000 || Coordination delay (s): 0.0000 || DIST task delay: 0.0000 || RECV task delay: 0.0000 || Queueing delay: 0.0000 || MSG (from mid) Ave. delay: 0.0000 || Total cache delay: 0.0000 || Ave. cache delay: 0.0000
[R#160] CUMULATIVE_RUNTIME_SEC=5600.0294
Top Aggregator Timestamps: CACHE, CACHE_START_T: 0.0, CACHE_END_T: 0.0 || AGG, AGG_START_T: 0.0, AGG_END_T: 0.0 || EVAL, EVAL_START_T: 1765430218.4236267, EVAL_END_T: 1765430219.1609695 || RECV, RECV_START_T: 0.0, RECV_END_T: 0.0 || DIST, DIST_START_T: 0.0, DIST_END_T: 0.0 || LOAD, LOAD_START_T: 1765430180.2124834, LOAD_END_T: 1765430186.4829242 || MSG_MTo, MSG_MTo_START_T: 0.0, MSG_MTo_END_T: 0.0
Loaded FEMNIST test split partition_id=3 with 397 samples
Wall-clock time: 1765430247.6535394 ||Test loss: 0.8294 || Test accuracy: 0.7531 || CPU time: 8.0107 || CPU utilization: 0.2811 || R#161's duration (s): 28.4925 || Cumulative runtime (s): 5628.5220 || Loading data delay (s): 6.5227 || Eval delay (s): 0.6154 || Agg delay (s): 0.0000 || Coordination delay (s): 0.0000 || DIST task delay: 0.0000 || RECV task delay: 0.0000 || Queueing delay: 0.0000 || MSG (from mid) Ave. delay: 0.0000 || Total cache delay: 0.0000 || Ave. cache delay: 0.0000
[R#161] CUMULATIVE_RUNTIME_SEC=5628.5220
Top Aggregator Timestamps: CACHE, CACHE_START_T: 0.0, CACHE_END_T: 0.0 || AGG, AGG_START_T: 0.0, AGG_END_T: 0.0 || EVAL, EVAL_START_T: 1765430247.038069, EVAL_END_T: 1765430247.6535137 || RECV, RECV_START_T: 0.0, RECV_END_T: 0.0 || DIST, DIST_START_T: 0.0, DIST_END_T: 0.0 || LOAD, LOAD_START_T: 1765430219.1639318, LOAD_END_T: 1765430225.6866467 || MSG_MTo, MSG_MTo_START_T: 0.0, MSG_MTo_END_T: 0.0
Loaded FEMNIST test split partition_id=4 with 315 samples
Wall-clock time: 1765430286.9483185 ||Test loss: 0.9817 || Test accuracy: 0.7238 || CPU time: 6.3465 || CPU utilization: 0.1615 || R#162's duration (s): 39.2948 || Cumulative runtime (s): 5667.8168 || Loading data delay (s): 7.0625 || Eval delay (s): 0.4695 || Agg delay (s): 0.0000 || Coordination delay (s): 0.0000 || DIST task delay: 0.0000 || RECV task delay: 0.0000 || Queueing delay: 0.0000 || MSG (from mid) Ave. delay: 0.0000 || Total cache delay: 0.0000 || Ave. cache delay: 0.0000
[R#162] CUMULATIVE_RUNTIME_SEC=5667.8168
Top Aggregator Timestamps: CACHE, CACHE_START_T: 0.0, CACHE_END_T: 0.0 || AGG, AGG_START_T: 0.0, AGG_END_T: 0.0 || EVAL, EVAL_START_T: 1765430286.4787478, EVAL_END_T: 1765430286.9482963 || RECV, RECV_START_T: 0.0, RECV_END_T: 0.0 || DIST, DIST_START_T: 0.0, DIST_END_T: 0.0 || LOAD, LOAD_START_T: 1765430247.6565094, LOAD_END_T: 1765430254.7190158 || MSG_MTo, MSG_MTo_START_T: 0.0, MSG_MTo_END_T: 0.0
Loaded FEMNIST test split partition_id=6 with 380 samples
Wall-clock time: 1765430316.7890837 ||Test loss: 0.9720 || Test accuracy: 0.7000 || CPU time: 8.0925 || CPU utilization: 0.2712 || R#163's duration (s): 29.8408 || Cumulative runtime (s): 5697.6575 || Loading data delay (s): 6.5031 || Eval delay (s): 0.6249 || Agg delay (s): 0.0000 || Coordination delay (s): 0.0000 || DIST task delay: 0.0000 || RECV task delay: 0.0000 || Queueing delay: 0.0000 || MSG (from mid) Ave. delay: 0.0000 || Total cache delay: 0.0000 || Ave. cache delay: 0.0000
[R#163] CUMULATIVE_RUNTIME_SEC=5697.6575
Top Aggregator Timestamps: CACHE, CACHE_START_T: 0.0, CACHE_END_T: 0.0 || AGG, AGG_START_T: 0.0, AGG_END_T: 0.0 || EVAL, EVAL_START_T: 1765430316.1641912, EVAL_END_T: 1765430316.7890573 || RECV, RECV_START_T: 0.0, RECV_END_T: 0.0 || DIST, DIST_START_T: 0.0, DIST_END_T: 0.0 || LOAD, LOAD_START_T: 1765430286.9510484, LOAD_END_T: 1765430293.4541252 || MSG_MTo, MSG_MTo_START_T: 0.0, MSG_MTo_END_T: 0.0
Loaded FEMNIST test split partition_id=4 with 315 samples
Wall-clock time: 1765430347.3117437 ||Test loss: 1.9183 || Test accuracy: 0.4921 || CPU time: 6.8889 || CPU utilization: 0.2257 || R#164's duration (s): 30.5227 || Cumulative runtime (s): 5728.1802 || Loading data delay (s): 6.5332 || Eval delay (s): 0.5343 || Agg delay (s): 0.0000 || Coordination delay (s): 0.0000 || DIST task delay: 0.0000 || RECV task delay: 0.0000 || Queueing delay: 0.0000 || MSG (from mid) Ave. delay: 0.0000 || Total cache delay: 0.0000 || Ave. cache delay: 0.0000
[R#164] CUMULATIVE_RUNTIME_SEC=5728.1802
Top Aggregator Timestamps: CACHE, CACHE_START_T: 0.0, CACHE_END_T: 0.0 || AGG, AGG_START_T: 0.0, AGG_END_T: 0.0 || EVAL, EVAL_START_T: 1765430346.7774057, EVAL_END_T: 1765430347.3117204 || RECV, RECV_START_T: 0.0, RECV_END_T: 0.0 || DIST, DIST_START_T: 0.0, DIST_END_T: 0.0 || LOAD, LOAD_START_T: 1765430316.7919514, LOAD_END_T: 1765430323.325144 || MSG_MTo, MSG_MTo_START_T: 0.0, MSG_MTo_END_T: 0.0
Loaded FEMNIST test split partition_id=29 with 247 samples
Wall-clock time: 1765430380.5631027 ||Test loss: 2.1592 || Test accuracy: 0.4737 || CPU time: 5.7963 || CPU utilization: 0.1743 || R#165's duration (s): 33.2514 || Cumulative runtime (s): 5761.4316 || Loading data delay (s): 6.2034 || Eval delay (s): 0.4678 || Agg delay (s): 0.0000 || Coordination delay (s): 0.0000 || DIST task delay: 0.0000 || RECV task delay: 0.0000 || Queueing delay: 0.0000 || MSG (from mid) Ave. delay: 0.0000 || Total cache delay: 0.0000 || Ave. cache delay: 0.0000
[R#165] CUMULATIVE_RUNTIME_SEC=5761.4316
Top Aggregator Timestamps: CACHE, CACHE_START_T: 0.0, CACHE_END_T: 0.0 || AGG, AGG_START_T: 0.0, AGG_END_T: 0.0 || EVAL, EVAL_START_T: 1765430380.0953145, EVAL_END_T: 1765430380.5630724 || RECV, RECV_START_T: 0.0, RECV_END_T: 0.0 || DIST, DIST_START_T: 0.0, DIST_END_T: 0.0 || LOAD, LOAD_START_T: 1765430347.3146098, LOAD_END_T: 1765430353.5179894 || MSG_MTo, MSG_MTo_START_T: 0.0, MSG_MTo_END_T: 0.0
Loaded FEMNIST test split partition_id=5 with 351 samples
Wall-clock time: 1765430416.2379925 ||Test loss: 2.1870 || Test accuracy: 0.4615 || CPU time: 7.8905 || CPU utilization: 0.2212 || R#166's duration (s): 35.6749 || Cumulative runtime (s): 5797.1064 || Loading data delay (s): 6.9722 || Eval delay (s): 0.6323 || Agg delay (s): 0.0000 || Coordination delay (s): 0.0000 || DIST task delay: 0.0000 || RECV task delay: 0.0000 || Queueing delay: 0.0000 || MSG (from mid) Ave. delay: 0.0000 || Total cache delay: 0.0000 || Ave. cache delay: 0.0000
[R#166] CUMULATIVE_RUNTIME_SEC=5797.1064
Top Aggregator Timestamps: CACHE, CACHE_START_T: 0.0, CACHE_END_T: 0.0 || AGG, AGG_START_T: 0.0, AGG_END_T: 0.0 || EVAL, EVAL_START_T: 1765430415.6056674, EVAL_END_T: 1765430416.2379577 || RECV, RECV_START_T: 0.0, RECV_END_T: 0.0 || DIST, DIST_START_T: 0.0, DIST_END_T: 0.0 || LOAD, LOAD_START_T: 1765430380.5664206, LOAD_END_T: 1765430387.5386257 || MSG_MTo, MSG_MTo_START_T: 0.0, MSG_MTo_END_T: 0.0
Loaded FEMNIST test split partition_id=7 with 375 samples
Wall-clock time: 1765430453.2537587 ||Test loss: 1.6232 || Test accuracy: 0.5493 || CPU time: 8.0410 || CPU utilization: 0.2172 || R#167's duration (s): 37.0158 || Cumulative runtime (s): 5834.1222 || Loading data delay (s): 7.1340 || Eval delay (s): 0.6264 || Agg delay (s): 0.0000 || Coordination delay (s): 0.0000 || DIST task delay: 0.0000 || RECV task delay: 0.0000 || Queueing delay: 0.0000 || MSG (from mid) Ave. delay: 0.0000 || Total cache delay: 0.0000 || Ave. cache delay: 0.0000
[R#167] CUMULATIVE_RUNTIME_SEC=5834.1222
Top Aggregator Timestamps: CACHE, CACHE_START_T: 0.0, CACHE_END_T: 0.0 || AGG, AGG_START_T: 0.0, AGG_END_T: 0.0 || EVAL, EVAL_START_T: 1765430452.627321, EVAL_END_T: 1765430453.2537336 || RECV, RECV_START_T: 0.0, RECV_END_T: 0.0 || DIST, DIST_START_T: 0.0, DIST_END_T: 0.0 || LOAD, LOAD_START_T: 1765430416.2409804, LOAD_END_T: 1765430423.3749926 || MSG_MTo, MSG_MTo_START_T: 0.0, MSG_MTo_END_T: 0.0
Loaded FEMNIST test split partition_id=21 with 292 samples
Wall-clock time: 1765430481.1708426 ||Test loss: 1.5312 || Test accuracy: 0.5925 || CPU time: 6.3407 || CPU utilization: 0.2271 || R#168's duration (s): 27.9171 || Cumulative runtime (s): 5862.0393 || Loading data delay (s): 6.5695 || Eval delay (s): 0.4915 || Agg delay (s): 0.0000 || Coordination delay (s): 0.0000 || DIST task delay: 0.0000 || RECV task delay: 0.0000 || Queueing delay: 0.0000 || MSG (from mid) Ave. delay: 0.0000 || Total cache delay: 0.0000 || Ave. cache delay: 0.0000
[R#168] CUMULATIVE_RUNTIME_SEC=5862.0393
Top Aggregator Timestamps: CACHE, CACHE_START_T: 0.0, CACHE_END_T: 0.0 || AGG, AGG_START_T: 0.0, AGG_END_T: 0.0 || EVAL, EVAL_START_T: 1765430480.6792786, EVAL_END_T: 1765430481.1708145 || RECV, RECV_START_T: 0.0, RECV_END_T: 0.0 || DIST, DIST_START_T: 0.0, DIST_END_T: 0.0 || LOAD, LOAD_START_T: 1765430453.256968, LOAD_END_T: 1765430459.8264766 || MSG_MTo, MSG_MTo_START_T: 0.0, MSG_MTo_END_T: 0.0
Loaded FEMNIST test split partition_id=52 with 218 samples
Wall-clock time: 1765430516.2160676 ||Test loss: 1.3880 || Test accuracy: 0.6422 || CPU time: 4.8514 || CPU utilization: 0.1384 || R#169's duration (s): 35.0452 || Cumulative runtime (s): 5897.0845 || Loading data delay (s): 6.5253 || Eval delay (s): 0.3751 || Agg delay (s): 0.0000 || Coordination delay (s): 0.0000 || DIST task delay: 0.0000 || RECV task delay: 0.0000 || Queueing delay: 0.0000 || MSG (from mid) Ave. delay: 0.0000 || Total cache delay: 0.0000 || Ave. cache delay: 0.0000
[R#169] CUMULATIVE_RUNTIME_SEC=5897.0845
Top Aggregator Timestamps: CACHE, CACHE_START_T: 0.0, CACHE_END_T: 0.0 || AGG, AGG_START_T: 0.0, AGG_END_T: 0.0 || EVAL, EVAL_START_T: 1765430515.840974, EVAL_END_T: 1765430516.216045 || RECV, RECV_START_T: 0.0, RECV_END_T: 0.0 || DIST, DIST_START_T: 0.0, DIST_END_T: 0.0 || LOAD, LOAD_START_T: 1765430481.173581, LOAD_END_T: 1765430487.698929 || MSG_MTo, MSG_MTo_START_T: 0.0, MSG_MTo_END_T: 0.0
Loaded FEMNIST test split partition_id=64 with 355 samples
Wall-clock time: 1765430547.2282977 ||Test loss: 1.6126 || Test accuracy: 0.5493 || CPU time: 7.2870 || CPU utilization: 0.2350 || R#170's duration (s): 31.0122 || Cumulative runtime (s): 5928.0967 || Loading data delay (s): 6.2413 || Eval delay (s): 0.5429 || Agg delay (s): 0.0000 || Coordination delay (s): 0.0000 || DIST task delay: 0.0000 || RECV task delay: 0.0000 || Queueing delay: 0.0000 || MSG (from mid) Ave. delay: 0.0000 || Total cache delay: 0.0000 || Ave. cache delay: 0.0000
[R#170] CUMULATIVE_RUNTIME_SEC=5928.0967
Top Aggregator Timestamps: CACHE, CACHE_START_T: 0.0, CACHE_END_T: 0.0 || AGG, AGG_START_T: 0.0, AGG_END_T: 0.0 || EVAL, EVAL_START_T: 1765430546.6853979, EVAL_END_T: 1765430547.2282743 || RECV, RECV_START_T: 0.0, RECV_END_T: 0.0 || DIST, DIST_START_T: 0.0, DIST_END_T: 0.0 || LOAD, LOAD_START_T: 1765430516.218832, LOAD_END_T: 1765430522.460131 || MSG_MTo, MSG_MTo_START_T: 0.0, MSG_MTo_END_T: 0.0
Loaded FEMNIST test split partition_id=25 with 317 samples
Wall-clock time: 1765430576.2322156 ||Test loss: 1.2348 || Test accuracy: 0.6435 || CPU time: 6.6985 || CPU utilization: 0.2310 || R#171's duration (s): 29.0039 || Cumulative runtime (s): 5957.1007 || Loading data delay (s): 6.3030 || Eval delay (s): 0.5179 || Agg delay (s): 0.0000 || Coordination delay (s): 0.0000 || DIST task delay: 0.0000 || RECV task delay: 0.0000 || Queueing delay: 0.0000 || MSG (from mid) Ave. delay: 0.0000 || Total cache delay: 0.0000 || Ave. cache delay: 0.0000
[R#171] CUMULATIVE_RUNTIME_SEC=5957.1007
Top Aggregator Timestamps: CACHE, CACHE_START_T: 0.0, CACHE_END_T: 0.0 || AGG, AGG_START_T: 0.0, AGG_END_T: 0.0 || EVAL, EVAL_START_T: 1765430575.7143328, EVAL_END_T: 1765430576.2321918 || RECV, RECV_START_T: 0.0, RECV_END_T: 0.0 || DIST, DIST_START_T: 0.0, DIST_END_T: 0.0 || LOAD, LOAD_START_T: 1765430547.2311463, LOAD_END_T: 1765430553.5341115 || MSG_MTo, MSG_MTo_START_T: 0.0, MSG_MTo_END_T: 0.0
Loaded FEMNIST test split partition_id=33 with 337 samples
Wall-clock time: 1765430619.6506128 ||Test loss: 0.8302 || Test accuracy: 0.7745 || CPU time: 7.3362 || CPU utilization: 0.1690 || R#172's duration (s): 43.4184 || Cumulative runtime (s): 6000.5191 || Loading data delay (s): 6.7360 || Eval delay (s): 0.5638 || Agg delay (s): 0.0000 || Coordination delay (s): 0.0000 || DIST task delay: 0.0000 || RECV task delay: 0.0000 || Queueing delay: 0.0000 || MSG (from mid) Ave. delay: 0.0000 || Total cache delay: 0.0000 || Ave. cache delay: 0.0000
[R#172] CUMULATIVE_RUNTIME_SEC=6000.5191
Top Aggregator Timestamps: CACHE, CACHE_START_T: 0.0, CACHE_END_T: 0.0 || AGG, AGG_START_T: 0.0, AGG_END_T: 0.0 || EVAL, EVAL_START_T: 1765430619.0868106, EVAL_END_T: 1765430619.6505868 || RECV, RECV_START_T: 0.0, RECV_END_T: 0.0 || DIST, DIST_START_T: 0.0, DIST_END_T: 0.0 || LOAD, LOAD_START_T: 1765430576.2350364, LOAD_END_T: 1765430582.9710507 || MSG_MTo, MSG_MTo_START_T: 0.0, MSG_MTo_END_T: 0.0
Loaded FEMNIST test split partition_id=4 with 315 samples
Wall-clock time: 1765430656.1692922 ||Test loss: 1.1412 || Test accuracy: 0.6635 || CPU time: 7.3687 || CPU utilization: 0.2018 || R#173's duration (s): 36.5187 || Cumulative runtime (s): 6037.0377 || Loading data delay (s): 6.1435 || Eval delay (s): 0.5667 || Agg delay (s): 0.0000 || Coordination delay (s): 0.0000 || DIST task delay: 0.0000 || RECV task delay: 0.0000 || Queueing delay: 0.0000 || MSG (from mid) Ave. delay: 0.0000 || Total cache delay: 0.0000 || Ave. cache delay: 0.0000
[R#173] CUMULATIVE_RUNTIME_SEC=6037.0377
Top Aggregator Timestamps: CACHE, CACHE_START_T: 0.0, CACHE_END_T: 0.0 || AGG, AGG_START_T: 0.0, AGG_END_T: 0.0 || EVAL, EVAL_START_T: 1765430655.6025984, EVAL_END_T: 1765430656.1692536 || RECV, RECV_START_T: 0.0, RECV_END_T: 0.0 || DIST, DIST_START_T: 0.0, DIST_END_T: 0.0 || LOAD, LOAD_START_T: 1765430619.653383, LOAD_END_T: 1765430625.796833 || MSG_MTo, MSG_MTo_START_T: 0.0, MSG_MTo_END_T: 0.0
Loaded FEMNIST test split partition_id=24 with 374 samples
Wall-clock time: 1765430709.9146607 ||Test loss: 0.9358 || Test accuracy: 0.7567 || CPU time: 8.7982 || CPU utilization: 0.1637 || R#174's duration (s): 53.7454 || Cumulative runtime (s): 6090.7831 || Loading data delay (s): 6.3882 || Eval delay (s): 0.6752 || Agg delay (s): 0.0000 || Coordination delay (s): 0.0000 || DIST task delay: 0.0000 || RECV task delay: 0.0000 || Queueing delay: 0.0000 || MSG (from mid) Ave. delay: 0.0000 || Total cache delay: 0.0000 || Ave. cache delay: 0.0000
[R#174] CUMULATIVE_RUNTIME_SEC=6090.7831
Top Aggregator Timestamps: CACHE, CACHE_START_T: 0.0, CACHE_END_T: 0.0 || AGG, AGG_START_T: 0.0, AGG_END_T: 0.0 || EVAL, EVAL_START_T: 1765430709.239432, EVAL_END_T: 1765430709.9146245 || RECV, RECV_START_T: 0.0, RECV_END_T: 0.0 || DIST, DIST_START_T: 0.0, DIST_END_T: 0.0 || LOAD, LOAD_START_T: 1765430656.172814, LOAD_END_T: 1765430662.5610323 || MSG_MTo, MSG_MTo_START_T: 0.0, MSG_MTo_END_T: 0.0
Loaded FEMNIST test split partition_id=65 with 379 samples
Wall-clock time: 1765430749.2161396 ||Test loss: 0.6031 || Test accuracy: 0.8364 || CPU time: 9.0371 || CPU utilization: 0.2299 || R#175's duration (s): 39.3015 || Cumulative runtime (s): 6130.0846 || Loading data delay (s): 6.2209 || Eval delay (s): 0.6857 || Agg delay (s): 0.0000 || Coordination delay (s): 0.0000 || DIST task delay: 0.0000 || RECV task delay: 0.0000 || Queueing delay: 0.0000 || MSG (from mid) Ave. delay: 0.0000 || Total cache delay: 0.0000 || Ave. cache delay: 0.0000
[R#175] CUMULATIVE_RUNTIME_SEC=6130.0846
Top Aggregator Timestamps: CACHE, CACHE_START_T: 0.0, CACHE_END_T: 0.0 || AGG, AGG_START_T: 0.0, AGG_END_T: 0.0 || EVAL, EVAL_START_T: 1765430748.5304215, EVAL_END_T: 1765430749.216089 || RECV, RECV_START_T: 0.0, RECV_END_T: 0.0 || DIST, DIST_START_T: 0.0, DIST_END_T: 0.0 || LOAD, LOAD_START_T: 1765430709.9176705, LOAD_END_T: 1765430716.138575 || MSG_MTo, MSG_MTo_START_T: 0.0, MSG_MTo_END_T: 0.0
Loaded FEMNIST test split partition_id=64 with 355 samples
Wall-clock time: 1765430776.2155814 ||Test loss: 1.6679 || Test accuracy: 0.5042 || CPU time: 8.2636 || CPU utilization: 0.3061 || R#176's duration (s): 26.9994 || Cumulative runtime (s): 6157.0840 || Loading data delay (s): 6.3893 || Eval delay (s): 0.6274 || Agg delay (s): 0.0000 || Coordination delay (s): 0.0000 || DIST task delay: 0.0000 || RECV task delay: 0.0000 || Queueing delay: 0.0000 || MSG (from mid) Ave. delay: 0.0000 || Total cache delay: 0.0000 || Ave. cache delay: 0.0000
[R#176] CUMULATIVE_RUNTIME_SEC=6157.0840
Top Aggregator Timestamps: CACHE, CACHE_START_T: 0.0, CACHE_END_T: 0.0 || AGG, AGG_START_T: 0.0, AGG_END_T: 0.0 || EVAL, EVAL_START_T: 1765430775.5881987, EVAL_END_T: 1765430776.2155592 || RECV, RECV_START_T: 0.0, RECV_END_T: 0.0 || DIST, DIST_START_T: 0.0, DIST_END_T: 0.0 || LOAD, LOAD_START_T: 1765430749.2197943, LOAD_END_T: 1765430755.6090453 || MSG_MTo, MSG_MTo_START_T: 0.0, MSG_MTo_END_T: 0.0
Loaded FEMNIST test split partition_id=48 with 131 samples
Wall-clock time: 1765430806.6853926 ||Test loss: 5.5843 || Test accuracy: 0.1450 || CPU time: 3.5182 || CPU utilization: 0.1155 || R#177's duration (s): 30.4698 || Cumulative runtime (s): 6187.5538 || Loading data delay (s): 6.5888 || Eval delay (s): 0.2695 || Agg delay (s): 0.0000 || Coordination delay (s): 0.0000 || DIST task delay: 0.0000 || RECV task delay: 0.0000 || Queueing delay: 0.0000 || MSG (from mid) Ave. delay: 0.0000 || Total cache delay: 0.0000 || Ave. cache delay: 0.0000
[R#177] CUMULATIVE_RUNTIME_SEC=6187.5538
Top Aggregator Timestamps: CACHE, CACHE_START_T: 0.0, CACHE_END_T: 0.0 || AGG, AGG_START_T: 0.0, AGG_END_T: 0.0 || EVAL, EVAL_START_T: 1765430806.4158707, EVAL_END_T: 1765430806.6853552 || RECV, RECV_START_T: 0.0, RECV_END_T: 0.0 || DIST, DIST_START_T: 0.0, DIST_END_T: 0.0 || LOAD, LOAD_START_T: 1765430776.218542, LOAD_END_T: 1765430782.8073418 || MSG_MTo, MSG_MTo_START_T: 0.0, MSG_MTo_END_T: 0.0
Loaded FEMNIST test split partition_id=35 with 416 samples
Wall-clock time: 1765430841.5847929 ||Test loss: 0.8750 || Test accuracy: 0.7236 || CPU time: 9.3645 || CPU utilization: 0.2683 || R#178's duration (s): 34.8994 || Cumulative runtime (s): 6222.4532 || Loading data delay (s): 6.2539 || Eval delay (s): 0.7165 || Agg delay (s): 0.0000 || Coordination delay (s): 0.0000 || DIST task delay: 0.0000 || RECV task delay: 0.0000 || Queueing delay: 0.0000 || MSG (from mid) Ave. delay: 0.0000 || Total cache delay: 0.0000 || Ave. cache delay: 0.0000
[R#178] CUMULATIVE_RUNTIME_SEC=6222.4532
Top Aggregator Timestamps: CACHE, CACHE_START_T: 0.0, CACHE_END_T: 0.0 || AGG, AGG_START_T: 0.0, AGG_END_T: 0.0 || EVAL, EVAL_START_T: 1765430840.8682191, EVAL_END_T: 1765430841.5847666 || RECV, RECV_START_T: 0.0, RECV_END_T: 0.0 || DIST, DIST_START_T: 0.0, DIST_END_T: 0.0 || LOAD, LOAD_START_T: 1765430806.6890337, LOAD_END_T: 1765430812.94291 || MSG_MTo, MSG_MTo_START_T: 0.0, MSG_MTo_END_T: 0.0
Loaded FEMNIST test split partition_id=61 with 356 samples
Wall-clock time: 1765430866.0701869 ||Test loss: 2.4167 || Test accuracy: 0.4073 || CPU time: 8.5507 || CPU utilization: 0.3492 || R#179's duration (s): 24.4854 || Cumulative runtime (s): 6246.9386 || Loading data delay (s): 6.4313 || Eval delay (s): 0.6596 || Agg delay (s): 0.0000 || Coordination delay (s): 0.0000 || DIST task delay: 0.0000 || RECV task delay: 0.0000 || Queueing delay: 0.0000 || MSG (from mid) Ave. delay: 0.0000 || Total cache delay: 0.0000 || Ave. cache delay: 0.0000
[R#179] CUMULATIVE_RUNTIME_SEC=6246.9386
Top Aggregator Timestamps: CACHE, CACHE_START_T: 0.0, CACHE_END_T: 0.0 || AGG, AGG_START_T: 0.0, AGG_END_T: 0.0 || EVAL, EVAL_START_T: 1765430865.4105916, EVAL_END_T: 1765430866.0701609 || RECV, RECV_START_T: 0.0, RECV_END_T: 0.0 || DIST, DIST_START_T: 0.0, DIST_END_T: 0.0 || LOAD, LOAD_START_T: 1765430841.5879626, LOAD_END_T: 1765430848.0192277 || MSG_MTo, MSG_MTo_START_T: 0.0, MSG_MTo_END_T: 0.0
Loaded FEMNIST test split partition_id=9 with 377 samples
Wall-clock time: 1765430894.4127488 ||Test loss: 1.4122 || Test accuracy: 0.6180 || CPU time: 8.8846 || CPU utilization: 0.3135 || R#180's duration (s): 28.3426 || Cumulative runtime (s): 6275.2812 || Loading data delay (s): 6.3310 || Eval delay (s): 0.6776 || Agg delay (s): 0.0000 || Coordination delay (s): 0.0000 || DIST task delay: 0.0000 || RECV task delay: 0.0000 || Queueing delay: 0.0000 || MSG (from mid) Ave. delay: 0.0000 || Total cache delay: 0.0000 || Ave. cache delay: 0.0000
[R#180] CUMULATIVE_RUNTIME_SEC=6275.2812
Top Aggregator Timestamps: CACHE, CACHE_START_T: 0.0, CACHE_END_T: 0.0 || AGG, AGG_START_T: 0.0, AGG_END_T: 0.0 || EVAL, EVAL_START_T: 1765430893.7351198, EVAL_END_T: 1765430894.412707 || RECV, RECV_START_T: 0.0, RECV_END_T: 0.0 || DIST, DIST_START_T: 0.0, DIST_END_T: 0.0 || LOAD, LOAD_START_T: 1765430866.0732, LOAD_END_T: 1765430872.4041681 || MSG_MTo, MSG_MTo_START_T: 0.0, MSG_MTo_END_T: 0.0
Loaded FEMNIST test split partition_id=32 with 278 samples
Wall-clock time: 1765430928.603496 ||Test loss: 0.8899 || Test accuracy: 0.7194 || CPU time: 6.1410 || CPU utilization: 0.1796 || R#181's duration (s): 34.1907 || Cumulative runtime (s): 6309.4719 || Loading data delay (s): 6.3904 || Eval delay (s): 0.4702 || Agg delay (s): 0.0000 || Coordination delay (s): 0.0000 || DIST task delay: 0.0000 || RECV task delay: 0.0000 || Queueing delay: 0.0000 || MSG (from mid) Ave. delay: 0.0000 || Total cache delay: 0.0000 || Ave. cache delay: 0.0000
[R#181] CUMULATIVE_RUNTIME_SEC=6309.4719
Top Aggregator Timestamps: CACHE, CACHE_START_T: 0.0, CACHE_END_T: 0.0 || AGG, AGG_START_T: 0.0, AGG_END_T: 0.0 || EVAL, EVAL_START_T: 1765430928.133257, EVAL_END_T: 1765430928.6034713 || RECV, RECV_START_T: 0.0, RECV_END_T: 0.0 || DIST, DIST_START_T: 0.0, DIST_END_T: 0.0 || LOAD, LOAD_START_T: 1765430894.4162881, LOAD_END_T: 1765430900.8066816 || MSG_MTo, MSG_MTo_START_T: 0.0, MSG_MTo_END_T: 0.0
Loaded FEMNIST test split partition_id=14 with 378 samples
Wall-clock time: 1765430966.2761528 ||Test loss: 0.4763 || Test accuracy: 0.8439 || CPU time: 8.8983 || CPU utilization: 0.2362 || R#182's duration (s): 37.6727 || Cumulative runtime (s): 6347.1446 || Loading data delay (s): 6.9841 || Eval delay (s): 0.6693 || Agg delay (s): 0.0000 || Coordination delay (s): 0.0000 || DIST task delay: 0.0000 || RECV task delay: 0.0000 || Queueing delay: 0.0000 || MSG (from mid) Ave. delay: 0.0000 || Total cache delay: 0.0000 || Ave. cache delay: 0.0000
[R#182] CUMULATIVE_RUNTIME_SEC=6347.1446
Top Aggregator Timestamps: CACHE, CACHE_START_T: 0.0, CACHE_END_T: 0.0 || AGG, AGG_START_T: 0.0, AGG_END_T: 0.0 || EVAL, EVAL_START_T: 1765430965.6068678, EVAL_END_T: 1765430966.2761242 || RECV, RECV_START_T: 0.0, RECV_END_T: 0.0 || DIST, DIST_START_T: 0.0, DIST_END_T: 0.0 || LOAD, LOAD_START_T: 1765430928.606489, LOAD_END_T: 1765430935.5906012 || MSG_MTo, MSG_MTo_START_T: 0.0, MSG_MTo_END_T: 0.0
Loaded FEMNIST test split partition_id=59 with 361 samples
Wall-clock time: 1765431004.714474 ||Test loss: 1.5167 || Test accuracy: 0.5900 || CPU time: 8.4475 || CPU utilization: 0.2198 || R#183's duration (s): 38.4383 || Cumulative runtime (s): 6385.5829 || Loading data delay (s): 6.2985 || Eval delay (s): 0.6498 || Agg delay (s): 0.0000 || Coordination delay (s): 0.0000 || DIST task delay: 0.0000 || RECV task delay: 0.0000 || Queueing delay: 0.0000 || MSG (from mid) Ave. delay: 0.0000 || Total cache delay: 0.0000 || Ave. cache delay: 0.0000
[R#183] CUMULATIVE_RUNTIME_SEC=6385.5829
Top Aggregator Timestamps: CACHE, CACHE_START_T: 0.0, CACHE_END_T: 0.0 || AGG, AGG_START_T: 0.0, AGG_END_T: 0.0 || EVAL, EVAL_START_T: 1765431004.0646546, EVAL_END_T: 1765431004.7144413 || RECV, RECV_START_T: 0.0, RECV_END_T: 0.0 || DIST, DIST_START_T: 0.0, DIST_END_T: 0.0 || LOAD, LOAD_START_T: 1765430966.2790716, LOAD_END_T: 1765430972.577612 || MSG_MTo, MSG_MTo_START_T: 0.0, MSG_MTo_END_T: 0.0
Loaded FEMNIST test split partition_id=59 with 361 samples
Wall-clock time: 1765431037.652977 ||Test loss: 2.1862 || Test accuracy: 0.4931 || CPU time: 8.9431 || CPU utilization: 0.2715 || R#184's duration (s): 32.9385 || Cumulative runtime (s): 6418.5214 || Loading data delay (s): 6.6386 || Eval delay (s): 0.6957 || Agg delay (s): 0.0000 || Coordination delay (s): 0.0000 || DIST task delay: 0.0000 || RECV task delay: 0.0000 || Queueing delay: 0.0000 || MSG (from mid) Ave. delay: 0.0000 || Total cache delay: 0.0000 || Ave. cache delay: 0.0000
[R#184] CUMULATIVE_RUNTIME_SEC=6418.5214
Top Aggregator Timestamps: CACHE, CACHE_START_T: 0.0, CACHE_END_T: 0.0 || AGG, AGG_START_T: 0.0, AGG_END_T: 0.0 || EVAL, EVAL_START_T: 1765431036.9572742, EVAL_END_T: 1765431037.6529367 || RECV, RECV_START_T: 0.0, RECV_END_T: 0.0 || DIST, DIST_START_T: 0.0, DIST_END_T: 0.0 || LOAD, LOAD_START_T: 1765431004.7178447, LOAD_END_T: 1765431011.356399 || MSG_MTo, MSG_MTo_START_T: 0.0, MSG_MTo_END_T: 0.0
Loaded FEMNIST test split partition_id=27 with 446 samples
Wall-clock time: 1765431070.0297244 ||Test loss: 0.7630 || Test accuracy: 0.7646 || CPU time: 9.8679 || CPU utilization: 0.3048 || R#185's duration (s): 32.3767 || Cumulative runtime (s): 6450.8982 || Loading data delay (s): 6.6918 || Eval delay (s): 0.7697 || Agg delay (s): 0.0000 || Coordination delay (s): 0.0000 || DIST task delay: 0.0000 || RECV task delay: 0.0000 || Queueing delay: 0.0000 || MSG (from mid) Ave. delay: 0.0000 || Total cache delay: 0.0000 || Ave. cache delay: 0.0000
[R#185] CUMULATIVE_RUNTIME_SEC=6450.8982
Top Aggregator Timestamps: CACHE, CACHE_START_T: 0.0, CACHE_END_T: 0.0 || AGG, AGG_START_T: 0.0, AGG_END_T: 0.0 || EVAL, EVAL_START_T: 1765431069.2600377, EVAL_END_T: 1765431070.029697 || RECV, RECV_START_T: 0.0, RECV_END_T: 0.0 || DIST, DIST_START_T: 0.0, DIST_END_T: 0.0 || LOAD, LOAD_START_T: 1765431037.656821, LOAD_END_T: 1765431044.3486292 || MSG_MTo, MSG_MTo_START_T: 0.0, MSG_MTo_END_T: 0.0
Loaded FEMNIST test split partition_id=37 with 403 samples
Wall-clock time: 1765431102.5794284 ||Test loss: 1.2589 || Test accuracy: 0.6253 || CPU time: 8.8587 || CPU utilization: 0.2722 || R#186's duration (s): 32.5497 || Cumulative runtime (s): 6483.4479 || Loading data delay (s): 6.9626 || Eval delay (s): 0.6669 || Agg delay (s): 0.0000 || Coordination delay (s): 0.0000 || DIST task delay: 0.0000 || RECV task delay: 0.0000 || Queueing delay: 0.0000 || MSG (from mid) Ave. delay: 0.0000 || Total cache delay: 0.0000 || Ave. cache delay: 0.0000
[R#186] CUMULATIVE_RUNTIME_SEC=6483.4479
Top Aggregator Timestamps: CACHE, CACHE_START_T: 0.0, CACHE_END_T: 0.0 || AGG, AGG_START_T: 0.0, AGG_END_T: 0.0 || EVAL, EVAL_START_T: 1765431101.9125135, EVAL_END_T: 1765431102.5794017 || RECV, RECV_START_T: 0.0, RECV_END_T: 0.0 || DIST, DIST_START_T: 0.0, DIST_END_T: 0.0 || LOAD, LOAD_START_T: 1765431070.0327818, LOAD_END_T: 1765431076.9954164 || MSG_MTo, MSG_MTo_START_T: 0.0, MSG_MTo_END_T: 0.0
Loaded FEMNIST test split partition_id=34 with 376 samples
Wall-clock time: 1765431134.1122668 ||Test loss: 1.4029 || Test accuracy: 0.5718 || CPU time: 8.2403 || CPU utilization: 0.2613 || R#187's duration (s): 31.5328 || Cumulative runtime (s): 6514.9807 || Loading data delay (s): 6.6500 || Eval delay (s): 0.6134 || Agg delay (s): 0.0000 || Coordination delay (s): 0.0000 || DIST task delay: 0.0000 || RECV task delay: 0.0000 || Queueing delay: 0.0000 || MSG (from mid) Ave. delay: 0.0000 || Total cache delay: 0.0000 || Ave. cache delay: 0.0000
[R#187] CUMULATIVE_RUNTIME_SEC=6514.9807
Top Aggregator Timestamps: CACHE, CACHE_START_T: 0.0, CACHE_END_T: 0.0 || AGG, AGG_START_T: 0.0, AGG_END_T: 0.0 || EVAL, EVAL_START_T: 1765431133.4988003, EVAL_END_T: 1765431134.1122463 || RECV, RECV_START_T: 0.0, RECV_END_T: 0.0 || DIST, DIST_START_T: 0.0, DIST_END_T: 0.0 || LOAD, LOAD_START_T: 1765431102.5826588, LOAD_END_T: 1765431109.2326362 || MSG_MTo, MSG_MTo_START_T: 0.0, MSG_MTo_END_T: 0.0
Loaded FEMNIST test split partition_id=14 with 378 samples
Wall-clock time: 1765431159.1215496 ||Test loss: 1.2580 || Test accuracy: 0.6402 || CPU time: 8.1646 || CPU utilization: 0.3265 || R#188's duration (s): 25.0093 || Cumulative runtime (s): 6539.9900 || Loading data delay (s): 6.3400 || Eval delay (s): 0.6252 || Agg delay (s): 0.0000 || Coordination delay (s): 0.0000 || DIST task delay: 0.0000 || RECV task delay: 0.0000 || Queueing delay: 0.0000 || MSG (from mid) Ave. delay: 0.0000 || Total cache delay: 0.0000 || Ave. cache delay: 0.0000
[R#188] CUMULATIVE_RUNTIME_SEC=6539.9900
Top Aggregator Timestamps: CACHE, CACHE_START_T: 0.0, CACHE_END_T: 0.0 || AGG, AGG_START_T: 0.0, AGG_END_T: 0.0 || EVAL, EVAL_START_T: 1765431158.4963582, EVAL_END_T: 1765431159.1215265 || RECV, RECV_START_T: 0.0, RECV_END_T: 0.0 || DIST, DIST_START_T: 0.0, DIST_END_T: 0.0 || LOAD, LOAD_START_T: 1765431134.1150863, LOAD_END_T: 1765431140.4550443 || MSG_MTo, MSG_MTo_START_T: 0.0, MSG_MTo_END_T: 0.0
Loaded FEMNIST test split partition_id=40 with 375 samples
Wall-clock time: 1765431191.3734365 ||Test loss: 1.1914 || Test accuracy: 0.6747 || CPU time: 8.2345 || CPU utilization: 0.2553 || R#189's duration (s): 32.2519 || Cumulative runtime (s): 6572.2419 || Loading data delay (s): 6.4812 || Eval delay (s): 0.6254 || Agg delay (s): 0.0000 || Coordination delay (s): 0.0000 || DIST task delay: 0.0000 || RECV task delay: 0.0000 || Queueing delay: 0.0000 || MSG (from mid) Ave. delay: 0.0000 || Total cache delay: 0.0000 || Ave. cache delay: 0.0000
[R#189] CUMULATIVE_RUNTIME_SEC=6572.2419
Top Aggregator Timestamps: CACHE, CACHE_START_T: 0.0, CACHE_END_T: 0.0 || AGG, AGG_START_T: 0.0, AGG_END_T: 0.0 || EVAL, EVAL_START_T: 1765431190.7480414, EVAL_END_T: 1765431191.3734112 || RECV, RECV_START_T: 0.0, RECV_END_T: 0.0 || DIST, DIST_START_T: 0.0, DIST_END_T: 0.0 || LOAD, LOAD_START_T: 1765431159.1246328, LOAD_END_T: 1765431165.605848 || MSG_MTo, MSG_MTo_START_T: 0.0, MSG_MTo_END_T: 0.0
Loaded FEMNIST test split partition_id=47 with 395 samples
Wall-clock time: 1765431213.4502711 ||Test loss: 1.7052 || Test accuracy: 0.5722 || CPU time: 8.6813 || CPU utilization: 0.3932 || R#190's duration (s): 22.0768 || Cumulative runtime (s): 6594.3187 || Loading data delay (s): 6.2437 || Eval delay (s): 0.6642 || Agg delay (s): 0.0000 || Coordination delay (s): 0.0000 || DIST task delay: 0.0000 || RECV task delay: 0.0000 || Queueing delay: 0.0000 || MSG (from mid) Ave. delay: 0.0000 || Total cache delay: 0.0000 || Ave. cache delay: 0.0000
[R#190] CUMULATIVE_RUNTIME_SEC=6594.3187
Top Aggregator Timestamps: CACHE, CACHE_START_T: 0.0, CACHE_END_T: 0.0 || AGG, AGG_START_T: 0.0, AGG_END_T: 0.0 || EVAL, EVAL_START_T: 1765431212.7860637, EVAL_END_T: 1765431213.450242 || RECV, RECV_START_T: 0.0, RECV_END_T: 0.0 || DIST, DIST_START_T: 0.0, DIST_END_T: 0.0 || LOAD, LOAD_START_T: 1765431191.376287, LOAD_END_T: 1765431197.6200185 || MSG_MTo, MSG_MTo_START_T: 0.0, MSG_MTo_END_T: 0.0
Loaded FEMNIST test split partition_id=41 with 358 samples
Wall-clock time: 1765431245.9652717 ||Test loss: 1.1380 || Test accuracy: 0.6620 || CPU time: 7.8904 || CPU utilization: 0.2427 || R#191's duration (s): 32.5150 || Cumulative runtime (s): 6626.8337 || Loading data delay (s): 6.4246 || Eval delay (s): 0.6029 || Agg delay (s): 0.0000 || Coordination delay (s): 0.0000 || DIST task delay: 0.0000 || RECV task delay: 0.0000 || Queueing delay: 0.0000 || MSG (from mid) Ave. delay: 0.0000 || Total cache delay: 0.0000 || Ave. cache delay: 0.0000
[R#191] CUMULATIVE_RUNTIME_SEC=6626.8337
Top Aggregator Timestamps: CACHE, CACHE_START_T: 0.0, CACHE_END_T: 0.0 || AGG, AGG_START_T: 0.0, AGG_END_T: 0.0 || EVAL, EVAL_START_T: 1765431245.3623252, EVAL_END_T: 1765431245.965243 || RECV, RECV_START_T: 0.0, RECV_END_T: 0.0 || DIST, DIST_START_T: 0.0, DIST_END_T: 0.0 || LOAD, LOAD_START_T: 1765431213.4534721, LOAD_END_T: 1765431219.878114 || MSG_MTo, MSG_MTo_START_T: 0.0, MSG_MTo_END_T: 0.0
Loaded FEMNIST test split partition_id=34 with 376 samples
Wall-clock time: 1765431280.0756185 ||Test loss: 1.2466 || Test accuracy: 0.6223 || CPU time: 8.7407 || CPU utilization: 0.2562 || R#192's duration (s): 34.1103 || Cumulative runtime (s): 6660.9441 || Loading data delay (s): 6.7368 || Eval delay (s): 0.6607 || Agg delay (s): 0.0000 || Coordination delay (s): 0.0000 || DIST task delay: 0.0000 || RECV task delay: 0.0000 || Queueing delay: 0.0000 || MSG (from mid) Ave. delay: 0.0000 || Total cache delay: 0.0000 || Ave. cache delay: 0.0000
[R#192] CUMULATIVE_RUNTIME_SEC=6660.9441
Top Aggregator Timestamps: CACHE, CACHE_START_T: 0.0, CACHE_END_T: 0.0 || AGG, AGG_START_T: 0.0, AGG_END_T: 0.0 || EVAL, EVAL_START_T: 1765431279.4148521, EVAL_END_T: 1765431280.075589 || RECV, RECV_START_T: 0.0, RECV_END_T: 0.0 || DIST, DIST_START_T: 0.0, DIST_END_T: 0.0 || LOAD, LOAD_START_T: 1765431245.9680476, LOAD_END_T: 1765431252.7048063 || MSG_MTo, MSG_MTo_START_T: 0.0, MSG_MTo_END_T: 0.0
Loaded FEMNIST test split partition_id=13 with 329 samples
Wall-clock time: 1765431309.0837 ||Test loss: 1.3122 || Test accuracy: 0.6201 || CPU time: 7.2420 || CPU utilization: 0.2497 || R#193's duration (s): 29.0081 || Cumulative runtime (s): 6689.9521 || Loading data delay (s): 6.3615 || Eval delay (s): 0.5582 || Agg delay (s): 0.0000 || Coordination delay (s): 0.0000 || DIST task delay: 0.0000 || RECV task delay: 0.0000 || Queueing delay: 0.0000 || MSG (from mid) Ave. delay: 0.0000 || Total cache delay: 0.0000 || Ave. cache delay: 0.0000
[R#193] CUMULATIVE_RUNTIME_SEC=6689.9521
Top Aggregator Timestamps: CACHE, CACHE_START_T: 0.0, CACHE_END_T: 0.0 || AGG, AGG_START_T: 0.0, AGG_END_T: 0.0 || EVAL, EVAL_START_T: 1765431308.525428, EVAL_END_T: 1765431309.0836728 || RECV, RECV_START_T: 0.0, RECV_END_T: 0.0 || DIST, DIST_START_T: 0.0, DIST_END_T: 0.0 || LOAD, LOAD_START_T: 1765431280.07871, LOAD_END_T: 1765431286.440177 || MSG_MTo, MSG_MTo_START_T: 0.0, MSG_MTo_END_T: 0.0
Loaded FEMNIST test split partition_id=3 with 397 samples
Wall-clock time: 1765431347.35708 ||Test loss: 0.5408 || Test accuracy: 0.8514 || CPU time: 9.1329 || CPU utilization: 0.2386 || R#194's duration (s): 38.2734 || Cumulative runtime (s): 6728.2255 || Loading data delay (s): 6.5865 || Eval delay (s): 0.7360 || Agg delay (s): 0.0000 || Coordination delay (s): 0.0000 || DIST task delay: 0.0000 || RECV task delay: 0.0000 || Queueing delay: 0.0000 || MSG (from mid) Ave. delay: 0.0000 || Total cache delay: 0.0000 || Ave. cache delay: 0.0000
[R#194] CUMULATIVE_RUNTIME_SEC=6728.2255
Top Aggregator Timestamps: CACHE, CACHE_START_T: 0.0, CACHE_END_T: 0.0 || AGG, AGG_START_T: 0.0, AGG_END_T: 0.0 || EVAL, EVAL_START_T: 1765431346.6210575, EVAL_END_T: 1765431347.3570485 || RECV, RECV_START_T: 0.0, RECV_END_T: 0.0 || DIST, DIST_START_T: 0.0, DIST_END_T: 0.0 || LOAD, LOAD_START_T: 1765431309.0865152, LOAD_END_T: 1765431315.6730316 || MSG_MTo, MSG_MTo_START_T: 0.0, MSG_MTo_END_T: 0.0
Loaded FEMNIST test split partition_id=24 with 374 samples
Wall-clock time: 1765431380.699371 ||Test loss: 1.1838 || Test accuracy: 0.6364 || CPU time: 8.0729 || CPU utilization: 0.2421 || R#195's duration (s): 33.3423 || Cumulative runtime (s): 6761.5678 || Loading data delay (s): 6.8022 || Eval delay (s): 0.6177 || Agg delay (s): 0.0000 || Coordination delay (s): 0.0000 || DIST task delay: 0.0000 || RECV task delay: 0.0000 || Queueing delay: 0.0000 || MSG (from mid) Ave. delay: 0.0000 || Total cache delay: 0.0000 || Ave. cache delay: 0.0000
[R#195] CUMULATIVE_RUNTIME_SEC=6761.5678
Top Aggregator Timestamps: CACHE, CACHE_START_T: 0.0, CACHE_END_T: 0.0 || AGG, AGG_START_T: 0.0, AGG_END_T: 0.0 || EVAL, EVAL_START_T: 1765431380.0816312, EVAL_END_T: 1765431380.6993423 || RECV, RECV_START_T: 0.0, RECV_END_T: 0.0 || DIST, DIST_START_T: 0.0, DIST_END_T: 0.0 || LOAD, LOAD_START_T: 1765431347.360578, LOAD_END_T: 1765431354.1627564 || MSG_MTo, MSG_MTo_START_T: 0.0, MSG_MTo_END_T: 0.0
Loaded FEMNIST test split partition_id=59 with 361 samples
Wall-clock time: 1765431412.7624602 ||Test loss: 1.4804 || Test accuracy: 0.5983 || CPU time: 7.7659 || CPU utilization: 0.2422 || R#196's duration (s): 32.0631 || Cumulative runtime (s): 6793.6309 || Loading data delay (s): 6.5401 || Eval delay (s): 0.5958 || Agg delay (s): 0.0000 || Coordination delay (s): 0.0000 || DIST task delay: 0.0000 || RECV task delay: 0.0000 || Queueing delay: 0.0000 || MSG (from mid) Ave. delay: 0.0000 || Total cache delay: 0.0000 || Ave. cache delay: 0.0000
[R#196] CUMULATIVE_RUNTIME_SEC=6793.6309
Top Aggregator Timestamps: CACHE, CACHE_START_T: 0.0, CACHE_END_T: 0.0 || AGG, AGG_START_T: 0.0, AGG_END_T: 0.0 || EVAL, EVAL_START_T: 1765431412.1666043, EVAL_END_T: 1765431412.7624328 || RECV, RECV_START_T: 0.0, RECV_END_T: 0.0 || DIST, DIST_START_T: 0.0, DIST_END_T: 0.0 || LOAD, LOAD_START_T: 1765431380.70213, LOAD_END_T: 1765431387.2422242 || MSG_MTo, MSG_MTo_START_T: 0.0, MSG_MTo_END_T: 0.0
Loaded FEMNIST test split partition_id=38 with 347 samples
Wall-clock time: 1765431440.1686625 ||Test loss: 0.9543 || Test accuracy: 0.7493 || CPU time: 7.6515 || CPU utilization: 0.2792 || R#197's duration (s): 27.4062 || Cumulative runtime (s): 6821.0371 || Loading data delay (s): 6.6437 || Eval delay (s): 0.6112 || Agg delay (s): 0.0000 || Coordination delay (s): 0.0000 || DIST task delay: 0.0000 || RECV task delay: 0.0000 || Queueing delay: 0.0000 || MSG (from mid) Ave. delay: 0.0000 || Total cache delay: 0.0000 || Ave. cache delay: 0.0000
[R#197] CUMULATIVE_RUNTIME_SEC=6821.0371
Top Aggregator Timestamps: CACHE, CACHE_START_T: 0.0, CACHE_END_T: 0.0 || AGG, AGG_START_T: 0.0, AGG_END_T: 0.0 || EVAL, EVAL_START_T: 1765431439.557458, EVAL_END_T: 1765431440.1686363 || RECV, RECV_START_T: 0.0, RECV_END_T: 0.0 || DIST, DIST_START_T: 0.0, DIST_END_T: 0.0 || LOAD, LOAD_START_T: 1765431412.7656903, LOAD_END_T: 1765431419.4093473 || MSG_MTo, MSG_MTo_START_T: 0.0, MSG_MTo_END_T: 0.0
Loaded FEMNIST test split partition_id=14 with 378 samples
Wall-clock time: 1765431478.395624 ||Test loss: 0.5834 || Test accuracy: 0.8042 || CPU time: 8.0163 || CPU utilization: 0.2097 || R#198's duration (s): 38.2270 || Cumulative runtime (s): 6859.2641 || Loading data delay (s): 6.1816 || Eval delay (s): 0.6096 || Agg delay (s): 0.0000 || Coordination delay (s): 0.0000 || DIST task delay: 0.0000 || RECV task delay: 0.0000 || Queueing delay: 0.0000 || MSG (from mid) Ave. delay: 0.0000 || Total cache delay: 0.0000 || Ave. cache delay: 0.0000
[R#198] CUMULATIVE_RUNTIME_SEC=6859.2641
Top Aggregator Timestamps: CACHE, CACHE_START_T: 0.0, CACHE_END_T: 0.0 || AGG, AGG_START_T: 0.0, AGG_END_T: 0.0 || EVAL, EVAL_START_T: 1765431477.7859688, EVAL_END_T: 1765431478.3955913 || RECV, RECV_START_T: 0.0, RECV_END_T: 0.0 || DIST, DIST_START_T: 0.0, DIST_END_T: 0.0 || LOAD, LOAD_START_T: 1765431440.171868, LOAD_END_T: 1765431446.353431 || MSG_MTo, MSG_MTo_START_T: 0.0, MSG_MTo_END_T: 0.0
Loaded FEMNIST test split partition_id=67 with 253 samples
Wall-clock time: 1765431505.8729365 ||Test loss: 1.5048 || Test accuracy: 0.5929 || CPU time: 5.4954 || CPU utilization: 0.2000 || R#199's duration (s): 27.4773 || Cumulative runtime (s): 6886.7414 || Loading data delay (s): 6.4858 || Eval delay (s): 0.4247 || Agg delay (s): 0.0000 || Coordination delay (s): 0.0000 || DIST task delay: 0.0000 || RECV task delay: 0.0000 || Queueing delay: 0.0000 || MSG (from mid) Ave. delay: 0.0000 || Total cache delay: 0.0000 || Ave. cache delay: 0.0000
[R#199] CUMULATIVE_RUNTIME_SEC=6886.7414
Top Aggregator Timestamps: CACHE, CACHE_START_T: 0.0, CACHE_END_T: 0.0 || AGG, AGG_START_T: 0.0, AGG_END_T: 0.0 || EVAL, EVAL_START_T: 1765431505.448257, EVAL_END_T: 1765431505.8729107 || RECV, RECV_START_T: 0.0, RECV_END_T: 0.0 || DIST, DIST_START_T: 0.0, DIST_END_T: 0.0 || LOAD, LOAD_START_T: 1765431478.3983827, LOAD_END_T: 1765431484.8841398 || MSG_MTo, MSG_MTo_START_T: 0.0, MSG_MTo_END_T: 0.0
Loaded FEMNIST test split partition_id=64 with 355 samples
Wall-clock time: 1765431541.9760814 ||Test loss: 1.4825 || Test accuracy: 0.6254 || CPU time: 7.2779 || CPU utilization: 0.2016 || R#200's duration (s): 36.1031 || Cumulative runtime (s): 6922.8445 || Loading data delay (s): 6.2796 || Eval delay (s): 0.5460 || Agg delay (s): 0.0000 || Coordination delay (s): 0.0000 || DIST task delay: 0.0000 || RECV task delay: 0.0000 || Queueing delay: 0.0000 || MSG (from mid) Ave. delay: 0.0000 || Total cache delay: 0.0000 || Ave. cache delay: 0.0000
[R#200] CUMULATIVE_RUNTIME_SEC=6922.8445
Top Aggregator Timestamps: CACHE, CACHE_START_T: 0.0, CACHE_END_T: 0.0 || AGG, AGG_START_T: 0.0, AGG_END_T: 0.0 || EVAL, EVAL_START_T: 1765431541.4300692, EVAL_END_T: 1765431541.9760509 || RECV, RECV_START_T: 0.0, RECV_END_T: 0.0 || DIST, DIST_START_T: 0.0, DIST_END_T: 0.0 || LOAD, LOAD_START_T: 1765431505.875878, LOAD_END_T: 1765431512.1555097 || MSG_MTo, MSG_MTo_START_T: 0.0, MSG_MTo_END_T: 0.0
Loaded FEMNIST test split partition_id=41 with 358 samples
Wall-clock time: 1765431580.0546296 ||Test loss: 1.3293 || Test accuracy: 0.6480 || CPU time: 7.5391 || CPU utilization: 0.1980 || R#201's duration (s): 38.0785 || Cumulative runtime (s): 6960.9231 || Loading data delay (s): 6.4936 || Eval delay (s): 0.5848 || Agg delay (s): 0.0000 || Coordination delay (s): 0.0000 || DIST task delay: 0.0000 || RECV task delay: 0.0000 || Queueing delay: 0.0000 || MSG (from mid) Ave. delay: 0.0000 || Total cache delay: 0.0000 || Ave. cache delay: 0.0000
[R#201] CUMULATIVE_RUNTIME_SEC=6960.9231
Top Aggregator Timestamps: CACHE, CACHE_START_T: 0.0, CACHE_END_T: 0.0 || AGG, AGG_START_T: 0.0, AGG_END_T: 0.0 || EVAL, EVAL_START_T: 1765431579.469771, EVAL_END_T: 1765431580.0545986 || RECV, RECV_START_T: 0.0, RECV_END_T: 0.0 || DIST, DIST_START_T: 0.0, DIST_END_T: 0.0 || LOAD, LOAD_START_T: 1765431541.9788742, LOAD_END_T: 1765431548.4724884 || MSG_MTo, MSG_MTo_START_T: 0.0, MSG_MTo_END_T: 0.0
Loaded FEMNIST test split partition_id=37 with 403 samples
Wall-clock time: 1765431606.9787724 ||Test loss: 0.9792 || Test accuracy: 0.7419 || CPU time: 8.3586 || CPU utilization: 0.3104 || R#202's duration (s): 26.9241 || Cumulative runtime (s): 6987.8472 || Loading data delay (s): 6.6752 || Eval delay (s): 0.6399 || Agg delay (s): 0.0000 || Coordination delay (s): 0.0000 || DIST task delay: 0.0000 || RECV task delay: 0.0000 || Queueing delay: 0.0000 || MSG (from mid) Ave. delay: 0.0000 || Total cache delay: 0.0000 || Ave. cache delay: 0.0000
[R#202] CUMULATIVE_RUNTIME_SEC=6987.8472
Top Aggregator Timestamps: CACHE, CACHE_START_T: 0.0, CACHE_END_T: 0.0 || AGG, AGG_START_T: 0.0, AGG_END_T: 0.0 || EVAL, EVAL_START_T: 1765431606.338849, EVAL_END_T: 1765431606.9787443 || RECV, RECV_START_T: 0.0, RECV_END_T: 0.0 || DIST, DIST_START_T: 0.0, DIST_END_T: 0.0 || LOAD, LOAD_START_T: 1765431580.0573783, LOAD_END_T: 1765431586.7325354 || MSG_MTo, MSG_MTo_START_T: 0.0, MSG_MTo_END_T: 0.0
Loaded FEMNIST test split partition_id=34 with 376 samples
Wall-clock time: 1765431636.8012989 ||Test loss: 1.0172 || Test accuracy: 0.6489 || CPU time: 7.8871 || CPU utilization: 0.2645 || R#203's duration (s): 29.8225 || Cumulative runtime (s): 7017.6697 || Loading data delay (s): 6.2685 || Eval delay (s): 0.6074 || Agg delay (s): 0.0000 || Coordination delay (s): 0.0000 || DIST task delay: 0.0000 || RECV task delay: 0.0000 || Queueing delay: 0.0000 || MSG (from mid) Ave. delay: 0.0000 || Total cache delay: 0.0000 || Ave. cache delay: 0.0000
[R#203] CUMULATIVE_RUNTIME_SEC=7017.6697
Top Aggregator Timestamps: CACHE, CACHE_START_T: 0.0, CACHE_END_T: 0.0 || AGG, AGG_START_T: 0.0, AGG_END_T: 0.0 || EVAL, EVAL_START_T: 1765431636.193835, EVAL_END_T: 1765431636.8012764 || RECV, RECV_START_T: 0.0, RECV_END_T: 0.0 || DIST, DIST_START_T: 0.0, DIST_END_T: 0.0 || LOAD, LOAD_START_T: 1765431606.9817958, LOAD_END_T: 1765431613.250298 || MSG_MTo, MSG_MTo_START_T: 0.0, MSG_MTo_END_T: 0.0
Loaded FEMNIST test split partition_id=46 with 430 samples
Wall-clock time: 1765431669.4291093 ||Test loss: 0.3679 || Test accuracy: 0.8721 || CPU time: 8.5727 || CPU utilization: 0.2627 || R#204's duration (s): 32.6278 || Cumulative runtime (s): 7050.2976 || Loading data delay (s): 7.3037 || Eval delay (s): 0.6540 || Agg delay (s): 0.0000 || Coordination delay (s): 0.0000 || DIST task delay: 0.0000 || RECV task delay: 0.0000 || Queueing delay: 0.0000 || MSG (from mid) Ave. delay: 0.0000 || Total cache delay: 0.0000 || Ave. cache delay: 0.0000
[R#204] CUMULATIVE_RUNTIME_SEC=7050.2976
Top Aggregator Timestamps: CACHE, CACHE_START_T: 0.0, CACHE_END_T: 0.0 || AGG, AGG_START_T: 0.0, AGG_END_T: 0.0 || EVAL, EVAL_START_T: 1765431668.7751224, EVAL_END_T: 1765431669.4290895 || RECV, RECV_START_T: 0.0, RECV_END_T: 0.0 || DIST, DIST_START_T: 0.0, DIST_END_T: 0.0 || LOAD, LOAD_START_T: 1765431636.804065, LOAD_END_T: 1765431644.1077347 || MSG_MTo, MSG_MTo_START_T: 0.0, MSG_MTo_END_T: 0.0
Loaded FEMNIST test split partition_id=57 with 388 samples
Wall-clock time: 1765431694.3773544 ||Test loss: 1.0609 || Test accuracy: 0.6959 || CPU time: 8.3488 || CPU utilization: 0.3346 || R#205's duration (s): 24.9482 || Cumulative runtime (s): 7075.2458 || Loading data delay (s): 6.3137 || Eval delay (s): 0.6442 || Agg delay (s): 0.0000 || Coordination delay (s): 0.0000 || DIST task delay: 0.0000 || RECV task delay: 0.0000 || Queueing delay: 0.0000 || MSG (from mid) Ave. delay: 0.0000 || Total cache delay: 0.0000 || Ave. cache delay: 0.0000
[R#205] CUMULATIVE_RUNTIME_SEC=7075.2458
Top Aggregator Timestamps: CACHE, CACHE_START_T: 0.0, CACHE_END_T: 0.0 || AGG, AGG_START_T: 0.0, AGG_END_T: 0.0 || EVAL, EVAL_START_T: 1765431693.7331474, EVAL_END_T: 1765431694.3773258 || RECV, RECV_START_T: 0.0, RECV_END_T: 0.0 || DIST, DIST_START_T: 0.0, DIST_END_T: 0.0 || LOAD, LOAD_START_T: 1765431669.432021, LOAD_END_T: 1765431675.7457657 || MSG_MTo, MSG_MTo_START_T: 0.0, MSG_MTo_END_T: 0.0
Loaded FEMNIST test split partition_id=65 with 379 samples
Wall-clock time: 1765431734.113692 ||Test loss: 0.3742 || Test accuracy: 0.8945 || CPU time: 7.9385 || CPU utilization: 0.1998 || R#206's duration (s): 39.7363 || Cumulative runtime (s): 7114.9821 || Loading data delay (s): 6.5083 || Eval delay (s): 0.6119 || Agg delay (s): 0.0000 || Coordination delay (s): 0.0000 || DIST task delay: 0.0000 || RECV task delay: 0.0000 || Queueing delay: 0.0000 || MSG (from mid) Ave. delay: 0.0000 || Total cache delay: 0.0000 || Ave. cache delay: 0.0000
[R#206] CUMULATIVE_RUNTIME_SEC=7114.9821
Top Aggregator Timestamps: CACHE, CACHE_START_T: 0.0, CACHE_END_T: 0.0 || AGG, AGG_START_T: 0.0, AGG_END_T: 0.0 || EVAL, EVAL_START_T: 1765431733.501803, EVAL_END_T: 1765431734.1136694 || RECV, RECV_START_T: 0.0, RECV_END_T: 0.0 || DIST, DIST_START_T: 0.0, DIST_END_T: 0.0 || LOAD, LOAD_START_T: 1765431694.3801012, LOAD_END_T: 1765431700.8884158 || MSG_MTo, MSG_MTo_START_T: 0.0, MSG_MTo_END_T: 0.0
Loaded FEMNIST test split partition_id=63 with 413 samples
Wall-clock time: 1765431765.5554066 ||Test loss: 1.1972 || Test accuracy: 0.6465 || CPU time: 8.4870 || CPU utilization: 0.2699 || R#207's duration (s): 31.4417 || Cumulative runtime (s): 7146.4239 || Loading data delay (s): 6.6637 || Eval delay (s): 0.6414 || Agg delay (s): 0.0000 || Coordination delay (s): 0.0000 || DIST task delay: 0.0000 || RECV task delay: 0.0000 || Queueing delay: 0.0000 || MSG (from mid) Ave. delay: 0.0000 || Total cache delay: 0.0000 || Ave. cache delay: 0.0000
[R#207] CUMULATIVE_RUNTIME_SEC=7146.4239
Top Aggregator Timestamps: CACHE, CACHE_START_T: 0.0, CACHE_END_T: 0.0 || AGG, AGG_START_T: 0.0, AGG_END_T: 0.0 || EVAL, EVAL_START_T: 1765431764.913953, EVAL_END_T: 1765431765.5553849 || RECV, RECV_START_T: 0.0, RECV_END_T: 0.0 || DIST, DIST_START_T: 0.0, DIST_END_T: 0.0 || LOAD, LOAD_START_T: 1765431734.1166368, LOAD_END_T: 1765431740.7803116 || MSG_MTo, MSG_MTo_START_T: 0.0, MSG_MTo_END_T: 0.0
Loaded FEMNIST test split partition_id=25 with 317 samples
Wall-clock time: 1765431796.4468808 ||Test loss: 0.9548 || Test accuracy: 0.7098 || CPU time: 6.6715 || CPU utilization: 0.2160 || R#208's duration (s): 30.8915 || Cumulative runtime (s): 7177.3153 || Loading data delay (s): 6.2571 || Eval delay (s): 0.5164 || Agg delay (s): 0.0000 || Coordination delay (s): 0.0000 || DIST task delay: 0.0000 || RECV task delay: 0.0000 || Queueing delay: 0.0000 || MSG (from mid) Ave. delay: 0.0000 || Total cache delay: 0.0000 || Ave. cache delay: 0.0000
[R#208] CUMULATIVE_RUNTIME_SEC=7177.3153
Top Aggregator Timestamps: CACHE, CACHE_START_T: 0.0, CACHE_END_T: 0.0 || AGG, AGG_START_T: 0.0, AGG_END_T: 0.0 || EVAL, EVAL_START_T: 1765431795.930429, EVAL_END_T: 1765431796.4468586 || RECV, RECV_START_T: 0.0, RECV_END_T: 0.0 || DIST, DIST_START_T: 0.0, DIST_END_T: 0.0 || LOAD, LOAD_START_T: 1765431765.558097, LOAD_END_T: 1765431771.8151968 || MSG_MTo, MSG_MTo_START_T: 0.0, MSG_MTo_END_T: 0.0
Loaded FEMNIST test split partition_id=19 with 377 samples
Wall-clock time: 1765431833.569147 ||Test loss: 1.0602 || Test accuracy: 0.7029 || CPU time: 7.5834 || CPU utilization: 0.2043 || R#209's duration (s): 37.1223 || Cumulative runtime (s): 7214.4376 || Loading data delay (s): 6.4579 || Eval delay (s): 0.5801 || Agg delay (s): 0.0000 || Coordination delay (s): 0.0000 || DIST task delay: 0.0000 || RECV task delay: 0.0000 || Queueing delay: 0.0000 || MSG (from mid) Ave. delay: 0.0000 || Total cache delay: 0.0000 || Ave. cache delay: 0.0000
[R#209] CUMULATIVE_RUNTIME_SEC=7214.4376
Top Aggregator Timestamps: CACHE, CACHE_START_T: 0.0, CACHE_END_T: 0.0 || AGG, AGG_START_T: 0.0, AGG_END_T: 0.0 || EVAL, EVAL_START_T: 1765431832.9890437, EVAL_END_T: 1765431833.5691245 || RECV, RECV_START_T: 0.0, RECV_END_T: 0.0 || DIST, DIST_START_T: 0.0, DIST_END_T: 0.0 || LOAD, LOAD_START_T: 1765431796.4499118, LOAD_END_T: 1765431802.907823 || MSG_MTo, MSG_MTo_START_T: 0.0, MSG_MTo_END_T: 0.0
Loaded FEMNIST test split partition_id=62 with 390 samples
Wall-clock time: 1765431881.3618126 ||Test loss: 0.8546 || Test accuracy: 0.7590 || CPU time: 8.1458 || CPU utilization: 0.1704 || R#210's duration (s): 47.7927 || Cumulative runtime (s): 7262.2303 || Loading data delay (s): 6.3838 || Eval delay (s): 0.6232 || Agg delay (s): 0.0000 || Coordination delay (s): 0.0000 || DIST task delay: 0.0000 || RECV task delay: 0.0000 || Queueing delay: 0.0000 || MSG (from mid) Ave. delay: 0.0000 || Total cache delay: 0.0000 || Ave. cache delay: 0.0000
[R#210] CUMULATIVE_RUNTIME_SEC=7262.2303
Top Aggregator Timestamps: CACHE, CACHE_START_T: 0.0, CACHE_END_T: 0.0 || AGG, AGG_START_T: 0.0, AGG_END_T: 0.0 || EVAL, EVAL_START_T: 1765431880.7385798, EVAL_END_T: 1765431881.3617752 || RECV, RECV_START_T: 0.0, RECV_END_T: 0.0 || DIST, DIST_START_T: 0.0, DIST_END_T: 0.0 || LOAD, LOAD_START_T: 1765431833.571896, LOAD_END_T: 1765431839.9556644 || MSG_MTo, MSG_MTo_START_T: 0.0, MSG_MTo_END_T: 0.0
Loaded FEMNIST test split partition_id=9 with 377 samples
Wall-clock time: 1765431909.267893 ||Test loss: 1.4822 || Test accuracy: 0.6207 || CPU time: 7.6978 || CPU utilization: 0.2758 || R#211's duration (s): 27.9061 || Cumulative runtime (s): 7290.1363 || Loading data delay (s): 6.3869 || Eval delay (s): 0.5966 || Agg delay (s): 0.0000 || Coordination delay (s): 0.0000 || DIST task delay: 0.0000 || RECV task delay: 0.0000 || Queueing delay: 0.0000 || MSG (from mid) Ave. delay: 0.0000 || Total cache delay: 0.0000 || Ave. cache delay: 0.0000
[R#211] CUMULATIVE_RUNTIME_SEC=7290.1363
Top Aggregator Timestamps: CACHE, CACHE_START_T: 0.0, CACHE_END_T: 0.0 || AGG, AGG_START_T: 0.0, AGG_END_T: 0.0 || EVAL, EVAL_START_T: 1765431908.6712942, EVAL_END_T: 1765431909.2678697 || RECV, RECV_START_T: 0.0, RECV_END_T: 0.0 || DIST, DIST_START_T: 0.0, DIST_END_T: 0.0 || LOAD, LOAD_START_T: 1765431881.3645453, LOAD_END_T: 1765431887.7514768 || MSG_MTo, MSG_MTo_START_T: 0.0, MSG_MTo_END_T: 0.0
Loaded FEMNIST test split partition_id=19 with 377 samples
Wall-clock time: 1765431936.8563719 ||Test loss: 1.1698 || Test accuracy: 0.6737 || CPU time: 7.8161 || CPU utilization: 0.2833 || R#212's duration (s): 27.5885 || Cumulative runtime (s): 7317.7248 || Loading data delay (s): 6.6358 || Eval delay (s): 0.6013 || Agg delay (s): 0.0000 || Coordination delay (s): 0.0000 || DIST task delay: 0.0000 || RECV task delay: 0.0000 || Queueing delay: 0.0000 || MSG (from mid) Ave. delay: 0.0000 || Total cache delay: 0.0000 || Ave. cache delay: 0.0000
[R#212] CUMULATIVE_RUNTIME_SEC=7317.7248
Top Aggregator Timestamps: CACHE, CACHE_START_T: 0.0, CACHE_END_T: 0.0 || AGG, AGG_START_T: 0.0, AGG_END_T: 0.0 || EVAL, EVAL_START_T: 1765431936.255039, EVAL_END_T: 1765431936.856349 || RECV, RECV_START_T: 0.0, RECV_END_T: 0.0 || DIST, DIST_START_T: 0.0, DIST_END_T: 0.0 || LOAD, LOAD_START_T: 1765431909.2707994, LOAD_END_T: 1765431915.9066272 || MSG_MTo, MSG_MTo_START_T: 0.0, MSG_MTo_END_T: 0.0
Loaded FEMNIST test split partition_id=29 with 247 samples
Wall-clock time: 1765431971.8817198 ||Test loss: 1.9120 || Test accuracy: 0.5466 || CPU time: 5.4281 || CPU utilization: 0.1550 || R#213's duration (s): 35.0253 || Cumulative runtime (s): 7352.7502 || Loading data delay (s): 6.2277 || Eval delay (s): 0.4168 || Agg delay (s): 0.0000 || Coordination delay (s): 0.0000 || DIST task delay: 0.0000 || RECV task delay: 0.0000 || Queueing delay: 0.0000 || MSG (from mid) Ave. delay: 0.0000 || Total cache delay: 0.0000 || Ave. cache delay: 0.0000
[R#213] CUMULATIVE_RUNTIME_SEC=7352.7502
Top Aggregator Timestamps: CACHE, CACHE_START_T: 0.0, CACHE_END_T: 0.0 || AGG, AGG_START_T: 0.0, AGG_END_T: 0.0 || EVAL, EVAL_START_T: 1765431971.4649134, EVAL_END_T: 1765431971.8816917 || RECV, RECV_START_T: 0.0, RECV_END_T: 0.0 || DIST, DIST_START_T: 0.0, DIST_END_T: 0.0 || LOAD, LOAD_START_T: 1765431936.8591201, LOAD_END_T: 1765431943.0868058 || MSG_MTo, MSG_MTo_START_T: 0.0, MSG_MTo_END_T: 0.0
Loaded FEMNIST test split partition_id=40 with 375 samples
Wall-clock time: 1765432010.4702222 ||Test loss: 1.0450 || Test accuracy: 0.7600 || CPU time: 7.9278 || CPU utilization: 0.2054 || R#214's duration (s): 38.5885 || Cumulative runtime (s): 7391.3387 || Loading data delay (s): 6.4509 || Eval delay (s): 0.6086 || Agg delay (s): 0.0000 || Coordination delay (s): 0.0000 || DIST task delay: 0.0000 || RECV task delay: 0.0000 || Queueing delay: 0.0000 || MSG (from mid) Ave. delay: 0.0000 || Total cache delay: 0.0000 || Ave. cache delay: 0.0000
[R#214] CUMULATIVE_RUNTIME_SEC=7391.3387
Top Aggregator Timestamps: CACHE, CACHE_START_T: 0.0, CACHE_END_T: 0.0 || AGG, AGG_START_T: 0.0, AGG_END_T: 0.0 || EVAL, EVAL_START_T: 1765432009.8615704, EVAL_END_T: 1765432010.4701931 || RECV, RECV_START_T: 0.0, RECV_END_T: 0.0 || DIST, DIST_START_T: 0.0, DIST_END_T: 0.0 || LOAD, LOAD_START_T: 1765431971.8844187, LOAD_END_T: 1765431978.335309 || MSG_MTo, MSG_MTo_START_T: 0.0, MSG_MTo_END_T: 0.0
Loaded FEMNIST test split partition_id=15 with 370 samples
Wall-clock time: 1765432047.1093462 ||Test loss: 0.7535 || Test accuracy: 0.7649 || CPU time: 7.7113 || CPU utilization: 0.2105 || R#215's duration (s): 36.6391 || Cumulative runtime (s): 7427.9778 || Loading data delay (s): 6.1537 || Eval delay (s): 0.5924 || Agg delay (s): 0.0000 || Coordination delay (s): 0.0000 || DIST task delay: 0.0000 || RECV task delay: 0.0000 || Queueing delay: 0.0000 || MSG (from mid) Ave. delay: 0.0000 || Total cache delay: 0.0000 || Ave. cache delay: 0.0000
[R#215] CUMULATIVE_RUNTIME_SEC=7427.9778
Top Aggregator Timestamps: CACHE, CACHE_START_T: 0.0, CACHE_END_T: 0.0 || AGG, AGG_START_T: 0.0, AGG_END_T: 0.0 || EVAL, EVAL_START_T: 1765432046.516947, EVAL_END_T: 1765432047.1093192 || RECV, RECV_START_T: 0.0, RECV_END_T: 0.0 || DIST, DIST_START_T: 0.0, DIST_END_T: 0.0 || LOAD, LOAD_START_T: 1765432010.4729028, LOAD_END_T: 1765432016.6265872 || MSG_MTo, MSG_MTo_START_T: 0.0, MSG_MTo_END_T: 0.0
Loaded FEMNIST test split partition_id=55 with 373 samples
Wall-clock time: 1765432087.9813488 ||Test loss: 1.7647 || Test accuracy: 0.5684 || CPU time: 7.8902 || CPU utilization: 0.1930 || R#216's duration (s): 40.8720 || Cumulative runtime (s): 7468.8498 || Loading data delay (s): 6.3666 || Eval delay (s): 0.6021 || Agg delay (s): 0.0000 || Coordination delay (s): 0.0000 || DIST task delay: 0.0000 || RECV task delay: 0.0000 || Queueing delay: 0.0000 || MSG (from mid) Ave. delay: 0.0000 || Total cache delay: 0.0000 || Ave. cache delay: 0.0000
[R#216] CUMULATIVE_RUNTIME_SEC=7468.8498
Top Aggregator Timestamps: CACHE, CACHE_START_T: 0.0, CACHE_END_T: 0.0 || AGG, AGG_START_T: 0.0, AGG_END_T: 0.0 || EVAL, EVAL_START_T: 1765432087.3791847, EVAL_END_T: 1765432087.981329 || RECV, RECV_START_T: 0.0, RECV_END_T: 0.0 || DIST, DIST_START_T: 0.0, DIST_END_T: 0.0 || LOAD, LOAD_START_T: 1765432047.1120899, LOAD_END_T: 1765432053.4786496 || MSG_MTo, MSG_MTo_START_T: 0.0, MSG_MTo_END_T: 0.0
Loaded FEMNIST test split partition_id=61 with 356 samples
Wall-clock time: 1765432120.5865493 ||Test loss: 2.4749 || Test accuracy: 0.3989 || CPU time: 8.0079 || CPU utilization: 0.2456 || R#217's duration (s): 32.6052 || Cumulative runtime (s): 7501.4550 || Loading data delay (s): 6.6885 || Eval delay (s): 0.6034 || Agg delay (s): 0.0000 || Coordination delay (s): 0.0000 || DIST task delay: 0.0000 || RECV task delay: 0.0000 || Queueing delay: 0.0000 || MSG (from mid) Ave. delay: 0.0000 || Total cache delay: 0.0000 || Ave. cache delay: 0.0000
[R#217] CUMULATIVE_RUNTIME_SEC=7501.4550
Top Aggregator Timestamps: CACHE, CACHE_START_T: 0.0, CACHE_END_T: 0.0 || AGG, AGG_START_T: 0.0, AGG_END_T: 0.0 || EVAL, EVAL_START_T: 1765432119.9831603, EVAL_END_T: 1765432120.5865161 || RECV, RECV_START_T: 0.0, RECV_END_T: 0.0 || DIST, DIST_START_T: 0.0, DIST_END_T: 0.0 || LOAD, LOAD_START_T: 1765432087.9843965, LOAD_END_T: 1765432094.6728623 || MSG_MTo, MSG_MTo_START_T: 0.0, MSG_MTo_END_T: 0.0
Loaded FEMNIST test split partition_id=58 with 346 samples
Wall-clock time: 1765432160.6662126 ||Test loss: 1.3581 || Test accuracy: 0.6445 || CPU time: 7.8213 || CPU utilization: 0.1951 || R#218's duration (s): 40.0797 || Cumulative runtime (s): 7541.5347 || Loading data delay (s): 6.1836 || Eval delay (s): 0.5917 || Agg delay (s): 0.0000 || Coordination delay (s): 0.0000 || DIST task delay: 0.0000 || RECV task delay: 0.0000 || Queueing delay: 0.0000 || MSG (from mid) Ave. delay: 0.0000 || Total cache delay: 0.0000 || Ave. cache delay: 0.0000
[R#218] CUMULATIVE_RUNTIME_SEC=7541.5347
Top Aggregator Timestamps: CACHE, CACHE_START_T: 0.0, CACHE_END_T: 0.0 || AGG, AGG_START_T: 0.0, AGG_END_T: 0.0 || EVAL, EVAL_START_T: 1765432160.0744326, EVAL_END_T: 1765432160.6661658 || RECV, RECV_START_T: 0.0, RECV_END_T: 0.0 || DIST, DIST_START_T: 0.0, DIST_END_T: 0.0 || LOAD, LOAD_START_T: 1765432120.5894, LOAD_END_T: 1765432126.7730067 || MSG_MTo, MSG_MTo_START_T: 0.0, MSG_MTo_END_T: 0.0
Loaded FEMNIST test split partition_id=17 with 424 samples
Wall-clock time: 1765432198.675975 ||Test loss: 0.9102 || Test accuracy: 0.7547 || CPU time: 8.4718 || CPU utilization: 0.2229 || R#219's duration (s): 38.0098 || Cumulative runtime (s): 7579.5444 || Loading data delay (s): 6.6364 || Eval delay (s): 0.6392 || Agg delay (s): 0.0000 || Coordination delay (s): 0.0000 || DIST task delay: 0.0000 || RECV task delay: 0.0000 || Queueing delay: 0.0000 || MSG (from mid) Ave. delay: 0.0000 || Total cache delay: 0.0000 || Ave. cache delay: 0.0000
[R#219] CUMULATIVE_RUNTIME_SEC=7579.5444
Top Aggregator Timestamps: CACHE, CACHE_START_T: 0.0, CACHE_END_T: 0.0 || AGG, AGG_START_T: 0.0, AGG_END_T: 0.0 || EVAL, EVAL_START_T: 1765432198.0367634, EVAL_END_T: 1765432198.6759517 || RECV, RECV_START_T: 0.0, RECV_END_T: 0.0 || DIST, DIST_START_T: 0.0, DIST_END_T: 0.0 || LOAD, LOAD_START_T: 1765432160.6696239, LOAD_END_T: 1765432167.3059778 || MSG_MTo, MSG_MTo_START_T: 0.0, MSG_MTo_END_T: 0.0
Loaded FEMNIST test split partition_id=39 with 373 samples
Wall-clock time: 1765432228.2540255 ||Test loss: 0.7735 || Test accuracy: 0.7292 || CPU time: 8.3405 || CPU utilization: 0.2820 || R#220's duration (s): 29.5781 || Cumulative runtime (s): 7609.1225 || Loading data delay (s): 6.1780 || Eval delay (s): 0.6278 || Agg delay (s): 0.0000 || Coordination delay (s): 0.0000 || DIST task delay: 0.0000 || RECV task delay: 0.0000 || Queueing delay: 0.0000 || MSG (from mid) Ave. delay: 0.0000 || Total cache delay: 0.0000 || Ave. cache delay: 0.0000
[R#220] CUMULATIVE_RUNTIME_SEC=7609.1225
Top Aggregator Timestamps: CACHE, CACHE_START_T: 0.0, CACHE_END_T: 0.0 || AGG, AGG_START_T: 0.0, AGG_END_T: 0.0 || EVAL, EVAL_START_T: 1765432227.6262317, EVAL_END_T: 1765432228.2539914 || RECV, RECV_START_T: 0.0, RECV_END_T: 0.0 || DIST, DIST_START_T: 0.0, DIST_END_T: 0.0 || LOAD, LOAD_START_T: 1765432198.6787639, LOAD_END_T: 1765432204.8567214 || MSG_MTo, MSG_MTo_START_T: 0.0, MSG_MTo_END_T: 0.0
Loaded FEMNIST test split partition_id=64 with 355 samples
Wall-clock time: 1765432264.349128 ||Test loss: 1.2729 || Test accuracy: 0.6254 || CPU time: 7.4379 || CPU utilization: 0.2061 || R#221's duration (s): 36.0951 || Cumulative runtime (s): 7645.2176 || Loading data delay (s): 6.3769 || Eval delay (s): 0.5763 || Agg delay (s): 0.0000 || Coordination delay (s): 0.0000 || DIST task delay: 0.0000 || RECV task delay: 0.0000 || Queueing delay: 0.0000 || MSG (from mid) Ave. delay: 0.0000 || Total cache delay: 0.0000 || Ave. cache delay: 0.0000
[R#221] CUMULATIVE_RUNTIME_SEC=7645.2176
Top Aggregator Timestamps: CACHE, CACHE_START_T: 0.0, CACHE_END_T: 0.0 || AGG, AGG_START_T: 0.0, AGG_END_T: 0.0 || EVAL, EVAL_START_T: 1765432263.7728128, EVAL_END_T: 1765432264.3491004 || RECV, RECV_START_T: 0.0, RECV_END_T: 0.0 || DIST, DIST_START_T: 0.0, DIST_END_T: 0.0 || LOAD, LOAD_START_T: 1765432228.2568853, LOAD_END_T: 1765432234.6338112 || MSG_MTo, MSG_MTo_START_T: 0.0, MSG_MTo_END_T: 0.0
Loaded FEMNIST test split partition_id=27 with 446 samples
Wall-clock time: 1765432299.9157822 ||Test loss: 0.9522 || Test accuracy: 0.7175 || CPU time: 9.2186 || CPU utilization: 0.2592 || R#222's duration (s): 35.5667 || Cumulative runtime (s): 7680.7842 || Loading data delay (s): 6.8024 || Eval delay (s): 0.7052 || Agg delay (s): 0.0000 || Coordination delay (s): 0.0000 || DIST task delay: 0.0000 || RECV task delay: 0.0000 || Queueing delay: 0.0000 || MSG (from mid) Ave. delay: 0.0000 || Total cache delay: 0.0000 || Ave. cache delay: 0.0000
[R#222] CUMULATIVE_RUNTIME_SEC=7680.7842
Top Aggregator Timestamps: CACHE, CACHE_START_T: 0.0, CACHE_END_T: 0.0 || AGG, AGG_START_T: 0.0, AGG_END_T: 0.0 || EVAL, EVAL_START_T: 1765432299.2105238, EVAL_END_T: 1765432299.9157512 || RECV, RECV_START_T: 0.0, RECV_END_T: 0.0 || DIST, DIST_START_T: 0.0, DIST_END_T: 0.0 || LOAD, LOAD_START_T: 1765432264.3521073, LOAD_END_T: 1765432271.1544628 || MSG_MTo, MSG_MTo_START_T: 0.0, MSG_MTo_END_T: 0.0
Loaded FEMNIST test split partition_id=60 with 303 samples
Wall-clock time: 1765432335.4612777 ||Test loss: 0.7195 || Test accuracy: 0.7657 || CPU time: 6.6321 || CPU utilization: 0.1866 || R#223's duration (s): 35.5455 || Cumulative runtime (s): 7716.3297 || Loading data delay (s): 6.2749 || Eval delay (s): 0.5118 || Agg delay (s): 0.0000 || Coordination delay (s): 0.0000 || DIST task delay: 0.0000 || RECV task delay: 0.0000 || Queueing delay: 0.0000 || MSG (from mid) Ave. delay: 0.0000 || Total cache delay: 0.0000 || Ave. cache delay: 0.0000
[R#223] CUMULATIVE_RUNTIME_SEC=7716.3297
Top Aggregator Timestamps: CACHE, CACHE_START_T: 0.0, CACHE_END_T: 0.0 || AGG, AGG_START_T: 0.0, AGG_END_T: 0.0 || EVAL, EVAL_START_T: 1765432334.949472, EVAL_END_T: 1765432335.4612463 || RECV, RECV_START_T: 0.0, RECV_END_T: 0.0 || DIST, DIST_START_T: 0.0, DIST_END_T: 0.0 || LOAD, LOAD_START_T: 1765432299.9185848, LOAD_END_T: 1765432306.1935103 || MSG_MTo, MSG_MTo_START_T: 0.0, MSG_MTo_END_T: 0.0
Loaded FEMNIST test split partition_id=54 with 428 samples
Wall-clock time: 1765432372.4315379 ||Test loss: 0.4687 || Test accuracy: 0.8528 || CPU time: 9.0162 || CPU utilization: 0.2439 || R#224's duration (s): 36.9703 || Cumulative runtime (s): 7753.3000 || Loading data delay (s): 6.7251 || Eval delay (s): 0.6942 || Agg delay (s): 0.0000 || Coordination delay (s): 0.0000 || DIST task delay: 0.0000 || RECV task delay: 0.0000 || Queueing delay: 0.0000 || MSG (from mid) Ave. delay: 0.0000 || Total cache delay: 0.0000 || Ave. cache delay: 0.0000
[R#224] CUMULATIVE_RUNTIME_SEC=7753.3000
Top Aggregator Timestamps: CACHE, CACHE_START_T: 0.0, CACHE_END_T: 0.0 || AGG, AGG_START_T: 0.0, AGG_END_T: 0.0 || EVAL, EVAL_START_T: 1765432371.7373133, EVAL_END_T: 1765432372.431515 || RECV, RECV_START_T: 0.0, RECV_END_T: 0.0 || DIST, DIST_START_T: 0.0, DIST_END_T: 0.0 || LOAD, LOAD_START_T: 1765432335.4645646, LOAD_END_T: 1765432342.1896546 || MSG_MTo, MSG_MTo_START_T: 0.0, MSG_MTo_END_T: 0.0
Loaded FEMNIST test split partition_id=62 with 390 samples
Wall-clock time: 1765432407.6100461 ||Test loss: 1.2189 || Test accuracy: 0.6564 || CPU time: 7.7700 || CPU utilization: 0.2209 || R#225's duration (s): 35.1785 || Cumulative runtime (s): 7788.4785 || Loading data delay (s): 6.2567 || Eval delay (s): 0.5935 || Agg delay (s): 0.0000 || Coordination delay (s): 0.0000 || DIST task delay: 0.0000 || RECV task delay: 0.0000 || Queueing delay: 0.0000 || MSG (from mid) Ave. delay: 0.0000 || Total cache delay: 0.0000 || Ave. cache delay: 0.0000
[R#225] CUMULATIVE_RUNTIME_SEC=7788.4785
Top Aggregator Timestamps: CACHE, CACHE_START_T: 0.0, CACHE_END_T: 0.0 || AGG, AGG_START_T: 0.0, AGG_END_T: 0.0 || EVAL, EVAL_START_T: 1765432407.0165484, EVAL_END_T: 1765432407.610014 || RECV, RECV_START_T: 0.0, RECV_END_T: 0.0 || DIST, DIST_START_T: 0.0, DIST_END_T: 0.0 || LOAD, LOAD_START_T: 1765432372.434302, LOAD_END_T: 1765432378.691045 || MSG_MTo, MSG_MTo_START_T: 0.0, MSG_MTo_END_T: 0.0
Loaded FEMNIST test split partition_id=23 with 418 samples
Wall-clock time: 1765432438.541271 ||Test loss: 0.8145 || Test accuracy: 0.7823 || CPU time: 8.3102 || CPU utilization: 0.2687 || R#226's duration (s): 30.9312 || Cumulative runtime (s): 7819.4097 || Loading data delay (s): 6.5377 || Eval delay (s): 0.6361 || Agg delay (s): 0.0000 || Coordination delay (s): 0.0000 || DIST task delay: 0.0000 || RECV task delay: 0.0000 || Queueing delay: 0.0000 || MSG (from mid) Ave. delay: 0.0000 || Total cache delay: 0.0000 || Ave. cache delay: 0.0000
[R#226] CUMULATIVE_RUNTIME_SEC=7819.4097
Top Aggregator Timestamps: CACHE, CACHE_START_T: 0.0, CACHE_END_T: 0.0 || AGG, AGG_START_T: 0.0, AGG_END_T: 0.0 || EVAL, EVAL_START_T: 1765432437.9051225, EVAL_END_T: 1765432438.5412517 || RECV, RECV_START_T: 0.0, RECV_END_T: 0.0 || DIST, DIST_START_T: 0.0, DIST_END_T: 0.0 || LOAD, LOAD_START_T: 1765432407.6129255, LOAD_END_T: 1765432414.1506252 || MSG_MTo, MSG_MTo_START_T: 0.0, MSG_MTo_END_T: 0.0
Loaded FEMNIST test split partition_id=57 with 388 samples
Wall-clock time: 1765432478.188177 ||Test loss: 0.5865 || Test accuracy: 0.8247 || CPU time: 8.2004 || CPU utilization: 0.2068 || R#227's duration (s): 39.6469 || Cumulative runtime (s): 7859.0566 || Loading data delay (s): 6.6114 || Eval delay (s): 0.6289 || Agg delay (s): 0.0000 || Coordination delay (s): 0.0000 || DIST task delay: 0.0000 || RECV task delay: 0.0000 || Queueing delay: 0.0000 || MSG (from mid) Ave. delay: 0.0000 || Total cache delay: 0.0000 || Ave. cache delay: 0.0000
[R#227] CUMULATIVE_RUNTIME_SEC=7859.0566
Top Aggregator Timestamps: CACHE, CACHE_START_T: 0.0, CACHE_END_T: 0.0 || AGG, AGG_START_T: 0.0, AGG_END_T: 0.0 || EVAL, EVAL_START_T: 1765432477.5592835, EVAL_END_T: 1765432478.1881526 || RECV, RECV_START_T: 0.0, RECV_END_T: 0.0 || DIST, DIST_START_T: 0.0, DIST_END_T: 0.0 || LOAD, LOAD_START_T: 1765432438.5441887, LOAD_END_T: 1765432445.155602 || MSG_MTo, MSG_MTo_START_T: 0.0, MSG_MTo_END_T: 0.0
Loaded FEMNIST test split partition_id=62 with 390 samples
Wall-clock time: 1765432511.8829827 ||Test loss: 1.1420 || Test accuracy: 0.6846 || CPU time: 8.3763 || CPU utilization: 0.2486 || R#228's duration (s): 33.6948 || Cumulative runtime (s): 7892.7514 || Loading data delay (s): 6.2397 || Eval delay (s): 0.6476 || Agg delay (s): 0.0000 || Coordination delay (s): 0.0000 || DIST task delay: 0.0000 || RECV task delay: 0.0000 || Queueing delay: 0.0000 || MSG (from mid) Ave. delay: 0.0000 || Total cache delay: 0.0000 || Ave. cache delay: 0.0000
[R#228] CUMULATIVE_RUNTIME_SEC=7892.7514
Top Aggregator Timestamps: CACHE, CACHE_START_T: 0.0, CACHE_END_T: 0.0 || AGG, AGG_START_T: 0.0, AGG_END_T: 0.0 || EVAL, EVAL_START_T: 1765432511.2353768, EVAL_END_T: 1765432511.8829548 || RECV, RECV_START_T: 0.0, RECV_END_T: 0.0 || DIST, DIST_START_T: 0.0, DIST_END_T: 0.0 || LOAD, LOAD_START_T: 1765432478.190867, LOAD_END_T: 1765432484.4305377 || MSG_MTo, MSG_MTo_START_T: 0.0, MSG_MTo_END_T: 0.0
Loaded FEMNIST test split partition_id=8 with 418 samples
Wall-clock time: 1765432543.3189847 ||Test loss: 0.3561 || Test accuracy: 0.8900 || CPU time: 8.8902 || CPU utilization: 0.2828 || R#229's duration (s): 31.4360 || Cumulative runtime (s): 7924.1874 || Loading data delay (s): 6.4583 || Eval delay (s): 0.6833 || Agg delay (s): 0.0000 || Coordination delay (s): 0.0000 || DIST task delay: 0.0000 || RECV task delay: 0.0000 || Queueing delay: 0.0000 || MSG (from mid) Ave. delay: 0.0000 || Total cache delay: 0.0000 || Ave. cache delay: 0.0000
[R#229] CUMULATIVE_RUNTIME_SEC=7924.1874
Top Aggregator Timestamps: CACHE, CACHE_START_T: 0.0, CACHE_END_T: 0.0 || AGG, AGG_START_T: 0.0, AGG_END_T: 0.0 || EVAL, EVAL_START_T: 1765432542.6356194, EVAL_END_T: 1765432543.3189561 || RECV, RECV_START_T: 0.0, RECV_END_T: 0.0 || DIST, DIST_START_T: 0.0, DIST_END_T: 0.0 || LOAD, LOAD_START_T: 1765432511.8861947, LOAD_END_T: 1765432518.3444688 || MSG_MTo, MSG_MTo_START_T: 0.0, MSG_MTo_END_T: 0.0
Loaded FEMNIST test split partition_id=24 with 374 samples
Wall-clock time: 1765432577.0711832 ||Test loss: 0.8558 || Test accuracy: 0.7406 || CPU time: 7.8878 || CPU utilization: 0.2337 || R#230's duration (s): 33.7522 || Cumulative runtime (s): 7957.9396 || Loading data delay (s): 6.1547 || Eval delay (s): 0.6115 || Agg delay (s): 0.0000 || Coordination delay (s): 0.0000 || DIST task delay: 0.0000 || RECV task delay: 0.0000 || Queueing delay: 0.0000 || MSG (from mid) Ave. delay: 0.0000 || Total cache delay: 0.0000 || Ave. cache delay: 0.0000
[R#230] CUMULATIVE_RUNTIME_SEC=7957.9396
Top Aggregator Timestamps: CACHE, CACHE_START_T: 0.0, CACHE_END_T: 0.0 || AGG, AGG_START_T: 0.0, AGG_END_T: 0.0 || EVAL, EVAL_START_T: 1765432576.4596949, EVAL_END_T: 1765432577.071158 || RECV, RECV_START_T: 0.0, RECV_END_T: 0.0 || DIST, DIST_START_T: 0.0, DIST_END_T: 0.0 || LOAD, LOAD_START_T: 1765432543.3216789, LOAD_END_T: 1765432549.4764223 || MSG_MTo, MSG_MTo_START_T: 0.0, MSG_MTo_END_T: 0.0
Loaded FEMNIST test split partition_id=60 with 303 samples
Wall-clock time: 1765432615.2454538 ||Test loss: 0.6979 || Test accuracy: 0.7921 || CPU time: 6.7666 || CPU utilization: 0.1773 || R#231's duration (s): 38.1743 || Cumulative runtime (s): 7996.1139 || Loading data delay (s): 6.4703 || Eval delay (s): 0.5245 || Agg delay (s): 0.0000 || Coordination delay (s): 0.0000 || DIST task delay: 0.0000 || RECV task delay: 0.0000 || Queueing delay: 0.0000 || MSG (from mid) Ave. delay: 0.0000 || Total cache delay: 0.0000 || Ave. cache delay: 0.0000
[R#231] CUMULATIVE_RUNTIME_SEC=7996.1139
Top Aggregator Timestamps: CACHE, CACHE_START_T: 0.0, CACHE_END_T: 0.0 || AGG, AGG_START_T: 0.0, AGG_END_T: 0.0 || EVAL, EVAL_START_T: 1765432614.7209039, EVAL_END_T: 1765432615.2454166 || RECV, RECV_START_T: 0.0, RECV_END_T: 0.0 || DIST, DIST_START_T: 0.0, DIST_END_T: 0.0 || LOAD, LOAD_START_T: 1765432577.0738428, LOAD_END_T: 1765432583.5441284 || MSG_MTo, MSG_MTo_START_T: 0.0, MSG_MTo_END_T: 0.0
Loaded FEMNIST test split partition_id=65 with 379 samples
Wall-clock time: 1765432642.4613612 ||Test loss: 0.4604 || Test accuracy: 0.8338 || CPU time: 7.9945 || CPU utilization: 0.2937 || R#232's duration (s): 27.2159 || Cumulative runtime (s): 8023.3298 || Loading data delay (s): 6.7671 || Eval delay (s): 0.6138 || Agg delay (s): 0.0000 || Coordination delay (s): 0.0000 || DIST task delay: 0.0000 || RECV task delay: 0.0000 || Queueing delay: 0.0000 || MSG (from mid) Ave. delay: 0.0000 || Total cache delay: 0.0000 || Ave. cache delay: 0.0000
[R#232] CUMULATIVE_RUNTIME_SEC=8023.3298
Top Aggregator Timestamps: CACHE, CACHE_START_T: 0.0, CACHE_END_T: 0.0 || AGG, AGG_START_T: 0.0, AGG_END_T: 0.0 || EVAL, EVAL_START_T: 1765432641.8475103, EVAL_END_T: 1765432642.4613397 || RECV, RECV_START_T: 0.0, RECV_END_T: 0.0 || DIST, DIST_START_T: 0.0, DIST_END_T: 0.0 || LOAD, LOAD_START_T: 1765432615.2487805, LOAD_END_T: 1765432622.0159118 || MSG_MTo, MSG_MTo_START_T: 0.0, MSG_MTo_END_T: 0.0
Loaded FEMNIST test split partition_id=50 with 313 samples
Wall-clock time: 1765432677.012216 ||Test loss: 0.9655 || Test accuracy: 0.7540 || CPU time: 7.0292 || CPU utilization: 0.2034 || R#233's duration (s): 34.5509 || Cumulative runtime (s): 8057.8807 || Loading data delay (s): 6.3168 || Eval delay (s): 0.5332 || Agg delay (s): 0.0000 || Coordination delay (s): 0.0000 || DIST task delay: 0.0000 || RECV task delay: 0.0000 || Queueing delay: 0.0000 || MSG (from mid) Ave. delay: 0.0000 || Total cache delay: 0.0000 || Ave. cache delay: 0.0000
[R#233] CUMULATIVE_RUNTIME_SEC=8057.8807
Top Aggregator Timestamps: CACHE, CACHE_START_T: 0.0, CACHE_END_T: 0.0 || AGG, AGG_START_T: 0.0, AGG_END_T: 0.0 || EVAL, EVAL_START_T: 1765432676.4789448, EVAL_END_T: 1765432677.0121822 || RECV, RECV_START_T: 0.0, RECV_END_T: 0.0 || DIST, DIST_START_T: 0.0, DIST_END_T: 0.0 || LOAD, LOAD_START_T: 1765432642.4641166, LOAD_END_T: 1765432648.7809649 || MSG_MTo, MSG_MTo_START_T: 0.0, MSG_MTo_END_T: 0.0
Loaded FEMNIST test split partition_id=51 with 396 samples
Wall-clock time: 1765432719.1489935 ||Test loss: 0.6382 || Test accuracy: 0.8081 || CPU time: 8.0601 || CPU utilization: 0.1913 || R#234's duration (s): 42.1368 || Cumulative runtime (s): 8100.0174 || Loading data delay (s): 6.4952 || Eval delay (s): 0.6235 || Agg delay (s): 0.0000 || Coordination delay (s): 0.0000 || DIST task delay: 0.0000 || RECV task delay: 0.0000 || Queueing delay: 0.0000 || MSG (from mid) Ave. delay: 0.0000 || Total cache delay: 0.0000 || Ave. cache delay: 0.0000
[R#234] CUMULATIVE_RUNTIME_SEC=8100.0174
Top Aggregator Timestamps: CACHE, CACHE_START_T: 0.0, CACHE_END_T: 0.0 || AGG, AGG_START_T: 0.0, AGG_END_T: 0.0 || EVAL, EVAL_START_T: 1765432718.5254712, EVAL_END_T: 1765432719.1489732 || RECV, RECV_START_T: 0.0, RECV_END_T: 0.0 || DIST, DIST_START_T: 0.0, DIST_END_T: 0.0 || LOAD, LOAD_START_T: 1765432677.0150554, LOAD_END_T: 1765432683.5102417 || MSG_MTo, MSG_MTo_START_T: 0.0, MSG_MTo_END_T: 0.0
Loaded FEMNIST test split partition_id=47 with 395 samples
Wall-clock time: 1765432767.5809646 ||Test loss: 0.6854 || Test accuracy: 0.8101 || CPU time: 7.8726 || CPU utilization: 0.1626 || R#235's duration (s): 48.4320 || Cumulative runtime (s): 8148.4494 || Loading data delay (s): 6.0797 || Eval delay (s): 0.6044 || Agg delay (s): 0.0000 || Coordination delay (s): 0.0000 || DIST task delay: 0.0000 || RECV task delay: 0.0000 || Queueing delay: 0.0000 || MSG (from mid) Ave. delay: 0.0000 || Total cache delay: 0.0000 || Ave. cache delay: 0.0000
[R#235] CUMULATIVE_RUNTIME_SEC=8148.4494
Top Aggregator Timestamps: CACHE, CACHE_START_T: 0.0, CACHE_END_T: 0.0 || AGG, AGG_START_T: 0.0, AGG_END_T: 0.0 || EVAL, EVAL_START_T: 1765432766.9765654, EVAL_END_T: 1765432767.5809383 || RECV, RECV_START_T: 0.0, RECV_END_T: 0.0 || DIST, DIST_START_T: 0.0, DIST_END_T: 0.0 || LOAD, LOAD_START_T: 1765432719.1519492, LOAD_END_T: 1765432725.2316315 || MSG_MTo, MSG_MTo_START_T: 0.0, MSG_MTo_END_T: 0.0
Loaded FEMNIST test split partition_id=11 with 425 samples
Wall-clock time: 1765432806.7759867 ||Test loss: 2.4928 || Test accuracy: 0.4659 || CPU time: 8.9268 || CPU utilization: 0.2278 || R#236's duration (s): 39.1950 || Cumulative runtime (s): 8187.6444 || Loading data delay (s): 6.5293 || Eval delay (s): 0.6790 || Agg delay (s): 0.0000 || Coordination delay (s): 0.0000 || DIST task delay: 0.0000 || RECV task delay: 0.0000 || Queueing delay: 0.0000 || MSG (from mid) Ave. delay: 0.0000 || Total cache delay: 0.0000 || Ave. cache delay: 0.0000
[R#236] CUMULATIVE_RUNTIME_SEC=8187.6444
Top Aggregator Timestamps: CACHE, CACHE_START_T: 0.0, CACHE_END_T: 0.0 || AGG, AGG_START_T: 0.0, AGG_END_T: 0.0 || EVAL, EVAL_START_T: 1765432806.0969105, EVAL_END_T: 1765432806.7759552 || RECV, RECV_START_T: 0.0, RECV_END_T: 0.0 || DIST, DIST_START_T: 0.0, DIST_END_T: 0.0 || LOAD, LOAD_START_T: 1765432767.5837605, LOAD_END_T: 1765432774.1130931 || MSG_MTo, MSG_MTo_START_T: 0.0, MSG_MTo_END_T: 0.0
Loaded FEMNIST test split partition_id=4 with 315 samples
Wall-clock time: 1765432841.1816201 ||Test loss: 1.3025 || Test accuracy: 0.6571 || CPU time: 6.3342 || CPU utilization: 0.1841 || R#237's duration (s): 34.4056 || Cumulative runtime (s): 8222.0501 || Loading data delay (s): 6.7510 || Eval delay (s): 0.4816 || Agg delay (s): 0.0000 || Coordination delay (s): 0.0000 || DIST task delay: 0.0000 || RECV task delay: 0.0000 || Queueing delay: 0.0000 || MSG (from mid) Ave. delay: 0.0000 || Total cache delay: 0.0000 || Ave. cache delay: 0.0000
[R#237] CUMULATIVE_RUNTIME_SEC=8222.0501
Top Aggregator Timestamps: CACHE, CACHE_START_T: 0.0, CACHE_END_T: 0.0 || AGG, AGG_START_T: 0.0, AGG_END_T: 0.0 || EVAL, EVAL_START_T: 1765432840.700031, EVAL_END_T: 1765432841.1815944 || RECV, RECV_START_T: 0.0, RECV_END_T: 0.0 || DIST, DIST_START_T: 0.0, DIST_END_T: 0.0 || LOAD, LOAD_START_T: 1765432806.778775, LOAD_END_T: 1765432813.5297484 || MSG_MTo, MSG_MTo_START_T: 0.0, MSG_MTo_END_T: 0.0
Loaded FEMNIST test split partition_id=22 with 334 samples
Wall-clock time: 1765432878.4660473 ||Test loss: 1.4796 || Test accuracy: 0.6347 || CPU time: 6.9579 || CPU utilization: 0.1866 || R#238's duration (s): 37.2844 || Cumulative runtime (s): 8259.3345 || Loading data delay (s): 6.2704 || Eval delay (s): 0.5414 || Agg delay (s): 0.0000 || Coordination delay (s): 0.0000 || DIST task delay: 0.0000 || RECV task delay: 0.0000 || Queueing delay: 0.0000 || MSG (from mid) Ave. delay: 0.0000 || Total cache delay: 0.0000 || Ave. cache delay: 0.0000
[R#238] CUMULATIVE_RUNTIME_SEC=8259.3345
Top Aggregator Timestamps: CACHE, CACHE_START_T: 0.0, CACHE_END_T: 0.0 || AGG, AGG_START_T: 0.0, AGG_END_T: 0.0 || EVAL, EVAL_START_T: 1765432877.9245732, EVAL_END_T: 1765432878.4660213 || RECV, RECV_START_T: 0.0, RECV_END_T: 0.0 || DIST, DIST_START_T: 0.0, DIST_END_T: 0.0 || LOAD, LOAD_START_T: 1765432841.1846333, LOAD_END_T: 1765432847.4550517 || MSG_MTo, MSG_MTo_START_T: 0.0, MSG_MTo_END_T: 0.0
Loaded FEMNIST test split partition_id=50 with 313 samples
Wall-clock time: 1765432913.4136517 ||Test loss: 0.8121 || Test accuracy: 0.7764 || CPU time: 6.6995 || CPU utilization: 0.1917 || R#239's duration (s): 34.9476 || Cumulative runtime (s): 8294.2821 || Loading data delay (s): 6.4142 || Eval delay (s): 0.5140 || Agg delay (s): 0.0000 || Coordination delay (s): 0.0000 || DIST task delay: 0.0000 || RECV task delay: 0.0000 || Queueing delay: 0.0000 || MSG (from mid) Ave. delay: 0.0000 || Total cache delay: 0.0000 || Ave. cache delay: 0.0000
[R#239] CUMULATIVE_RUNTIME_SEC=8294.2821
Top Aggregator Timestamps: CACHE, CACHE_START_T: 0.0, CACHE_END_T: 0.0 || AGG, AGG_START_T: 0.0, AGG_END_T: 0.0 || EVAL, EVAL_START_T: 1765432912.8996687, EVAL_END_T: 1765432913.4136243 || RECV, RECV_START_T: 0.0, RECV_END_T: 0.0 || DIST, DIST_START_T: 0.0, DIST_END_T: 0.0 || LOAD, LOAD_START_T: 1765432878.4687474, LOAD_END_T: 1765432884.8829188 || MSG_MTo, MSG_MTo_START_T: 0.0, MSG_MTo_END_T: 0.0
Loaded FEMNIST test split partition_id=10 with 436 samples
Wall-clock time: 1765432952.576133 ||Test loss: 0.6098 || Test accuracy: 0.8234 || CPU time: 8.7916 || CPU utilization: 0.2245 || R#240's duration (s): 39.1625 || Cumulative runtime (s): 8333.4446 || Loading data delay (s): 6.2298 || Eval delay (s): 0.6570 || Agg delay (s): 0.0000 || Coordination delay (s): 0.0000 || DIST task delay: 0.0000 || RECV task delay: 0.0000 || Queueing delay: 0.0000 || MSG (from mid) Ave. delay: 0.0000 || Total cache delay: 0.0000 || Ave. cache delay: 0.0000
[R#240] CUMULATIVE_RUNTIME_SEC=8333.4446
Top Aggregator Timestamps: CACHE, CACHE_START_T: 0.0, CACHE_END_T: 0.0 || AGG, AGG_START_T: 0.0, AGG_END_T: 0.0 || EVAL, EVAL_START_T: 1765432951.9190578, EVAL_END_T: 1765432952.576103 || RECV, RECV_START_T: 0.0, RECV_END_T: 0.0 || DIST, DIST_START_T: 0.0, DIST_END_T: 0.0 || LOAD, LOAD_START_T: 1765432913.4164002, LOAD_END_T: 1765432919.6462321 || MSG_MTo, MSG_MTo_START_T: 0.0, MSG_MTo_END_T: 0.0
Loaded FEMNIST test split partition_id=42 with 330 samples
Wall-clock time: 1765432987.3177295 ||Test loss: 0.8033 || Test accuracy: 0.7909 || CPU time: 6.7559 || CPU utilization: 0.1945 || R#241's duration (s): 34.7416 || Cumulative runtime (s): 8368.1862 || Loading data delay (s): 6.4990 || Eval delay (s): 0.5154 || Agg delay (s): 0.0000 || Coordination delay (s): 0.0000 || DIST task delay: 0.0000 || RECV task delay: 0.0000 || Queueing delay: 0.0000 || MSG (from mid) Ave. delay: 0.0000 || Total cache delay: 0.0000 || Ave. cache delay: 0.0000
[R#241] CUMULATIVE_RUNTIME_SEC=8368.1862
Top Aggregator Timestamps: CACHE, CACHE_START_T: 0.0, CACHE_END_T: 0.0 || AGG, AGG_START_T: 0.0, AGG_END_T: 0.0 || EVAL, EVAL_START_T: 1765432986.8022647, EVAL_END_T: 1765432987.3177097 || RECV, RECV_START_T: 0.0, RECV_END_T: 0.0 || DIST, DIST_START_T: 0.0, DIST_END_T: 0.0 || LOAD, LOAD_START_T: 1765432952.5792625, LOAD_END_T: 1765432959.0782895 || MSG_MTo, MSG_MTo_START_T: 0.0, MSG_MTo_END_T: 0.0
Loaded FEMNIST test split partition_id=1 with 413 samples
Wall-clock time: 1765433020.501479 ||Test loss: 0.8375 || Test accuracy: 0.7530 || CPU time: 8.5797 || CPU utilization: 0.2586 || R#242's duration (s): 33.1837 || Cumulative runtime (s): 8401.3699 || Loading data delay (s): 6.6346 || Eval delay (s): 0.6584 || Agg delay (s): 0.0000 || Coordination delay (s): 0.0000 || DIST task delay: 0.0000 || RECV task delay: 0.0000 || Queueing delay: 0.0000 || MSG (from mid) Ave. delay: 0.0000 || Total cache delay: 0.0000 || Ave. cache delay: 0.0000
[R#242] CUMULATIVE_RUNTIME_SEC=8401.3699
Top Aggregator Timestamps: CACHE, CACHE_START_T: 0.0, CACHE_END_T: 0.0 || AGG, AGG_START_T: 0.0, AGG_END_T: 0.0 || EVAL, EVAL_START_T: 1765433019.8431003, EVAL_END_T: 1765433020.5014527 || RECV, RECV_START_T: 0.0, RECV_END_T: 0.0 || DIST, DIST_START_T: 0.0, DIST_END_T: 0.0 || LOAD, LOAD_START_T: 1765432987.3205535, LOAD_END_T: 1765432993.9551337 || MSG_MTo, MSG_MTo_START_T: 0.0, MSG_MTo_END_T: 0.0
Loaded FEMNIST test split partition_id=63 with 413 samples
Wall-clock time: 1765433049.5917826 ||Test loss: 0.6368 || Test accuracy: 0.8015 || CPU time: 8.7710 || CPU utilization: 0.3015 || R#243's duration (s): 29.0903 || Cumulative runtime (s): 8430.4602 || Loading data delay (s): 6.4059 || Eval delay (s): 0.6775 || Agg delay (s): 0.0000 || Coordination delay (s): 0.0000 || DIST task delay: 0.0000 || RECV task delay: 0.0000 || Queueing delay: 0.0000 || MSG (from mid) Ave. delay: 0.0000 || Total cache delay: 0.0000 || Ave. cache delay: 0.0000
[R#243] CUMULATIVE_RUNTIME_SEC=8430.4602
Top Aggregator Timestamps: CACHE, CACHE_START_T: 0.0, CACHE_END_T: 0.0 || AGG, AGG_START_T: 0.0, AGG_END_T: 0.0 || EVAL, EVAL_START_T: 1765433048.9142215, EVAL_END_T: 1765433049.5917525 || RECV, RECV_START_T: 0.0, RECV_END_T: 0.0 || DIST, DIST_START_T: 0.0, DIST_END_T: 0.0 || LOAD, LOAD_START_T: 1765433020.5042868, LOAD_END_T: 1765433026.9101708 || MSG_MTo, MSG_MTo_START_T: 0.0, MSG_MTo_END_T: 0.0
Loaded FEMNIST test split partition_id=21 with 292 samples
Wall-clock time: 1765433089.457852 ||Test loss: 1.5596 || Test accuracy: 0.6473 || CPU time: 6.4869 || CPU utilization: 0.1627 || R#244's duration (s): 39.8661 || Cumulative runtime (s): 8470.3263 || Loading data delay (s): 6.5760 || Eval delay (s): 0.5009 || Agg delay (s): 0.0000 || Coordination delay (s): 0.0000 || DIST task delay: 0.0000 || RECV task delay: 0.0000 || Queueing delay: 0.0000 || MSG (from mid) Ave. delay: 0.0000 || Total cache delay: 0.0000 || Ave. cache delay: 0.0000
[R#244] CUMULATIVE_RUNTIME_SEC=8470.3263
Top Aggregator Timestamps: CACHE, CACHE_START_T: 0.0, CACHE_END_T: 0.0 || AGG, AGG_START_T: 0.0, AGG_END_T: 0.0 || EVAL, EVAL_START_T: 1765433088.9568925, EVAL_END_T: 1765433089.4578261 || RECV, RECV_START_T: 0.0, RECV_END_T: 0.0 || DIST, DIST_START_T: 0.0, DIST_END_T: 0.0 || LOAD, LOAD_START_T: 1765433049.5948436, LOAD_END_T: 1765433056.1708865 || MSG_MTo, MSG_MTo_START_T: 0.0, MSG_MTo_END_T: 0.0
Loaded FEMNIST test split partition_id=13 with 329 samples
Wall-clock time: 1765433126.4247105 ||Test loss: 1.2514 || Test accuracy: 0.7143 || CPU time: 6.9983 || CPU utilization: 0.1893 || R#245's duration (s): 36.9669 || Cumulative runtime (s): 8507.2932 || Loading data delay (s): 6.2388 || Eval delay (s): 0.5451 || Agg delay (s): 0.0000 || Coordination delay (s): 0.0000 || DIST task delay: 0.0000 || RECV task delay: 0.0000 || Queueing delay: 0.0000 || MSG (from mid) Ave. delay: 0.0000 || Total cache delay: 0.0000 || Ave. cache delay: 0.0000
[R#245] CUMULATIVE_RUNTIME_SEC=8507.2932
Top Aggregator Timestamps: CACHE, CACHE_START_T: 0.0, CACHE_END_T: 0.0 || AGG, AGG_START_T: 0.0, AGG_END_T: 0.0 || EVAL, EVAL_START_T: 1765433125.8795552, EVAL_END_T: 1765433126.424677 || RECV, RECV_START_T: 0.0, RECV_END_T: 0.0 || DIST, DIST_START_T: 0.0, DIST_END_T: 0.0 || LOAD, LOAD_START_T: 1765433089.4606524, LOAD_END_T: 1765433095.6994395 || MSG_MTo, MSG_MTo_START_T: 0.0, MSG_MTo_END_T: 0.0
Loaded FEMNIST test split partition_id=61 with 356 samples
Wall-clock time: 1765433161.7203267 ||Test loss: 2.0547 || Test accuracy: 0.4551 || CPU time: 7.6702 || CPU utilization: 0.2173 || R#246's duration (s): 35.2956 || Cumulative runtime (s): 8542.5888 || Loading data delay (s): 6.5364 || Eval delay (s): 0.5955 || Agg delay (s): 0.0000 || Coordination delay (s): 0.0000 || DIST task delay: 0.0000 || RECV task delay: 0.0000 || Queueing delay: 0.0000 || MSG (from mid) Ave. delay: 0.0000 || Total cache delay: 0.0000 || Ave. cache delay: 0.0000
[R#246] CUMULATIVE_RUNTIME_SEC=8542.5888
Top Aggregator Timestamps: CACHE, CACHE_START_T: 0.0, CACHE_END_T: 0.0 || AGG, AGG_START_T: 0.0, AGG_END_T: 0.0 || EVAL, EVAL_START_T: 1765433161.124828, EVAL_END_T: 1765433161.7202997 || RECV, RECV_START_T: 0.0, RECV_END_T: 0.0 || DIST, DIST_START_T: 0.0, DIST_END_T: 0.0 || LOAD, LOAD_START_T: 1765433126.4279773, LOAD_END_T: 1765433132.9643674 || MSG_MTo, MSG_MTo_START_T: 0.0, MSG_MTo_END_T: 0.0
Loaded FEMNIST test split partition_id=49 with 393 samples
Wall-clock time: 1765433199.7696552 ||Test loss: 0.8954 || Test accuracy: 0.6794 || CPU time: 8.4756 || CPU utilization: 0.2228 || R#247's duration (s): 38.0493 || Cumulative runtime (s): 8580.6381 || Loading data delay (s): 7.1879 || Eval delay (s): 0.6742 || Agg delay (s): 0.0000 || Coordination delay (s): 0.0000 || DIST task delay: 0.0000 || RECV task delay: 0.0000 || Queueing delay: 0.0000 || MSG (from mid) Ave. delay: 0.0000 || Total cache delay: 0.0000 || Ave. cache delay: 0.0000
[R#247] CUMULATIVE_RUNTIME_SEC=8580.6381
Top Aggregator Timestamps: CACHE, CACHE_START_T: 0.0, CACHE_END_T: 0.0 || AGG, AGG_START_T: 0.0, AGG_END_T: 0.0 || EVAL, EVAL_START_T: 1765433199.095423, EVAL_END_T: 1765433199.769614 || RECV, RECV_START_T: 0.0, RECV_END_T: 0.0 || DIST, DIST_START_T: 0.0, DIST_END_T: 0.0 || LOAD, LOAD_START_T: 1765433161.7236547, LOAD_END_T: 1765433168.9115598 || MSG_MTo, MSG_MTo_START_T: 0.0, MSG_MTo_END_T: 0.0
Loaded FEMNIST test split partition_id=9 with 377 samples
Wall-clock time: 1765433236.2191103 ||Test loss: 1.2597 || Test accuracy: 0.6605 || CPU time: 7.7587 || CPU utilization: 0.2129 || R#248's duration (s): 36.4495 || Cumulative runtime (s): 8617.0876 || Loading data delay (s): 6.7571 || Eval delay (s): 0.6075 || Agg delay (s): 0.0000 || Coordination delay (s): 0.0000 || DIST task delay: 0.0000 || RECV task delay: 0.0000 || Queueing delay: 0.0000 || MSG (from mid) Ave. delay: 0.0000 || Total cache delay: 0.0000 || Ave. cache delay: 0.0000
[R#248] CUMULATIVE_RUNTIME_SEC=8617.0876
Top Aggregator Timestamps: CACHE, CACHE_START_T: 0.0, CACHE_END_T: 0.0 || AGG, AGG_START_T: 0.0, AGG_END_T: 0.0 || EVAL, EVAL_START_T: 1765433235.6115618, EVAL_END_T: 1765433236.2190819 || RECV, RECV_START_T: 0.0, RECV_END_T: 0.0 || DIST, DIST_START_T: 0.0, DIST_END_T: 0.0 || LOAD, LOAD_START_T: 1765433199.7727678, LOAD_END_T: 1765433206.5298944 || MSG_MTo, MSG_MTo_START_T: 0.0, MSG_MTo_END_T: 0.0
Loaded FEMNIST test split partition_id=50 with 313 samples
Wall-clock time: 1765433268.813332 ||Test loss: 0.6233 || Test accuracy: 0.8211 || CPU time: 6.7837 || CPU utilization: 0.2081 || R#249's duration (s): 32.5942 || Cumulative runtime (s): 8649.6818 || Loading data delay (s): 6.4923 || Eval delay (s): 0.5232 || Agg delay (s): 0.0000 || Coordination delay (s): 0.0000 || DIST task delay: 0.0000 || RECV task delay: 0.0000 || Queueing delay: 0.0000 || MSG (from mid) Ave. delay: 0.0000 || Total cache delay: 0.0000 || Ave. cache delay: 0.0000
[R#249] CUMULATIVE_RUNTIME_SEC=8649.6818
Top Aggregator Timestamps: CACHE, CACHE_START_T: 0.0, CACHE_END_T: 0.0 || AGG, AGG_START_T: 0.0, AGG_END_T: 0.0 || EVAL, EVAL_START_T: 1765433268.2901163, EVAL_END_T: 1765433268.81331 || RECV, RECV_START_T: 0.0, RECV_END_T: 0.0 || DIST, DIST_START_T: 0.0, DIST_END_T: 0.0 || LOAD, LOAD_START_T: 1765433236.2218812, LOAD_END_T: 1765433242.7141852 || MSG_MTo, MSG_MTo_START_T: 0.0, MSG_MTo_END_T: 0.0
Loaded FEMNIST test split partition_id=47 with 395 samples
Wall-clock time: 1765433307.7798018 ||Test loss: 0.8955 || Test accuracy: 0.7367 || CPU time: 7.8175 || CPU utilization: 0.2006 || R#250's duration (s): 38.9665 || Cumulative runtime (s): 8688.6482 || Loading data delay (s): 6.3837 || Eval delay (s): 0.5892 || Agg delay (s): 0.0000 || Coordination delay (s): 0.0000 || DIST task delay: 0.0000 || RECV task delay: 0.0000 || Queueing delay: 0.0000 || MSG (from mid) Ave. delay: 0.0000 || Total cache delay: 0.0000 || Ave. cache delay: 0.0000
[R#250] CUMULATIVE_RUNTIME_SEC=8688.6482
Top Aggregator Timestamps: CACHE, CACHE_START_T: 0.0, CACHE_END_T: 0.0 || AGG, AGG_START_T: 0.0, AGG_END_T: 0.0 || EVAL, EVAL_START_T: 1765433307.1906009, EVAL_END_T: 1765433307.7797763 || RECV, RECV_START_T: 0.0, RECV_END_T: 0.0 || DIST, DIST_START_T: 0.0, DIST_END_T: 0.0 || LOAD, LOAD_START_T: 1765433268.8162067, LOAD_END_T: 1765433275.199873 || MSG_MTo, MSG_MTo_START_T: 0.0, MSG_MTo_END_T: 0.0
Loaded FEMNIST test split partition_id=13 with 329 samples
Wall-clock time: 1765433342.951702 ||Test loss: 1.1292 || Test accuracy: 0.7052 || CPU time: 6.9571 || CPU utilization: 0.1978 || R#251's duration (s): 35.1719 || Cumulative runtime (s): 8723.8202 || Loading data delay (s): 6.3754 || Eval delay (s): 0.5400 || Agg delay (s): 0.0000 || Coordination delay (s): 0.0000 || DIST task delay: 0.0000 || RECV task delay: 0.0000 || Queueing delay: 0.0000 || MSG (from mid) Ave. delay: 0.0000 || Total cache delay: 0.0000 || Ave. cache delay: 0.0000
[R#251] CUMULATIVE_RUNTIME_SEC=8723.8202
Top Aggregator Timestamps: CACHE, CACHE_START_T: 0.0, CACHE_END_T: 0.0 || AGG, AGG_START_T: 0.0, AGG_END_T: 0.0 || EVAL, EVAL_START_T: 1765433342.4116437, EVAL_END_T: 1765433342.9516716 || RECV, RECV_START_T: 0.0, RECV_END_T: 0.0 || DIST, DIST_START_T: 0.0, DIST_END_T: 0.0 || LOAD, LOAD_START_T: 1765433307.7825935, LOAD_END_T: 1765433314.1580284 || MSG_MTo, MSG_MTo_START_T: 0.0, MSG_MTo_END_T: 0.0
Loaded FEMNIST test split partition_id=56 with 343 samples
Wall-clock time: 1765433376.669146 ||Test loss: 1.0892 || Test accuracy: 0.7289 || CPU time: 7.0824 || CPU utilization: 0.2101 || R#252's duration (s): 33.7174 || Cumulative runtime (s): 8757.5376 || Loading data delay (s): 6.7211 || Eval delay (s): 0.5399 || Agg delay (s): 0.0000 || Coordination delay (s): 0.0000 || DIST task delay: 0.0000 || RECV task delay: 0.0000 || Queueing delay: 0.0000 || MSG (from mid) Ave. delay: 0.0000 || Total cache delay: 0.0000 || Ave. cache delay: 0.0000
[R#252] CUMULATIVE_RUNTIME_SEC=8757.5376
Top Aggregator Timestamps: CACHE, CACHE_START_T: 0.0, CACHE_END_T: 0.0 || AGG, AGG_START_T: 0.0, AGG_END_T: 0.0 || EVAL, EVAL_START_T: 1765433376.12926, EVAL_END_T: 1765433376.6691222 || RECV, RECV_START_T: 0.0, RECV_END_T: 0.0 || DIST, DIST_START_T: 0.0, DIST_END_T: 0.0 || LOAD, LOAD_START_T: 1765433342.9547942, LOAD_END_T: 1765433349.6759055 || MSG_MTo, MSG_MTo_START_T: 0.0, MSG_MTo_END_T: 0.0
Loaded FEMNIST test split partition_id=18 with 383 samples
Wall-clock time: 1765433414.3357365 ||Test loss: 1.2488 || Test accuracy: 0.6527 || CPU time: 8.3226 || CPU utilization: 0.2210 || R#253's duration (s): 37.6666 || Cumulative runtime (s): 8795.2042 || Loading data delay (s): 6.2948 || Eval delay (s): 0.6381 || Agg delay (s): 0.0000 || Coordination delay (s): 0.0000 || DIST task delay: 0.0000 || RECV task delay: 0.0000 || Queueing delay: 0.0000 || MSG (from mid) Ave. delay: 0.0000 || Total cache delay: 0.0000 || Ave. cache delay: 0.0000
[R#253] CUMULATIVE_RUNTIME_SEC=8795.2042
Top Aggregator Timestamps: CACHE, CACHE_START_T: 0.0, CACHE_END_T: 0.0 || AGG, AGG_START_T: 0.0, AGG_END_T: 0.0 || EVAL, EVAL_START_T: 1765433413.697551, EVAL_END_T: 1765433414.3356981 || RECV, RECV_START_T: 0.0, RECV_END_T: 0.0 || DIST, DIST_START_T: 0.0, DIST_END_T: 0.0 || LOAD, LOAD_START_T: 1765433376.6719465, LOAD_END_T: 1765433382.9667861 || MSG_MTo, MSG_MTo_START_T: 0.0, MSG_MTo_END_T: 0.0
Loaded FEMNIST test split partition_id=16 with 312 samples
Wall-clock time: 1765433447.385657 ||Test loss: 0.8725 || Test accuracy: 0.7436 || CPU time: 6.6396 || CPU utilization: 0.2009 || R#254's duration (s): 33.0499 || Cumulative runtime (s): 8828.2541 || Loading data delay (s): 6.3877 || Eval delay (s): 0.5166 || Agg delay (s): 0.0000 || Coordination delay (s): 0.0000 || DIST task delay: 0.0000 || RECV task delay: 0.0000 || Queueing delay: 0.0000 || MSG (from mid) Ave. delay: 0.0000 || Total cache delay: 0.0000 || Ave. cache delay: 0.0000
[R#254] CUMULATIVE_RUNTIME_SEC=8828.2541
Top Aggregator Timestamps: CACHE, CACHE_START_T: 0.0, CACHE_END_T: 0.0 || AGG, AGG_START_T: 0.0, AGG_END_T: 0.0 || EVAL, EVAL_START_T: 1765433446.8689954, EVAL_END_T: 1765433447.3856335 || RECV, RECV_START_T: 0.0, RECV_END_T: 0.0 || DIST, DIST_START_T: 0.0, DIST_END_T: 0.0 || LOAD, LOAD_START_T: 1765433414.3390436, LOAD_END_T: 1765433420.7267826 || MSG_MTo, MSG_MTo_START_T: 0.0, MSG_MTo_END_T: 0.0
Loaded FEMNIST test split partition_id=34 with 376 samples
Wall-clock time: 1765433473.860777 ||Test loss: 1.3410 || Test accuracy: 0.6117 || CPU time: 7.4673 || CPU utilization: 0.2821 || R#255's duration (s): 26.4751 || Cumulative runtime (s): 8854.7292 || Loading data delay (s): 6.2202 || Eval delay (s): 0.5643 || Agg delay (s): 0.0000 || Coordination delay (s): 0.0000 || DIST task delay: 0.0000 || RECV task delay: 0.0000 || Queueing delay: 0.0000 || MSG (from mid) Ave. delay: 0.0000 || Total cache delay: 0.0000 || Ave. cache delay: 0.0000
[R#255] CUMULATIVE_RUNTIME_SEC=8854.7292
Top Aggregator Timestamps: CACHE, CACHE_START_T: 0.0, CACHE_END_T: 0.0 || AGG, AGG_START_T: 0.0, AGG_END_T: 0.0 || EVAL, EVAL_START_T: 1765433473.2965057, EVAL_END_T: 1765433473.860758 || RECV, RECV_START_T: 0.0, RECV_END_T: 0.0 || DIST, DIST_START_T: 0.0, DIST_END_T: 0.0 || LOAD, LOAD_START_T: 1765433447.3884568, LOAD_END_T: 1765433453.6086833 || MSG_MTo, MSG_MTo_START_T: 0.0, MSG_MTo_END_T: 0.0
Loaded FEMNIST test split partition_id=29 with 247 samples
Wall-clock time: 1765433511.736814 ||Test loss: 2.0817 || Test accuracy: 0.5304 || CPU time: 5.5284 || CPU utilization: 0.1460 || R#256's duration (s): 37.8760 || Cumulative runtime (s): 8892.6053 || Loading data delay (s): 6.3211 || Eval delay (s): 0.4256 || Agg delay (s): 0.0000 || Coordination delay (s): 0.0000 || DIST task delay: 0.0000 || RECV task delay: 0.0000 || Queueing delay: 0.0000 || MSG (from mid) Ave. delay: 0.0000 || Total cache delay: 0.0000 || Ave. cache delay: 0.0000
[R#256] CUMULATIVE_RUNTIME_SEC=8892.6053
Top Aggregator Timestamps: CACHE, CACHE_START_T: 0.0, CACHE_END_T: 0.0 || AGG, AGG_START_T: 0.0, AGG_END_T: 0.0 || EVAL, EVAL_START_T: 1765433511.311185, EVAL_END_T: 1765433511.7367735 || RECV, RECV_START_T: 0.0, RECV_END_T: 0.0 || DIST, DIST_START_T: 0.0, DIST_END_T: 0.0 || LOAD, LOAD_START_T: 1765433473.864108, LOAD_END_T: 1765433480.1851943 || MSG_MTo, MSG_MTo_START_T: 0.0, MSG_MTo_END_T: 0.0
Loaded FEMNIST test split partition_id=51 with 396 samples
Wall-clock time: 1765433548.9215827 ||Test loss: 0.6231 || Test accuracy: 0.8434 || CPU time: 8.3721 || CPU utilization: 0.2251 || R#257's duration (s): 37.1848 || Cumulative runtime (s): 8929.7900 || Loading data delay (s): 6.5950 || Eval delay (s): 0.6451 || Agg delay (s): 0.0000 || Coordination delay (s): 0.0000 || DIST task delay: 0.0000 || RECV task delay: 0.0000 || Queueing delay: 0.0000 || MSG (from mid) Ave. delay: 0.0000 || Total cache delay: 0.0000 || Ave. cache delay: 0.0000
[R#257] CUMULATIVE_RUNTIME_SEC=8929.7900
Top Aggregator Timestamps: CACHE, CACHE_START_T: 0.0, CACHE_END_T: 0.0 || AGG, AGG_START_T: 0.0, AGG_END_T: 0.0 || EVAL, EVAL_START_T: 1765433548.2764654, EVAL_END_T: 1765433548.9215603 || RECV, RECV_START_T: 0.0, RECV_END_T: 0.0 || DIST, DIST_START_T: 0.0, DIST_END_T: 0.0 || LOAD, LOAD_START_T: 1765433511.7396505, LOAD_END_T: 1765433518.3346481 || MSG_MTo, MSG_MTo_START_T: 0.0, MSG_MTo_END_T: 0.0
Loaded FEMNIST test split partition_id=15 with 370 samples
Wall-clock time: 1765433592.4347937 ||Test loss: 0.8511 || Test accuracy: 0.7784 || CPU time: 7.3349 || CPU utilization: 0.1686 || R#258's duration (s): 43.5132 || Cumulative runtime (s): 8973.3032 || Loading data delay (s): 6.2018 || Eval delay (s): 0.5590 || Agg delay (s): 0.0000 || Coordination delay (s): 0.0000 || DIST task delay: 0.0000 || RECV task delay: 0.0000 || Queueing delay: 0.0000 || MSG (from mid) Ave. delay: 0.0000 || Total cache delay: 0.0000 || Ave. cache delay: 0.0000
[R#258] CUMULATIVE_RUNTIME_SEC=8973.3032
Top Aggregator Timestamps: CACHE, CACHE_START_T: 0.0, CACHE_END_T: 0.0 || AGG, AGG_START_T: 0.0, AGG_END_T: 0.0 || EVAL, EVAL_START_T: 1765433591.875726, EVAL_END_T: 1765433592.4347677 || RECV, RECV_START_T: 0.0, RECV_END_T: 0.0 || DIST, DIST_START_T: 0.0, DIST_END_T: 0.0 || LOAD, LOAD_START_T: 1765433548.9243932, LOAD_END_T: 1765433555.1262429 || MSG_MTo, MSG_MTo_START_T: 0.0, MSG_MTo_END_T: 0.0
Loaded FEMNIST test split partition_id=54 with 428 samples
Wall-clock time: 1765433625.307991 ||Test loss: 0.4236 || Test accuracy: 0.8949 || CPU time: 8.7931 || CPU utilization: 0.2675 || R#259's duration (s): 32.8732 || Cumulative runtime (s): 9006.1764 || Loading data delay (s): 6.4570 || Eval delay (s): 0.6773 || Agg delay (s): 0.0000 || Coordination delay (s): 0.0000 || DIST task delay: 0.0000 || RECV task delay: 0.0000 || Queueing delay: 0.0000 || MSG (from mid) Ave. delay: 0.0000 || Total cache delay: 0.0000 || Ave. cache delay: 0.0000
[R#259] CUMULATIVE_RUNTIME_SEC=9006.1764
Top Aggregator Timestamps: CACHE, CACHE_START_T: 0.0, CACHE_END_T: 0.0 || AGG, AGG_START_T: 0.0, AGG_END_T: 0.0 || EVAL, EVAL_START_T: 1765433624.6306303, EVAL_END_T: 1765433625.3079567 || RECV, RECV_START_T: 0.0, RECV_END_T: 0.0 || DIST, DIST_START_T: 0.0, DIST_END_T: 0.0 || LOAD, LOAD_START_T: 1765433592.4380045, LOAD_END_T: 1765433598.8950398 || MSG_MTo, MSG_MTo_START_T: 0.0, MSG_MTo_END_T: 0.0
Loaded FEMNIST test split partition_id=20 with 371 samples
Wall-clock time: 1765433659.3165379 ||Test loss: 0.6291 || Test accuracy: 0.7655 || CPU time: 7.5629 || CPU utilization: 0.2224 || R#260's duration (s): 34.0085 || Cumulative runtime (s): 9040.1850 || Loading data delay (s): 6.1818 || Eval delay (s): 0.5680 || Agg delay (s): 0.0000 || Coordination delay (s): 0.0000 || DIST task delay: 0.0000 || RECV task delay: 0.0000 || Queueing delay: 0.0000 || MSG (from mid) Ave. delay: 0.0000 || Total cache delay: 0.0000 || Ave. cache delay: 0.0000
[R#260] CUMULATIVE_RUNTIME_SEC=9040.1850
Top Aggregator Timestamps: CACHE, CACHE_START_T: 0.0, CACHE_END_T: 0.0 || AGG, AGG_START_T: 0.0, AGG_END_T: 0.0 || EVAL, EVAL_START_T: 1765433658.7485342, EVAL_END_T: 1765433659.3165147 || RECV, RECV_START_T: 0.0, RECV_END_T: 0.0 || DIST, DIST_START_T: 0.0, DIST_END_T: 0.0 || LOAD, LOAD_START_T: 1765433625.3107276, LOAD_END_T: 1765433631.4925675 || MSG_MTo, MSG_MTo_START_T: 0.0, MSG_MTo_END_T: 0.0
Loaded FEMNIST test split partition_id=30 with 284 samples
Wall-clock time: 1765433695.1466885 ||Test loss: 0.7214 || Test accuracy: 0.7852 || CPU time: 5.7951 || CPU utilization: 0.1617 || R#261's duration (s): 35.8302 || Cumulative runtime (s): 9076.0151 || Loading data delay (s): 6.3527 || Eval delay (s): 0.4436 || Agg delay (s): 0.0000 || Coordination delay (s): 0.0000 || DIST task delay: 0.0000 || RECV task delay: 0.0000 || Queueing delay: 0.0000 || MSG (from mid) Ave. delay: 0.0000 || Total cache delay: 0.0000 || Ave. cache delay: 0.0000
[R#261] CUMULATIVE_RUNTIME_SEC=9076.0151
Top Aggregator Timestamps: CACHE, CACHE_START_T: 0.0, CACHE_END_T: 0.0 || AGG, AGG_START_T: 0.0, AGG_END_T: 0.0 || EVAL, EVAL_START_T: 1765433694.703089, EVAL_END_T: 1765433695.1466627 || RECV, RECV_START_T: 0.0, RECV_END_T: 0.0 || DIST, DIST_START_T: 0.0, DIST_END_T: 0.0 || LOAD, LOAD_START_T: 1765433659.319518, LOAD_END_T: 1765433665.6722248 || MSG_MTo, MSG_MTo_START_T: 0.0, MSG_MTo_END_T: 0.0
Loaded FEMNIST test split partition_id=41 with 358 samples
Wall-clock time: 1765433725.4447198 ||Test loss: 1.1961 || Test accuracy: 0.6564 || CPU time: 7.6680 || CPU utilization: 0.2531 || R#262's duration (s): 30.2980 || Cumulative runtime (s): 9106.3132 || Loading data delay (s): 6.7138 || Eval delay (s): 0.5871 || Agg delay (s): 0.0000 || Coordination delay (s): 0.0000 || DIST task delay: 0.0000 || RECV task delay: 0.0000 || Queueing delay: 0.0000 || MSG (from mid) Ave. delay: 0.0000 || Total cache delay: 0.0000 || Ave. cache delay: 0.0000
[R#262] CUMULATIVE_RUNTIME_SEC=9106.3132
Top Aggregator Timestamps: CACHE, CACHE_START_T: 0.0, CACHE_END_T: 0.0 || AGG, AGG_START_T: 0.0, AGG_END_T: 0.0 || EVAL, EVAL_START_T: 1765433724.857575, EVAL_END_T: 1765433725.4446929 || RECV, RECV_START_T: 0.0, RECV_END_T: 0.0 || DIST, DIST_START_T: 0.0, DIST_END_T: 0.0 || LOAD, LOAD_START_T: 1765433695.1494706, LOAD_END_T: 1765433701.86323 || MSG_MTo, MSG_MTo_START_T: 0.0, MSG_MTo_END_T: 0.0
Loaded FEMNIST test split partition_id=11 with 425 samples
Wall-clock time: 1765433748.3269813 ||Test loss: 2.7767 || Test accuracy: 0.4518 || CPU time: 8.8207 || CPU utilization: 0.3855 || R#263's duration (s): 22.8823 || Cumulative runtime (s): 9129.1954 || Loading data delay (s): 6.2348 || Eval delay (s): 0.6822 || Agg delay (s): 0.0000 || Coordination delay (s): 0.0000 || DIST task delay: 0.0000 || RECV task delay: 0.0000 || Queueing delay: 0.0000 || MSG (from mid) Ave. delay: 0.0000 || Total cache delay: 0.0000 || Ave. cache delay: 0.0000
[R#263] CUMULATIVE_RUNTIME_SEC=9129.1954
Top Aggregator Timestamps: CACHE, CACHE_START_T: 0.0, CACHE_END_T: 0.0 || AGG, AGG_START_T: 0.0, AGG_END_T: 0.0 || EVAL, EVAL_START_T: 1765433747.6447303, EVAL_END_T: 1765433748.3269587 || RECV, RECV_START_T: 0.0, RECV_END_T: 0.0 || DIST, DIST_START_T: 0.0, DIST_END_T: 0.0 || LOAD, LOAD_START_T: 1765433725.4476912, LOAD_END_T: 1765433731.6824496 || MSG_MTo, MSG_MTo_START_T: 0.0, MSG_MTo_END_T: 0.0
Loaded FEMNIST test split partition_id=42 with 330 samples
Wall-clock time: 1765433778.0610392 ||Test loss: 1.5581 || Test accuracy: 0.5697 || CPU time: 7.1503 || CPU utilization: 0.2405 || R#264's duration (s): 29.7341 || Cumulative runtime (s): 9158.9295 || Loading data delay (s): 6.4393 || Eval delay (s): 0.5514 || Agg delay (s): 0.0000 || Coordination delay (s): 0.0000 || DIST task delay: 0.0000 || RECV task delay: 0.0000 || Queueing delay: 0.0000 || MSG (from mid) Ave. delay: 0.0000 || Total cache delay: 0.0000 || Ave. cache delay: 0.0000
[R#264] CUMULATIVE_RUNTIME_SEC=9158.9295
Top Aggregator Timestamps: CACHE, CACHE_START_T: 0.0, CACHE_END_T: 0.0 || AGG, AGG_START_T: 0.0, AGG_END_T: 0.0 || EVAL, EVAL_START_T: 1765433777.5095675, EVAL_END_T: 1765433778.0610151 || RECV, RECV_START_T: 0.0, RECV_END_T: 0.0 || DIST, DIST_START_T: 0.0, DIST_END_T: 0.0 || LOAD, LOAD_START_T: 1765433748.3297088, LOAD_END_T: 1765433754.7689939 || MSG_MTo, MSG_MTo_START_T: 0.0, MSG_MTo_END_T: 0.0
Loaded FEMNIST test split partition_id=29 with 247 samples
Wall-clock time: 1765433808.9974656 ||Test loss: 1.3230 || Test accuracy: 0.6721 || CPU time: 5.0299 || CPU utilization: 0.1626 || R#265's duration (s): 30.9364 || Cumulative runtime (s): 9189.8659 || Loading data delay (s): 6.2209 || Eval delay (s): 0.3816 || Agg delay (s): 0.0000 || Coordination delay (s): 0.0000 || DIST task delay: 0.0000 || RECV task delay: 0.0000 || Queueing delay: 0.0000 || MSG (from mid) Ave. delay: 0.0000 || Total cache delay: 0.0000 || Ave. cache delay: 0.0000
[R#265] CUMULATIVE_RUNTIME_SEC=9189.8659
Top Aggregator Timestamps: CACHE, CACHE_START_T: 0.0, CACHE_END_T: 0.0 || AGG, AGG_START_T: 0.0, AGG_END_T: 0.0 || EVAL, EVAL_START_T: 1765433808.615812, EVAL_END_T: 1765433808.9974425 || RECV, RECV_START_T: 0.0, RECV_END_T: 0.0 || DIST, DIST_START_T: 0.0, DIST_END_T: 0.0 || LOAD, LOAD_START_T: 1765433778.0640347, LOAD_END_T: 1765433784.2848907 || MSG_MTo, MSG_MTo_START_T: 0.0, MSG_MTo_END_T: 0.0
Loaded FEMNIST test split partition_id=56 with 343 samples
Wall-clock time: 1765433845.0424092 ||Test loss: 0.7990 || Test accuracy: 0.8105 || CPU time: 7.2258 || CPU utilization: 0.2005 || R#266's duration (s): 36.0449 || Cumulative runtime (s): 9225.9109 || Loading data delay (s): 6.5673 || Eval delay (s): 0.5488 || Agg delay (s): 0.0000 || Coordination delay (s): 0.0000 || DIST task delay: 0.0000 || RECV task delay: 0.0000 || Queueing delay: 0.0000 || MSG (from mid) Ave. delay: 0.0000 || Total cache delay: 0.0000 || Ave. cache delay: 0.0000
[R#266] CUMULATIVE_RUNTIME_SEC=9225.9109
Top Aggregator Timestamps: CACHE, CACHE_START_T: 0.0, CACHE_END_T: 0.0 || AGG, AGG_START_T: 0.0, AGG_END_T: 0.0 || EVAL, EVAL_START_T: 1765433844.4936032, EVAL_END_T: 1765433845.04238 || RECV, RECV_START_T: 0.0, RECV_END_T: 0.0 || DIST, DIST_START_T: 0.0, DIST_END_T: 0.0 || LOAD, LOAD_START_T: 1765433809.0002282, LOAD_END_T: 1765433815.5674808 || MSG_MTo, MSG_MTo_START_T: 0.0, MSG_MTo_END_T: 0.0
Loaded FEMNIST test split partition_id=10 with 436 samples
Wall-clock time: 1765433883.231172 ||Test loss: 0.5868 || Test accuracy: 0.8234 || CPU time: 8.9773 || CPU utilization: 0.2351 || R#267's duration (s): 38.1888 || Cumulative runtime (s): 9264.0996 || Loading data delay (s): 6.8140 || Eval delay (s): 0.6969 || Agg delay (s): 0.0000 || Coordination delay (s): 0.0000 || DIST task delay: 0.0000 || RECV task delay: 0.0000 || Queueing delay: 0.0000 || MSG (from mid) Ave. delay: 0.0000 || Total cache delay: 0.0000 || Ave. cache delay: 0.0000
[R#267] CUMULATIVE_RUNTIME_SEC=9264.0996
Top Aggregator Timestamps: CACHE, CACHE_START_T: 0.0, CACHE_END_T: 0.0 || AGG, AGG_START_T: 0.0, AGG_END_T: 0.0 || EVAL, EVAL_START_T: 1765433882.5342147, EVAL_END_T: 1765433883.2311502 || RECV, RECV_START_T: 0.0, RECV_END_T: 0.0 || DIST, DIST_START_T: 0.0, DIST_END_T: 0.0 || LOAD, LOAD_START_T: 1765433845.0452096, LOAD_END_T: 1765433851.859202 || MSG_MTo, MSG_MTo_START_T: 0.0, MSG_MTo_END_T: 0.0
Loaded FEMNIST test split partition_id=58 with 346 samples
Wall-clock time: 1765433914.7935636 ||Test loss: 1.2001 || Test accuracy: 0.6503 || CPU time: 7.2846 || CPU utilization: 0.2308 || R#268's duration (s): 31.5624 || Cumulative runtime (s): 9295.6620 || Loading data delay (s): 6.2352 || Eval delay (s): 0.5634 || Agg delay (s): 0.0000 || Coordination delay (s): 0.0000 || DIST task delay: 0.0000 || RECV task delay: 0.0000 || Queueing delay: 0.0000 || MSG (from mid) Ave. delay: 0.0000 || Total cache delay: 0.0000 || Ave. cache delay: 0.0000
[R#268] CUMULATIVE_RUNTIME_SEC=9295.6620
Top Aggregator Timestamps: CACHE, CACHE_START_T: 0.0, CACHE_END_T: 0.0 || AGG, AGG_START_T: 0.0, AGG_END_T: 0.0 || EVAL, EVAL_START_T: 1765433914.2301118, EVAL_END_T: 1765433914.7935412 || RECV, RECV_START_T: 0.0, RECV_END_T: 0.0 || DIST, DIST_START_T: 0.0, DIST_END_T: 0.0 || LOAD, LOAD_START_T: 1765433883.2339554, LOAD_END_T: 1765433889.4691892 || MSG_MTo, MSG_MTo_START_T: 0.0, MSG_MTo_END_T: 0.0
Loaded FEMNIST test split partition_id=49 with 393 samples
Wall-clock time: 1765433948.5207324 ||Test loss: 0.4949 || Test accuracy: 0.8346 || CPU time: 7.7790 || CPU utilization: 0.2306 || R#269's duration (s): 33.7272 || Cumulative runtime (s): 9329.3892 || Loading data delay (s): 6.4858 || Eval delay (s): 0.5875 || Agg delay (s): 0.0000 || Coordination delay (s): 0.0000 || DIST task delay: 0.0000 || RECV task delay: 0.0000 || Queueing delay: 0.0000 || MSG (from mid) Ave. delay: 0.0000 || Total cache delay: 0.0000 || Ave. cache delay: 0.0000
[R#269] CUMULATIVE_RUNTIME_SEC=9329.3892
Top Aggregator Timestamps: CACHE, CACHE_START_T: 0.0, CACHE_END_T: 0.0 || AGG, AGG_START_T: 0.0, AGG_END_T: 0.0 || EVAL, EVAL_START_T: 1765433947.933227, EVAL_END_T: 1765433948.5207047 || RECV, RECV_START_T: 0.0, RECV_END_T: 0.0 || DIST, DIST_START_T: 0.0, DIST_END_T: 0.0 || LOAD, LOAD_START_T: 1765433914.7964249, LOAD_END_T: 1765433921.2822616 || MSG_MTo, MSG_MTo_START_T: 0.0, MSG_MTo_END_T: 0.0
Loaded FEMNIST test split partition_id=32 with 278 samples
Wall-clock time: 1765433982.1300921 ||Test loss: 0.8221 || Test accuracy: 0.7626 || CPU time: 6.0714 || CPU utilization: 0.1806 || R#270's duration (s): 33.6094 || Cumulative runtime (s): 9362.9985 || Loading data delay (s): 6.2597 || Eval delay (s): 0.4694 || Agg delay (s): 0.0000 || Coordination delay (s): 0.0000 || DIST task delay: 0.0000 || RECV task delay: 0.0000 || Queueing delay: 0.0000 || MSG (from mid) Ave. delay: 0.0000 || Total cache delay: 0.0000 || Ave. cache delay: 0.0000
[R#270] CUMULATIVE_RUNTIME_SEC=9362.9985
Top Aggregator Timestamps: CACHE, CACHE_START_T: 0.0, CACHE_END_T: 0.0 || AGG, AGG_START_T: 0.0, AGG_END_T: 0.0 || EVAL, EVAL_START_T: 1765433981.660667, EVAL_END_T: 1765433982.1300626 || RECV, RECV_START_T: 0.0, RECV_END_T: 0.0 || DIST, DIST_START_T: 0.0, DIST_END_T: 0.0 || LOAD, LOAD_START_T: 1765433948.5234387, LOAD_END_T: 1765433954.7831628 || MSG_MTo, MSG_MTo_START_T: 0.0, MSG_MTo_END_T: 0.0
Loaded FEMNIST test split partition_id=11 with 425 samples
Wall-clock time: 1765434015.8019466 ||Test loss: 1.8531 || Test accuracy: 0.5741 || CPU time: 8.7866 || CPU utilization: 0.2609 || R#271's duration (s): 33.6719 || Cumulative runtime (s): 9396.6704 || Loading data delay (s): 6.5607 || Eval delay (s): 0.6759 || Agg delay (s): 0.0000 || Coordination delay (s): 0.0000 || DIST task delay: 0.0000 || RECV task delay: 0.0000 || Queueing delay: 0.0000 || MSG (from mid) Ave. delay: 0.0000 || Total cache delay: 0.0000 || Ave. cache delay: 0.0000
[R#271] CUMULATIVE_RUNTIME_SEC=9396.6704
Top Aggregator Timestamps: CACHE, CACHE_START_T: 0.0, CACHE_END_T: 0.0 || AGG, AGG_START_T: 0.0, AGG_END_T: 0.0 || EVAL, EVAL_START_T: 1765434015.1259768, EVAL_END_T: 1765434015.8019238 || RECV, RECV_START_T: 0.0, RECV_END_T: 0.0 || DIST, DIST_START_T: 0.0, DIST_END_T: 0.0 || LOAD, LOAD_START_T: 1765433982.13287, LOAD_END_T: 1765433988.6935647 || MSG_MTo, MSG_MTo_START_T: 0.0, MSG_MTo_END_T: 0.0
Loaded FEMNIST test split partition_id=23 with 418 samples
Wall-clock time: 1765434053.6298094 ||Test loss: 0.4418 || Test accuracy: 0.8612 || CPU time: 8.3864 || CPU utilization: 0.2217 || R#272's duration (s): 37.8279 || Cumulative runtime (s): 9434.4983 || Loading data delay (s): 6.6773 || Eval delay (s): 0.6413 || Agg delay (s): 0.0000 || Coordination delay (s): 0.0000 || DIST task delay: 0.0000 || RECV task delay: 0.0000 || Queueing delay: 0.0000 || MSG (from mid) Ave. delay: 0.0000 || Total cache delay: 0.0000 || Ave. cache delay: 0.0000
[R#272] CUMULATIVE_RUNTIME_SEC=9434.4983
Top Aggregator Timestamps: CACHE, CACHE_START_T: 0.0, CACHE_END_T: 0.0 || AGG, AGG_START_T: 0.0, AGG_END_T: 0.0 || EVAL, EVAL_START_T: 1765434052.9884534, EVAL_END_T: 1765434053.629781 || RECV, RECV_START_T: 0.0, RECV_END_T: 0.0 || DIST, DIST_START_T: 0.0, DIST_END_T: 0.0 || LOAD, LOAD_START_T: 1765434015.8046918, LOAD_END_T: 1765434022.4820056 || MSG_MTo, MSG_MTo_START_T: 0.0, MSG_MTo_END_T: 0.0
Loaded FEMNIST test split partition_id=51 with 396 samples
Wall-clock time: 1765434088.6822393 ||Test loss: 0.9026 || Test accuracy: 0.7096 || CPU time: 8.1699 || CPU utilization: 0.2331 || R#273's duration (s): 35.0524 || Cumulative runtime (s): 9469.5507 || Loading data delay (s): 6.2265 || Eval delay (s): 0.6345 || Agg delay (s): 0.0000 || Coordination delay (s): 0.0000 || DIST task delay: 0.0000 || RECV task delay: 0.0000 || Queueing delay: 0.0000 || MSG (from mid) Ave. delay: 0.0000 || Total cache delay: 0.0000 || Ave. cache delay: 0.0000
[R#273] CUMULATIVE_RUNTIME_SEC=9469.5507
Top Aggregator Timestamps: CACHE, CACHE_START_T: 0.0, CACHE_END_T: 0.0 || AGG, AGG_START_T: 0.0, AGG_END_T: 0.0 || EVAL, EVAL_START_T: 1765434088.04776, EVAL_END_T: 1765434088.6822188 || RECV, RECV_START_T: 0.0, RECV_END_T: 0.0 || DIST, DIST_START_T: 0.0, DIST_END_T: 0.0 || LOAD, LOAD_START_T: 1765434053.632681, LOAD_END_T: 1765434059.85914 || MSG_MTo, MSG_MTo_START_T: 0.0, MSG_MTo_END_T: 0.0
Loaded FEMNIST test split partition_id=1 with 413 samples
Wall-clock time: 1765434119.8963606 ||Test loss: 0.4656 || Test accuracy: 0.8668 || CPU time: 8.0012 || CPU utilization: 0.2563 || R#274's duration (s): 31.2141 || Cumulative runtime (s): 9500.7648 || Loading data delay (s): 6.4704 || Eval delay (s): 0.6078 || Agg delay (s): 0.0000 || Coordination delay (s): 0.0000 || DIST task delay: 0.0000 || RECV task delay: 0.0000 || Queueing delay: 0.0000 || MSG (from mid) Ave. delay: 0.0000 || Total cache delay: 0.0000 || Ave. cache delay: 0.0000
[R#274] CUMULATIVE_RUNTIME_SEC=9500.7648
Top Aggregator Timestamps: CACHE, CACHE_START_T: 0.0, CACHE_END_T: 0.0 || AGG, AGG_START_T: 0.0, AGG_END_T: 0.0 || EVAL, EVAL_START_T: 1765434119.288502, EVAL_END_T: 1765434119.896338 || RECV, RECV_START_T: 0.0, RECV_END_T: 0.0 || DIST, DIST_START_T: 0.0, DIST_END_T: 0.0 || LOAD, LOAD_START_T: 1765434088.685021, LOAD_END_T: 1765434095.1553895 || MSG_MTo, MSG_MTo_START_T: 0.0, MSG_MTo_END_T: 0.0
Loaded FEMNIST test split partition_id=48 with 131 samples
Wall-clock time: 1765434150.1753788 ||Test loss: 6.1579 || Test accuracy: 0.1145 || CPU time: 3.2390 || CPU utilization: 0.1070 || R#275's duration (s): 30.2790 || Cumulative runtime (s): 9531.0438 || Loading data delay (s): 6.2099 || Eval delay (s): 0.2405 || Agg delay (s): 0.0000 || Coordination delay (s): 0.0000 || DIST task delay: 0.0000 || RECV task delay: 0.0000 || Queueing delay: 0.0000 || MSG (from mid) Ave. delay: 0.0000 || Total cache delay: 0.0000 || Ave. cache delay: 0.0000
[R#275] CUMULATIVE_RUNTIME_SEC=9531.0438
Top Aggregator Timestamps: CACHE, CACHE_START_T: 0.0, CACHE_END_T: 0.0 || AGG, AGG_START_T: 0.0, AGG_END_T: 0.0 || EVAL, EVAL_START_T: 1765434149.9348571, EVAL_END_T: 1765434150.175347 || RECV, RECV_START_T: 0.0, RECV_END_T: 0.0 || DIST, DIST_START_T: 0.0, DIST_END_T: 0.0 || LOAD, LOAD_START_T: 1765434119.8990805, LOAD_END_T: 1765434126.1089733 || MSG_MTo, MSG_MTo_START_T: 0.0, MSG_MTo_END_T: 0.0
Loaded FEMNIST test split partition_id=14 with 378 samples
Wall-clock time: 1765434186.6433473 ||Test loss: 0.3271 || Test accuracy: 0.8783 || CPU time: 8.0458 || CPU utilization: 0.2206 || R#276's duration (s): 36.4680 || Cumulative runtime (s): 9567.5118 || Loading data delay (s): 6.5471 || Eval delay (s): 0.6141 || Agg delay (s): 0.0000 || Coordination delay (s): 0.0000 || DIST task delay: 0.0000 || RECV task delay: 0.0000 || Queueing delay: 0.0000 || MSG (from mid) Ave. delay: 0.0000 || Total cache delay: 0.0000 || Ave. cache delay: 0.0000
[R#276] CUMULATIVE_RUNTIME_SEC=9567.5118
Top Aggregator Timestamps: CACHE, CACHE_START_T: 0.0, CACHE_END_T: 0.0 || AGG, AGG_START_T: 0.0, AGG_END_T: 0.0 || EVAL, EVAL_START_T: 1765434186.0291762, EVAL_END_T: 1765434186.6433184 || RECV, RECV_START_T: 0.0, RECV_END_T: 0.0 || DIST, DIST_START_T: 0.0, DIST_END_T: 0.0 || LOAD, LOAD_START_T: 1765434150.17855, LOAD_END_T: 1765434156.7256784 || MSG_MTo, MSG_MTo_START_T: 0.0, MSG_MTo_END_T: 0.0
Loaded FEMNIST test split partition_id=21 with 292 samples
Wall-clock time: 1765434221.5856967 ||Test loss: 1.9626 || Test accuracy: 0.5445 || CPU time: 6.3946 || CPU utilization: 0.1830 || R#277's duration (s): 34.9423 || Cumulative runtime (s): 9602.4541 || Loading data delay (s): 6.8182 || Eval delay (s): 0.4912 || Agg delay (s): 0.0000 || Coordination delay (s): 0.0000 || DIST task delay: 0.0000 || RECV task delay: 0.0000 || Queueing delay: 0.0000 || MSG (from mid) Ave. delay: 0.0000 || Total cache delay: 0.0000 || Ave. cache delay: 0.0000
[R#277] CUMULATIVE_RUNTIME_SEC=9602.4541
Top Aggregator Timestamps: CACHE, CACHE_START_T: 0.0, CACHE_END_T: 0.0 || AGG, AGG_START_T: 0.0, AGG_END_T: 0.0 || EVAL, EVAL_START_T: 1765434221.0945199, EVAL_END_T: 1765434221.5856717 || RECV, RECV_START_T: 0.0, RECV_END_T: 0.0 || DIST, DIST_START_T: 0.0, DIST_END_T: 0.0 || LOAD, LOAD_START_T: 1765434186.6460767, LOAD_END_T: 1765434193.4642587 || MSG_MTo, MSG_MTo_START_T: 0.0, MSG_MTo_END_T: 0.0
Loaded FEMNIST test split partition_id=3 with 397 samples
Wall-clock time: 1765434257.9063528 ||Test loss: 0.6159 || Test accuracy: 0.8489 || CPU time: 8.1849 || CPU utilization: 0.2254 || R#278's duration (s): 36.3207 || Cumulative runtime (s): 9638.7748 || Loading data delay (s): 6.3719 || Eval delay (s): 0.6337 || Agg delay (s): 0.0000 || Coordination delay (s): 0.0000 || DIST task delay: 0.0000 || RECV task delay: 0.0000 || Queueing delay: 0.0000 || MSG (from mid) Ave. delay: 0.0000 || Total cache delay: 0.0000 || Ave. cache delay: 0.0000
[R#278] CUMULATIVE_RUNTIME_SEC=9638.7748
Top Aggregator Timestamps: CACHE, CACHE_START_T: 0.0, CACHE_END_T: 0.0 || AGG, AGG_START_T: 0.0, AGG_END_T: 0.0 || EVAL, EVAL_START_T: 1765434257.2726328, EVAL_END_T: 1765434257.906329 || RECV, RECV_START_T: 0.0, RECV_END_T: 0.0 || DIST, DIST_START_T: 0.0, DIST_END_T: 0.0 || LOAD, LOAD_START_T: 1765434221.5884805, LOAD_END_T: 1765434227.960417 || MSG_MTo, MSG_MTo_START_T: 0.0, MSG_MTo_END_T: 0.0
Loaded FEMNIST test split partition_id=40 with 375 samples
Wall-clock time: 1765434293.7021887 ||Test loss: 1.2219 || Test accuracy: 0.6693 || CPU time: 7.8363 || CPU utilization: 0.2189 || R#279's duration (s): 35.7958 || Cumulative runtime (s): 9674.5706 || Loading data delay (s): 6.5188 || Eval delay (s): 0.6048 || Agg delay (s): 0.0000 || Coordination delay (s): 0.0000 || DIST task delay: 0.0000 || RECV task delay: 0.0000 || Queueing delay: 0.0000 || MSG (from mid) Ave. delay: 0.0000 || Total cache delay: 0.0000 || Ave. cache delay: 0.0000
[R#279] CUMULATIVE_RUNTIME_SEC=9674.5706
Top Aggregator Timestamps: CACHE, CACHE_START_T: 0.0, CACHE_END_T: 0.0 || AGG, AGG_START_T: 0.0, AGG_END_T: 0.0 || EVAL, EVAL_START_T: 1765434293.0973504, EVAL_END_T: 1765434293.7021642 || RECV, RECV_START_T: 0.0, RECV_END_T: 0.0 || DIST, DIST_START_T: 0.0, DIST_END_T: 0.0 || LOAD, LOAD_START_T: 1765434257.9090433, LOAD_END_T: 1765434264.4278913 || MSG_MTo, MSG_MTo_START_T: 0.0, MSG_MTo_END_T: 0.0
Loaded FEMNIST test split partition_id=5 with 351 samples
Wall-clock time: 1765434323.2328732 ||Test loss: 0.9947 || Test accuracy: 0.7407 || CPU time: 7.4046 || CPU utilization: 0.2507 || R#280's duration (s): 29.5307 || Cumulative runtime (s): 9704.1013 || Loading data delay (s): 6.2051 || Eval delay (s): 0.5710 || Agg delay (s): 0.0000 || Coordination delay (s): 0.0000 || DIST task delay: 0.0000 || RECV task delay: 0.0000 || Queueing delay: 0.0000 || MSG (from mid) Ave. delay: 0.0000 || Total cache delay: 0.0000 || Ave. cache delay: 0.0000
[R#280] CUMULATIVE_RUNTIME_SEC=9704.1013
Top Aggregator Timestamps: CACHE, CACHE_START_T: 0.0, CACHE_END_T: 0.0 || AGG, AGG_START_T: 0.0, AGG_END_T: 0.0 || EVAL, EVAL_START_T: 1765434322.6618538, EVAL_END_T: 1765434323.2328439 || RECV, RECV_START_T: 0.0, RECV_END_T: 0.0 || DIST, DIST_START_T: 0.0, DIST_END_T: 0.0 || LOAD, LOAD_START_T: 1765434293.704888, LOAD_END_T: 1765434299.9100041 || MSG_MTo, MSG_MTo_START_T: 0.0, MSG_MTo_END_T: 0.0
Loaded FEMNIST test split partition_id=61 with 356 samples
Wall-clock time: 1765434351.6730168 ||Test loss: 2.2977 || Test accuracy: 0.3989 || CPU time: 7.4585 || CPU utilization: 0.2623 || R#281's duration (s): 28.4401 || Cumulative runtime (s): 9732.5415 || Loading data delay (s): 6.4016 || Eval delay (s): 0.5727 || Agg delay (s): 0.0000 || Coordination delay (s): 0.0000 || DIST task delay: 0.0000 || RECV task delay: 0.0000 || Queueing delay: 0.0000 || MSG (from mid) Ave. delay: 0.0000 || Total cache delay: 0.0000 || Ave. cache delay: 0.0000
[R#281] CUMULATIVE_RUNTIME_SEC=9732.5415
Top Aggregator Timestamps: CACHE, CACHE_START_T: 0.0, CACHE_END_T: 0.0 || AGG, AGG_START_T: 0.0, AGG_END_T: 0.0 || EVAL, EVAL_START_T: 1765434351.1003292, EVAL_END_T: 1765434351.6729863 || RECV, RECV_START_T: 0.0, RECV_END_T: 0.0 || DIST, DIST_START_T: 0.0, DIST_END_T: 0.0 || LOAD, LOAD_START_T: 1765434323.2356317, LOAD_END_T: 1765434329.6372375 || MSG_MTo, MSG_MTo_START_T: 0.0, MSG_MTo_END_T: 0.0
Loaded FEMNIST test split partition_id=39 with 373 samples
Wall-clock time: 1765434385.916163 ||Test loss: 0.7556 || Test accuracy: 0.7694 || CPU time: 7.5985 || CPU utilization: 0.2219 || R#282's duration (s): 34.2431 || Cumulative runtime (s): 9766.7846 || Loading data delay (s): 6.7309 || Eval delay (s): 0.5726 || Agg delay (s): 0.0000 || Coordination delay (s): 0.0000 || DIST task delay: 0.0000 || RECV task delay: 0.0000 || Queueing delay: 0.0000 || MSG (from mid) Ave. delay: 0.0000 || Total cache delay: 0.0000 || Ave. cache delay: 0.0000
[R#282] CUMULATIVE_RUNTIME_SEC=9766.7846
Top Aggregator Timestamps: CACHE, CACHE_START_T: 0.0, CACHE_END_T: 0.0 || AGG, AGG_START_T: 0.0, AGG_END_T: 0.0 || EVAL, EVAL_START_T: 1765434385.3435645, EVAL_END_T: 1765434385.9161375 || RECV, RECV_START_T: 0.0, RECV_END_T: 0.0 || DIST, DIST_START_T: 0.0, DIST_END_T: 0.0 || LOAD, LOAD_START_T: 1765434351.6760306, LOAD_END_T: 1765434358.4069 || MSG_MTo, MSG_MTo_START_T: 0.0, MSG_MTo_END_T: 0.0
Loaded FEMNIST test split partition_id=3 with 397 samples
Wall-clock time: 1765434420.3756888 ||Test loss: 0.7174 || Test accuracy: 0.7758 || CPU time: 8.4283 || CPU utilization: 0.2446 || R#283's duration (s): 34.4595 || Cumulative runtime (s): 9801.2441 || Loading data delay (s): 6.2227 || Eval delay (s): 0.6461 || Agg delay (s): 0.0000 || Coordination delay (s): 0.0000 || DIST task delay: 0.0000 || RECV task delay: 0.0000 || Queueing delay: 0.0000 || MSG (from mid) Ave. delay: 0.0000 || Total cache delay: 0.0000 || Ave. cache delay: 0.0000
[R#283] CUMULATIVE_RUNTIME_SEC=9801.2441
Top Aggregator Timestamps: CACHE, CACHE_START_T: 0.0, CACHE_END_T: 0.0 || AGG, AGG_START_T: 0.0, AGG_END_T: 0.0 || EVAL, EVAL_START_T: 1765434419.7295442, EVAL_END_T: 1765434420.3756526 || RECV, RECV_START_T: 0.0, RECV_END_T: 0.0 || DIST, DIST_START_T: 0.0, DIST_END_T: 0.0 || LOAD, LOAD_START_T: 1765434385.9190068, LOAD_END_T: 1765434392.141657 || MSG_MTo, MSG_MTo_START_T: 0.0, MSG_MTo_END_T: 0.0
Loaded FEMNIST test split partition_id=9 with 377 samples
Wall-clock time: 1765434459.6868832 ||Test loss: 1.6200 || Test accuracy: 0.6154 || CPU time: 7.4809 || CPU utilization: 0.1903 || R#284's duration (s): 39.3112 || Cumulative runtime (s): 9840.5553 || Loading data delay (s): 6.5021 || Eval delay (s): 0.5777 || Agg delay (s): 0.0000 || Coordination delay (s): 0.0000 || DIST task delay: 0.0000 || RECV task delay: 0.0000 || Queueing delay: 0.0000 || MSG (from mid) Ave. delay: 0.0000 || Total cache delay: 0.0000 || Ave. cache delay: 0.0000
[R#284] CUMULATIVE_RUNTIME_SEC=9840.5553
Top Aggregator Timestamps: CACHE, CACHE_START_T: 0.0, CACHE_END_T: 0.0 || AGG, AGG_START_T: 0.0, AGG_END_T: 0.0 || EVAL, EVAL_START_T: 1765434459.109178, EVAL_END_T: 1765434459.6868567 || RECV, RECV_START_T: 0.0, RECV_END_T: 0.0 || DIST, DIST_START_T: 0.0, DIST_END_T: 0.0 || LOAD, LOAD_START_T: 1765434420.378519, LOAD_END_T: 1765434426.8805966 || MSG_MTo, MSG_MTo_START_T: 0.0, MSG_MTo_END_T: 0.0
Loaded FEMNIST test split partition_id=49 with 393 samples
Wall-clock time: 1765434491.2250733 ||Test loss: 0.4915 || Test accuracy: 0.8219 || CPU time: 8.3636 || CPU utilization: 0.2652 || R#285's duration (s): 31.5382 || Cumulative runtime (s): 9872.0935 || Loading data delay (s): 6.2501 || Eval delay (s): 0.6467 || Agg delay (s): 0.0000 || Coordination delay (s): 0.0000 || DIST task delay: 0.0000 || RECV task delay: 0.0000 || Queueing delay: 0.0000 || MSG (from mid) Ave. delay: 0.0000 || Total cache delay: 0.0000 || Ave. cache delay: 0.0000
[R#285] CUMULATIVE_RUNTIME_SEC=9872.0935
Top Aggregator Timestamps: CACHE, CACHE_START_T: 0.0, CACHE_END_T: 0.0 || AGG, AGG_START_T: 0.0, AGG_END_T: 0.0 || EVAL, EVAL_START_T: 1765434490.5783339, EVAL_END_T: 1765434491.2250469 || RECV, RECV_START_T: 0.0, RECV_END_T: 0.0 || DIST, DIST_START_T: 0.0, DIST_END_T: 0.0 || LOAD, LOAD_START_T: 1765434459.689953, LOAD_END_T: 1765434465.9400837 || MSG_MTo, MSG_MTo_START_T: 0.0, MSG_MTo_END_T: 0.0
Loaded FEMNIST test split partition_id=46 with 430 samples
Wall-clock time: 1765434532.1293612 ||Test loss: 0.5988 || Test accuracy: 0.8116 || CPU time: 8.9684 || CPU utilization: 0.2193 || R#286's duration (s): 40.9043 || Cumulative runtime (s): 9912.9978 || Loading data delay (s): 6.4120 || Eval delay (s): 0.6929 || Agg delay (s): 0.0000 || Coordination delay (s): 0.0000 || DIST task delay: 0.0000 || RECV task delay: 0.0000 || Queueing delay: 0.0000 || MSG (from mid) Ave. delay: 0.0000 || Total cache delay: 0.0000 || Ave. cache delay: 0.0000
[R#286] CUMULATIVE_RUNTIME_SEC=9912.9978
Top Aggregator Timestamps: CACHE, CACHE_START_T: 0.0, CACHE_END_T: 0.0 || AGG, AGG_START_T: 0.0, AGG_END_T: 0.0 || EVAL, EVAL_START_T: 1765434531.4364502, EVAL_END_T: 1765434532.1293256 || RECV, RECV_START_T: 0.0, RECV_END_T: 0.0 || DIST, DIST_START_T: 0.0, DIST_END_T: 0.0 || LOAD, LOAD_START_T: 1765434491.2282405, LOAD_END_T: 1765434497.6402187 || MSG_MTo, MSG_MTo_START_T: 0.0, MSG_MTo_END_T: 0.0
Loaded FEMNIST test split partition_id=4 with 315 samples
Wall-clock time: 1765434557.4181755 ||Test loss: 1.2488 || Test accuracy: 0.6762 || CPU time: 6.8935 || CPU utilization: 0.2726 || R#287's duration (s): 25.2888 || Cumulative runtime (s): 9938.2866 || Loading data delay (s): 6.7338 || Eval delay (s): 0.5326 || Agg delay (s): 0.0000 || Coordination delay (s): 0.0000 || DIST task delay: 0.0000 || RECV task delay: 0.0000 || Queueing delay: 0.0000 || MSG (from mid) Ave. delay: 0.0000 || Total cache delay: 0.0000 || Ave. cache delay: 0.0000
[R#287] CUMULATIVE_RUNTIME_SEC=9938.2866
Top Aggregator Timestamps: CACHE, CACHE_START_T: 0.0, CACHE_END_T: 0.0 || AGG, AGG_START_T: 0.0, AGG_END_T: 0.0 || EVAL, EVAL_START_T: 1765434556.8855467, EVAL_END_T: 1765434557.4181538 || RECV, RECV_START_T: 0.0, RECV_END_T: 0.0 || DIST, DIST_START_T: 0.0, DIST_END_T: 0.0 || LOAD, LOAD_START_T: 1765434532.132736, LOAD_END_T: 1765434538.8665159 || MSG_MTo, MSG_MTo_START_T: 0.0, MSG_MTo_END_T: 0.0
Loaded FEMNIST test split partition_id=10 with 436 samples
Wall-clock time: 1765434596.5848558 ||Test loss: 0.4525 || Test accuracy: 0.8509 || CPU time: 9.0833 || CPU utilization: 0.2319 || R#288's duration (s): 39.1667 || Cumulative runtime (s): 9977.4533 || Loading data delay (s): 6.1451 || Eval delay (s): 0.6915 || Agg delay (s): 0.0000 || Coordination delay (s): 0.0000 || DIST task delay: 0.0000 || RECV task delay: 0.0000 || Queueing delay: 0.0000 || MSG (from mid) Ave. delay: 0.0000 || Total cache delay: 0.0000 || Ave. cache delay: 0.0000
[R#288] CUMULATIVE_RUNTIME_SEC=9977.4533
Top Aggregator Timestamps: CACHE, CACHE_START_T: 0.0, CACHE_END_T: 0.0 || AGG, AGG_START_T: 0.0, AGG_END_T: 0.0 || EVAL, EVAL_START_T: 1765434595.8933463, EVAL_END_T: 1765434596.5848317 || RECV, RECV_START_T: 0.0, RECV_END_T: 0.0 || DIST, DIST_START_T: 0.0, DIST_END_T: 0.0 || LOAD, LOAD_START_T: 1765434557.4209325, LOAD_END_T: 1765434563.5660007 || MSG_MTo, MSG_MTo_START_T: 0.0, MSG_MTo_END_T: 0.0
Loaded FEMNIST test split partition_id=21 with 292 samples
Wall-clock time: 1765434629.0236413 ||Test loss: 1.5190 || Test accuracy: 0.6644 || CPU time: 6.5786 || CPU utilization: 0.2028 || R#289's duration (s): 32.4388 || Cumulative runtime (s): 10009.8921 || Loading data delay (s): 6.5069 || Eval delay (s): 0.5036 || Agg delay (s): 0.0000 || Coordination delay (s): 0.0000 || DIST task delay: 0.0000 || RECV task delay: 0.0000 || Queueing delay: 0.0000 || MSG (from mid) Ave. delay: 0.0000 || Total cache delay: 0.0000 || Ave. cache delay: 0.0000
[R#289] CUMULATIVE_RUNTIME_SEC=10009.8921
Top Aggregator Timestamps: CACHE, CACHE_START_T: 0.0, CACHE_END_T: 0.0 || AGG, AGG_START_T: 0.0, AGG_END_T: 0.0 || EVAL, EVAL_START_T: 1765434628.5200353, EVAL_END_T: 1765434629.0236006 || RECV, RECV_START_T: 0.0, RECV_END_T: 0.0 || DIST, DIST_START_T: 0.0, DIST_END_T: 0.0 || LOAD, LOAD_START_T: 1765434596.5875392, LOAD_END_T: 1765434603.0944443 || MSG_MTo, MSG_MTo_START_T: 0.0, MSG_MTo_END_T: 0.0
Loaded FEMNIST test split partition_id=1 with 413 samples
Wall-clock time: 1765434670.799423 ||Test loss: 0.6829 || Test accuracy: 0.7990 || CPU time: 8.7634 || CPU utilization: 0.2098 || R#290's duration (s): 41.7758 || Cumulative runtime (s): 10051.6679 || Loading data delay (s): 6.2396 || Eval delay (s): 0.6714 || Agg delay (s): 0.0000 || Coordination delay (s): 0.0000 || DIST task delay: 0.0000 || RECV task delay: 0.0000 || Queueing delay: 0.0000 || MSG (from mid) Ave. delay: 0.0000 || Total cache delay: 0.0000 || Ave. cache delay: 0.0000
[R#290] CUMULATIVE_RUNTIME_SEC=10051.6679
Top Aggregator Timestamps: CACHE, CACHE_START_T: 0.0, CACHE_END_T: 0.0 || AGG, AGG_START_T: 0.0, AGG_END_T: 0.0 || EVAL, EVAL_START_T: 1765434670.128045, EVAL_END_T: 1765434670.7994022 || RECV, RECV_START_T: 0.0, RECV_END_T: 0.0 || DIST, DIST_START_T: 0.0, DIST_END_T: 0.0 || LOAD, LOAD_START_T: 1765434629.0269375, LOAD_END_T: 1765434635.2665596 || MSG_MTo, MSG_MTo_START_T: 0.0, MSG_MTo_END_T: 0.0
Loaded FEMNIST test split partition_id=45 with 327 samples
Wall-clock time: 1765434721.1987953 ||Test loss: 1.6394 || Test accuracy: 0.5688 || CPU time: 7.1882 || CPU utilization: 0.1426 || R#291's duration (s): 50.3994 || Cumulative runtime (s): 10102.0672 || Loading data delay (s): 6.4940 || Eval delay (s): 0.5537 || Agg delay (s): 0.0000 || Coordination delay (s): 0.0000 || DIST task delay: 0.0000 || RECV task delay: 0.0000 || Queueing delay: 0.0000 || MSG (from mid) Ave. delay: 0.0000 || Total cache delay: 0.0000 || Ave. cache delay: 0.0000
[R#291] CUMULATIVE_RUNTIME_SEC=10102.0672
Top Aggregator Timestamps: CACHE, CACHE_START_T: 0.0, CACHE_END_T: 0.0 || AGG, AGG_START_T: 0.0, AGG_END_T: 0.0 || EVAL, EVAL_START_T: 1765434720.645029, EVAL_END_T: 1765434721.198767 || RECV, RECV_START_T: 0.0, RECV_END_T: 0.0 || DIST, DIST_START_T: 0.0, DIST_END_T: 0.0 || LOAD, LOAD_START_T: 1765434670.8021746, LOAD_END_T: 1765434677.296207 || MSG_MTo, MSG_MTo_START_T: 0.0, MSG_MTo_END_T: 0.0
Loaded FEMNIST test split partition_id=9 with 377 samples
Wall-clock time: 1765434757.1075342 ||Test loss: 1.5119 || Test accuracy: 0.5836 || CPU time: 7.9383 || CPU utilization: 0.2211 || R#292's duration (s): 35.9087 || Cumulative runtime (s): 10137.9760 || Loading data delay (s): 6.8220 || Eval delay (s): 0.5983 || Agg delay (s): 0.0000 || Coordination delay (s): 0.0000 || DIST task delay: 0.0000 || RECV task delay: 0.0000 || Queueing delay: 0.0000 || MSG (from mid) Ave. delay: 0.0000 || Total cache delay: 0.0000 || Ave. cache delay: 0.0000
[R#292] CUMULATIVE_RUNTIME_SEC=10137.9760
Top Aggregator Timestamps: CACHE, CACHE_START_T: 0.0, CACHE_END_T: 0.0 || AGG, AGG_START_T: 0.0, AGG_END_T: 0.0 || EVAL, EVAL_START_T: 1765434756.5092456, EVAL_END_T: 1765434757.1075044 || RECV, RECV_START_T: 0.0, RECV_END_T: 0.0 || DIST, DIST_START_T: 0.0, DIST_END_T: 0.0 || LOAD, LOAD_START_T: 1765434721.2017481, LOAD_END_T: 1765434728.023736 || MSG_MTo, MSG_MTo_START_T: 0.0, MSG_MTo_END_T: 0.0
Loaded FEMNIST test split partition_id=18 with 383 samples
Wall-clock time: 1765434790.8850977 ||Test loss: 1.6353 || Test accuracy: 0.5953 || CPU time: 7.5721 || CPU utilization: 0.2242 || R#293's duration (s): 33.7776 || Cumulative runtime (s): 10171.7535 || Loading data delay (s): 6.2307 || Eval delay (s): 0.5840 || Agg delay (s): 0.0000 || Coordination delay (s): 0.0000 || DIST task delay: 0.0000 || RECV task delay: 0.0000 || Queueing delay: 0.0000 || MSG (from mid) Ave. delay: 0.0000 || Total cache delay: 0.0000 || Ave. cache delay: 0.0000
[R#293] CUMULATIVE_RUNTIME_SEC=10171.7535
Top Aggregator Timestamps: CACHE, CACHE_START_T: 0.0, CACHE_END_T: 0.0 || AGG, AGG_START_T: 0.0, AGG_END_T: 0.0 || EVAL, EVAL_START_T: 1765434790.301069, EVAL_END_T: 1765434790.8850727 || RECV, RECV_START_T: 0.0, RECV_END_T: 0.0 || DIST, DIST_START_T: 0.0, DIST_END_T: 0.0 || LOAD, LOAD_START_T: 1765434757.110749, LOAD_END_T: 1765434763.3414738 || MSG_MTo, MSG_MTo_START_T: 0.0, MSG_MTo_END_T: 0.0
Loaded FEMNIST test split partition_id=30 with 284 samples
Wall-clock time: 1765434832.5601566 ||Test loss: 0.5031 || Test accuracy: 0.8521 || CPU time: 6.3663 || CPU utilization: 0.1528 || R#294's duration (s): 41.6751 || Cumulative runtime (s): 10213.4286 || Loading data delay (s): 6.4020 || Eval delay (s): 0.4856 || Agg delay (s): 0.0000 || Coordination delay (s): 0.0000 || DIST task delay: 0.0000 || RECV task delay: 0.0000 || Queueing delay: 0.0000 || MSG (from mid) Ave. delay: 0.0000 || Total cache delay: 0.0000 || Ave. cache delay: 0.0000
[R#294] CUMULATIVE_RUNTIME_SEC=10213.4286
Top Aggregator Timestamps: CACHE, CACHE_START_T: 0.0, CACHE_END_T: 0.0 || AGG, AGG_START_T: 0.0, AGG_END_T: 0.0 || EVAL, EVAL_START_T: 1765434832.074527, EVAL_END_T: 1765434832.5601287 || RECV, RECV_START_T: 0.0, RECV_END_T: 0.0 || DIST, DIST_START_T: 0.0, DIST_END_T: 0.0 || LOAD, LOAD_START_T: 1765434790.8878999, LOAD_END_T: 1765434797.2899275 || MSG_MTo, MSG_MTo_START_T: 0.0, MSG_MTo_END_T: 0.0
Loaded FEMNIST test split partition_id=42 with 330 samples
Wall-clock time: 1765434869.1562982 ||Test loss: 0.7709 || Test accuracy: 0.7848 || CPU time: 7.0758 || CPU utilization: 0.1933 || R#295's duration (s): 36.5961 || Cumulative runtime (s): 10250.0247 || Loading data delay (s): 6.4075 || Eval delay (s): 0.5420 || Agg delay (s): 0.0000 || Coordination delay (s): 0.0000 || DIST task delay: 0.0000 || RECV task delay: 0.0000 || Queueing delay: 0.0000 || MSG (from mid) Ave. delay: 0.0000 || Total cache delay: 0.0000 || Ave. cache delay: 0.0000
[R#295] CUMULATIVE_RUNTIME_SEC=10250.0247
Top Aggregator Timestamps: CACHE, CACHE_START_T: 0.0, CACHE_END_T: 0.0 || AGG, AGG_START_T: 0.0, AGG_END_T: 0.0 || EVAL, EVAL_START_T: 1765434868.6142192, EVAL_END_T: 1765434869.156263 || RECV, RECV_START_T: 0.0, RECV_END_T: 0.0 || DIST, DIST_START_T: 0.0, DIST_END_T: 0.0 || LOAD, LOAD_START_T: 1765434832.5639465, LOAD_END_T: 1765434838.9714775 || MSG_MTo, MSG_MTo_START_T: 0.0, MSG_MTo_END_T: 0.0
Loaded FEMNIST test split partition_id=40 with 375 samples
Wall-clock time: 1765434913.7500472 ||Test loss: 0.8210 || Test accuracy: 0.7680 || CPU time: 7.3198 || CPU utilization: 0.1641 || R#296's duration (s): 44.5937 || Cumulative runtime (s): 10294.6185 || Loading data delay (s): 6.6995 || Eval delay (s): 0.5531 || Agg delay (s): 0.0000 || Coordination delay (s): 0.0000 || DIST task delay: 0.0000 || RECV task delay: 0.0000 || Queueing delay: 0.0000 || MSG (from mid) Ave. delay: 0.0000 || Total cache delay: 0.0000 || Ave. cache delay: 0.0000
[R#296] CUMULATIVE_RUNTIME_SEC=10294.6185
Top Aggregator Timestamps: CACHE, CACHE_START_T: 0.0, CACHE_END_T: 0.0 || AGG, AGG_START_T: 0.0, AGG_END_T: 0.0 || EVAL, EVAL_START_T: 1765434913.1969151, EVAL_END_T: 1765434913.7500265 || RECV, RECV_START_T: 0.0, RECV_END_T: 0.0 || DIST, DIST_START_T: 0.0, DIST_END_T: 0.0 || LOAD, LOAD_START_T: 1765434869.15957, LOAD_END_T: 1765434875.859116 || MSG_MTo, MSG_MTo_START_T: 0.0, MSG_MTo_END_T: 0.0
Loaded FEMNIST test split partition_id=25 with 317 samples
Wall-clock time: 1765434944.0706775 ||Test loss: 0.7555 || Test accuracy: 0.7476 || CPU time: 6.9311 || CPU utilization: 0.2286 || R#297's duration (s): 30.3206 || Cumulative runtime (s): 10324.9391 || Loading data delay (s): 6.8137 || Eval delay (s): 0.5586 || Agg delay (s): 0.0000 || Coordination delay (s): 0.0000 || DIST task delay: 0.0000 || RECV task delay: 0.0000 || Queueing delay: 0.0000 || MSG (from mid) Ave. delay: 0.0000 || Total cache delay: 0.0000 || Ave. cache delay: 0.0000
[R#297] CUMULATIVE_RUNTIME_SEC=10324.9391
Top Aggregator Timestamps: CACHE, CACHE_START_T: 0.0, CACHE_END_T: 0.0 || AGG, AGG_START_T: 0.0, AGG_END_T: 0.0 || EVAL, EVAL_START_T: 1765434943.5120778, EVAL_END_T: 1765434944.070644 || RECV, RECV_START_T: 0.0, RECV_END_T: 0.0 || DIST, DIST_START_T: 0.0, DIST_END_T: 0.0 || LOAD, LOAD_START_T: 1765434913.7528446, LOAD_END_T: 1765434920.5665507 || MSG_MTo, MSG_MTo_START_T: 0.0, MSG_MTo_END_T: 0.0
Loaded FEMNIST test split partition_id=61 with 356 samples
Wall-clock time: 1765434977.0299447 ||Test loss: 2.4231 || Test accuracy: 0.4101 || CPU time: 8.0795 || CPU utilization: 0.2451 || R#298's duration (s): 32.9593 || Cumulative runtime (s): 10357.8984 || Loading data delay (s): 6.7018 || Eval delay (s): 0.6324 || Agg delay (s): 0.0000 || Coordination delay (s): 0.0000 || DIST task delay: 0.0000 || RECV task delay: 0.0000 || Queueing delay: 0.0000 || MSG (from mid) Ave. delay: 0.0000 || Total cache delay: 0.0000 || Ave. cache delay: 0.0000
[R#298] CUMULATIVE_RUNTIME_SEC=10357.8984
Top Aggregator Timestamps: CACHE, CACHE_START_T: 0.0, CACHE_END_T: 0.0 || AGG, AGG_START_T: 0.0, AGG_END_T: 0.0 || EVAL, EVAL_START_T: 1765434976.397495, EVAL_END_T: 1765434977.0299187 || RECV, RECV_START_T: 0.0, RECV_END_T: 0.0 || DIST, DIST_START_T: 0.0, DIST_END_T: 0.0 || LOAD, LOAD_START_T: 1765434944.0737667, LOAD_END_T: 1765434950.775565 || MSG_MTo, MSG_MTo_START_T: 0.0, MSG_MTo_END_T: 0.0
Loaded FEMNIST test split partition_id=57 with 388 samples
Wall-clock time: 1765435010.387079 ||Test loss: 0.8808 || Test accuracy: 0.7448 || CPU time: 9.0891 || CPU utilization: 0.2725 || R#299's duration (s): 33.3571 || Cumulative runtime (s): 10391.2555 || Loading data delay (s): 7.0577 || Eval delay (s): 0.7140 || Agg delay (s): 0.0000 || Coordination delay (s): 0.0000 || DIST task delay: 0.0000 || RECV task delay: 0.0000 || Queueing delay: 0.0000 || MSG (from mid) Ave. delay: 0.0000 || Total cache delay: 0.0000 || Ave. cache delay: 0.0000
[R#299] CUMULATIVE_RUNTIME_SEC=10391.2555
Top Aggregator Timestamps: CACHE, CACHE_START_T: 0.0, CACHE_END_T: 0.0 || AGG, AGG_START_T: 0.0, AGG_END_T: 0.0 || EVAL, EVAL_START_T: 1765435009.6730893, EVAL_END_T: 1765435010.3870416 || RECV, RECV_START_T: 0.0, RECV_END_T: 0.0 || DIST, DIST_START_T: 0.0, DIST_END_T: 0.0 || LOAD, LOAD_START_T: 1765434977.0334554, LOAD_END_T: 1765434984.0911891 || MSG_MTo, MSG_MTo_START_T: 0.0, MSG_MTo_END_T: 0.0
Loaded FEMNIST test split partition_id=7 with 375 samples
Wall-clock time: 1765435041.0647774 ||Test loss: 1.3293 || Test accuracy: 0.6347 || CPU time: 8.6307 || CPU utilization: 0.2813 || R#300's duration (s): 30.6777 || Cumulative runtime (s): 10421.9332 || Loading data delay (s): 6.8920 || Eval delay (s): 0.6806 || Agg delay (s): 0.0000 || Coordination delay (s): 0.0000 || DIST task delay: 0.0000 || RECV task delay: 0.0000 || Queueing delay: 0.0000 || MSG (from mid) Ave. delay: 0.0000 || Total cache delay: 0.0000 || Ave. cache delay: 0.0000
[R#300] CUMULATIVE_RUNTIME_SEC=10421.9332
Top Aggregator Timestamps: CACHE, CACHE_START_T: 0.0, CACHE_END_T: 0.0 || AGG, AGG_START_T: 0.0, AGG_END_T: 0.0 || EVAL, EVAL_START_T: 1765435040.384123, EVAL_END_T: 1765435041.064747 || RECV, RECV_START_T: 0.0, RECV_END_T: 0.0 || DIST, DIST_START_T: 0.0, DIST_END_T: 0.0 || LOAD, LOAD_START_T: 1765435010.3902304, LOAD_END_T: 1765435017.282187 || MSG_MTo, MSG_MTo_START_T: 0.0, MSG_MTo_END_T: 0.0
Loaded FEMNIST test split partition_id=11 with 425 samples
Wall-clock time: 1765435067.728444 ||Test loss: 2.0782 || Test accuracy: 0.5176 || CPU time: 8.6017 || CPU utilization: 0.3226 || R#301's duration (s): 26.6637 || Cumulative runtime (s): 10448.5969 || Loading data delay (s): 6.9245 || Eval delay (s): 0.6582 || Agg delay (s): 0.0000 || Coordination delay (s): 0.0000 || DIST task delay: 0.0000 || RECV task delay: 0.0000 || Queueing delay: 0.0000 || MSG (from mid) Ave. delay: 0.0000 || Total cache delay: 0.0000 || Ave. cache delay: 0.0000
[R#301] CUMULATIVE_RUNTIME_SEC=10448.5969
Top Aggregator Timestamps: CACHE, CACHE_START_T: 0.0, CACHE_END_T: 0.0 || AGG, AGG_START_T: 0.0, AGG_END_T: 0.0 || EVAL, EVAL_START_T: 1765435067.0701835, EVAL_END_T: 1765435067.7284162 || RECV, RECV_START_T: 0.0, RECV_END_T: 0.0 || DIST, DIST_START_T: 0.0, DIST_END_T: 0.0 || LOAD, LOAD_START_T: 1765435041.0677884, LOAD_END_T: 1765435047.9922986 || MSG_MTo, MSG_MTo_START_T: 0.0, MSG_MTo_END_T: 0.0
Loaded FEMNIST test split partition_id=4 with 315 samples
Wall-clock time: 1765435120.7890806 ||Test loss: 0.8950 || Test accuracy: 0.7619 || CPU time: 6.7752 || CPU utilization: 0.1277 || R#302's duration (s): 53.0606 || Cumulative runtime (s): 10501.6575 || Loading data delay (s): 6.7028 || Eval delay (s): 0.5216 || Agg delay (s): 0.0000 || Coordination delay (s): 0.0000 || DIST task delay: 0.0000 || RECV task delay: 0.0000 || Queueing delay: 0.0000 || MSG (from mid) Ave. delay: 0.0000 || Total cache delay: 0.0000 || Ave. cache delay: 0.0000
[R#302] CUMULATIVE_RUNTIME_SEC=10501.6575
Top Aggregator Timestamps: CACHE, CACHE_START_T: 0.0, CACHE_END_T: 0.0 || AGG, AGG_START_T: 0.0, AGG_END_T: 0.0 || EVAL, EVAL_START_T: 1765435120.2674901, EVAL_END_T: 1765435120.7890544 || RECV, RECV_START_T: 0.0, RECV_END_T: 0.0 || DIST, DIST_START_T: 0.0, DIST_END_T: 0.0 || LOAD, LOAD_START_T: 1765435067.7317042, LOAD_END_T: 1765435074.4344552 || MSG_MTo, MSG_MTo_START_T: 0.0, MSG_MTo_END_T: 0.0
Loaded FEMNIST test split partition_id=10 with 436 samples
Wall-clock time: 1765435149.0624974 ||Test loss: 0.4411 || Test accuracy: 0.8417 || CPU time: 9.2732 || CPU utilization: 0.3280 || R#303's duration (s): 28.2734 || Cumulative runtime (s): 10529.9309 || Loading data delay (s): 6.2979 || Eval delay (s): 0.7074 || Agg delay (s): 0.0000 || Coordination delay (s): 0.0000 || DIST task delay: 0.0000 || RECV task delay: 0.0000 || Queueing delay: 0.0000 || MSG (from mid) Ave. delay: 0.0000 || Total cache delay: 0.0000 || Ave. cache delay: 0.0000
[R#303] CUMULATIVE_RUNTIME_SEC=10529.9309
Top Aggregator Timestamps: CACHE, CACHE_START_T: 0.0, CACHE_END_T: 0.0 || AGG, AGG_START_T: 0.0, AGG_END_T: 0.0 || EVAL, EVAL_START_T: 1765435148.355092, EVAL_END_T: 1765435149.0624683 || RECV, RECV_START_T: 0.0, RECV_END_T: 0.0 || DIST, DIST_START_T: 0.0, DIST_END_T: 0.0 || LOAD, LOAD_START_T: 1765435120.792053, LOAD_END_T: 1765435127.0899436 || MSG_MTo, MSG_MTo_START_T: 0.0, MSG_MTo_END_T: 0.0
Loaded FEMNIST test split partition_id=7 with 375 samples
Wall-clock time: 1765435188.703922 ||Test loss: 1.2701 || Test accuracy: 0.6427 || CPU time: 8.0227 || CPU utilization: 0.2024 || R#304's duration (s): 39.6414 || Cumulative runtime (s): 10569.5724 || Loading data delay (s): 6.5087 || Eval delay (s): 0.6174 || Agg delay (s): 0.0000 || Coordination delay (s): 0.0000 || DIST task delay: 0.0000 || RECV task delay: 0.0000 || Queueing delay: 0.0000 || MSG (from mid) Ave. delay: 0.0000 || Total cache delay: 0.0000 || Ave. cache delay: 0.0000
[R#304] CUMULATIVE_RUNTIME_SEC=10569.5724
Top Aggregator Timestamps: CACHE, CACHE_START_T: 0.0, CACHE_END_T: 0.0 || AGG, AGG_START_T: 0.0, AGG_END_T: 0.0 || EVAL, EVAL_START_T: 1765435188.0865273, EVAL_END_T: 1765435188.7038894 || RECV, RECV_START_T: 0.0, RECV_END_T: 0.0 || DIST, DIST_START_T: 0.0, DIST_END_T: 0.0 || LOAD, LOAD_START_T: 1765435149.065399, LOAD_END_T: 1765435155.5740602 || MSG_MTo, MSG_MTo_START_T: 0.0, MSG_MTo_END_T: 0.0
Loaded FEMNIST test split partition_id=51 with 396 samples
Wall-clock time: 1765435227.2451868 ||Test loss: 0.5829 || Test accuracy: 0.8182 || CPU time: 8.1070 || CPU utilization: 0.2103 || R#305's duration (s): 38.5413 || Cumulative runtime (s): 10608.1136 || Loading data delay (s): 6.1835 || Eval delay (s): 0.6268 || Agg delay (s): 0.0000 || Coordination delay (s): 0.0000 || DIST task delay: 0.0000 || RECV task delay: 0.0000 || Queueing delay: 0.0000 || MSG (from mid) Ave. delay: 0.0000 || Total cache delay: 0.0000 || Ave. cache delay: 0.0000
[R#305] CUMULATIVE_RUNTIME_SEC=10608.1136
Top Aggregator Timestamps: CACHE, CACHE_START_T: 0.0, CACHE_END_T: 0.0 || AGG, AGG_START_T: 0.0, AGG_END_T: 0.0 || EVAL, EVAL_START_T: 1765435226.6183567, EVAL_END_T: 1765435227.2451649 || RECV, RECV_START_T: 0.0, RECV_END_T: 0.0 || DIST, DIST_START_T: 0.0, DIST_END_T: 0.0 || LOAD, LOAD_START_T: 1765435188.7071657, LOAD_END_T: 1765435194.8907046 || MSG_MTo, MSG_MTo_START_T: 0.0, MSG_MTo_END_T: 0.0
Loaded FEMNIST test split partition_id=11 with 425 samples
Wall-clock time: 1765435249.4438019 ||Test loss: 1.8542 || Test accuracy: 0.5035 || CPU time: 8.6779 || CPU utilization: 0.3909 || R#306's duration (s): 22.1986 || Cumulative runtime (s): 10630.3122 || Loading data delay (s): 6.3819 || Eval delay (s): 0.6725 || Agg delay (s): 0.0000 || Coordination delay (s): 0.0000 || DIST task delay: 0.0000 || RECV task delay: 0.0000 || Queueing delay: 0.0000 || MSG (from mid) Ave. delay: 0.0000 || Total cache delay: 0.0000 || Ave. cache delay: 0.0000
[R#306] CUMULATIVE_RUNTIME_SEC=10630.3122
Top Aggregator Timestamps: CACHE, CACHE_START_T: 0.0, CACHE_END_T: 0.0 || AGG, AGG_START_T: 0.0, AGG_END_T: 0.0 || EVAL, EVAL_START_T: 1765435248.771307, EVAL_END_T: 1765435249.4437747 || RECV, RECV_START_T: 0.0, RECV_END_T: 0.0 || DIST, DIST_START_T: 0.0, DIST_END_T: 0.0 || LOAD, LOAD_START_T: 1765435227.247946, LOAD_END_T: 1765435233.6298366 || MSG_MTo, MSG_MTo_START_T: 0.0, MSG_MTo_END_T: 0.0
Loaded FEMNIST test split partition_id=13 with 329 samples
Wall-clock time: 1765435289.2667308 ||Test loss: 0.8926 || Test accuracy: 0.7447 || CPU time: 6.9906 || CPU utilization: 0.1755 || R#307's duration (s): 39.8229 || Cumulative runtime (s): 10670.1352 || Loading data delay (s): 6.6767 || Eval delay (s): 0.5427 || Agg delay (s): 0.0000 || Coordination delay (s): 0.0000 || DIST task delay: 0.0000 || RECV task delay: 0.0000 || Queueing delay: 0.0000 || MSG (from mid) Ave. delay: 0.0000 || Total cache delay: 0.0000 || Ave. cache delay: 0.0000
[R#307] CUMULATIVE_RUNTIME_SEC=10670.1352
Top Aggregator Timestamps: CACHE, CACHE_START_T: 0.0, CACHE_END_T: 0.0 || AGG, AGG_START_T: 0.0, AGG_END_T: 0.0 || EVAL, EVAL_START_T: 1765435288.7239609, EVAL_END_T: 1765435289.266697 || RECV, RECV_START_T: 0.0, RECV_END_T: 0.0 || DIST, DIST_START_T: 0.0, DIST_END_T: 0.0 || LOAD, LOAD_START_T: 1765435249.4465837, LOAD_END_T: 1765435256.1233172 || MSG_MTo, MSG_MTo_START_T: 0.0, MSG_MTo_END_T: 0.0
Loaded FEMNIST test split partition_id=46 with 430 samples
Wall-clock time: 1765435334.4267628 ||Test loss: 0.4176 || Test accuracy: 0.8744 || CPU time: 8.7636 || CPU utilization: 0.1941 || R#308's duration (s): 45.1600 || Cumulative runtime (s): 10715.2952 || Loading data delay (s): 6.2737 || Eval delay (s): 0.6767 || Agg delay (s): 0.0000 || Coordination delay (s): 0.0000 || DIST task delay: 0.0000 || RECV task delay: 0.0000 || Queueing delay: 0.0000 || MSG (from mid) Ave. delay: 0.0000 || Total cache delay: 0.0000 || Ave. cache delay: 0.0000
[R#308] CUMULATIVE_RUNTIME_SEC=10715.2952
Top Aggregator Timestamps: CACHE, CACHE_START_T: 0.0, CACHE_END_T: 0.0 || AGG, AGG_START_T: 0.0, AGG_END_T: 0.0 || EVAL, EVAL_START_T: 1765435333.750012, EVAL_END_T: 1765435334.42674 || RECV, RECV_START_T: 0.0, RECV_END_T: 0.0 || DIST, DIST_START_T: 0.0, DIST_END_T: 0.0 || LOAD, LOAD_START_T: 1765435289.2698655, LOAD_END_T: 1765435295.543561 || MSG_MTo, MSG_MTo_START_T: 0.0, MSG_MTo_END_T: 0.0
Loaded FEMNIST test split partition_id=67 with 253 samples
Wall-clock time: 1765435366.4243004 ||Test loss: 1.3455 || Test accuracy: 0.6640 || CPU time: 5.6122 || CPU utilization: 0.1754 || R#309's duration (s): 31.9975 || Cumulative runtime (s): 10747.2927 || Loading data delay (s): 6.4139 || Eval delay (s): 0.4300 || Agg delay (s): 0.0000 || Coordination delay (s): 0.0000 || DIST task delay: 0.0000 || RECV task delay: 0.0000 || Queueing delay: 0.0000 || MSG (from mid) Ave. delay: 0.0000 || Total cache delay: 0.0000 || Ave. cache delay: 0.0000
[R#309] CUMULATIVE_RUNTIME_SEC=10747.2927
Top Aggregator Timestamps: CACHE, CACHE_START_T: 0.0, CACHE_END_T: 0.0 || AGG, AGG_START_T: 0.0, AGG_END_T: 0.0 || EVAL, EVAL_START_T: 1765435365.9942477, EVAL_END_T: 1765435366.4242682 || RECV, RECV_START_T: 0.0, RECV_END_T: 0.0 || DIST, DIST_START_T: 0.0, DIST_END_T: 0.0 || LOAD, LOAD_START_T: 1765435334.4295173, LOAD_END_T: 1765435340.8434484 || MSG_MTo, MSG_MTo_START_T: 0.0, MSG_MTo_END_T: 0.0
Loaded FEMNIST test split partition_id=3 with 397 samples
Wall-clock time: 1765435408.2963932 ||Test loss: 0.6460 || Test accuracy: 0.8338 || CPU time: 8.5592 || CPU utilization: 0.2044 || R#310's duration (s): 41.8721 || Cumulative runtime (s): 10789.1648 || Loading data delay (s): 6.3490 || Eval delay (s): 0.6555 || Agg delay (s): 0.0000 || Coordination delay (s): 0.0000 || DIST task delay: 0.0000 || RECV task delay: 0.0000 || Queueing delay: 0.0000 || MSG (from mid) Ave. delay: 0.0000 || Total cache delay: 0.0000 || Ave. cache delay: 0.0000
[R#310] CUMULATIVE_RUNTIME_SEC=10789.1648
Top Aggregator Timestamps: CACHE, CACHE_START_T: 0.0, CACHE_END_T: 0.0 || AGG, AGG_START_T: 0.0, AGG_END_T: 0.0 || EVAL, EVAL_START_T: 1765435407.6408997, EVAL_END_T: 1765435408.296355 || RECV, RECV_START_T: 0.0, RECV_END_T: 0.0 || DIST, DIST_START_T: 0.0, DIST_END_T: 0.0 || LOAD, LOAD_START_T: 1765435366.4270067, LOAD_END_T: 1765435372.7759626 || MSG_MTo, MSG_MTo_START_T: 0.0, MSG_MTo_END_T: 0.0
Loaded FEMNIST test split partition_id=37 with 403 samples
Wall-clock time: 1765435438.4650388 ||Test loss: 0.7279 || Test accuracy: 0.7742 || CPU time: 8.7359 || CPU utilization: 0.2896 || R#311's duration (s): 30.1686 || Cumulative runtime (s): 10819.3335 || Loading data delay (s): 6.3600 || Eval delay (s): 0.6634 || Agg delay (s): 0.0000 || Coordination delay (s): 0.0000 || DIST task delay: 0.0000 || RECV task delay: 0.0000 || Queueing delay: 0.0000 || MSG (from mid) Ave. delay: 0.0000 || Total cache delay: 0.0000 || Ave. cache delay: 0.0000
[R#311] CUMULATIVE_RUNTIME_SEC=10819.3335
Top Aggregator Timestamps: CACHE, CACHE_START_T: 0.0, CACHE_END_T: 0.0 || AGG, AGG_START_T: 0.0, AGG_END_T: 0.0 || EVAL, EVAL_START_T: 1765435437.801569, EVAL_END_T: 1765435438.4650059 || RECV, RECV_START_T: 0.0, RECV_END_T: 0.0 || DIST, DIST_START_T: 0.0, DIST_END_T: 0.0 || LOAD, LOAD_START_T: 1765435408.2996962, LOAD_END_T: 1765435414.6596549 || MSG_MTo, MSG_MTo_START_T: 0.0, MSG_MTo_END_T: 0.0
Loaded FEMNIST test split partition_id=16 with 312 samples
Wall-clock time: 1765435475.5540817 ||Test loss: 0.7989 || Test accuracy: 0.7596 || CPU time: 6.8794 || CPU utilization: 0.1855 || R#312's duration (s): 37.0890 || Cumulative runtime (s): 10856.4225 || Loading data delay (s): 6.6083 || Eval delay (s): 0.5337 || Agg delay (s): 0.0000 || Coordination delay (s): 0.0000 || DIST task delay: 0.0000 || RECV task delay: 0.0000 || Queueing delay: 0.0000 || MSG (from mid) Ave. delay: 0.0000 || Total cache delay: 0.0000 || Ave. cache delay: 0.0000
[R#312] CUMULATIVE_RUNTIME_SEC=10856.4225
Top Aggregator Timestamps: CACHE, CACHE_START_T: 0.0, CACHE_END_T: 0.0 || AGG, AGG_START_T: 0.0, AGG_END_T: 0.0 || EVAL, EVAL_START_T: 1765435475.0203917, EVAL_END_T: 1765435475.5540454 || RECV, RECV_START_T: 0.0, RECV_END_T: 0.0 || DIST, DIST_START_T: 0.0, DIST_END_T: 0.0 || LOAD, LOAD_START_T: 1765435438.4677665, LOAD_END_T: 1765435445.0761027 || MSG_MTo, MSG_MTo_START_T: 0.0, MSG_MTo_END_T: 0.0
Loaded FEMNIST test split partition_id=28 with 399 samples
Wall-clock time: 1765435508.0745902 ||Test loss: 0.5843 || Test accuracy: 0.8421 || CPU time: 8.4499 || CPU utilization: 0.2598 || R#313's duration (s): 32.5205 || Cumulative runtime (s): 10888.9430 || Loading data delay (s): 6.2168 || Eval delay (s): 0.6474 || Agg delay (s): 0.0000 || Coordination delay (s): 0.0000 || DIST task delay: 0.0000 || RECV task delay: 0.0000 || Queueing delay: 0.0000 || MSG (from mid) Ave. delay: 0.0000 || Total cache delay: 0.0000 || Ave. cache delay: 0.0000
[R#313] CUMULATIVE_RUNTIME_SEC=10888.9430
Top Aggregator Timestamps: CACHE, CACHE_START_T: 0.0, CACHE_END_T: 0.0 || AGG, AGG_START_T: 0.0, AGG_END_T: 0.0 || EVAL, EVAL_START_T: 1765435507.427143, EVAL_END_T: 1765435508.0745695 || RECV, RECV_START_T: 0.0, RECV_END_T: 0.0 || DIST, DIST_START_T: 0.0, DIST_END_T: 0.0 || LOAD, LOAD_START_T: 1765435475.5573359, LOAD_END_T: 1765435481.7741401 || MSG_MTo, MSG_MTo_START_T: 0.0, MSG_MTo_END_T: 0.0
Loaded FEMNIST test split partition_id=1 with 413 samples
Wall-clock time: 1765435542.9921567 ||Test loss: 0.7812 || Test accuracy: 0.7772 || CPU time: 8.7709 || CPU utilization: 0.2512 || R#314's duration (s): 34.9176 || Cumulative runtime (s): 10923.8606 || Loading data delay (s): 6.3746 || Eval delay (s): 0.6673 || Agg delay (s): 0.0000 || Coordination delay (s): 0.0000 || DIST task delay: 0.0000 || RECV task delay: 0.0000 || Queueing delay: 0.0000 || MSG (from mid) Ave. delay: 0.0000 || Total cache delay: 0.0000 || Ave. cache delay: 0.0000
[R#314] CUMULATIVE_RUNTIME_SEC=10923.8606
Top Aggregator Timestamps: CACHE, CACHE_START_T: 0.0, CACHE_END_T: 0.0 || AGG, AGG_START_T: 0.0, AGG_END_T: 0.0 || EVAL, EVAL_START_T: 1765435542.3248281, EVAL_END_T: 1765435542.9921122 || RECV, RECV_START_T: 0.0, RECV_END_T: 0.0 || DIST, DIST_START_T: 0.0, DIST_END_T: 0.0 || LOAD, LOAD_START_T: 1765435508.0773265, LOAD_END_T: 1765435514.4518855 || MSG_MTo, MSG_MTo_START_T: 0.0, MSG_MTo_END_T: 0.0
Loaded FEMNIST test split partition_id=7 with 375 samples
Wall-clock time: 1765435571.420536 ||Test loss: 1.2384 || Test accuracy: 0.6800 || CPU time: 8.1083 || CPU utilization: 0.2852 || R#315's duration (s): 28.4284 || Cumulative runtime (s): 10952.2890 || Loading data delay (s): 6.3345 || Eval delay (s): 0.6234 || Agg delay (s): 0.0000 || Coordination delay (s): 0.0000 || DIST task delay: 0.0000 || RECV task delay: 0.0000 || Queueing delay: 0.0000 || MSG (from mid) Ave. delay: 0.0000 || Total cache delay: 0.0000 || Ave. cache delay: 0.0000
[R#315] CUMULATIVE_RUNTIME_SEC=10952.2890
Top Aggregator Timestamps: CACHE, CACHE_START_T: 0.0, CACHE_END_T: 0.0 || AGG, AGG_START_T: 0.0, AGG_END_T: 0.0 || EVAL, EVAL_START_T: 1765435570.79708, EVAL_END_T: 1765435571.420511 || RECV, RECV_START_T: 0.0, RECV_END_T: 0.0 || DIST, DIST_START_T: 0.0, DIST_END_T: 0.0 || LOAD, LOAD_START_T: 1765435542.9955482, LOAD_END_T: 1765435549.330016 || MSG_MTo, MSG_MTo_START_T: 0.0, MSG_MTo_END_T: 0.0
Loaded FEMNIST test split partition_id=10 with 436 samples
Wall-clock time: 1765435612.634681 ||Test loss: 0.5256 || Test accuracy: 0.8417 || CPU time: 9.0659 || CPU utilization: 0.2200 || R#316's duration (s): 41.2141 || Cumulative runtime (s): 10993.5031 || Loading data delay (s): 6.5043 || Eval delay (s): 0.6935 || Agg delay (s): 0.0000 || Coordination delay (s): 0.0000 || DIST task delay: 0.0000 || RECV task delay: 0.0000 || Queueing delay: 0.0000 || MSG (from mid) Ave. delay: 0.0000 || Total cache delay: 0.0000 || Ave. cache delay: 0.0000
[R#316] CUMULATIVE_RUNTIME_SEC=10993.5031
Top Aggregator Timestamps: CACHE, CACHE_START_T: 0.0, CACHE_END_T: 0.0 || AGG, AGG_START_T: 0.0, AGG_END_T: 0.0 || EVAL, EVAL_START_T: 1765435611.9411452, EVAL_END_T: 1765435612.6346595 || RECV, RECV_START_T: 0.0, RECV_END_T: 0.0 || DIST, DIST_START_T: 0.0, DIST_END_T: 0.0 || LOAD, LOAD_START_T: 1765435571.4232357, LOAD_END_T: 1765435577.9275713 || MSG_MTo, MSG_MTo_START_T: 0.0, MSG_MTo_END_T: 0.0
Loaded FEMNIST test split partition_id=34 with 376 samples
Wall-clock time: 1765435645.8812306 ||Test loss: 1.2424 || Test accuracy: 0.6277 || CPU time: 7.8730 || CPU utilization: 0.2368 || R#317's duration (s): 33.2465 || Cumulative runtime (s): 11026.7497 || Loading data delay (s): 6.7289 || Eval delay (s): 0.6095 || Agg delay (s): 0.0000 || Coordination delay (s): 0.0000 || DIST task delay: 0.0000 || RECV task delay: 0.0000 || Queueing delay: 0.0000 || MSG (from mid) Ave. delay: 0.0000 || Total cache delay: 0.0000 || Ave. cache delay: 0.0000
[R#317] CUMULATIVE_RUNTIME_SEC=11026.7497
Top Aggregator Timestamps: CACHE, CACHE_START_T: 0.0, CACHE_END_T: 0.0 || AGG, AGG_START_T: 0.0, AGG_END_T: 0.0 || EVAL, EVAL_START_T: 1765435645.2717175, EVAL_END_T: 1765435645.8812087 || RECV, RECV_START_T: 0.0, RECV_END_T: 0.0 || DIST, DIST_START_T: 0.0, DIST_END_T: 0.0 || LOAD, LOAD_START_T: 1765435612.6374092, LOAD_END_T: 1765435619.3663568 || MSG_MTo, MSG_MTo_START_T: 0.0, MSG_MTo_END_T: 0.0
Loaded FEMNIST test split partition_id=45 with 327 samples
Wall-clock time: 1765435679.9002097 ||Test loss: 1.3965 || Test accuracy: 0.6269 || CPU time: 7.3411 || CPU utilization: 0.2158 || R#318's duration (s): 34.0190 || Cumulative runtime (s): 11060.7687 || Loading data delay (s): 6.3465 || Eval delay (s): 0.5502 || Agg delay (s): 0.0000 || Coordination delay (s): 0.0000 || DIST task delay: 0.0000 || RECV task delay: 0.0000 || Queueing delay: 0.0000 || MSG (from mid) Ave. delay: 0.0000 || Total cache delay: 0.0000 || Ave. cache delay: 0.0000
[R#318] CUMULATIVE_RUNTIME_SEC=11060.7687
Top Aggregator Timestamps: CACHE, CACHE_START_T: 0.0, CACHE_END_T: 0.0 || AGG, AGG_START_T: 0.0, AGG_END_T: 0.0 || EVAL, EVAL_START_T: 1765435679.3499722, EVAL_END_T: 1765435679.9001799 || RECV, RECV_START_T: 0.0, RECV_END_T: 0.0 || DIST, DIST_START_T: 0.0, DIST_END_T: 0.0 || LOAD, LOAD_START_T: 1765435645.8839457, LOAD_END_T: 1765435652.230443 || MSG_MTo, MSG_MTo_START_T: 0.0, MSG_MTo_END_T: 0.0
Loaded FEMNIST test split partition_id=8 with 418 samples
Wall-clock time: 1765435715.1626346 ||Test loss: 0.3317 || Test accuracy: 0.8876 || CPU time: 9.2081 || CPU utilization: 0.2611 || R#319's duration (s): 35.2624 || Cumulative runtime (s): 11096.0311 || Loading data delay (s): 6.5024 || Eval delay (s): 0.7023 || Agg delay (s): 0.0000 || Coordination delay (s): 0.0000 || DIST task delay: 0.0000 || RECV task delay: 0.0000 || Queueing delay: 0.0000 || MSG (from mid) Ave. delay: 0.0000 || Total cache delay: 0.0000 || Ave. cache delay: 0.0000
[R#319] CUMULATIVE_RUNTIME_SEC=11096.0311
Top Aggregator Timestamps: CACHE, CACHE_START_T: 0.0, CACHE_END_T: 0.0 || AGG, AGG_START_T: 0.0, AGG_END_T: 0.0 || EVAL, EVAL_START_T: 1765435714.460308, EVAL_END_T: 1765435715.1625943 || RECV, RECV_START_T: 0.0, RECV_END_T: 0.0 || DIST, DIST_START_T: 0.0, DIST_END_T: 0.0 || LOAD, LOAD_START_T: 1765435679.903211, LOAD_END_T: 1765435686.4055974 || MSG_MTo, MSG_MTo_START_T: 0.0, MSG_MTo_END_T: 0.0
Loaded FEMNIST test split partition_id=56 with 343 samples
Wall-clock time: 1765435749.6358452 ||Test loss: 0.6877 || Test accuracy: 0.7988 || CPU time: 6.6826 || CPU utilization: 0.1938 || R#320's duration (s): 34.4732 || Cumulative runtime (s): 11130.5043 || Loading data delay (s): 6.3760 || Eval delay (s): 0.5076 || Agg delay (s): 0.0000 || Coordination delay (s): 0.0000 || DIST task delay: 0.0000 || RECV task delay: 0.0000 || Queueing delay: 0.0000 || MSG (from mid) Ave. delay: 0.0000 || Total cache delay: 0.0000 || Ave. cache delay: 0.0000
[R#320] CUMULATIVE_RUNTIME_SEC=11130.5043
Top Aggregator Timestamps: CACHE, CACHE_START_T: 0.0, CACHE_END_T: 0.0 || AGG, AGG_START_T: 0.0, AGG_END_T: 0.0 || EVAL, EVAL_START_T: 1765435749.1282492, EVAL_END_T: 1765435749.6358182 || RECV, RECV_START_T: 0.0, RECV_END_T: 0.0 || DIST, DIST_START_T: 0.0, DIST_END_T: 0.0 || LOAD, LOAD_START_T: 1765435715.1656911, LOAD_END_T: 1765435721.5417187 || MSG_MTo, MSG_MTo_START_T: 0.0, MSG_MTo_END_T: 0.0
Loaded FEMNIST test split partition_id=65 with 379 samples
Wall-clock time: 1765435781.784183 ||Test loss: 0.5371 || Test accuracy: 0.8364 || CPU time: 8.0422 || CPU utilization: 0.2502 || R#321's duration (s): 32.1483 || Cumulative runtime (s): 11162.6526 || Loading data delay (s): 6.5001 || Eval delay (s): 0.6195 || Agg delay (s): 0.0000 || Coordination delay (s): 0.0000 || DIST task delay: 0.0000 || RECV task delay: 0.0000 || Queueing delay: 0.0000 || MSG (from mid) Ave. delay: 0.0000 || Total cache delay: 0.0000 || Ave. cache delay: 0.0000
[R#321] CUMULATIVE_RUNTIME_SEC=11162.6526
Top Aggregator Timestamps: CACHE, CACHE_START_T: 0.0, CACHE_END_T: 0.0 || AGG, AGG_START_T: 0.0, AGG_END_T: 0.0 || EVAL, EVAL_START_T: 1765435781.164659, EVAL_END_T: 1765435781.7841628 || RECV, RECV_START_T: 0.0, RECV_END_T: 0.0 || DIST, DIST_START_T: 0.0, DIST_END_T: 0.0 || LOAD, LOAD_START_T: 1765435749.638696, LOAD_END_T: 1765435756.1388242 || MSG_MTo, MSG_MTo_START_T: 0.0, MSG_MTo_END_T: 0.0
Loaded FEMNIST test split partition_id=24 with 374 samples
Wall-clock time: 1765435820.196117 ||Test loss: 0.6028 || Test accuracy: 0.8289 || CPU time: 8.0534 || CPU utilization: 0.2097 || R#322's duration (s): 38.4119 || Cumulative runtime (s): 11201.0646 || Loading data delay (s): 6.6220 || Eval delay (s): 0.6142 || Agg delay (s): 0.0000 || Coordination delay (s): 0.0000 || DIST task delay: 0.0000 || RECV task delay: 0.0000 || Queueing delay: 0.0000 || MSG (from mid) Ave. delay: 0.0000 || Total cache delay: 0.0000 || Ave. cache delay: 0.0000
[R#322] CUMULATIVE_RUNTIME_SEC=11201.0646
Top Aggregator Timestamps: CACHE, CACHE_START_T: 0.0, CACHE_END_T: 0.0 || AGG, AGG_START_T: 0.0, AGG_END_T: 0.0 || EVAL, EVAL_START_T: 1765435819.581881, EVAL_END_T: 1765435820.1960852 || RECV, RECV_START_T: 0.0, RECV_END_T: 0.0 || DIST, DIST_START_T: 0.0, DIST_END_T: 0.0 || LOAD, LOAD_START_T: 1765435781.786921, LOAD_END_T: 1765435788.4088798 || MSG_MTo, MSG_MTo_START_T: 0.0, MSG_MTo_END_T: 0.0
Loaded FEMNIST test split partition_id=39 with 373 samples
Wall-clock time: 1765435854.231203 ||Test loss: 0.9681 || Test accuracy: 0.6863 || CPU time: 7.7767 || CPU utilization: 0.2285 || R#323's duration (s): 34.0351 || Cumulative runtime (s): 11235.0997 || Loading data delay (s): 6.3711 || Eval delay (s): 0.6106 || Agg delay (s): 0.0000 || Coordination delay (s): 0.0000 || DIST task delay: 0.0000 || RECV task delay: 0.0000 || Queueing delay: 0.0000 || MSG (from mid) Ave. delay: 0.0000 || Total cache delay: 0.0000 || Ave. cache delay: 0.0000
[R#323] CUMULATIVE_RUNTIME_SEC=11235.0997
Top Aggregator Timestamps: CACHE, CACHE_START_T: 0.0, CACHE_END_T: 0.0 || AGG, AGG_START_T: 0.0, AGG_END_T: 0.0 || EVAL, EVAL_START_T: 1765435853.6205723, EVAL_END_T: 1765435854.2311783 || RECV, RECV_START_T: 0.0, RECV_END_T: 0.0 || DIST, DIST_START_T: 0.0, DIST_END_T: 0.0 || LOAD, LOAD_START_T: 1765435820.1993933, LOAD_END_T: 1765435826.5705335 || MSG_MTo, MSG_MTo_START_T: 0.0, MSG_MTo_END_T: 0.0
Loaded FEMNIST test split partition_id=65 with 379 samples
Wall-clock time: 1765435895.2497249 ||Test loss: 0.5351 || Test accuracy: 0.8575 || CPU time: 7.7704 || CPU utilization: 0.1894 || R#324's duration (s): 41.0185 || Cumulative runtime (s): 11276.1182 || Loading data delay (s): 6.4839 || Eval delay (s): 0.6061 || Agg delay (s): 0.0000 || Coordination delay (s): 0.0000 || DIST task delay: 0.0000 || RECV task delay: 0.0000 || Queueing delay: 0.0000 || MSG (from mid) Ave. delay: 0.0000 || Total cache delay: 0.0000 || Ave. cache delay: 0.0000
[R#324] CUMULATIVE_RUNTIME_SEC=11276.1182
Top Aggregator Timestamps: CACHE, CACHE_START_T: 0.0, CACHE_END_T: 0.0 || AGG, AGG_START_T: 0.0, AGG_END_T: 0.0 || EVAL, EVAL_START_T: 1765435894.6435602, EVAL_END_T: 1765435895.2497041 || RECV, RECV_START_T: 0.0, RECV_END_T: 0.0 || DIST, DIST_START_T: 0.0, DIST_END_T: 0.0 || LOAD, LOAD_START_T: 1765435854.234066, LOAD_END_T: 1765435860.7179952 || MSG_MTo, MSG_MTo_START_T: 0.0, MSG_MTo_END_T: 0.0
Loaded FEMNIST test split partition_id=62 with 390 samples
Wall-clock time: 1765435931.4985304 ||Test loss: 0.8691 || Test accuracy: 0.7590 || CPU time: 7.7041 || CPU utilization: 0.2125 || R#325's duration (s): 36.2488 || Cumulative runtime (s): 11312.3670 || Loading data delay (s): 6.3817 || Eval delay (s): 0.5802 || Agg delay (s): 0.0000 || Coordination delay (s): 0.0000 || DIST task delay: 0.0000 || RECV task delay: 0.0000 || Queueing delay: 0.0000 || MSG (from mid) Ave. delay: 0.0000 || Total cache delay: 0.0000 || Ave. cache delay: 0.0000
[R#325] CUMULATIVE_RUNTIME_SEC=11312.3670
Top Aggregator Timestamps: CACHE, CACHE_START_T: 0.0, CACHE_END_T: 0.0 || AGG, AGG_START_T: 0.0, AGG_END_T: 0.0 || EVAL, EVAL_START_T: 1765435930.918318, EVAL_END_T: 1765435931.4985008 || RECV, RECV_START_T: 0.0, RECV_END_T: 0.0 || DIST, DIST_START_T: 0.0, DIST_END_T: 0.0 || LOAD, LOAD_START_T: 1765435895.2525086, LOAD_END_T: 1765435901.6342251 || MSG_MTo, MSG_MTo_START_T: 0.0, MSG_MTo_END_T: 0.0
Loaded FEMNIST test split partition_id=7 with 375 samples
Wall-clock time: 1765435969.9293396 ||Test loss: 0.9112 || Test accuracy: 0.7307 || CPU time: 7.8841 || CPU utilization: 0.2052 || R#326's duration (s): 38.4308 || Cumulative runtime (s): 11350.7978 || Loading data delay (s): 6.4021 || Eval delay (s): 0.6025 || Agg delay (s): 0.0000 || Coordination delay (s): 0.0000 || DIST task delay: 0.0000 || RECV task delay: 0.0000 || Queueing delay: 0.0000 || MSG (from mid) Ave. delay: 0.0000 || Total cache delay: 0.0000 || Ave. cache delay: 0.0000
[R#326] CUMULATIVE_RUNTIME_SEC=11350.7978
Top Aggregator Timestamps: CACHE, CACHE_START_T: 0.0, CACHE_END_T: 0.0 || AGG, AGG_START_T: 0.0, AGG_END_T: 0.0 || EVAL, EVAL_START_T: 1765435969.326856, EVAL_END_T: 1765435969.9293156 || RECV, RECV_START_T: 0.0, RECV_END_T: 0.0 || DIST, DIST_START_T: 0.0, DIST_END_T: 0.0 || LOAD, LOAD_START_T: 1765435931.5013165, LOAD_END_T: 1765435937.9034457 || MSG_MTo, MSG_MTo_START_T: 0.0, MSG_MTo_END_T: 0.0
Loaded FEMNIST test split partition_id=23 with 418 samples
Wall-clock time: 1765436004.7924597 ||Test loss: 0.6245 || Test accuracy: 0.7679 || CPU time: 8.7903 || CPU utilization: 0.2521 || R#327's duration (s): 34.8631 || Cumulative runtime (s): 11385.6609 || Loading data delay (s): 7.0307 || Eval delay (s): 0.6704 || Agg delay (s): 0.0000 || Coordination delay (s): 0.0000 || DIST task delay: 0.0000 || RECV task delay: 0.0000 || Queueing delay: 0.0000 || MSG (from mid) Ave. delay: 0.0000 || Total cache delay: 0.0000 || Ave. cache delay: 0.0000
[R#327] CUMULATIVE_RUNTIME_SEC=11385.6609
Top Aggregator Timestamps: CACHE, CACHE_START_T: 0.0, CACHE_END_T: 0.0 || AGG, AGG_START_T: 0.0, AGG_END_T: 0.0 || EVAL, EVAL_START_T: 1765436004.122033, EVAL_END_T: 1765436004.7924337 || RECV, RECV_START_T: 0.0, RECV_END_T: 0.0 || DIST, DIST_START_T: 0.0, DIST_END_T: 0.0 || LOAD, LOAD_START_T: 1765435969.9323745, LOAD_END_T: 1765435976.9630265 || MSG_MTo, MSG_MTo_START_T: 0.0, MSG_MTo_END_T: 0.0
Loaded FEMNIST test split partition_id=40 with 375 samples
Wall-clock time: 1765436039.7068543 ||Test loss: 1.2932 || Test accuracy: 0.6400 || CPU time: 7.7800 || CPU utilization: 0.2228 || R#328's duration (s): 34.9144 || Cumulative runtime (s): 11420.5753 || Loading data delay (s): 6.1847 || Eval delay (s): 0.6035 || Agg delay (s): 0.0000 || Coordination delay (s): 0.0000 || DIST task delay: 0.0000 || RECV task delay: 0.0000 || Queueing delay: 0.0000 || MSG (from mid) Ave. delay: 0.0000 || Total cache delay: 0.0000 || Ave. cache delay: 0.0000
[R#328] CUMULATIVE_RUNTIME_SEC=11420.5753
Top Aggregator Timestamps: CACHE, CACHE_START_T: 0.0, CACHE_END_T: 0.0 || AGG, AGG_START_T: 0.0, AGG_END_T: 0.0 || EVAL, EVAL_START_T: 1765436039.1033266, EVAL_END_T: 1765436039.7068267 || RECV, RECV_START_T: 0.0, RECV_END_T: 0.0 || DIST, DIST_START_T: 0.0, DIST_END_T: 0.0 || LOAD, LOAD_START_T: 1765436004.7951076, LOAD_END_T: 1765436010.979798 || MSG_MTo, MSG_MTo_START_T: 0.0, MSG_MTo_END_T: 0.0
Loaded FEMNIST test split partition_id=30 with 284 samples
Wall-clock time: 1765436072.3285866 ||Test loss: 0.5578 || Test accuracy: 0.8310 || CPU time: 6.1276 || CPU utilization: 0.1878 || R#329's duration (s): 32.6217 || Cumulative runtime (s): 11453.1970 || Loading data delay (s): 6.2932 || Eval delay (s): 0.4594 || Agg delay (s): 0.0000 || Coordination delay (s): 0.0000 || DIST task delay: 0.0000 || RECV task delay: 0.0000 || Queueing delay: 0.0000 || MSG (from mid) Ave. delay: 0.0000 || Total cache delay: 0.0000 || Ave. cache delay: 0.0000
[R#329] CUMULATIVE_RUNTIME_SEC=11453.1970
Top Aggregator Timestamps: CACHE, CACHE_START_T: 0.0, CACHE_END_T: 0.0 || AGG, AGG_START_T: 0.0, AGG_END_T: 0.0 || EVAL, EVAL_START_T: 1765436071.8691695, EVAL_END_T: 1765436072.3285608 || RECV, RECV_START_T: 0.0, RECV_END_T: 0.0 || DIST, DIST_START_T: 0.0, DIST_END_T: 0.0 || LOAD, LOAD_START_T: 1765436039.709598, LOAD_END_T: 1765436046.0028272 || MSG_MTo, MSG_MTo_START_T: 0.0, MSG_MTo_END_T: 0.0
Loaded FEMNIST test split partition_id=11 with 425 samples
Wall-clock time: 1765436108.534093 ||Test loss: 1.4550 || Test accuracy: 0.6471 || CPU time: 8.7620 || CPU utilization: 0.2420 || R#330's duration (s): 36.2055 || Cumulative runtime (s): 11489.4025 || Loading data delay (s): 6.4039 || Eval delay (s): 0.6828 || Agg delay (s): 0.0000 || Coordination delay (s): 0.0000 || DIST task delay: 0.0000 || RECV task delay: 0.0000 || Queueing delay: 0.0000 || MSG (from mid) Ave. delay: 0.0000 || Total cache delay: 0.0000 || Ave. cache delay: 0.0000
[R#330] CUMULATIVE_RUNTIME_SEC=11489.4025
Top Aggregator Timestamps: CACHE, CACHE_START_T: 0.0, CACHE_END_T: 0.0 || AGG, AGG_START_T: 0.0, AGG_END_T: 0.0 || EVAL, EVAL_START_T: 1765436107.8512628, EVAL_END_T: 1765436108.5340595 || RECV, RECV_START_T: 0.0, RECV_END_T: 0.0 || DIST, DIST_START_T: 0.0, DIST_END_T: 0.0 || LOAD, LOAD_START_T: 1765436072.3312697, LOAD_END_T: 1765436078.7351842 || MSG_MTo, MSG_MTo_START_T: 0.0, MSG_MTo_END_T: 0.0
Loaded FEMNIST test split partition_id=46 with 430 samples
Wall-clock time: 1765436149.5465481 ||Test loss: 0.3642 || Test accuracy: 0.8814 || CPU time: 8.6782 || CPU utilization: 0.2116 || R#331's duration (s): 41.0125 || Cumulative runtime (s): 11530.4150 || Loading data delay (s): 6.4295 || Eval delay (s): 0.6747 || Agg delay (s): 0.0000 || Coordination delay (s): 0.0000 || DIST task delay: 0.0000 || RECV task delay: 0.0000 || Queueing delay: 0.0000 || MSG (from mid) Ave. delay: 0.0000 || Total cache delay: 0.0000 || Ave. cache delay: 0.0000
[R#331] CUMULATIVE_RUNTIME_SEC=11530.4150
Top Aggregator Timestamps: CACHE, CACHE_START_T: 0.0, CACHE_END_T: 0.0 || AGG, AGG_START_T: 0.0, AGG_END_T: 0.0 || EVAL, EVAL_START_T: 1765436148.87185, EVAL_END_T: 1765436149.5465279 || RECV, RECV_START_T: 0.0, RECV_END_T: 0.0 || DIST, DIST_START_T: 0.0, DIST_END_T: 0.0 || LOAD, LOAD_START_T: 1765436108.5373642, LOAD_END_T: 1765436114.9668365 || MSG_MTo, MSG_MTo_START_T: 0.0, MSG_MTo_END_T: 0.0
Loaded FEMNIST test split partition_id=18 with 383 samples
Wall-clock time: 1765436179.4007695 ||Test loss: 1.0570 || Test accuracy: 0.6789 || CPU time: 7.8986 || CPU utilization: 0.2646 || R#332's duration (s): 29.8542 || Cumulative runtime (s): 11560.2692 || Loading data delay (s): 6.5751 || Eval delay (s): 0.6106 || Agg delay (s): 0.0000 || Coordination delay (s): 0.0000 || DIST task delay: 0.0000 || RECV task delay: 0.0000 || Queueing delay: 0.0000 || MSG (from mid) Ave. delay: 0.0000 || Total cache delay: 0.0000 || Ave. cache delay: 0.0000
[R#332] CUMULATIVE_RUNTIME_SEC=11560.2692
Top Aggregator Timestamps: CACHE, CACHE_START_T: 0.0, CACHE_END_T: 0.0 || AGG, AGG_START_T: 0.0, AGG_END_T: 0.0 || EVAL, EVAL_START_T: 1765436178.7901657, EVAL_END_T: 1765436179.4007478 || RECV, RECV_START_T: 0.0, RECV_END_T: 0.0 || DIST, DIST_START_T: 0.0, DIST_END_T: 0.0 || LOAD, LOAD_START_T: 1765436149.5492423, LOAD_END_T: 1765436156.1243162 || MSG_MTo, MSG_MTo_START_T: 0.0, MSG_MTo_END_T: 0.0
Loaded FEMNIST test split partition_id=37 with 403 samples
Wall-clock time: 1765436226.0547688 ||Test loss: 0.5698 || Test accuracy: 0.8288 || CPU time: 8.4401 || CPU utilization: 0.1809 || R#333's duration (s): 46.6540 || Cumulative runtime (s): 11606.9232 || Loading data delay (s): 6.2285 || Eval delay (s): 0.6492 || Agg delay (s): 0.0000 || Coordination delay (s): 0.0000 || DIST task delay: 0.0000 || RECV task delay: 0.0000 || Queueing delay: 0.0000 || MSG (from mid) Ave. delay: 0.0000 || Total cache delay: 0.0000 || Ave. cache delay: 0.0000
[R#333] CUMULATIVE_RUNTIME_SEC=11606.9232
Top Aggregator Timestamps: CACHE, CACHE_START_T: 0.0, CACHE_END_T: 0.0 || AGG, AGG_START_T: 0.0, AGG_END_T: 0.0 || EVAL, EVAL_START_T: 1765436225.4055433, EVAL_END_T: 1765436226.0547433 || RECV, RECV_START_T: 0.0, RECV_END_T: 0.0 || DIST, DIST_START_T: 0.0, DIST_END_T: 0.0 || LOAD, LOAD_START_T: 1765436179.4036014, LOAD_END_T: 1765436185.6321337 || MSG_MTo, MSG_MTo_START_T: 0.0, MSG_MTo_END_T: 0.0
Loaded FEMNIST test split partition_id=41 with 358 samples
Wall-clock time: 1765436252.5784516 ||Test loss: 1.4194 || Test accuracy: 0.6034 || CPU time: 7.4825 || CPU utilization: 0.2821 || R#334's duration (s): 26.5237 || Cumulative runtime (s): 11633.4469 || Loading data delay (s): 6.5098 || Eval delay (s): 0.5832 || Agg delay (s): 0.0000 || Coordination delay (s): 0.0000 || DIST task delay: 0.0000 || RECV task delay: 0.0000 || Queueing delay: 0.0000 || MSG (from mid) Ave. delay: 0.0000 || Total cache delay: 0.0000 || Ave. cache delay: 0.0000
[R#334] CUMULATIVE_RUNTIME_SEC=11633.4469
Top Aggregator Timestamps: CACHE, CACHE_START_T: 0.0, CACHE_END_T: 0.0 || AGG, AGG_START_T: 0.0, AGG_END_T: 0.0 || EVAL, EVAL_START_T: 1765436251.995244, EVAL_END_T: 1765436252.578429 || RECV, RECV_START_T: 0.0, RECV_END_T: 0.0 || DIST, DIST_START_T: 0.0, DIST_END_T: 0.0 || LOAD, LOAD_START_T: 1765436226.0575233, LOAD_END_T: 1765436232.567367 || MSG_MTo, MSG_MTo_START_T: 0.0, MSG_MTo_END_T: 0.0
Loaded FEMNIST test split partition_id=12 with 308 samples
Wall-clock time: 1765436293.3749292 ||Test loss: 0.9899 || Test accuracy: 0.7727 || CPU time: 6.6546 || CPU utilization: 0.1631 || R#335's duration (s): 40.7965 || Cumulative runtime (s): 11674.2434 || Loading data delay (s): 6.1577 || Eval delay (s): 0.5194 || Agg delay (s): 0.0000 || Coordination delay (s): 0.0000 || DIST task delay: 0.0000 || RECV task delay: 0.0000 || Queueing delay: 0.0000 || MSG (from mid) Ave. delay: 0.0000 || Total cache delay: 0.0000 || Ave. cache delay: 0.0000
[R#335] CUMULATIVE_RUNTIME_SEC=11674.2434
Top Aggregator Timestamps: CACHE, CACHE_START_T: 0.0, CACHE_END_T: 0.0 || AGG, AGG_START_T: 0.0, AGG_END_T: 0.0 || EVAL, EVAL_START_T: 1765436292.8554723, EVAL_END_T: 1765436293.3749027 || RECV, RECV_START_T: 0.0, RECV_END_T: 0.0 || DIST, DIST_START_T: 0.0, DIST_END_T: 0.0 || LOAD, LOAD_START_T: 1765436252.5811958, LOAD_END_T: 1765436258.738872 || MSG_MTo, MSG_MTo_START_T: 0.0, MSG_MTo_END_T: 0.0
Loaded FEMNIST test split partition_id=44 with 343 samples
Wall-clock time: 1765436334.8178566 ||Test loss: 0.9751 || Test accuracy: 0.7609 || CPU time: 7.3475 || CPU utilization: 0.1773 || R#336's duration (s): 41.4429 || Cumulative runtime (s): 11715.6863 || Loading data delay (s): 6.3876 || Eval delay (s): 0.5688 || Agg delay (s): 0.0000 || Coordination delay (s): 0.0000 || DIST task delay: 0.0000 || RECV task delay: 0.0000 || Queueing delay: 0.0000 || MSG (from mid) Ave. delay: 0.0000 || Total cache delay: 0.0000 || Ave. cache delay: 0.0000
[R#336] CUMULATIVE_RUNTIME_SEC=11715.6863
Top Aggregator Timestamps: CACHE, CACHE_START_T: 0.0, CACHE_END_T: 0.0 || AGG, AGG_START_T: 0.0, AGG_END_T: 0.0 || EVAL, EVAL_START_T: 1765436334.24904, EVAL_END_T: 1765436334.817833 || RECV, RECV_START_T: 0.0, RECV_END_T: 0.0 || DIST, DIST_START_T: 0.0, DIST_END_T: 0.0 || LOAD, LOAD_START_T: 1765436293.3779793, LOAD_END_T: 1765436299.7655704 || MSG_MTo, MSG_MTo_START_T: 0.0, MSG_MTo_END_T: 0.0
Loaded FEMNIST test split partition_id=17 with 424 samples
Wall-clock time: 1765436374.7749357 ||Test loss: 0.5853 || Test accuracy: 0.8231 || CPU time: 8.8544 || CPU utilization: 0.2216 || R#337's duration (s): 39.9571 || Cumulative runtime (s): 11755.6434 || Loading data delay (s): 6.7017 || Eval delay (s): 0.6846 || Agg delay (s): 0.0000 || Coordination delay (s): 0.0000 || DIST task delay: 0.0000 || RECV task delay: 0.0000 || Queueing delay: 0.0000 || MSG (from mid) Ave. delay: 0.0000 || Total cache delay: 0.0000 || Ave. cache delay: 0.0000
[R#337] CUMULATIVE_RUNTIME_SEC=11755.6434
Top Aggregator Timestamps: CACHE, CACHE_START_T: 0.0, CACHE_END_T: 0.0 || AGG, AGG_START_T: 0.0, AGG_END_T: 0.0 || EVAL, EVAL_START_T: 1765436374.0903451, EVAL_END_T: 1765436374.774914 || RECV, RECV_START_T: 0.0, RECV_END_T: 0.0 || DIST, DIST_START_T: 0.0, DIST_END_T: 0.0 || LOAD, LOAD_START_T: 1765436334.8206866, LOAD_END_T: 1765436341.5223804 || MSG_MTo, MSG_MTo_START_T: 0.0, MSG_MTo_END_T: 0.0
Loaded FEMNIST test split partition_id=50 with 313 samples
Wall-clock time: 1765436403.1710582 ||Test loss: 0.5255 || Test accuracy: 0.8530 || CPU time: 6.7288 || CPU utilization: 0.2370 || R#338's duration (s): 28.3961 || Cumulative runtime (s): 11784.0395 || Loading data delay (s): 6.5395 || Eval delay (s): 0.5213 || Agg delay (s): 0.0000 || Coordination delay (s): 0.0000 || DIST task delay: 0.0000 || RECV task delay: 0.0000 || Queueing delay: 0.0000 || MSG (from mid) Ave. delay: 0.0000 || Total cache delay: 0.0000 || Ave. cache delay: 0.0000
[R#338] CUMULATIVE_RUNTIME_SEC=11784.0395
Top Aggregator Timestamps: CACHE, CACHE_START_T: 0.0, CACHE_END_T: 0.0 || AGG, AGG_START_T: 0.0, AGG_END_T: 0.0 || EVAL, EVAL_START_T: 1765436402.6497612, EVAL_END_T: 1765436403.17103 || RECV, RECV_START_T: 0.0, RECV_END_T: 0.0 || DIST, DIST_START_T: 0.0, DIST_END_T: 0.0 || LOAD, LOAD_START_T: 1765436374.7775984, LOAD_END_T: 1765436381.317112 || MSG_MTo, MSG_MTo_START_T: 0.0, MSG_MTo_END_T: 0.0
Loaded FEMNIST test split partition_id=10 with 436 samples
Wall-clock time: 1765436440.8178158 ||Test loss: 0.4317 || Test accuracy: 0.8807 || CPU time: 9.1003 || CPU utilization: 0.2417 || R#339's duration (s): 37.6468 || Cumulative runtime (s): 11821.6863 || Loading data delay (s): 6.4510 || Eval delay (s): 0.7044 || Agg delay (s): 0.0000 || Coordination delay (s): 0.0000 || DIST task delay: 0.0000 || RECV task delay: 0.0000 || Queueing delay: 0.0000 || MSG (from mid) Ave. delay: 0.0000 || Total cache delay: 0.0000 || Ave. cache delay: 0.0000
[R#339] CUMULATIVE_RUNTIME_SEC=11821.6863
Top Aggregator Timestamps: CACHE, CACHE_START_T: 0.0, CACHE_END_T: 0.0 || AGG, AGG_START_T: 0.0, AGG_END_T: 0.0 || EVAL, EVAL_START_T: 1765436440.1134295, EVAL_END_T: 1765436440.8177855 || RECV, RECV_START_T: 0.0, RECV_END_T: 0.0 || DIST, DIST_START_T: 0.0, DIST_END_T: 0.0 || LOAD, LOAD_START_T: 1765436403.1738596, LOAD_END_T: 1765436409.6249 || MSG_MTo, MSG_MTo_START_T: 0.0, MSG_MTo_END_T: 0.0
Loaded FEMNIST test split partition_id=27 with 446 samples
Wall-clock time: 1765436477.9256957 ||Test loss: 0.7117 || Test accuracy: 0.7937 || CPU time: 9.0090 || CPU utilization: 0.2428 || R#340's duration (s): 37.1079 || Cumulative runtime (s): 11858.7941 || Loading data delay (s): 6.2158 || Eval delay (s): 0.7009 || Agg delay (s): 0.0000 || Coordination delay (s): 0.0000 || DIST task delay: 0.0000 || RECV task delay: 0.0000 || Queueing delay: 0.0000 || MSG (from mid) Ave. delay: 0.0000 || Total cache delay: 0.0000 || Ave. cache delay: 0.0000
[R#340] CUMULATIVE_RUNTIME_SEC=11858.7941
Top Aggregator Timestamps: CACHE, CACHE_START_T: 0.0, CACHE_END_T: 0.0 || AGG, AGG_START_T: 0.0, AGG_END_T: 0.0 || EVAL, EVAL_START_T: 1765436477.2247713, EVAL_END_T: 1765436477.925676 || RECV, RECV_START_T: 0.0, RECV_END_T: 0.0 || DIST, DIST_START_T: 0.0, DIST_END_T: 0.0 || LOAD, LOAD_START_T: 1765436440.8210566, LOAD_END_T: 1765436447.0368953 || MSG_MTo, MSG_MTo_START_T: 0.0, MSG_MTo_END_T: 0.0
Loaded FEMNIST test split partition_id=43 with 330 samples
Wall-clock time: 1765436527.441726 ||Test loss: 0.5128 || Test accuracy: 0.8515 || CPU time: 6.9158 || CPU utilization: 0.1397 || R#341's duration (s): 49.5160 || Cumulative runtime (s): 11908.3102 || Loading data delay (s): 6.3973 || Eval delay (s): 0.5377 || Agg delay (s): 0.0000 || Coordination delay (s): 0.0000 || DIST task delay: 0.0000 || RECV task delay: 0.0000 || Queueing delay: 0.0000 || MSG (from mid) Ave. delay: 0.0000 || Total cache delay: 0.0000 || Ave. cache delay: 0.0000
[R#341] CUMULATIVE_RUNTIME_SEC=11908.3102
Top Aggregator Timestamps: CACHE, CACHE_START_T: 0.0, CACHE_END_T: 0.0 || AGG, AGG_START_T: 0.0, AGG_END_T: 0.0 || EVAL, EVAL_START_T: 1765436526.9039853, EVAL_END_T: 1765436527.441706 || RECV, RECV_START_T: 0.0, RECV_END_T: 0.0 || DIST, DIST_START_T: 0.0, DIST_END_T: 0.0 || LOAD, LOAD_START_T: 1765436477.9285157, LOAD_END_T: 1765436484.3258548 || MSG_MTo, MSG_MTo_START_T: 0.0, MSG_MTo_END_T: 0.0
Loaded FEMNIST test split partition_id=21 with 292 samples
Wall-clock time: 1765436560.7254655 ||Test loss: 1.1267 || Test accuracy: 0.7226 || CPU time: 6.1480 || CPU utilization: 0.1847 || R#342's duration (s): 33.2837 || Cumulative runtime (s): 11941.5939 || Loading data delay (s): 6.7687 || Eval delay (s): 0.4690 || Agg delay (s): 0.0000 || Coordination delay (s): 0.0000 || DIST task delay: 0.0000 || RECV task delay: 0.0000 || Queueing delay: 0.0000 || MSG (from mid) Ave. delay: 0.0000 || Total cache delay: 0.0000 || Ave. cache delay: 0.0000
[R#342] CUMULATIVE_RUNTIME_SEC=11941.5939
Top Aggregator Timestamps: CACHE, CACHE_START_T: 0.0, CACHE_END_T: 0.0 || AGG, AGG_START_T: 0.0, AGG_END_T: 0.0 || EVAL, EVAL_START_T: 1765436560.2564557, EVAL_END_T: 1765436560.725434 || RECV, RECV_START_T: 0.0, RECV_END_T: 0.0 || DIST, DIST_START_T: 0.0, DIST_END_T: 0.0 || LOAD, LOAD_START_T: 1765436527.444424, LOAD_END_T: 1765436534.2131286 || MSG_MTo, MSG_MTo_START_T: 0.0, MSG_MTo_END_T: 0.0
Loaded FEMNIST test split partition_id=39 with 373 samples
Wall-clock time: 1765436595.3409224 ||Test loss: 0.5754 || Test accuracy: 0.8231 || CPU time: 7.6123 || CPU utilization: 0.2199 || R#343's duration (s): 34.6155 || Cumulative runtime (s): 11976.2094 || Loading data delay (s): 6.3160 || Eval delay (s): 0.5853 || Agg delay (s): 0.0000 || Coordination delay (s): 0.0000 || DIST task delay: 0.0000 || RECV task delay: 0.0000 || Queueing delay: 0.0000 || MSG (from mid) Ave. delay: 0.0000 || Total cache delay: 0.0000 || Ave. cache delay: 0.0000
[R#343] CUMULATIVE_RUNTIME_SEC=11976.2094
Top Aggregator Timestamps: CACHE, CACHE_START_T: 0.0, CACHE_END_T: 0.0 || AGG, AGG_START_T: 0.0, AGG_END_T: 0.0 || EVAL, EVAL_START_T: 1765436594.755582, EVAL_END_T: 1765436595.3408966 || RECV, RECV_START_T: 0.0, RECV_END_T: 0.0 || DIST, DIST_START_T: 0.0, DIST_END_T: 0.0 || LOAD, LOAD_START_T: 1765436560.728623, LOAD_END_T: 1765436567.0446463 || MSG_MTo, MSG_MTo_START_T: 0.0, MSG_MTo_END_T: 0.0
Loaded FEMNIST test split partition_id=14 with 378 samples
Wall-clock time: 1765436645.1521165 ||Test loss: 0.3473 || Test accuracy: 0.8624 || CPU time: 7.8666 || CPU utilization: 0.1579 || R#344's duration (s): 49.8112 || Cumulative runtime (s): 12026.0206 || Loading data delay (s): 6.5268 || Eval delay (s): 0.6057 || Agg delay (s): 0.0000 || Coordination delay (s): 0.0000 || DIST task delay: 0.0000 || RECV task delay: 0.0000 || Queueing delay: 0.0000 || MSG (from mid) Ave. delay: 0.0000 || Total cache delay: 0.0000 || Ave. cache delay: 0.0000
[R#344] CUMULATIVE_RUNTIME_SEC=12026.0206
Top Aggregator Timestamps: CACHE, CACHE_START_T: 0.0, CACHE_END_T: 0.0 || AGG, AGG_START_T: 0.0, AGG_END_T: 0.0 || EVAL, EVAL_START_T: 1765436644.546392, EVAL_END_T: 1765436645.1520941 || RECV, RECV_START_T: 0.0, RECV_END_T: 0.0 || DIST, DIST_START_T: 0.0, DIST_END_T: 0.0 || LOAD, LOAD_START_T: 1765436595.343703, LOAD_END_T: 1765436601.8705375 || MSG_MTo, MSG_MTo_START_T: 0.0, MSG_MTo_END_T: 0.0
Loaded FEMNIST test split partition_id=2 with 404 samples
Wall-clock time: 1765436682.4869978 ||Test loss: 0.5628 || Test accuracy: 0.8168 || CPU time: 8.5842 || CPU utilization: 0.2299 || R#345's duration (s): 37.3349 || Cumulative runtime (s): 12063.3554 || Loading data delay (s): 6.2841 || Eval delay (s): 0.6612 || Agg delay (s): 0.0000 || Coordination delay (s): 0.0000 || DIST task delay: 0.0000 || RECV task delay: 0.0000 || Queueing delay: 0.0000 || MSG (from mid) Ave. delay: 0.0000 || Total cache delay: 0.0000 || Ave. cache delay: 0.0000
[R#345] CUMULATIVE_RUNTIME_SEC=12063.3554
Top Aggregator Timestamps: CACHE, CACHE_START_T: 0.0, CACHE_END_T: 0.0 || AGG, AGG_START_T: 0.0, AGG_END_T: 0.0 || EVAL, EVAL_START_T: 1765436681.825772, EVAL_END_T: 1765436682.486956 || RECV, RECV_START_T: 0.0, RECV_END_T: 0.0 || DIST, DIST_START_T: 0.0, DIST_END_T: 0.0 || LOAD, LOAD_START_T: 1765436645.15515, LOAD_END_T: 1765436651.439201 || MSG_MTo, MSG_MTo_START_T: 0.0, MSG_MTo_END_T: 0.0
Loaded FEMNIST test split partition_id=22 with 334 samples
Wall-clock time: 1765436711.9077652 ||Test loss: 1.0994 || Test accuracy: 0.6467 || CPU time: 6.7206 || CPU utilization: 0.2284 || R#346's duration (s): 29.4208 || Cumulative runtime (s): 12092.7762 || Loading data delay (s): 6.4787 || Eval delay (s): 0.5104 || Agg delay (s): 0.0000 || Coordination delay (s): 0.0000 || DIST task delay: 0.0000 || RECV task delay: 0.0000 || Queueing delay: 0.0000 || MSG (from mid) Ave. delay: 0.0000 || Total cache delay: 0.0000 || Ave. cache delay: 0.0000
[R#346] CUMULATIVE_RUNTIME_SEC=12092.7762
Top Aggregator Timestamps: CACHE, CACHE_START_T: 0.0, CACHE_END_T: 0.0 || AGG, AGG_START_T: 0.0, AGG_END_T: 0.0 || EVAL, EVAL_START_T: 1765436711.3972921, EVAL_END_T: 1765436711.9077387 || RECV, RECV_START_T: 0.0, RECV_END_T: 0.0 || DIST, DIST_START_T: 0.0, DIST_END_T: 0.0 || LOAD, LOAD_START_T: 1765436682.4898698, LOAD_END_T: 1765436688.9686146 || MSG_MTo, MSG_MTo_START_T: 0.0, MSG_MTo_END_T: 0.0
Loaded FEMNIST test split partition_id=26 with 363 samples
Wall-clock time: 1765436745.49196 ||Test loss: 0.9248 || Test accuracy: 0.7135 || CPU time: 7.7621 || CPU utilization: 0.2311 || R#347's duration (s): 33.5842 || Cumulative runtime (s): 12126.3604 || Loading data delay (s): 6.6589 || Eval delay (s): 0.5979 || Agg delay (s): 0.0000 || Coordination delay (s): 0.0000 || DIST task delay: 0.0000 || RECV task delay: 0.0000 || Queueing delay: 0.0000 || MSG (from mid) Ave. delay: 0.0000 || Total cache delay: 0.0000 || Ave. cache delay: 0.0000
[R#347] CUMULATIVE_RUNTIME_SEC=12126.3604
Top Aggregator Timestamps: CACHE, CACHE_START_T: 0.0, CACHE_END_T: 0.0 || AGG, AGG_START_T: 0.0, AGG_END_T: 0.0 || EVAL, EVAL_START_T: 1765436744.8940027, EVAL_END_T: 1765436745.4919367 || RECV, RECV_START_T: 0.0, RECV_END_T: 0.0 || DIST, DIST_START_T: 0.0, DIST_END_T: 0.0 || LOAD, LOAD_START_T: 1765436711.9106035, LOAD_END_T: 1765436718.569524 || MSG_MTo, MSG_MTo_START_T: 0.0, MSG_MTo_END_T: 0.0
Loaded FEMNIST test split partition_id=37 with 403 samples
Wall-clock time: 1765436781.1047938 ||Test loss: 0.7344 || Test accuracy: 0.8114 || CPU time: 8.4309 || CPU utilization: 0.2367 || R#348's duration (s): 35.6128 || Cumulative runtime (s): 12161.9732 || Loading data delay (s): 6.3705 || Eval delay (s): 0.6526 || Agg delay (s): 0.0000 || Coordination delay (s): 0.0000 || DIST task delay: 0.0000 || RECV task delay: 0.0000 || Queueing delay: 0.0000 || MSG (from mid) Ave. delay: 0.0000 || Total cache delay: 0.0000 || Ave. cache delay: 0.0000
[R#348] CUMULATIVE_RUNTIME_SEC=12161.9732
Top Aggregator Timestamps: CACHE, CACHE_START_T: 0.0, CACHE_END_T: 0.0 || AGG, AGG_START_T: 0.0, AGG_END_T: 0.0 || EVAL, EVAL_START_T: 1765436780.4521844, EVAL_END_T: 1765436781.1047592 || RECV, RECV_START_T: 0.0, RECV_END_T: 0.0 || DIST, DIST_START_T: 0.0, DIST_END_T: 0.0 || LOAD, LOAD_START_T: 1765436745.4950967, LOAD_END_T: 1765436751.8655908 || MSG_MTo, MSG_MTo_START_T: 0.0, MSG_MTo_END_T: 0.0
Loaded FEMNIST test split partition_id=61 with 356 samples
Wall-clock time: 1765436820.6876092 ||Test loss: 1.6145 || Test accuracy: 0.5899 || CPU time: 7.6840 || CPU utilization: 0.1941 || R#349's duration (s): 39.5828 || Cumulative runtime (s): 12201.5561 || Loading data delay (s): 6.4377 || Eval delay (s): 0.5949 || Agg delay (s): 0.0000 || Coordination delay (s): 0.0000 || DIST task delay: 0.0000 || RECV task delay: 0.0000 || Queueing delay: 0.0000 || MSG (from mid) Ave. delay: 0.0000 || Total cache delay: 0.0000 || Ave. cache delay: 0.0000
[R#349] CUMULATIVE_RUNTIME_SEC=12201.5561
Top Aggregator Timestamps: CACHE, CACHE_START_T: 0.0, CACHE_END_T: 0.0 || AGG, AGG_START_T: 0.0, AGG_END_T: 0.0 || EVAL, EVAL_START_T: 1765436820.092671, EVAL_END_T: 1765436820.687583 || RECV, RECV_START_T: 0.0, RECV_END_T: 0.0 || DIST, DIST_START_T: 0.0, DIST_END_T: 0.0 || LOAD, LOAD_START_T: 1765436781.1077795, LOAD_END_T: 1765436787.5454304 || MSG_MTo, MSG_MTo_START_T: 0.0, MSG_MTo_END_T: 0.0
Loaded FEMNIST test split partition_id=20 with 371 samples
Wall-clock time: 1765436846.0300913 ||Test loss: 0.7088 || Test accuracy: 0.7817 || CPU time: 8.3789 || CPU utilization: 0.3306 || R#350's duration (s): 25.3425 || Cumulative runtime (s): 12226.8985 || Loading data delay (s): 6.7167 || Eval delay (s): 0.6625 || Agg delay (s): 0.0000 || Coordination delay (s): 0.0000 || DIST task delay: 0.0000 || RECV task delay: 0.0000 || Queueing delay: 0.0000 || MSG (from mid) Ave. delay: 0.0000 || Total cache delay: 0.0000 || Ave. cache delay: 0.0000
[R#350] CUMULATIVE_RUNTIME_SEC=12226.8985
Top Aggregator Timestamps: CACHE, CACHE_START_T: 0.0, CACHE_END_T: 0.0 || AGG, AGG_START_T: 0.0, AGG_END_T: 0.0 || EVAL, EVAL_START_T: 1765436845.3676116, EVAL_END_T: 1765436846.030066 || RECV, RECV_START_T: 0.0, RECV_END_T: 0.0 || DIST, DIST_START_T: 0.0, DIST_END_T: 0.0 || LOAD, LOAD_START_T: 1765436820.6905658, LOAD_END_T: 1765436827.4072633 || MSG_MTo, MSG_MTo_START_T: 0.0, MSG_MTo_END_T: 0.0
Loaded FEMNIST test split partition_id=67 with 253 samples
Wall-clock time: 1765436884.1148357 ||Test loss: 1.2340 || Test accuracy: 0.6680 || CPU time: 5.5491 || CPU utilization: 0.1457 || R#351's duration (s): 38.0847 || Cumulative runtime (s): 12264.9833 || Loading data delay (s): 7.5255 || Eval delay (s): 0.4326 || Agg delay (s): 0.0000 || Coordination delay (s): 0.0000 || DIST task delay: 0.0000 || RECV task delay: 0.0000 || Queueing delay: 0.0000 || MSG (from mid) Ave. delay: 0.0000 || Total cache delay: 0.0000 || Ave. cache delay: 0.0000
[R#351] CUMULATIVE_RUNTIME_SEC=12264.9833
Top Aggregator Timestamps: CACHE, CACHE_START_T: 0.0, CACHE_END_T: 0.0 || AGG, AGG_START_T: 0.0, AGG_END_T: 0.0 || EVAL, EVAL_START_T: 1765436883.6822286, EVAL_END_T: 1765436884.114808 || RECV, RECV_START_T: 0.0, RECV_END_T: 0.0 || DIST, DIST_START_T: 0.0, DIST_END_T: 0.0 || LOAD, LOAD_START_T: 1765436846.0331721, LOAD_END_T: 1765436853.5586598 || MSG_MTo, MSG_MTo_START_T: 0.0, MSG_MTo_END_T: 0.0
Loaded FEMNIST test split partition_id=32 with 278 samples
Wall-clock time: 1765436907.768611 ||Test loss: 1.4178 || Test accuracy: 0.5863 || CPU time: 6.2081 || CPU utilization: 0.2625 || R#352's duration (s): 23.6538 || Cumulative runtime (s): 12288.6371 || Loading data delay (s): 6.7597 || Eval delay (s): 0.4737 || Agg delay (s): 0.0000 || Coordination delay (s): 0.0000 || DIST task delay: 0.0000 || RECV task delay: 0.0000 || Queueing delay: 0.0000 || MSG (from mid) Ave. delay: 0.0000 || Total cache delay: 0.0000 || Ave. cache delay: 0.0000
[R#352] CUMULATIVE_RUNTIME_SEC=12288.6371
Top Aggregator Timestamps: CACHE, CACHE_START_T: 0.0, CACHE_END_T: 0.0 || AGG, AGG_START_T: 0.0, AGG_END_T: 0.0 || EVAL, EVAL_START_T: 1765436907.294849, EVAL_END_T: 1765436907.7685747 || RECV, RECV_START_T: 0.0, RECV_END_T: 0.0 || DIST, DIST_START_T: 0.0, DIST_END_T: 0.0 || LOAD, LOAD_START_T: 1765436884.118039, LOAD_END_T: 1765436890.877729 || MSG_MTo, MSG_MTo_START_T: 0.0, MSG_MTo_END_T: 0.0
Loaded FEMNIST test split partition_id=25 with 317 samples
Wall-clock time: 1765436933.060941 ||Test loss: 1.0583 || Test accuracy: 0.7224 || CPU time: 6.6339 || CPU utilization: 0.2623 || R#353's duration (s): 25.2923 || Cumulative runtime (s): 12313.9294 || Loading data delay (s): 6.4035 || Eval delay (s): 0.5172 || Agg delay (s): 0.0000 || Coordination delay (s): 0.0000 || DIST task delay: 0.0000 || RECV task delay: 0.0000 || Queueing delay: 0.0000 || MSG (from mid) Ave. delay: 0.0000 || Total cache delay: 0.0000 || Ave. cache delay: 0.0000
[R#353] CUMULATIVE_RUNTIME_SEC=12313.9294
Top Aggregator Timestamps: CACHE, CACHE_START_T: 0.0, CACHE_END_T: 0.0 || AGG, AGG_START_T: 0.0, AGG_END_T: 0.0 || EVAL, EVAL_START_T: 1765436932.5436904, EVAL_END_T: 1765436933.0609155 || RECV, RECV_START_T: 0.0, RECV_END_T: 0.0 || DIST, DIST_START_T: 0.0, DIST_END_T: 0.0 || LOAD, LOAD_START_T: 1765436907.77139, LOAD_END_T: 1765436914.1749005 || MSG_MTo, MSG_MTo_START_T: 0.0, MSG_MTo_END_T: 0.0
Loaded FEMNIST test split partition_id=7 with 375 samples
Wall-clock time: 1765436961.3836155 ||Test loss: 1.1435 || Test accuracy: 0.6560 || CPU time: 7.9160 || CPU utilization: 0.2795 || R#354's duration (s): 28.3227 || Cumulative runtime (s): 12342.2521 || Loading data delay (s): 6.4987 || Eval delay (s): 0.6083 || Agg delay (s): 0.0000 || Coordination delay (s): 0.0000 || DIST task delay: 0.0000 || RECV task delay: 0.0000 || Queueing delay: 0.0000 || MSG (from mid) Ave. delay: 0.0000 || Total cache delay: 0.0000 || Ave. cache delay: 0.0000
[R#354] CUMULATIVE_RUNTIME_SEC=12342.2521
Top Aggregator Timestamps: CACHE, CACHE_START_T: 0.0, CACHE_END_T: 0.0 || AGG, AGG_START_T: 0.0, AGG_END_T: 0.0 || EVAL, EVAL_START_T: 1765436960.7753105, EVAL_END_T: 1765436961.3835914 || RECV, RECV_START_T: 0.0, RECV_END_T: 0.0 || DIST, DIST_START_T: 0.0, DIST_END_T: 0.0 || LOAD, LOAD_START_T: 1765436933.0639122, LOAD_END_T: 1765436939.5626583 || MSG_MTo, MSG_MTo_START_T: 0.0, MSG_MTo_END_T: 0.0
Loaded FEMNIST test split partition_id=9 with 377 samples
Wall-clock time: 1765436992.3846097 ||Test loss: 1.0974 || Test accuracy: 0.7056 || CPU time: 7.8574 || CPU utilization: 0.2535 || R#355's duration (s): 31.0010 || Cumulative runtime (s): 12373.2531 || Loading data delay (s): 6.2123 || Eval delay (s): 0.6074 || Agg delay (s): 0.0000 || Coordination delay (s): 0.0000 || DIST task delay: 0.0000 || RECV task delay: 0.0000 || Queueing delay: 0.0000 || MSG (from mid) Ave. delay: 0.0000 || Total cache delay: 0.0000 || Ave. cache delay: 0.0000
[R#355] CUMULATIVE_RUNTIME_SEC=12373.2531
Top Aggregator Timestamps: CACHE, CACHE_START_T: 0.0, CACHE_END_T: 0.0 || AGG, AGG_START_T: 0.0, AGG_END_T: 0.0 || EVAL, EVAL_START_T: 1765436991.7771947, EVAL_END_T: 1765436992.3845923 || RECV, RECV_START_T: 0.0, RECV_END_T: 0.0 || DIST, DIST_START_T: 0.0, DIST_END_T: 0.0 || LOAD, LOAD_START_T: 1765436961.3866432, LOAD_END_T: 1765436967.5989814 || MSG_MTo, MSG_MTo_START_T: 0.0, MSG_MTo_END_T: 0.0
Loaded FEMNIST test split partition_id=32 with 278 samples
Wall-clock time: 1765437028.4631126 ||Test loss: 0.7880 || Test accuracy: 0.7734 || CPU time: 6.0952 || CPU utilization: 0.1689 || R#356's duration (s): 36.0785 || Cumulative runtime (s): 12409.3316 || Loading data delay (s): 6.3652 || Eval delay (s): 0.4685 || Agg delay (s): 0.0000 || Coordination delay (s): 0.0000 || DIST task delay: 0.0000 || RECV task delay: 0.0000 || Queueing delay: 0.0000 || MSG (from mid) Ave. delay: 0.0000 || Total cache delay: 0.0000 || Ave. cache delay: 0.0000
[R#356] CUMULATIVE_RUNTIME_SEC=12409.3316
Top Aggregator Timestamps: CACHE, CACHE_START_T: 0.0, CACHE_END_T: 0.0 || AGG, AGG_START_T: 0.0, AGG_END_T: 0.0 || EVAL, EVAL_START_T: 1765437027.9946122, EVAL_END_T: 1765437028.4630888 || RECV, RECV_START_T: 0.0, RECV_END_T: 0.0 || DIST, DIST_START_T: 0.0, DIST_END_T: 0.0 || LOAD, LOAD_START_T: 1765436992.3874483, LOAD_END_T: 1765436998.752647 || MSG_MTo, MSG_MTo_START_T: 0.0, MSG_MTo_END_T: 0.0
Loaded FEMNIST test split partition_id=4 with 315 samples
Wall-clock time: 1765437061.065085 ||Test loss: 1.5256 || Test accuracy: 0.5841 || CPU time: 6.7466 || CPU utilization: 0.2069 || R#357's duration (s): 32.6020 || Cumulative runtime (s): 12441.9335 || Loading data delay (s): 6.7580 || Eval delay (s): 0.5247 || Agg delay (s): 0.0000 || Coordination delay (s): 0.0000 || DIST task delay: 0.0000 || RECV task delay: 0.0000 || Queueing delay: 0.0000 || MSG (from mid) Ave. delay: 0.0000 || Total cache delay: 0.0000 || Ave. cache delay: 0.0000
[R#357] CUMULATIVE_RUNTIME_SEC=12441.9335
Top Aggregator Timestamps: CACHE, CACHE_START_T: 0.0, CACHE_END_T: 0.0 || AGG, AGG_START_T: 0.0, AGG_END_T: 0.0 || EVAL, EVAL_START_T: 1765437060.540313, EVAL_END_T: 1765437061.0650566 || RECV, RECV_START_T: 0.0, RECV_END_T: 0.0 || DIST, DIST_START_T: 0.0, DIST_END_T: 0.0 || LOAD, LOAD_START_T: 1765437028.4659252, LOAD_END_T: 1765437035.2239087 || MSG_MTo, MSG_MTo_START_T: 0.0, MSG_MTo_END_T: 0.0
Loaded FEMNIST test split partition_id=27 with 446 samples
Wall-clock time: 1765437094.3169696 ||Test loss: 0.7024 || Test accuracy: 0.8004 || CPU time: 8.6454 || CPU utilization: 0.2600 || R#358's duration (s): 33.2519 || Cumulative runtime (s): 12475.1854 || Loading data delay (s): 6.2309 || Eval delay (s): 0.6642 || Agg delay (s): 0.0000 || Coordination delay (s): 0.0000 || DIST task delay: 0.0000 || RECV task delay: 0.0000 || Queueing delay: 0.0000 || MSG (from mid) Ave. delay: 0.0000 || Total cache delay: 0.0000 || Ave. cache delay: 0.0000
[R#358] CUMULATIVE_RUNTIME_SEC=12475.1854
Top Aggregator Timestamps: CACHE, CACHE_START_T: 0.0, CACHE_END_T: 0.0 || AGG, AGG_START_T: 0.0, AGG_END_T: 0.0 || EVAL, EVAL_START_T: 1765437093.6527624, EVAL_END_T: 1765437094.3169372 || RECV, RECV_START_T: 0.0, RECV_END_T: 0.0 || DIST, DIST_START_T: 0.0, DIST_END_T: 0.0 || LOAD, LOAD_START_T: 1765437061.0679998, LOAD_END_T: 1765437067.298939 || MSG_MTo, MSG_MTo_START_T: 0.0, MSG_MTo_END_T: 0.0
Loaded FEMNIST test split partition_id=41 with 358 samples
Wall-clock time: 1765437133.0749586 ||Test loss: 1.0565 || Test accuracy: 0.7067 || CPU time: 7.5174 || CPU utilization: 0.1940 || R#359's duration (s): 38.7580 || Cumulative runtime (s): 12513.9434 || Loading data delay (s): 6.5202 || Eval delay (s): 0.5801 || Agg delay (s): 0.0000 || Coordination delay (s): 0.0000 || DIST task delay: 0.0000 || RECV task delay: 0.0000 || Queueing delay: 0.0000 || MSG (from mid) Ave. delay: 0.0000 || Total cache delay: 0.0000 || Ave. cache delay: 0.0000
[R#359] CUMULATIVE_RUNTIME_SEC=12513.9434
Top Aggregator Timestamps: CACHE, CACHE_START_T: 0.0, CACHE_END_T: 0.0 || AGG, AGG_START_T: 0.0, AGG_END_T: 0.0 || EVAL, EVAL_START_T: 1765437132.4948626, EVAL_END_T: 1765437133.0749335 || RECV, RECV_START_T: 0.0, RECV_END_T: 0.0 || DIST, DIST_START_T: 0.0, DIST_END_T: 0.0 || LOAD, LOAD_START_T: 1765437094.32031, LOAD_END_T: 1765437100.8404763 || MSG_MTo, MSG_MTo_START_T: 0.0, MSG_MTo_END_T: 0.0
Loaded FEMNIST test split partition_id=25 with 317 samples
Wall-clock time: 1765437171.8610735 ||Test loss: 0.7675 || Test accuracy: 0.7823 || CPU time: 6.6368 || CPU utilization: 0.1711 || R#360's duration (s): 38.7861 || Cumulative runtime (s): 12552.7295 || Loading data delay (s): 6.2556 || Eval delay (s): 0.5165 || Agg delay (s): 0.0000 || Coordination delay (s): 0.0000 || DIST task delay: 0.0000 || RECV task delay: 0.0000 || Queueing delay: 0.0000 || MSG (from mid) Ave. delay: 0.0000 || Total cache delay: 0.0000 || Ave. cache delay: 0.0000
[R#360] CUMULATIVE_RUNTIME_SEC=12552.7295
Top Aggregator Timestamps: CACHE, CACHE_START_T: 0.0, CACHE_END_T: 0.0 || AGG, AGG_START_T: 0.0, AGG_END_T: 0.0 || EVAL, EVAL_START_T: 1765437171.3445249, EVAL_END_T: 1765437171.8610513 || RECV, RECV_START_T: 0.0, RECV_END_T: 0.0 || DIST, DIST_START_T: 0.0, DIST_END_T: 0.0 || LOAD, LOAD_START_T: 1765437133.0778127, LOAD_END_T: 1765437139.3334372 || MSG_MTo, MSG_MTo_START_T: 0.0, MSG_MTo_END_T: 0.0
Loaded FEMNIST test split partition_id=16 with 312 samples
Wall-clock time: 1765437204.6229634 ||Test loss: 1.1355 || Test accuracy: 0.6538 || CPU time: 6.7133 || CPU utilization: 0.2049 || R#361's duration (s): 32.7619 || Cumulative runtime (s): 12585.4914 || Loading data delay (s): 6.4739 || Eval delay (s): 0.5167 || Agg delay (s): 0.0000 || Coordination delay (s): 0.0000 || DIST task delay: 0.0000 || RECV task delay: 0.0000 || Queueing delay: 0.0000 || MSG (from mid) Ave. delay: 0.0000 || Total cache delay: 0.0000 || Ave. cache delay: 0.0000
[R#361] CUMULATIVE_RUNTIME_SEC=12585.4914
Top Aggregator Timestamps: CACHE, CACHE_START_T: 0.0, CACHE_END_T: 0.0 || AGG, AGG_START_T: 0.0, AGG_END_T: 0.0 || EVAL, EVAL_START_T: 1765437204.1062539, EVAL_END_T: 1765437204.6229422 || RECV, RECV_START_T: 0.0, RECV_END_T: 0.0 || DIST, DIST_START_T: 0.0, DIST_END_T: 0.0 || LOAD, LOAD_START_T: 1765437171.8637855, LOAD_END_T: 1765437178.337665 || MSG_MTo, MSG_MTo_START_T: 0.0, MSG_MTo_END_T: 0.0
Loaded FEMNIST test split partition_id=8 with 418 samples
Wall-clock time: 1765437239.2763848 ||Test loss: 0.3449 || Test accuracy: 0.8612 || CPU time: 8.7700 || CPU utilization: 0.2531 || R#362's duration (s): 34.6534 || Cumulative runtime (s): 12620.1448 || Loading data delay (s): 6.7348 || Eval delay (s): 0.6702 || Agg delay (s): 0.0000 || Coordination delay (s): 0.0000 || DIST task delay: 0.0000 || RECV task delay: 0.0000 || Queueing delay: 0.0000 || MSG (from mid) Ave. delay: 0.0000 || Total cache delay: 0.0000 || Ave. cache delay: 0.0000
[R#362] CUMULATIVE_RUNTIME_SEC=12620.1448
Top Aggregator Timestamps: CACHE, CACHE_START_T: 0.0, CACHE_END_T: 0.0 || AGG, AGG_START_T: 0.0, AGG_END_T: 0.0 || EVAL, EVAL_START_T: 1765437238.606142, EVAL_END_T: 1765437239.2763512 || RECV, RECV_START_T: 0.0, RECV_END_T: 0.0 || DIST, DIST_START_T: 0.0, DIST_END_T: 0.0 || LOAD, LOAD_START_T: 1765437204.6262171, LOAD_END_T: 1765437211.3610651 || MSG_MTo, MSG_MTo_START_T: 0.0, MSG_MTo_END_T: 0.0
Loaded FEMNIST test split partition_id=40 with 375 samples
Wall-clock time: 1765437269.329201 ||Test loss: 1.4905 || Test accuracy: 0.5947 || CPU time: 7.8814 || CPU utilization: 0.2623 || R#363's duration (s): 30.0528 || Cumulative runtime (s): 12650.1976 || Loading data delay (s): 6.2526 || Eval delay (s): 0.6103 || Agg delay (s): 0.0000 || Coordination delay (s): 0.0000 || DIST task delay: 0.0000 || RECV task delay: 0.0000 || Queueing delay: 0.0000 || MSG (from mid) Ave. delay: 0.0000 || Total cache delay: 0.0000 || Ave. cache delay: 0.0000
[R#363] CUMULATIVE_RUNTIME_SEC=12650.1976
Top Aggregator Timestamps: CACHE, CACHE_START_T: 0.0, CACHE_END_T: 0.0 || AGG, AGG_START_T: 0.0, AGG_END_T: 0.0 || EVAL, EVAL_START_T: 1765437268.7188735, EVAL_END_T: 1765437269.329181 || RECV, RECV_START_T: 0.0, RECV_END_T: 0.0 || DIST, DIST_START_T: 0.0, DIST_END_T: 0.0 || LOAD, LOAD_START_T: 1765437239.2792544, LOAD_END_T: 1765437245.5318818 || MSG_MTo, MSG_MTo_START_T: 0.0, MSG_MTo_END_T: 0.0
Loaded FEMNIST test split partition_id=29 with 247 samples
Wall-clock time: 1765437302.1764634 ||Test loss: 1.5600 || Test accuracy: 0.5668 || CPU time: 5.4890 || CPU utilization: 0.1671 || R#364's duration (s): 32.8473 || Cumulative runtime (s): 12683.0449 || Loading data delay (s): 6.4659 || Eval delay (s): 0.4229 || Agg delay (s): 0.0000 || Coordination delay (s): 0.0000 || DIST task delay: 0.0000 || RECV task delay: 0.0000 || Queueing delay: 0.0000 || MSG (from mid) Ave. delay: 0.0000 || Total cache delay: 0.0000 || Ave. cache delay: 0.0000
[R#364] CUMULATIVE_RUNTIME_SEC=12683.0449
Top Aggregator Timestamps: CACHE, CACHE_START_T: 0.0, CACHE_END_T: 0.0 || AGG, AGG_START_T: 0.0, AGG_END_T: 0.0 || EVAL, EVAL_START_T: 1765437301.7535796, EVAL_END_T: 1765437302.1764402 || RECV, RECV_START_T: 0.0, RECV_END_T: 0.0 || DIST, DIST_START_T: 0.0, DIST_END_T: 0.0 || LOAD, LOAD_START_T: 1765437269.3321457, LOAD_END_T: 1765437275.798 || MSG_MTo, MSG_MTo_START_T: 0.0, MSG_MTo_END_T: 0.0
Loaded FEMNIST test split partition_id=5 with 351 samples
Wall-clock time: 1765437339.9380524 ||Test loss: 0.7310 || Test accuracy: 0.8291 || CPU time: 7.3961 || CPU utilization: 0.1959 || R#365's duration (s): 37.7616 || Cumulative runtime (s): 12720.8065 || Loading data delay (s): 6.2503 || Eval delay (s): 0.5728 || Agg delay (s): 0.0000 || Coordination delay (s): 0.0000 || DIST task delay: 0.0000 || RECV task delay: 0.0000 || Queueing delay: 0.0000 || MSG (from mid) Ave. delay: 0.0000 || Total cache delay: 0.0000 || Ave. cache delay: 0.0000
[R#365] CUMULATIVE_RUNTIME_SEC=12720.8065
Top Aggregator Timestamps: CACHE, CACHE_START_T: 0.0, CACHE_END_T: 0.0 || AGG, AGG_START_T: 0.0, AGG_END_T: 0.0 || EVAL, EVAL_START_T: 1765437339.3652391, EVAL_END_T: 1765437339.9380329 || RECV, RECV_START_T: 0.0, RECV_END_T: 0.0 || DIST, DIST_START_T: 0.0, DIST_END_T: 0.0 || LOAD, LOAD_START_T: 1765437302.1792388, LOAD_END_T: 1765437308.4295824 || MSG_MTo, MSG_MTo_START_T: 0.0, MSG_MTo_END_T: 0.0
Loaded FEMNIST test split partition_id=2 with 404 samples
Wall-clock time: 1765437371.6049705 ||Test loss: 0.6053 || Test accuracy: 0.8119 || CPU time: 8.4382 || CPU utilization: 0.2665 || R#366's duration (s): 31.6669 || Cumulative runtime (s): 12752.4734 || Loading data delay (s): 6.4635 || Eval delay (s): 0.6494 || Agg delay (s): 0.0000 || Coordination delay (s): 0.0000 || DIST task delay: 0.0000 || RECV task delay: 0.0000 || Queueing delay: 0.0000 || MSG (from mid) Ave. delay: 0.0000 || Total cache delay: 0.0000 || Ave. cache delay: 0.0000
[R#366] CUMULATIVE_RUNTIME_SEC=12752.4734
Top Aggregator Timestamps: CACHE, CACHE_START_T: 0.0, CACHE_END_T: 0.0 || AGG, AGG_START_T: 0.0, AGG_END_T: 0.0 || EVAL, EVAL_START_T: 1765437370.955556, EVAL_END_T: 1765437371.6049373 || RECV, RECV_START_T: 0.0, RECV_END_T: 0.0 || DIST, DIST_START_T: 0.0, DIST_END_T: 0.0 || LOAD, LOAD_START_T: 1765437339.9407668, LOAD_END_T: 1765437346.4042227 || MSG_MTo, MSG_MTo_START_T: 0.0, MSG_MTo_END_T: 0.0
Loaded FEMNIST test split partition_id=9 with 377 samples
Wall-clock time: 1765437412.4992354 ||Test loss: 0.6995 || Test accuracy: 0.7905 || CPU time: 7.7847 || CPU utilization: 0.1904 || R#367's duration (s): 40.8943 || Cumulative runtime (s): 12793.3677 || Loading data delay (s): 7.0460 || Eval delay (s): 0.6077 || Agg delay (s): 0.0000 || Coordination delay (s): 0.0000 || DIST task delay: 0.0000 || RECV task delay: 0.0000 || Queueing delay: 0.0000 || MSG (from mid) Ave. delay: 0.0000 || Total cache delay: 0.0000 || Ave. cache delay: 0.0000
[R#367] CUMULATIVE_RUNTIME_SEC=12793.3677
Top Aggregator Timestamps: CACHE, CACHE_START_T: 0.0, CACHE_END_T: 0.0 || AGG, AGG_START_T: 0.0, AGG_END_T: 0.0 || EVAL, EVAL_START_T: 1765437411.891482, EVAL_END_T: 1765437412.499198 || RECV, RECV_START_T: 0.0, RECV_END_T: 0.0 || DIST, DIST_START_T: 0.0, DIST_END_T: 0.0 || LOAD, LOAD_START_T: 1765437371.607658, LOAD_END_T: 1765437378.6536894 || MSG_MTo, MSG_MTo_START_T: 0.0, MSG_MTo_END_T: 0.0
Loaded FEMNIST test split partition_id=2 with 404 samples
Wall-clock time: 1765437442.177266 ||Test loss: 0.8682 || Test accuracy: 0.7550 || CPU time: 8.4845 || CPU utilization: 0.2859 || R#368's duration (s): 29.6780 || Cumulative runtime (s): 12823.0457 || Loading data delay (s): 6.2158 || Eval delay (s): 0.6501 || Agg delay (s): 0.0000 || Coordination delay (s): 0.0000 || DIST task delay: 0.0000 || RECV task delay: 0.0000 || Queueing delay: 0.0000 || MSG (from mid) Ave. delay: 0.0000 || Total cache delay: 0.0000 || Ave. cache delay: 0.0000
[R#368] CUMULATIVE_RUNTIME_SEC=12823.0457
Top Aggregator Timestamps: CACHE, CACHE_START_T: 0.0, CACHE_END_T: 0.0 || AGG, AGG_START_T: 0.0, AGG_END_T: 0.0 || EVAL, EVAL_START_T: 1765437441.5271463, EVAL_END_T: 1765437442.1772408 || RECV, RECV_START_T: 0.0, RECV_END_T: 0.0 || DIST, DIST_START_T: 0.0, DIST_END_T: 0.0 || LOAD, LOAD_START_T: 1765437412.5020397, LOAD_END_T: 1765437418.7178633 || MSG_MTo, MSG_MTo_START_T: 0.0, MSG_MTo_END_T: 0.0
Loaded FEMNIST test split partition_id=23 with 418 samples
Wall-clock time: 1765437480.0690033 ||Test loss: 0.3536 || Test accuracy: 0.8995 || CPU time: 8.2577 || CPU utilization: 0.2179 || R#369's duration (s): 37.8917 || Cumulative runtime (s): 12860.9375 || Loading data delay (s): 6.9317 || Eval delay (s): 0.6265 || Agg delay (s): 0.0000 || Coordination delay (s): 0.0000 || DIST task delay: 0.0000 || RECV task delay: 0.0000 || Queueing delay: 0.0000 || MSG (from mid) Ave. delay: 0.0000 || Total cache delay: 0.0000 || Ave. cache delay: 0.0000
[R#369] CUMULATIVE_RUNTIME_SEC=12860.9375
Top Aggregator Timestamps: CACHE, CACHE_START_T: 0.0, CACHE_END_T: 0.0 || AGG, AGG_START_T: 0.0, AGG_END_T: 0.0 || EVAL, EVAL_START_T: 1765437479.4424372, EVAL_END_T: 1765437480.0689816 || RECV, RECV_START_T: 0.0, RECV_END_T: 0.0 || DIST, DIST_START_T: 0.0, DIST_END_T: 0.0 || LOAD, LOAD_START_T: 1765437442.1802773, LOAD_END_T: 1765437449.1119385 || MSG_MTo, MSG_MTo_START_T: 0.0, MSG_MTo_END_T: 0.0
Loaded FEMNIST test split partition_id=26 with 363 samples
Wall-clock time: 1765437507.4287343 ||Test loss: 0.5093 || Test accuracy: 0.8209 || CPU time: 8.0896 || CPU utilization: 0.2957 || R#370's duration (s): 27.3597 || Cumulative runtime (s): 12888.2972 || Loading data delay (s): 6.2640 || Eval delay (s): 0.6249 || Agg delay (s): 0.0000 || Coordination delay (s): 0.0000 || DIST task delay: 0.0000 || RECV task delay: 0.0000 || Queueing delay: 0.0000 || MSG (from mid) Ave. delay: 0.0000 || Total cache delay: 0.0000 || Ave. cache delay: 0.0000
[R#370] CUMULATIVE_RUNTIME_SEC=12888.2972
Top Aggregator Timestamps: CACHE, CACHE_START_T: 0.0, CACHE_END_T: 0.0 || AGG, AGG_START_T: 0.0, AGG_END_T: 0.0 || EVAL, EVAL_START_T: 1765437506.8037567, EVAL_END_T: 1765437507.4286895 || RECV, RECV_START_T: 0.0, RECV_END_T: 0.0 || DIST, DIST_START_T: 0.0, DIST_END_T: 0.0 || LOAD, LOAD_START_T: 1765437480.0718102, LOAD_END_T: 1765437486.3357759 || MSG_MTo, MSG_MTo_START_T: 0.0, MSG_MTo_END_T: 0.0
Loaded FEMNIST test split partition_id=34 with 376 samples
Wall-clock time: 1765437539.7114692 ||Test loss: 0.7649 || Test accuracy: 0.7447 || CPU time: 8.4155 || CPU utilization: 0.2607 || R#371's duration (s): 32.2827 || Cumulative runtime (s): 12920.5799 || Loading data delay (s): 6.5517 || Eval delay (s): 0.6371 || Agg delay (s): 0.0000 || Coordination delay (s): 0.0000 || DIST task delay: 0.0000 || RECV task delay: 0.0000 || Queueing delay: 0.0000 || MSG (from mid) Ave. delay: 0.0000 || Total cache delay: 0.0000 || Ave. cache delay: 0.0000
[R#371] CUMULATIVE_RUNTIME_SEC=12920.5799
Top Aggregator Timestamps: CACHE, CACHE_START_T: 0.0, CACHE_END_T: 0.0 || AGG, AGG_START_T: 0.0, AGG_END_T: 0.0 || EVAL, EVAL_START_T: 1765437539.07428, EVAL_END_T: 1765437539.711427 || RECV, RECV_START_T: 0.0, RECV_END_T: 0.0 || DIST, DIST_START_T: 0.0, DIST_END_T: 0.0 || LOAD, LOAD_START_T: 1765437507.432196, LOAD_END_T: 1765437513.983871 || MSG_MTo, MSG_MTo_START_T: 0.0, MSG_MTo_END_T: 0.0
Loaded FEMNIST test split partition_id=43 with 330 samples
Wall-clock time: 1765437573.9693139 ||Test loss: 0.6760 || Test accuracy: 0.7909 || CPU time: 7.2399 || CPU utilization: 0.2113 || R#372's duration (s): 34.2578 || Cumulative runtime (s): 12954.8378 || Loading data delay (s): 7.0036 || Eval delay (s): 0.5544 || Agg delay (s): 0.0000 || Coordination delay (s): 0.0000 || DIST task delay: 0.0000 || RECV task delay: 0.0000 || Queueing delay: 0.0000 || MSG (from mid) Ave. delay: 0.0000 || Total cache delay: 0.0000 || Ave. cache delay: 0.0000
[R#372] CUMULATIVE_RUNTIME_SEC=12954.8378
Top Aggregator Timestamps: CACHE, CACHE_START_T: 0.0, CACHE_END_T: 0.0 || AGG, AGG_START_T: 0.0, AGG_END_T: 0.0 || EVAL, EVAL_START_T: 1765437573.4148793, EVAL_END_T: 1765437573.9692864 || RECV, RECV_START_T: 0.0, RECV_END_T: 0.0 || DIST, DIST_START_T: 0.0, DIST_END_T: 0.0 || LOAD, LOAD_START_T: 1765437539.7144976, LOAD_END_T: 1765437546.7181265 || MSG_MTo, MSG_MTo_START_T: 0.0, MSG_MTo_END_T: 0.0
Loaded FEMNIST test split partition_id=66 with 428 samples
Wall-clock time: 1765437607.118825 ||Test loss: 1.1513 || Test accuracy: 0.6752 || CPU time: 9.1053 || CPU utilization: 0.2747 || R#373's duration (s): 33.1495 || Cumulative runtime (s): 12987.9873 || Loading data delay (s): 6.3472 || Eval delay (s): 0.7004 || Agg delay (s): 0.0000 || Coordination delay (s): 0.0000 || DIST task delay: 0.0000 || RECV task delay: 0.0000 || Queueing delay: 0.0000 || MSG (from mid) Ave. delay: 0.0000 || Total cache delay: 0.0000 || Ave. cache delay: 0.0000
[R#373] CUMULATIVE_RUNTIME_SEC=12987.9873
Top Aggregator Timestamps: CACHE, CACHE_START_T: 0.0, CACHE_END_T: 0.0 || AGG, AGG_START_T: 0.0, AGG_END_T: 0.0 || EVAL, EVAL_START_T: 1765437606.4184413, EVAL_END_T: 1765437607.1188006 || RECV, RECV_START_T: 0.0, RECV_END_T: 0.0 || DIST, DIST_START_T: 0.0, DIST_END_T: 0.0 || LOAD, LOAD_START_T: 1765437573.9722965, LOAD_END_T: 1765437580.31953 || MSG_MTo, MSG_MTo_START_T: 0.0, MSG_MTo_END_T: 0.0
Loaded FEMNIST test split partition_id=55 with 373 samples
Wall-clock time: 1765437632.6200252 ||Test loss: 1.0036 || Test accuracy: 0.7131 || CPU time: 7.6611 || CPU utilization: 0.3004 || R#374's duration (s): 25.5012 || Cumulative runtime (s): 13013.4885 || Loading data delay (s): 6.5785 || Eval delay (s): 0.5827 || Agg delay (s): 0.0000 || Coordination delay (s): 0.0000 || DIST task delay: 0.0000 || RECV task delay: 0.0000 || Queueing delay: 0.0000 || MSG (from mid) Ave. delay: 0.0000 || Total cache delay: 0.0000 || Ave. cache delay: 0.0000
[R#374] CUMULATIVE_RUNTIME_SEC=13013.4885
Top Aggregator Timestamps: CACHE, CACHE_START_T: 0.0, CACHE_END_T: 0.0 || AGG, AGG_START_T: 0.0, AGG_END_T: 0.0 || EVAL, EVAL_START_T: 1765437632.0372956, EVAL_END_T: 1765437632.6200004 || RECV, RECV_START_T: 0.0, RECV_END_T: 0.0 || DIST, DIST_START_T: 0.0, DIST_END_T: 0.0 || LOAD, LOAD_START_T: 1765437607.1216755, LOAD_END_T: 1765437613.7001407 || MSG_MTo, MSG_MTo_START_T: 0.0, MSG_MTo_END_T: 0.0
Loaded FEMNIST test split partition_id=29 with 247 samples
Wall-clock time: 1765437662.800256 ||Test loss: 1.3543 || Test accuracy: 0.6194 || CPU time: 5.6386 || CPU utilization: 0.1868 || R#375's duration (s): 30.1802 || Cumulative runtime (s): 13043.6687 || Loading data delay (s): 6.3640 || Eval delay (s): 0.4322 || Agg delay (s): 0.0000 || Coordination delay (s): 0.0000 || DIST task delay: 0.0000 || RECV task delay: 0.0000 || Queueing delay: 0.0000 || MSG (from mid) Ave. delay: 0.0000 || Total cache delay: 0.0000 || Ave. cache delay: 0.0000
[R#375] CUMULATIVE_RUNTIME_SEC=13043.6687
Top Aggregator Timestamps: CACHE, CACHE_START_T: 0.0, CACHE_END_T: 0.0 || AGG, AGG_START_T: 0.0, AGG_END_T: 0.0 || EVAL, EVAL_START_T: 1765437662.368026, EVAL_END_T: 1765437662.8002274 || RECV, RECV_START_T: 0.0, RECV_END_T: 0.0 || DIST, DIST_START_T: 0.0, DIST_END_T: 0.0 || LOAD, LOAD_START_T: 1765437632.622888, LOAD_END_T: 1765437638.9868968 || MSG_MTo, MSG_MTo_START_T: 0.0, MSG_MTo_END_T: 0.0
Loaded FEMNIST test split partition_id=12 with 308 samples
Wall-clock time: 1765437696.9753242 ||Test loss: 1.0248 || Test accuracy: 0.7695 || CPU time: 6.8564 || CPU utilization: 0.2006 || R#376's duration (s): 34.1751 || Cumulative runtime (s): 13077.8438 || Loading data delay (s): 6.3904 || Eval delay (s): 0.5240 || Agg delay (s): 0.0000 || Coordination delay (s): 0.0000 || DIST task delay: 0.0000 || RECV task delay: 0.0000 || Queueing delay: 0.0000 || MSG (from mid) Ave. delay: 0.0000 || Total cache delay: 0.0000 || Ave. cache delay: 0.0000
[R#376] CUMULATIVE_RUNTIME_SEC=13077.8438
Top Aggregator Timestamps: CACHE, CACHE_START_T: 0.0, CACHE_END_T: 0.0 || AGG, AGG_START_T: 0.0, AGG_END_T: 0.0 || EVAL, EVAL_START_T: 1765437696.4512641, EVAL_END_T: 1765437696.97529 || RECV, RECV_START_T: 0.0, RECV_END_T: 0.0 || DIST, DIST_START_T: 0.0, DIST_END_T: 0.0 || LOAD, LOAD_START_T: 1765437662.803083, LOAD_END_T: 1765437669.1934946 || MSG_MTo, MSG_MTo_START_T: 0.0, MSG_MTo_END_T: 0.0
Loaded FEMNIST test split partition_id=38 with 347 samples
Wall-clock time: 1765437723.0279155 ||Test loss: 0.7537 || Test accuracy: 0.8098 || CPU time: 7.1896 || CPU utilization: 0.2760 || R#377's duration (s): 26.0526 || Cumulative runtime (s): 13103.8964 || Loading data delay (s): 6.8221 || Eval delay (s): 0.5593 || Agg delay (s): 0.0000 || Coordination delay (s): 0.0000 || DIST task delay: 0.0000 || RECV task delay: 0.0000 || Queueing delay: 0.0000 || MSG (from mid) Ave. delay: 0.0000 || Total cache delay: 0.0000 || Ave. cache delay: 0.0000
[R#377] CUMULATIVE_RUNTIME_SEC=13103.8964
Top Aggregator Timestamps: CACHE, CACHE_START_T: 0.0, CACHE_END_T: 0.0 || AGG, AGG_START_T: 0.0, AGG_END_T: 0.0 || EVAL, EVAL_START_T: 1765437722.4685843, EVAL_END_T: 1765437723.0278997 || RECV, RECV_START_T: 0.0, RECV_END_T: 0.0 || DIST, DIST_START_T: 0.0, DIST_END_T: 0.0 || LOAD, LOAD_START_T: 1765437696.9786596, LOAD_END_T: 1765437703.8007972 || MSG_MTo, MSG_MTo_START_T: 0.0, MSG_MTo_END_T: 0.0
Loaded FEMNIST test split partition_id=12 with 308 samples
Wall-clock time: 1765437753.6848245 ||Test loss: 0.9058 || Test accuracy: 0.7468 || CPU time: 6.4831 || CPU utilization: 0.2115 || R#378's duration (s): 30.6569 || Cumulative runtime (s): 13134.5533 || Loading data delay (s): 6.1964 || Eval delay (s): 0.4942 || Agg delay (s): 0.0000 || Coordination delay (s): 0.0000 || DIST task delay: 0.0000 || RECV task delay: 0.0000 || Queueing delay: 0.0000 || MSG (from mid) Ave. delay: 0.0000 || Total cache delay: 0.0000 || Ave. cache delay: 0.0000
[R#378] CUMULATIVE_RUNTIME_SEC=13134.5533
Top Aggregator Timestamps: CACHE, CACHE_START_T: 0.0, CACHE_END_T: 0.0 || AGG, AGG_START_T: 0.0, AGG_END_T: 0.0 || EVAL, EVAL_START_T: 1765437753.1905868, EVAL_END_T: 1765437753.6847959 || RECV, RECV_START_T: 0.0, RECV_END_T: 0.0 || DIST, DIST_START_T: 0.0, DIST_END_T: 0.0 || LOAD, LOAD_START_T: 1765437723.0306666, LOAD_END_T: 1765437729.2270906 || MSG_MTo, MSG_MTo_START_T: 0.0, MSG_MTo_END_T: 0.0
Loaded FEMNIST test split partition_id=8 with 418 samples
Wall-clock time: 1765437782.3944223 ||Test loss: 0.2118 || Test accuracy: 0.9258 || CPU time: 8.3715 || CPU utilization: 0.2916 || R#379's duration (s): 28.7096 || Cumulative runtime (s): 13163.2629 || Loading data delay (s): 6.5340 || Eval delay (s): 0.6384 || Agg delay (s): 0.0000 || Coordination delay (s): 0.0000 || DIST task delay: 0.0000 || RECV task delay: 0.0000 || Queueing delay: 0.0000 || MSG (from mid) Ave. delay: 0.0000 || Total cache delay: 0.0000 || Ave. cache delay: 0.0000
[R#379] CUMULATIVE_RUNTIME_SEC=13163.2629
Top Aggregator Timestamps: CACHE, CACHE_START_T: 0.0, CACHE_END_T: 0.0 || AGG, AGG_START_T: 0.0, AGG_END_T: 0.0 || EVAL, EVAL_START_T: 1765437781.7559655, EVAL_END_T: 1765437782.3944025 || RECV, RECV_START_T: 0.0, RECV_END_T: 0.0 || DIST, DIST_START_T: 0.0, DIST_END_T: 0.0 || LOAD, LOAD_START_T: 1765437753.687755, LOAD_END_T: 1765437760.2217598 || MSG_MTo, MSG_MTo_START_T: 0.0, MSG_MTo_END_T: 0.0
Loaded FEMNIST test split partition_id=8 with 418 samples
Wall-clock time: 1765437815.796059 ||Test loss: 0.3117 || Test accuracy: 0.8876 || CPU time: 8.5704 || CPU utilization: 0.2566 || R#380's duration (s): 33.4016 || Cumulative runtime (s): 13196.6645 || Loading data delay (s): 6.3274 || Eval delay (s): 0.6537 || Agg delay (s): 0.0000 || Coordination delay (s): 0.0000 || DIST task delay: 0.0000 || RECV task delay: 0.0000 || Queueing delay: 0.0000 || MSG (from mid) Ave. delay: 0.0000 || Total cache delay: 0.0000 || Ave. cache delay: 0.0000
[R#380] CUMULATIVE_RUNTIME_SEC=13196.6645
Top Aggregator Timestamps: CACHE, CACHE_START_T: 0.0, CACHE_END_T: 0.0 || AGG, AGG_START_T: 0.0, AGG_END_T: 0.0 || EVAL, EVAL_START_T: 1765437815.142303, EVAL_END_T: 1765437815.7960353 || RECV, RECV_START_T: 0.0, RECV_END_T: 0.0 || DIST, DIST_START_T: 0.0, DIST_END_T: 0.0 || LOAD, LOAD_START_T: 1765437782.3974545, LOAD_END_T: 1765437788.724893 || MSG_MTo, MSG_MTo_START_T: 0.0, MSG_MTo_END_T: 0.0
Loaded FEMNIST test split partition_id=41 with 358 samples
Wall-clock time: 1765437847.9480839 ||Test loss: 1.0883 || Test accuracy: 0.6927 || CPU time: 7.9709 || CPU utilization: 0.2479 || R#381's duration (s): 32.1520 || Cumulative runtime (s): 13228.8165 || Loading data delay (s): 6.5860 || Eval delay (s): 0.6086 || Agg delay (s): 0.0000 || Coordination delay (s): 0.0000 || DIST task delay: 0.0000 || RECV task delay: 0.0000 || Queueing delay: 0.0000 || MSG (from mid) Ave. delay: 0.0000 || Total cache delay: 0.0000 || Ave. cache delay: 0.0000
[R#381] CUMULATIVE_RUNTIME_SEC=13228.8165
Top Aggregator Timestamps: CACHE, CACHE_START_T: 0.0, CACHE_END_T: 0.0 || AGG, AGG_START_T: 0.0, AGG_END_T: 0.0 || EVAL, EVAL_START_T: 1765437847.3394184, EVAL_END_T: 1765437847.9480639 || RECV, RECV_START_T: 0.0, RECV_END_T: 0.0 || DIST, DIST_START_T: 0.0, DIST_END_T: 0.0 || LOAD, LOAD_START_T: 1765437815.7988741, LOAD_END_T: 1765437822.3848383 || MSG_MTo, MSG_MTo_START_T: 0.0, MSG_MTo_END_T: 0.0
Loaded FEMNIST test split partition_id=3 with 397 samples
Wall-clock time: 1765437884.495176 ||Test loss: 0.5760 || Test accuracy: 0.8589 || CPU time: 8.1669 || CPU utilization: 0.2235 || R#382's duration (s): 36.5471 || Cumulative runtime (s): 13265.3636 || Loading data delay (s): 6.6783 || Eval delay (s): 0.6288 || Agg delay (s): 0.0000 || Coordination delay (s): 0.0000 || DIST task delay: 0.0000 || RECV task delay: 0.0000 || Queueing delay: 0.0000 || MSG (from mid) Ave. delay: 0.0000 || Total cache delay: 0.0000 || Ave. cache delay: 0.0000
[R#382] CUMULATIVE_RUNTIME_SEC=13265.3636
Top Aggregator Timestamps: CACHE, CACHE_START_T: 0.0, CACHE_END_T: 0.0 || AGG, AGG_START_T: 0.0, AGG_END_T: 0.0 || EVAL, EVAL_START_T: 1765437883.8663468, EVAL_END_T: 1765437884.4951525 || RECV, RECV_START_T: 0.0, RECV_END_T: 0.0 || DIST, DIST_START_T: 0.0, DIST_END_T: 0.0 || LOAD, LOAD_START_T: 1765437847.9511626, LOAD_END_T: 1765437854.6294835 || MSG_MTo, MSG_MTo_START_T: 0.0, MSG_MTo_END_T: 0.0
Loaded FEMNIST test split partition_id=13 with 329 samples
Wall-clock time: 1765437912.985714 ||Test loss: 1.0058 || Test accuracy: 0.7295 || CPU time: 6.9860 || CPU utilization: 0.2452 || R#383's duration (s): 28.4905 || Cumulative runtime (s): 13293.8542 || Loading data delay (s): 6.3925 || Eval delay (s): 0.5219 || Agg delay (s): 0.0000 || Coordination delay (s): 0.0000 || DIST task delay: 0.0000 || RECV task delay: 0.0000 || Queueing delay: 0.0000 || MSG (from mid) Ave. delay: 0.0000 || Total cache delay: 0.0000 || Ave. cache delay: 0.0000
[R#383] CUMULATIVE_RUNTIME_SEC=13293.8542
Top Aggregator Timestamps: CACHE, CACHE_START_T: 0.0, CACHE_END_T: 0.0 || AGG, AGG_START_T: 0.0, AGG_END_T: 0.0 || EVAL, EVAL_START_T: 1765437912.463776, EVAL_END_T: 1765437912.9856758 || RECV, RECV_START_T: 0.0, RECV_END_T: 0.0 || DIST, DIST_START_T: 0.0, DIST_END_T: 0.0 || LOAD, LOAD_START_T: 1765437884.4979463, LOAD_END_T: 1765437890.89044 || MSG_MTo, MSG_MTo_START_T: 0.0, MSG_MTo_END_T: 0.0
Loaded FEMNIST test split partition_id=5 with 351 samples
Wall-clock time: 1765437945.4084575 ||Test loss: 1.5249 || Test accuracy: 0.5812 || CPU time: 7.3353 || CPU utilization: 0.2262 || R#384's duration (s): 32.4227 || Cumulative runtime (s): 13326.2769 || Loading data delay (s): 6.5592 || Eval delay (s): 0.5699 || Agg delay (s): 0.0000 || Coordination delay (s): 0.0000 || DIST task delay: 0.0000 || RECV task delay: 0.0000 || Queueing delay: 0.0000 || MSG (from mid) Ave. delay: 0.0000 || Total cache delay: 0.0000 || Ave. cache delay: 0.0000
[R#384] CUMULATIVE_RUNTIME_SEC=13326.2769
Top Aggregator Timestamps: CACHE, CACHE_START_T: 0.0, CACHE_END_T: 0.0 || AGG, AGG_START_T: 0.0, AGG_END_T: 0.0 || EVAL, EVAL_START_T: 1765437944.8385026, EVAL_END_T: 1765437945.4084365 || RECV, RECV_START_T: 0.0, RECV_END_T: 0.0 || DIST, DIST_START_T: 0.0, DIST_END_T: 0.0 || LOAD, LOAD_START_T: 1765437912.9885793, LOAD_END_T: 1765437919.5477848 || MSG_MTo, MSG_MTo_START_T: 0.0, MSG_MTo_END_T: 0.0
Loaded FEMNIST test split partition_id=48 with 131 samples
Wall-clock time: 1765437979.4342794 ||Test loss: 4.5574 || Test accuracy: 0.1756 || CPU time: 3.2284 || CPU utilization: 0.0949 || R#385's duration (s): 34.0258 || Cumulative runtime (s): 13360.3027 || Loading data delay (s): 6.2188 || Eval delay (s): 0.2495 || Agg delay (s): 0.0000 || Coordination delay (s): 0.0000 || DIST task delay: 0.0000 || RECV task delay: 0.0000 || Queueing delay: 0.0000 || MSG (from mid) Ave. delay: 0.0000 || Total cache delay: 0.0000 || Ave. cache delay: 0.0000
[R#385] CUMULATIVE_RUNTIME_SEC=13360.3027
Top Aggregator Timestamps: CACHE, CACHE_START_T: 0.0, CACHE_END_T: 0.0 || AGG, AGG_START_T: 0.0, AGG_END_T: 0.0 || EVAL, EVAL_START_T: 1765437979.1847296, EVAL_END_T: 1765437979.4342506 || RECV, RECV_START_T: 0.0, RECV_END_T: 0.0 || DIST, DIST_START_T: 0.0, DIST_END_T: 0.0 || LOAD, LOAD_START_T: 1765437945.4111466, LOAD_END_T: 1765437951.6299603 || MSG_MTo, MSG_MTo_START_T: 0.0, MSG_MTo_END_T: 0.0
Loaded FEMNIST test split partition_id=59 with 361 samples
Wall-clock time: 1765438014.8199666 ||Test loss: 0.8747 || Test accuracy: 0.7368 || CPU time: 7.7158 || CPU utilization: 0.2180 || R#386's duration (s): 35.3857 || Cumulative runtime (s): 13395.6884 || Loading data delay (s): 6.6104 || Eval delay (s): 0.5902 || Agg delay (s): 0.0000 || Coordination delay (s): 0.0000 || DIST task delay: 0.0000 || RECV task delay: 0.0000 || Queueing delay: 0.0000 || MSG (from mid) Ave. delay: 0.0000 || Total cache delay: 0.0000 || Ave. cache delay: 0.0000
[R#386] CUMULATIVE_RUNTIME_SEC=13395.6884
Top Aggregator Timestamps: CACHE, CACHE_START_T: 0.0, CACHE_END_T: 0.0 || AGG, AGG_START_T: 0.0, AGG_END_T: 0.0 || EVAL, EVAL_START_T: 1765438014.229753, EVAL_END_T: 1765438014.8199391 || RECV, RECV_START_T: 0.0, RECV_END_T: 0.0 || DIST, DIST_START_T: 0.0, DIST_END_T: 0.0 || LOAD, LOAD_START_T: 1765437979.4375525, LOAD_END_T: 1765437986.047984 || MSG_MTo, MSG_MTo_START_T: 0.0, MSG_MTo_END_T: 0.0
Loaded FEMNIST test split partition_id=67 with 253 samples
Wall-clock time: 1765438038.085435 ||Test loss: 1.3469 || Test accuracy: 0.6443 || CPU time: 5.8169 || CPU utilization: 0.2500 || R#387's duration (s): 23.2655 || Cumulative runtime (s): 13418.9539 || Loading data delay (s): 6.6522 || Eval delay (s): 0.4466 || Agg delay (s): 0.0000 || Coordination delay (s): 0.0000 || DIST task delay: 0.0000 || RECV task delay: 0.0000 || Queueing delay: 0.0000 || MSG (from mid) Ave. delay: 0.0000 || Total cache delay: 0.0000 || Ave. cache delay: 0.0000
[R#387] CUMULATIVE_RUNTIME_SEC=13418.9539
Top Aggregator Timestamps: CACHE, CACHE_START_T: 0.0, CACHE_END_T: 0.0 || AGG, AGG_START_T: 0.0, AGG_END_T: 0.0 || EVAL, EVAL_START_T: 1765438037.6388023, EVAL_END_T: 1765438038.0854018 || RECV, RECV_START_T: 0.0, RECV_END_T: 0.0 || DIST, DIST_START_T: 0.0, DIST_END_T: 0.0 || LOAD, LOAD_START_T: 1765438014.822706, LOAD_END_T: 1765438021.474919 || MSG_MTo, MSG_MTo_START_T: 0.0, MSG_MTo_END_T: 0.0
Loaded FEMNIST test split partition_id=58 with 346 samples
Wall-clock time: 1765438066.8594217 ||Test loss: 0.9442 || Test accuracy: 0.7399 || CPU time: 7.2139 || CPU utilization: 0.2507 || R#388's duration (s): 28.7740 || Cumulative runtime (s): 13447.7279 || Loading data delay (s): 6.2462 || Eval delay (s): 0.5541 || Agg delay (s): 0.0000 || Coordination delay (s): 0.0000 || DIST task delay: 0.0000 || RECV task delay: 0.0000 || Queueing delay: 0.0000 || MSG (from mid) Ave. delay: 0.0000 || Total cache delay: 0.0000 || Ave. cache delay: 0.0000
[R#388] CUMULATIVE_RUNTIME_SEC=13447.7279
Top Aggregator Timestamps: CACHE, CACHE_START_T: 0.0, CACHE_END_T: 0.0 || AGG, AGG_START_T: 0.0, AGG_END_T: 0.0 || EVAL, EVAL_START_T: 1765438066.3053129, EVAL_END_T: 1765438066.8593965 || RECV, RECV_START_T: 0.0, RECV_END_T: 0.0 || DIST, DIST_START_T: 0.0, DIST_END_T: 0.0 || LOAD, LOAD_START_T: 1765438038.0886464, LOAD_END_T: 1765438044.3348596 || MSG_MTo, MSG_MTo_START_T: 0.0, MSG_MTo_END_T: 0.0
Loaded FEMNIST test split partition_id=13 with 329 samples
Wall-clock time: 1765438102.5497365 ||Test loss: 0.9161 || Test accuracy: 0.7568 || CPU time: 7.0729 || CPU utilization: 0.1982 || R#389's duration (s): 35.6903 || Cumulative runtime (s): 13483.4182 || Loading data delay (s): 6.3994 || Eval delay (s): 0.5400 || Agg delay (s): 0.0000 || Coordination delay (s): 0.0000 || DIST task delay: 0.0000 || RECV task delay: 0.0000 || Queueing delay: 0.0000 || MSG (from mid) Ave. delay: 0.0000 || Total cache delay: 0.0000 || Ave. cache delay: 0.0000
[R#389] CUMULATIVE_RUNTIME_SEC=13483.4182
Top Aggregator Timestamps: CACHE, CACHE_START_T: 0.0, CACHE_END_T: 0.0 || AGG, AGG_START_T: 0.0, AGG_END_T: 0.0 || EVAL, EVAL_START_T: 1765438102.0097003, EVAL_END_T: 1765438102.5497086 || RECV, RECV_START_T: 0.0, RECV_END_T: 0.0 || DIST, DIST_START_T: 0.0, DIST_END_T: 0.0 || LOAD, LOAD_START_T: 1765438066.862174, LOAD_END_T: 1765438073.2616007 || MSG_MTo, MSG_MTo_START_T: 0.0, MSG_MTo_END_T: 0.0
Loaded FEMNIST test split partition_id=21 with 292 samples
Wall-clock time: 1765438136.6934974 ||Test loss: 1.1487 || Test accuracy: 0.7226 || CPU time: 6.4854 || CPU utilization: 0.1899 || R#390's duration (s): 34.1438 || Cumulative runtime (s): 13517.5619 || Loading data delay (s): 6.5062 || Eval delay (s): 0.4950 || Agg delay (s): 0.0000 || Coordination delay (s): 0.0000 || DIST task delay: 0.0000 || RECV task delay: 0.0000 || Queueing delay: 0.0000 || MSG (from mid) Ave. delay: 0.0000 || Total cache delay: 0.0000 || Ave. cache delay: 0.0000
[R#390] CUMULATIVE_RUNTIME_SEC=13517.5619
Top Aggregator Timestamps: CACHE, CACHE_START_T: 0.0, CACHE_END_T: 0.0 || AGG, AGG_START_T: 0.0, AGG_END_T: 0.0 || EVAL, EVAL_START_T: 1765438136.1984792, EVAL_END_T: 1765438136.6934736 || RECV, RECV_START_T: 0.0, RECV_END_T: 0.0 || DIST, DIST_START_T: 0.0, DIST_END_T: 0.0 || LOAD, LOAD_START_T: 1765438102.552522, LOAD_END_T: 1765438109.0586913 || MSG_MTo, MSG_MTo_START_T: 0.0, MSG_MTo_END_T: 0.0
Loaded FEMNIST test split partition_id=16 with 312 samples
Wall-clock time: 1765438174.135448 ||Test loss: 0.7370 || Test accuracy: 0.8077 || CPU time: 6.7668 || CPU utilization: 0.1807 || R#391's duration (s): 37.4420 || Cumulative runtime (s): 13555.0039 || Loading data delay (s): 6.5380 || Eval delay (s): 0.5174 || Agg delay (s): 0.0000 || Coordination delay (s): 0.0000 || DIST task delay: 0.0000 || RECV task delay: 0.0000 || Queueing delay: 0.0000 || MSG (from mid) Ave. delay: 0.0000 || Total cache delay: 0.0000 || Ave. cache delay: 0.0000
[R#391] CUMULATIVE_RUNTIME_SEC=13555.0039
Top Aggregator Timestamps: CACHE, CACHE_START_T: 0.0, CACHE_END_T: 0.0 || AGG, AGG_START_T: 0.0, AGG_END_T: 0.0 || EVAL, EVAL_START_T: 1765438173.617971, EVAL_END_T: 1765438174.13542 || RECV, RECV_START_T: 0.0, RECV_END_T: 0.0 || DIST, DIST_START_T: 0.0, DIST_END_T: 0.0 || LOAD, LOAD_START_T: 1765438136.6965027, LOAD_END_T: 1765438143.2344878 || MSG_MTo, MSG_MTo_START_T: 0.0, MSG_MTo_END_T: 0.0
Loaded FEMNIST test split partition_id=47 with 395 samples
Wall-clock time: 1765438209.097229 ||Test loss: 0.5953 || Test accuracy: 0.8253 || CPU time: 8.3258 || CPU utilization: 0.2381 || R#392's duration (s): 34.9618 || Cumulative runtime (s): 13589.9657 || Loading data delay (s): 6.6526 || Eval delay (s): 0.6404 || Agg delay (s): 0.0000 || Coordination delay (s): 0.0000 || DIST task delay: 0.0000 || RECV task delay: 0.0000 || Queueing delay: 0.0000 || MSG (from mid) Ave. delay: 0.0000 || Total cache delay: 0.0000 || Ave. cache delay: 0.0000
[R#392] CUMULATIVE_RUNTIME_SEC=13589.9657
Top Aggregator Timestamps: CACHE, CACHE_START_T: 0.0, CACHE_END_T: 0.0 || AGG, AGG_START_T: 0.0, AGG_END_T: 0.0 || EVAL, EVAL_START_T: 1765438208.4568105, EVAL_END_T: 1765438209.0971975 || RECV, RECV_START_T: 0.0, RECV_END_T: 0.0 || DIST, DIST_START_T: 0.0, DIST_END_T: 0.0 || LOAD, LOAD_START_T: 1765438174.1382291, LOAD_END_T: 1765438180.790789 || MSG_MTo, MSG_MTo_START_T: 0.0, MSG_MTo_END_T: 0.0
Loaded FEMNIST test split partition_id=42 with 330 samples
Wall-clock time: 1765438242.6165466 ||Test loss: 0.9086 || Test accuracy: 0.7182 || CPU time: 7.0333 || CPU utilization: 0.2098 || R#393's duration (s): 33.5193 || Cumulative runtime (s): 13623.4850 || Loading data delay (s): 6.3984 || Eval delay (s): 0.5394 || Agg delay (s): 0.0000 || Coordination delay (s): 0.0000 || DIST task delay: 0.0000 || RECV task delay: 0.0000 || Queueing delay: 0.0000 || MSG (from mid) Ave. delay: 0.0000 || Total cache delay: 0.0000 || Ave. cache delay: 0.0000
[R#393] CUMULATIVE_RUNTIME_SEC=13623.4850
Top Aggregator Timestamps: CACHE, CACHE_START_T: 0.0, CACHE_END_T: 0.0 || AGG, AGG_START_T: 0.0, AGG_END_T: 0.0 || EVAL, EVAL_START_T: 1765438242.0771022, EVAL_END_T: 1765438242.6165228 || RECV, RECV_START_T: 0.0, RECV_END_T: 0.0 || DIST, DIST_START_T: 0.0, DIST_END_T: 0.0 || LOAD, LOAD_START_T: 1765438209.1001122, LOAD_END_T: 1765438215.4985273 || MSG_MTo, MSG_MTo_START_T: 0.0, MSG_MTo_END_T: 0.0
Loaded FEMNIST test split partition_id=62 with 390 samples
Wall-clock time: 1765438295.211688 ||Test loss: 0.7149 || Test accuracy: 0.8000 || CPU time: 8.1915 || CPU utilization: 0.1557 || R#394's duration (s): 52.5951 || Cumulative runtime (s): 13676.0801 || Loading data delay (s): 6.2273 || Eval delay (s): 0.6258 || Agg delay (s): 0.0000 || Coordination delay (s): 0.0000 || DIST task delay: 0.0000 || RECV task delay: 0.0000 || Queueing delay: 0.0000 || MSG (from mid) Ave. delay: 0.0000 || Total cache delay: 0.0000 || Ave. cache delay: 0.0000
[R#394] CUMULATIVE_RUNTIME_SEC=13676.0801
Top Aggregator Timestamps: CACHE, CACHE_START_T: 0.0, CACHE_END_T: 0.0 || AGG, AGG_START_T: 0.0, AGG_END_T: 0.0 || EVAL, EVAL_START_T: 1765438294.5858822, EVAL_END_T: 1765438295.2116654 || RECV, RECV_START_T: 0.0, RECV_END_T: 0.0 || DIST, DIST_START_T: 0.0, DIST_END_T: 0.0 || LOAD, LOAD_START_T: 1765438242.619609, LOAD_END_T: 1765438248.8469086 || MSG_MTo, MSG_MTo_START_T: 0.0, MSG_MTo_END_T: 0.0
Loaded FEMNIST test split partition_id=58 with 346 samples
Wall-clock time: 1765438327.7142074 ||Test loss: 1.2944 || Test accuracy: 0.6590 || CPU time: 7.2158 || CPU utilization: 0.2220 || R#395's duration (s): 32.5025 || Cumulative runtime (s): 13708.5827 || Loading data delay (s): 6.6404 || Eval delay (s): 0.5616 || Agg delay (s): 0.0000 || Coordination delay (s): 0.0000 || DIST task delay: 0.0000 || RECV task delay: 0.0000 || Queueing delay: 0.0000 || MSG (from mid) Ave. delay: 0.0000 || Total cache delay: 0.0000 || Ave. cache delay: 0.0000
[R#395] CUMULATIVE_RUNTIME_SEC=13708.5827
Top Aggregator Timestamps: CACHE, CACHE_START_T: 0.0, CACHE_END_T: 0.0 || AGG, AGG_START_T: 0.0, AGG_END_T: 0.0 || EVAL, EVAL_START_T: 1765438327.1525412, EVAL_END_T: 1765438327.714185 || RECV, RECV_START_T: 0.0, RECV_END_T: 0.0 || DIST, DIST_START_T: 0.0, DIST_END_T: 0.0 || LOAD, LOAD_START_T: 1765438295.214546, LOAD_END_T: 1765438301.8549669 || MSG_MTo, MSG_MTo_START_T: 0.0, MSG_MTo_END_T: 0.0
Loaded FEMNIST test split partition_id=5 with 351 samples
Wall-clock time: 1765438353.8657913 ||Test loss: 0.9218 || Test accuracy: 0.7265 || CPU time: 7.3818 || CPU utilization: 0.2823 || R#396's duration (s): 26.1516 || Cumulative runtime (s): 13734.7342 || Loading data delay (s): 6.9420 || Eval delay (s): 0.5670 || Agg delay (s): 0.0000 || Coordination delay (s): 0.0000 || DIST task delay: 0.0000 || RECV task delay: 0.0000 || Queueing delay: 0.0000 || MSG (from mid) Ave. delay: 0.0000 || Total cache delay: 0.0000 || Ave. cache delay: 0.0000
[R#396] CUMULATIVE_RUNTIME_SEC=13734.7342
Top Aggregator Timestamps: CACHE, CACHE_START_T: 0.0, CACHE_END_T: 0.0 || AGG, AGG_START_T: 0.0, AGG_END_T: 0.0 || EVAL, EVAL_START_T: 1765438353.2987907, EVAL_END_T: 1765438353.8657684 || RECV, RECV_START_T: 0.0, RECV_END_T: 0.0 || DIST, DIST_START_T: 0.0, DIST_END_T: 0.0 || LOAD, LOAD_START_T: 1765438327.7168682, LOAD_END_T: 1765438334.6588628 || MSG_MTo, MSG_MTo_START_T: 0.0, MSG_MTo_END_T: 0.0
Loaded FEMNIST test split partition_id=41 with 358 samples
Wall-clock time: 1765438381.1424606 ||Test loss: 0.8782 || Test accuracy: 0.7486 || CPU time: 7.6127 || CPU utilization: 0.2791 || R#397's duration (s): 27.2767 || Cumulative runtime (s): 13762.0109 || Loading data delay (s): 6.2325 || Eval delay (s): 0.5841 || Agg delay (s): 0.0000 || Coordination delay (s): 0.0000 || DIST task delay: 0.0000 || RECV task delay: 0.0000 || Queueing delay: 0.0000 || MSG (from mid) Ave. delay: 0.0000 || Total cache delay: 0.0000 || Ave. cache delay: 0.0000
[R#397] CUMULATIVE_RUNTIME_SEC=13762.0109
Top Aggregator Timestamps: CACHE, CACHE_START_T: 0.0, CACHE_END_T: 0.0 || AGG, AGG_START_T: 0.0, AGG_END_T: 0.0 || EVAL, EVAL_START_T: 1765438380.5583024, EVAL_END_T: 1765438381.1424377 || RECV, RECV_START_T: 0.0, RECV_END_T: 0.0 || DIST, DIST_START_T: 0.0, DIST_END_T: 0.0 || LOAD, LOAD_START_T: 1765438353.8685288, LOAD_END_T: 1765438360.1010551 || MSG_MTo, MSG_MTo_START_T: 0.0, MSG_MTo_END_T: 0.0
Loaded FEMNIST test split partition_id=46 with 430 samples
Wall-clock time: 1765438415.4240294 ||Test loss: 0.2959 || Test accuracy: 0.8884 || CPU time: 8.8770 || CPU utilization: 0.2589 || R#398's duration (s): 34.2816 || Cumulative runtime (s): 13796.2925 || Loading data delay (s): 6.4716 || Eval delay (s): 0.6877 || Agg delay (s): 0.0000 || Coordination delay (s): 0.0000 || DIST task delay: 0.0000 || RECV task delay: 0.0000 || Queueing delay: 0.0000 || MSG (from mid) Ave. delay: 0.0000 || Total cache delay: 0.0000 || Ave. cache delay: 0.0000
[R#398] CUMULATIVE_RUNTIME_SEC=13796.2925
Top Aggregator Timestamps: CACHE, CACHE_START_T: 0.0, CACHE_END_T: 0.0 || AGG, AGG_START_T: 0.0, AGG_END_T: 0.0 || EVAL, EVAL_START_T: 1765438414.7363057, EVAL_END_T: 1765438415.424004 || RECV, RECV_START_T: 0.0, RECV_END_T: 0.0 || DIST, DIST_START_T: 0.0, DIST_END_T: 0.0 || LOAD, LOAD_START_T: 1765438381.145579, LOAD_END_T: 1765438387.6171324 || MSG_MTo, MSG_MTo_START_T: 0.0, MSG_MTo_END_T: 0.0
Loaded FEMNIST test split partition_id=39 with 373 samples
Wall-clock time: 1765438448.6355429 ||Test loss: 0.5283 || Test accuracy: 0.8070 || CPU time: 7.4812 || CPU utilization: 0.2253 || R#399's duration (s): 33.2115 || Cumulative runtime (s): 13829.5040 || Loading data delay (s): 6.6651 || Eval delay (s): 0.5588 || Agg delay (s): 0.0000 || Coordination delay (s): 0.0000 || DIST task delay: 0.0000 || RECV task delay: 0.0000 || Queueing delay: 0.0000 || MSG (from mid) Ave. delay: 0.0000 || Total cache delay: 0.0000 || Ave. cache delay: 0.0000
[R#399] CUMULATIVE_RUNTIME_SEC=13829.5040
Top Aggregator Timestamps: CACHE, CACHE_START_T: 0.0, CACHE_END_T: 0.0 || AGG, AGG_START_T: 0.0, AGG_END_T: 0.0 || EVAL, EVAL_START_T: 1765438448.076751, EVAL_END_T: 1765438448.6355195 || RECV, RECV_START_T: 0.0, RECV_END_T: 0.0 || DIST, DIST_START_T: 0.0, DIST_END_T: 0.0 || LOAD, LOAD_START_T: 1765438415.42676, LOAD_END_T: 1765438422.0918238 || MSG_MTo, MSG_MTo_START_T: 0.0, MSG_MTo_END_T: 0.0
Loaded FEMNIST test split partition_id=64 with 355 samples
Wall-clock time: 1765438485.0438576 ||Test loss: 1.4101 || Test accuracy: 0.6338 || CPU time: 7.4472 || CPU utilization: 0.2045 || R#400's duration (s): 36.4083 || Cumulative runtime (s): 13865.9123 || Loading data delay (s): 6.3141 || Eval delay (s): 0.5604 || Agg delay (s): 0.0000 || Coordination delay (s): 0.0000 || DIST task delay: 0.0000 || RECV task delay: 0.0000 || Queueing delay: 0.0000 || MSG (from mid) Ave. delay: 0.0000 || Total cache delay: 0.0000 || Ave. cache delay: 0.0000
[R#400] CUMULATIVE_RUNTIME_SEC=13865.9123
Top Aggregator Timestamps: CACHE, CACHE_START_T: 0.0, CACHE_END_T: 0.0 || AGG, AGG_START_T: 0.0, AGG_END_T: 0.0 || EVAL, EVAL_START_T: 1765438484.4834428, EVAL_END_T: 1765438485.0438213 || RECV, RECV_START_T: 0.0, RECV_END_T: 0.0 || DIST, DIST_START_T: 0.0, DIST_END_T: 0.0 || LOAD, LOAD_START_T: 1765438448.6382227, LOAD_END_T: 1765438454.952289 || MSG_MTo, MSG_MTo_START_T: 0.0, MSG_MTo_END_T: 0.0
Loaded FEMNIST test split partition_id=23 with 418 samples
Wall-clock time: 1765438515.4797046 ||Test loss: 0.4312 || Test accuracy: 0.8469 || CPU time: 8.2325 || CPU utilization: 0.2705 || R#401's duration (s): 30.4358 || Cumulative runtime (s): 13896.3482 || Loading data delay (s): 6.3697 || Eval delay (s): 0.6315 || Agg delay (s): 0.0000 || Coordination delay (s): 0.0000 || DIST task delay: 0.0000 || RECV task delay: 0.0000 || Queueing delay: 0.0000 || MSG (from mid) Ave. delay: 0.0000 || Total cache delay: 0.0000 || Ave. cache delay: 0.0000
[R#401] CUMULATIVE_RUNTIME_SEC=13896.3482
Top Aggregator Timestamps: CACHE, CACHE_START_T: 0.0, CACHE_END_T: 0.0 || AGG, AGG_START_T: 0.0, AGG_END_T: 0.0 || EVAL, EVAL_START_T: 1765438514.8481693, EVAL_END_T: 1765438515.479681 || RECV, RECV_START_T: 0.0, RECV_END_T: 0.0 || DIST, DIST_START_T: 0.0, DIST_END_T: 0.0 || LOAD, LOAD_START_T: 1765438485.0466435, LOAD_END_T: 1765438491.4163435 || MSG_MTo, MSG_MTo_START_T: 0.0, MSG_MTo_END_T: 0.0
Loaded FEMNIST test split partition_id=54 with 428 samples
Wall-clock time: 1765438561.1796124 ||Test loss: 0.3050 || Test accuracy: 0.8785 || CPU time: 8.6454 || CPU utilization: 0.1892 || R#402's duration (s): 45.6999 || Cumulative runtime (s): 13942.0481 || Loading data delay (s): 6.6309 || Eval delay (s): 0.6666 || Agg delay (s): 0.0000 || Coordination delay (s): 0.0000 || DIST task delay: 0.0000 || RECV task delay: 0.0000 || Queueing delay: 0.0000 || MSG (from mid) Ave. delay: 0.0000 || Total cache delay: 0.0000 || Ave. cache delay: 0.0000
[R#402] CUMULATIVE_RUNTIME_SEC=13942.0481
Top Aggregator Timestamps: CACHE, CACHE_START_T: 0.0, CACHE_END_T: 0.0 || AGG, AGG_START_T: 0.0, AGG_END_T: 0.0 || EVAL, EVAL_START_T: 1765438560.5130272, EVAL_END_T: 1765438561.1795893 || RECV, RECV_START_T: 0.0, RECV_END_T: 0.0 || DIST, DIST_START_T: 0.0, DIST_END_T: 0.0 || LOAD, LOAD_START_T: 1765438515.4825563, LOAD_END_T: 1765438522.1134157 || MSG_MTo, MSG_MTo_START_T: 0.0, MSG_MTo_END_T: 0.0
Loaded FEMNIST test split partition_id=67 with 253 samples
Wall-clock time: 1765438595.882394 ||Test loss: 1.1605 || Test accuracy: 0.6877 || CPU time: 5.0240 || CPU utilization: 0.1448 || R#403's duration (s): 34.7028 || Cumulative runtime (s): 13976.7508 || Loading data delay (s): 6.1861 || Eval delay (s): 0.3828 || Agg delay (s): 0.0000 || Coordination delay (s): 0.0000 || DIST task delay: 0.0000 || RECV task delay: 0.0000 || Queueing delay: 0.0000 || MSG (from mid) Ave. delay: 0.0000 || Total cache delay: 0.0000 || Ave. cache delay: 0.0000
[R#403] CUMULATIVE_RUNTIME_SEC=13976.7508
Top Aggregator Timestamps: CACHE, CACHE_START_T: 0.0, CACHE_END_T: 0.0 || AGG, AGG_START_T: 0.0, AGG_END_T: 0.0 || EVAL, EVAL_START_T: 1765438595.4995897, EVAL_END_T: 1765438595.8823686 || RECV, RECV_START_T: 0.0, RECV_END_T: 0.0 || DIST, DIST_START_T: 0.0, DIST_END_T: 0.0 || LOAD, LOAD_START_T: 1765438561.1824021, LOAD_END_T: 1765438567.36847 || MSG_MTo, MSG_MTo_START_T: 0.0, MSG_MTo_END_T: 0.0
Loaded FEMNIST test split partition_id=14 with 378 samples
Wall-clock time: 1765438625.416362 ||Test loss: 0.3139 || Test accuracy: 0.9048 || CPU time: 7.9472 || CPU utilization: 0.2691 || R#404's duration (s): 29.5340 || Cumulative runtime (s): 14006.2848 || Loading data delay (s): 6.3907 || Eval delay (s): 0.6065 || Agg delay (s): 0.0000 || Coordination delay (s): 0.0000 || DIST task delay: 0.0000 || RECV task delay: 0.0000 || Queueing delay: 0.0000 || MSG (from mid) Ave. delay: 0.0000 || Total cache delay: 0.0000 || Ave. cache delay: 0.0000
[R#404] CUMULATIVE_RUNTIME_SEC=14006.2848
Top Aggregator Timestamps: CACHE, CACHE_START_T: 0.0, CACHE_END_T: 0.0 || AGG, AGG_START_T: 0.0, AGG_END_T: 0.0 || EVAL, EVAL_START_T: 1765438624.809876, EVAL_END_T: 1765438625.4163392 || RECV, RECV_START_T: 0.0, RECV_END_T: 0.0 || DIST, DIST_START_T: 0.0, DIST_END_T: 0.0 || LOAD, LOAD_START_T: 1765438595.8850868, LOAD_END_T: 1765438602.2757535 || MSG_MTo, MSG_MTo_START_T: 0.0, MSG_MTo_END_T: 0.0
Loaded FEMNIST test split partition_id=63 with 413 samples
Wall-clock time: 1765438662.8741655 ||Test loss: 0.4190 || Test accuracy: 0.8620 || CPU time: 7.9469 || CPU utilization: 0.2122 || R#405's duration (s): 37.4578 || Cumulative runtime (s): 14043.7426 || Loading data delay (s): 6.5760 || Eval delay (s): 0.6068 || Agg delay (s): 0.0000 || Coordination delay (s): 0.0000 || DIST task delay: 0.0000 || RECV task delay: 0.0000 || Queueing delay: 0.0000 || MSG (from mid) Ave. delay: 0.0000 || Total cache delay: 0.0000 || Ave. cache delay: 0.0000
[R#405] CUMULATIVE_RUNTIME_SEC=14043.7426
Top Aggregator Timestamps: CACHE, CACHE_START_T: 0.0, CACHE_END_T: 0.0 || AGG, AGG_START_T: 0.0, AGG_END_T: 0.0 || EVAL, EVAL_START_T: 1765438662.2672997, EVAL_END_T: 1765438662.8741393 || RECV, RECV_START_T: 0.0, RECV_END_T: 0.0 || DIST, DIST_START_T: 0.0, DIST_END_T: 0.0 || LOAD, LOAD_START_T: 1765438625.419028, LOAD_END_T: 1765438631.9950666 || MSG_MTo, MSG_MTo_START_T: 0.0, MSG_MTo_END_T: 0.0
Loaded FEMNIST test split partition_id=39 with 373 samples
Wall-clock time: 1765438695.354769 ||Test loss: 0.4339 || Test accuracy: 0.8606 || CPU time: 7.7151 || CPU utilization: 0.2375 || R#406's duration (s): 32.4806 || Cumulative runtime (s): 14076.2232 || Loading data delay (s): 6.1686 || Eval delay (s): 0.5994 || Agg delay (s): 0.0000 || Coordination delay (s): 0.0000 || DIST task delay: 0.0000 || RECV task delay: 0.0000 || Queueing delay: 0.0000 || MSG (from mid) Ave. delay: 0.0000 || Total cache delay: 0.0000 || Ave. cache delay: 0.0000
[R#406] CUMULATIVE_RUNTIME_SEC=14076.2232
Top Aggregator Timestamps: CACHE, CACHE_START_T: 0.0, CACHE_END_T: 0.0 || AGG, AGG_START_T: 0.0, AGG_END_T: 0.0 || EVAL, EVAL_START_T: 1765438694.755347, EVAL_END_T: 1765438695.3547423 || RECV, RECV_START_T: 0.0, RECV_END_T: 0.0 || DIST, DIST_START_T: 0.0, DIST_END_T: 0.0 || LOAD, LOAD_START_T: 1765438662.8768692, LOAD_END_T: 1765438669.045426 || MSG_MTo, MSG_MTo_START_T: 0.0, MSG_MTo_END_T: 0.0
Loaded FEMNIST test split partition_id=62 with 390 samples
Wall-clock time: 1765438725.8020577 ||Test loss: 1.0730 || Test accuracy: 0.6795 || CPU time: 7.7778 || CPU utilization: 0.2555 || R#407's duration (s): 30.4473 || Cumulative runtime (s): 14106.6705 || Loading data delay (s): 6.6220 || Eval delay (s): 0.5966 || Agg delay (s): 0.0000 || Coordination delay (s): 0.0000 || DIST task delay: 0.0000 || RECV task delay: 0.0000 || Queueing delay: 0.0000 || MSG (from mid) Ave. delay: 0.0000 || Total cache delay: 0.0000 || Ave. cache delay: 0.0000
[R#407] CUMULATIVE_RUNTIME_SEC=14106.6705
Top Aggregator Timestamps: CACHE, CACHE_START_T: 0.0, CACHE_END_T: 0.0 || AGG, AGG_START_T: 0.0, AGG_END_T: 0.0 || EVAL, EVAL_START_T: 1765438725.2054725, EVAL_END_T: 1765438725.8020277 || RECV, RECV_START_T: 0.0, RECV_END_T: 0.0 || DIST, DIST_START_T: 0.0, DIST_END_T: 0.0 || LOAD, LOAD_START_T: 1765438695.3577683, LOAD_END_T: 1765438701.9797385 || MSG_MTo, MSG_MTo_START_T: 0.0, MSG_MTo_END_T: 0.0
Loaded FEMNIST test split partition_id=23 with 418 samples
Wall-clock time: 1765438756.4840436 ||Test loss: 0.4407 || Test accuracy: 0.8565 || CPU time: 8.3143 || CPU utilization: 0.2710 || R#408's duration (s): 30.6820 || Cumulative runtime (s): 14137.3525 || Loading data delay (s): 6.2318 || Eval delay (s): 0.6350 || Agg delay (s): 0.0000 || Coordination delay (s): 0.0000 || DIST task delay: 0.0000 || RECV task delay: 0.0000 || Queueing delay: 0.0000 || MSG (from mid) Ave. delay: 0.0000 || Total cache delay: 0.0000 || Ave. cache delay: 0.0000
[R#408] CUMULATIVE_RUNTIME_SEC=14137.3525
Top Aggregator Timestamps: CACHE, CACHE_START_T: 0.0, CACHE_END_T: 0.0 || AGG, AGG_START_T: 0.0, AGG_END_T: 0.0 || EVAL, EVAL_START_T: 1765438755.8489943, EVAL_END_T: 1765438756.4840112 || RECV, RECV_START_T: 0.0, RECV_END_T: 0.0 || DIST, DIST_START_T: 0.0, DIST_END_T: 0.0 || LOAD, LOAD_START_T: 1765438725.8048294, LOAD_END_T: 1765438732.0366309 || MSG_MTo, MSG_MTo_START_T: 0.0, MSG_MTo_END_T: 0.0
Loaded FEMNIST test split partition_id=60 with 303 samples
Wall-clock time: 1765438787.8545709 ||Test loss: 0.7597 || Test accuracy: 0.7723 || CPU time: 6.3036 || CPU utilization: 0.2009 || R#409's duration (s): 31.3705 || Cumulative runtime (s): 14168.7230 || Loading data delay (s): 6.6231 || Eval delay (s): 0.4927 || Agg delay (s): 0.0000 || Coordination delay (s): 0.0000 || DIST task delay: 0.0000 || RECV task delay: 0.0000 || Queueing delay: 0.0000 || MSG (from mid) Ave. delay: 0.0000 || Total cache delay: 0.0000 || Ave. cache delay: 0.0000
[R#409] CUMULATIVE_RUNTIME_SEC=14168.7230
Top Aggregator Timestamps: CACHE, CACHE_START_T: 0.0, CACHE_END_T: 0.0 || AGG, AGG_START_T: 0.0, AGG_END_T: 0.0 || EVAL, EVAL_START_T: 1765438787.3618808, EVAL_END_T: 1765438787.8545427 || RECV, RECV_START_T: 0.0, RECV_END_T: 0.0 || DIST, DIST_START_T: 0.0, DIST_END_T: 0.0 || LOAD, LOAD_START_T: 1765438756.4871533, LOAD_END_T: 1765438763.1102316 || MSG_MTo, MSG_MTo_START_T: 0.0, MSG_MTo_END_T: 0.0
Loaded FEMNIST test split partition_id=9 with 377 samples
Wall-clock time: 1765438820.3225913 ||Test loss: 1.1376 || Test accuracy: 0.6711 || CPU time: 7.8346 || CPU utilization: 0.2413 || R#410's duration (s): 32.4680 || Cumulative runtime (s): 14201.1910 || Loading data delay (s): 6.7085 || Eval delay (s): 0.5998 || Agg delay (s): 0.0000 || Coordination delay (s): 0.0000 || DIST task delay: 0.0000 || RECV task delay: 0.0000 || Queueing delay: 0.0000 || MSG (from mid) Ave. delay: 0.0000 || Total cache delay: 0.0000 || Ave. cache delay: 0.0000
[R#410] CUMULATIVE_RUNTIME_SEC=14201.1910
Top Aggregator Timestamps: CACHE, CACHE_START_T: 0.0, CACHE_END_T: 0.0 || AGG, AGG_START_T: 0.0, AGG_END_T: 0.0 || EVAL, EVAL_START_T: 1765438819.7228034, EVAL_END_T: 1765438820.3225613 || RECV, RECV_START_T: 0.0, RECV_END_T: 0.0 || DIST, DIST_START_T: 0.0, DIST_END_T: 0.0 || LOAD, LOAD_START_T: 1765438787.8572004, LOAD_END_T: 1765438794.56573 || MSG_MTo, MSG_MTo_START_T: 0.0, MSG_MTo_END_T: 0.0
Loaded FEMNIST test split partition_id=17 with 424 samples
Wall-clock time: 1765438858.1124017 ||Test loss: 1.0989 || Test accuracy: 0.6745 || CPU time: 8.6504 || CPU utilization: 0.2289 || R#411's duration (s): 37.7898 || Cumulative runtime (s): 14238.9808 || Loading data delay (s): 6.1335 || Eval delay (s): 0.6634 || Agg delay (s): 0.0000 || Coordination delay (s): 0.0000 || DIST task delay: 0.0000 || RECV task delay: 0.0000 || Queueing delay: 0.0000 || MSG (from mid) Ave. delay: 0.0000 || Total cache delay: 0.0000 || Ave. cache delay: 0.0000
[R#411] CUMULATIVE_RUNTIME_SEC=14238.9808
Top Aggregator Timestamps: CACHE, CACHE_START_T: 0.0, CACHE_END_T: 0.0 || AGG, AGG_START_T: 0.0, AGG_END_T: 0.0 || EVAL, EVAL_START_T: 1765438857.4489725, EVAL_END_T: 1765438858.1123784 || RECV, RECV_START_T: 0.0, RECV_END_T: 0.0 || DIST, DIST_START_T: 0.0, DIST_END_T: 0.0 || LOAD, LOAD_START_T: 1765438820.3252902, LOAD_END_T: 1765438826.4588277 || MSG_MTo, MSG_MTo_START_T: 0.0, MSG_MTo_END_T: 0.0
Loaded FEMNIST test split partition_id=19 with 377 samples
Wall-clock time: 1765438898.5283647 ||Test loss: 0.6833 || Test accuracy: 0.7878 || CPU time: 7.8545 || CPU utilization: 0.1943 || R#412's duration (s): 40.4160 || Cumulative runtime (s): 14279.3968 || Loading data delay (s): 6.9711 || Eval delay (s): 0.6131 || Agg delay (s): 0.0000 || Coordination delay (s): 0.0000 || DIST task delay: 0.0000 || RECV task delay: 0.0000 || Queueing delay: 0.0000 || MSG (from mid) Ave. delay: 0.0000 || Total cache delay: 0.0000 || Ave. cache delay: 0.0000
[R#412] CUMULATIVE_RUNTIME_SEC=14279.3968
Top Aggregator Timestamps: CACHE, CACHE_START_T: 0.0, CACHE_END_T: 0.0 || AGG, AGG_START_T: 0.0, AGG_END_T: 0.0 || EVAL, EVAL_START_T: 1765438897.9152381, EVAL_END_T: 1765438898.5283275 || RECV, RECV_START_T: 0.0, RECV_END_T: 0.0 || DIST, DIST_START_T: 0.0, DIST_END_T: 0.0 || LOAD, LOAD_START_T: 1765438858.115471, LOAD_END_T: 1765438865.086523 || MSG_MTo, MSG_MTo_START_T: 0.0, MSG_MTo_END_T: 0.0
Loaded FEMNIST test split partition_id=39 with 373 samples
Wall-clock time: 1765438922.8632638 ||Test loss: 0.6869 || Test accuracy: 0.7641 || CPU time: 7.6621 || CPU utilization: 0.3149 || R#413's duration (s): 24.3349 || Cumulative runtime (s): 14303.7317 || Loading data delay (s): 6.5855 || Eval delay (s): 0.5819 || Agg delay (s): 0.0000 || Coordination delay (s): 0.0000 || DIST task delay: 0.0000 || RECV task delay: 0.0000 || Queueing delay: 0.0000 || MSG (from mid) Ave. delay: 0.0000 || Total cache delay: 0.0000 || Ave. cache delay: 0.0000
[R#413] CUMULATIVE_RUNTIME_SEC=14303.7317
Top Aggregator Timestamps: CACHE, CACHE_START_T: 0.0, CACHE_END_T: 0.0 || AGG, AGG_START_T: 0.0, AGG_END_T: 0.0 || EVAL, EVAL_START_T: 1765438922.2812984, EVAL_END_T: 1765438922.8632302 || RECV, RECV_START_T: 0.0, RECV_END_T: 0.0 || DIST, DIST_START_T: 0.0, DIST_END_T: 0.0 || LOAD, LOAD_START_T: 1765438898.5316849, LOAD_END_T: 1765438905.117218 || MSG_MTo, MSG_MTo_START_T: 0.0, MSG_MTo_END_T: 0.0
Loaded FEMNIST test split partition_id=22 with 334 samples
Wall-clock time: 1765438963.9515486 ||Test loss: 1.4076 || Test accuracy: 0.6257 || CPU time: 6.8461 || CPU utilization: 0.1666 || R#414's duration (s): 41.0883 || Cumulative runtime (s): 14344.8200 || Loading data delay (s): 6.6412 || Eval delay (s): 0.5227 || Agg delay (s): 0.0000 || Coordination delay (s): 0.0000 || DIST task delay: 0.0000 || RECV task delay: 0.0000 || Queueing delay: 0.0000 || MSG (from mid) Ave. delay: 0.0000 || Total cache delay: 0.0000 || Ave. cache delay: 0.0000
[R#414] CUMULATIVE_RUNTIME_SEC=14344.8200
Top Aggregator Timestamps: CACHE, CACHE_START_T: 0.0, CACHE_END_T: 0.0 || AGG, AGG_START_T: 0.0, AGG_END_T: 0.0 || EVAL, EVAL_START_T: 1765438963.4288123, EVAL_END_T: 1765438963.951516 || RECV, RECV_START_T: 0.0, RECV_END_T: 0.0 || DIST, DIST_START_T: 0.0, DIST_END_T: 0.0 || LOAD, LOAD_START_T: 1765438922.8661013, LOAD_END_T: 1765438929.5072532 || MSG_MTo, MSG_MTo_START_T: 0.0, MSG_MTo_END_T: 0.0
Loaded FEMNIST test split partition_id=7 with 375 samples
Wall-clock time: 1765438995.0703213 ||Test loss: 0.8856 || Test accuracy: 0.7227 || CPU time: 7.6103 || CPU utilization: 0.2446 || R#415's duration (s): 31.1188 || Cumulative runtime (s): 14375.9388 || Loading data delay (s): 6.8162 || Eval delay (s): 0.5860 || Agg delay (s): 0.0000 || Coordination delay (s): 0.0000 || DIST task delay: 0.0000 || RECV task delay: 0.0000 || Queueing delay: 0.0000 || MSG (from mid) Ave. delay: 0.0000 || Total cache delay: 0.0000 || Ave. cache delay: 0.0000
[R#415] CUMULATIVE_RUNTIME_SEC=14375.9388
Top Aggregator Timestamps: CACHE, CACHE_START_T: 0.0, CACHE_END_T: 0.0 || AGG, AGG_START_T: 0.0, AGG_END_T: 0.0 || EVAL, EVAL_START_T: 1765438994.4843395, EVAL_END_T: 1765438995.0702965 || RECV, RECV_START_T: 0.0, RECV_END_T: 0.0 || DIST, DIST_START_T: 0.0, DIST_END_T: 0.0 || LOAD, LOAD_START_T: 1765438963.9544368, LOAD_END_T: 1765438970.7706046 || MSG_MTo, MSG_MTo_START_T: 0.0, MSG_MTo_END_T: 0.0
Loaded FEMNIST test split partition_id=63 with 413 samples
Wall-clock time: 1765439023.508442 ||Test loss: 0.5269 || Test accuracy: 0.8305 || CPU time: 8.5347 || CPU utilization: 0.3001 || R#416's duration (s): 28.4381 || Cumulative runtime (s): 14404.3769 || Loading data delay (s): 6.2939 || Eval delay (s): 0.6582 || Agg delay (s): 0.0000 || Coordination delay (s): 0.0000 || DIST task delay: 0.0000 || RECV task delay: 0.0000 || Queueing delay: 0.0000 || MSG (from mid) Ave. delay: 0.0000 || Total cache delay: 0.0000 || Ave. cache delay: 0.0000
[R#416] CUMULATIVE_RUNTIME_SEC=14404.3769
Top Aggregator Timestamps: CACHE, CACHE_START_T: 0.0, CACHE_END_T: 0.0 || AGG, AGG_START_T: 0.0, AGG_END_T: 0.0 || EVAL, EVAL_START_T: 1765439022.8501859, EVAL_END_T: 1765439023.5084066 || RECV, RECV_START_T: 0.0, RECV_END_T: 0.0 || DIST, DIST_START_T: 0.0, DIST_END_T: 0.0 || LOAD, LOAD_START_T: 1765438995.0731606, LOAD_END_T: 1765439001.3670778 || MSG_MTo, MSG_MTo_START_T: 0.0, MSG_MTo_END_T: 0.0
Loaded FEMNIST test split partition_id=47 with 395 samples
Wall-clock time: 1765439063.203023 ||Test loss: 0.6178 || Test accuracy: 0.8076 || CPU time: 8.1303 || CPU utilization: 0.2048 || R#417's duration (s): 39.6946 || Cumulative runtime (s): 14444.0715 || Loading data delay (s): 6.9514 || Eval delay (s): 0.6289 || Agg delay (s): 0.0000 || Coordination delay (s): 0.0000 || DIST task delay: 0.0000 || RECV task delay: 0.0000 || Queueing delay: 0.0000 || MSG (from mid) Ave. delay: 0.0000 || Total cache delay: 0.0000 || Ave. cache delay: 0.0000
[R#417] CUMULATIVE_RUNTIME_SEC=14444.0715
Top Aggregator Timestamps: CACHE, CACHE_START_T: 0.0, CACHE_END_T: 0.0 || AGG, AGG_START_T: 0.0, AGG_END_T: 0.0 || EVAL, EVAL_START_T: 1765439062.5741167, EVAL_END_T: 1765439063.202994 || RECV, RECV_START_T: 0.0, RECV_END_T: 0.0 || DIST, DIST_START_T: 0.0, DIST_END_T: 0.0 || LOAD, LOAD_START_T: 1765439023.5113962, LOAD_END_T: 1765439030.4627469 || MSG_MTo, MSG_MTo_START_T: 0.0, MSG_MTo_END_T: 0.0
Loaded FEMNIST test split partition_id=55 with 373 samples
Wall-clock time: 1765439099.2353163 ||Test loss: 1.2273 || Test accuracy: 0.6863 || CPU time: 7.7774 || CPU utilization: 0.2158 || R#418's duration (s): 36.0323 || Cumulative runtime (s): 14480.1038 || Loading data delay (s): 6.1948 || Eval delay (s): 0.5929 || Agg delay (s): 0.0000 || Coordination delay (s): 0.0000 || DIST task delay: 0.0000 || RECV task delay: 0.0000 || Queueing delay: 0.0000 || MSG (from mid) Ave. delay: 0.0000 || Total cache delay: 0.0000 || Ave. cache delay: 0.0000
[R#418] CUMULATIVE_RUNTIME_SEC=14480.1038
Top Aggregator Timestamps: CACHE, CACHE_START_T: 0.0, CACHE_END_T: 0.0 || AGG, AGG_START_T: 0.0, AGG_END_T: 0.0 || EVAL, EVAL_START_T: 1765439098.6424232, EVAL_END_T: 1765439099.2352839 || RECV, RECV_START_T: 0.0, RECV_END_T: 0.0 || DIST, DIST_START_T: 0.0, DIST_END_T: 0.0 || LOAD, LOAD_START_T: 1765439063.2058063, LOAD_END_T: 1765439069.4005992 || MSG_MTo, MSG_MTo_START_T: 0.0, MSG_MTo_END_T: 0.0
Loaded FEMNIST test split partition_id=59 with 361 samples
Wall-clock time: 1765439128.2523077 ||Test loss: 0.7649 || Test accuracy: 0.7479 || CPU time: 7.5955 || CPU utilization: 0.2618 || R#419's duration (s): 29.0170 || Cumulative runtime (s): 14509.1208 || Loading data delay (s): 6.4258 || Eval delay (s): 0.5821 || Agg delay (s): 0.0000 || Coordination delay (s): 0.0000 || DIST task delay: 0.0000 || RECV task delay: 0.0000 || Queueing delay: 0.0000 || MSG (from mid) Ave. delay: 0.0000 || Total cache delay: 0.0000 || Ave. cache delay: 0.0000
[R#419] CUMULATIVE_RUNTIME_SEC=14509.1208
Top Aggregator Timestamps: CACHE, CACHE_START_T: 0.0, CACHE_END_T: 0.0 || AGG, AGG_START_T: 0.0, AGG_END_T: 0.0 || EVAL, EVAL_START_T: 1765439127.6701684, EVAL_END_T: 1765439128.2522883 || RECV, RECV_START_T: 0.0, RECV_END_T: 0.0 || DIST, DIST_START_T: 0.0, DIST_END_T: 0.0 || LOAD, LOAD_START_T: 1765439099.2380002, LOAD_END_T: 1765439105.6638088 || MSG_MTo, MSG_MTo_START_T: 0.0, MSG_MTo_END_T: 0.0
Loaded FEMNIST test split partition_id=3 with 397 samples
Wall-clock time: 1765439162.6729827 ||Test loss: 0.4409 || Test accuracy: 0.8892 || CPU time: 8.3302 || CPU utilization: 0.2420 || R#420's duration (s): 34.4207 || Cumulative runtime (s): 14543.5414 || Loading data delay (s): 6.8379 || Eval delay (s): 0.6428 || Agg delay (s): 0.0000 || Coordination delay (s): 0.0000 || DIST task delay: 0.0000 || RECV task delay: 0.0000 || Queueing delay: 0.0000 || MSG (from mid) Ave. delay: 0.0000 || Total cache delay: 0.0000 || Ave. cache delay: 0.0000
[R#420] CUMULATIVE_RUNTIME_SEC=14543.5414
Top Aggregator Timestamps: CACHE, CACHE_START_T: 0.0, CACHE_END_T: 0.0 || AGG, AGG_START_T: 0.0, AGG_END_T: 0.0 || EVAL, EVAL_START_T: 1765439162.0302, EVAL_END_T: 1765439162.6729584 || RECV, RECV_START_T: 0.0, RECV_END_T: 0.0 || DIST, DIST_START_T: 0.0, DIST_END_T: 0.0 || LOAD, LOAD_START_T: 1765439128.255298, LOAD_END_T: 1765439135.0932362 || MSG_MTo, MSG_MTo_START_T: 0.0, MSG_MTo_END_T: 0.0
Loaded FEMNIST test split partition_id=28 with 399 samples
Wall-clock time: 1765439194.259212 ||Test loss: 0.8532 || Test accuracy: 0.7619 || CPU time: 8.1131 || CPU utilization: 0.2569 || R#421's duration (s): 31.5862 || Cumulative runtime (s): 14575.1277 || Loading data delay (s): 6.2697 || Eval delay (s): 0.6241 || Agg delay (s): 0.0000 || Coordination delay (s): 0.0000 || DIST task delay: 0.0000 || RECV task delay: 0.0000 || Queueing delay: 0.0000 || MSG (from mid) Ave. delay: 0.0000 || Total cache delay: 0.0000 || Ave. cache delay: 0.0000
[R#421] CUMULATIVE_RUNTIME_SEC=14575.1277
Top Aggregator Timestamps: CACHE, CACHE_START_T: 0.0, CACHE_END_T: 0.0 || AGG, AGG_START_T: 0.0, AGG_END_T: 0.0 || EVAL, EVAL_START_T: 1765439193.6350853, EVAL_END_T: 1765439194.2591856 || RECV, RECV_START_T: 0.0, RECV_END_T: 0.0 || DIST, DIST_START_T: 0.0, DIST_END_T: 0.0 || LOAD, LOAD_START_T: 1765439162.6757984, LOAD_END_T: 1765439168.9455414 || MSG_MTo, MSG_MTo_START_T: 0.0, MSG_MTo_END_T: 0.0
Loaded FEMNIST test split partition_id=12 with 308 samples
Wall-clock time: 1765439228.4752507 ||Test loss: 0.6966 || Test accuracy: 0.7662 || CPU time: 7.0345 || CPU utilization: 0.2056 || R#422's duration (s): 34.2160 || Cumulative runtime (s): 14609.3437 || Loading data delay (s): 6.3949 || Eval delay (s): 0.5544 || Agg delay (s): 0.0000 || Coordination delay (s): 0.0000 || DIST task delay: 0.0000 || RECV task delay: 0.0000 || Queueing delay: 0.0000 || MSG (from mid) Ave. delay: 0.0000 || Total cache delay: 0.0000 || Ave. cache delay: 0.0000
[R#422] CUMULATIVE_RUNTIME_SEC=14609.3437
Top Aggregator Timestamps: CACHE, CACHE_START_T: 0.0, CACHE_END_T: 0.0 || AGG, AGG_START_T: 0.0, AGG_END_T: 0.0 || EVAL, EVAL_START_T: 1765439227.9208374, EVAL_END_T: 1765439228.475209 || RECV, RECV_START_T: 0.0, RECV_END_T: 0.0 || DIST, DIST_START_T: 0.0, DIST_END_T: 0.0 || LOAD, LOAD_START_T: 1765439194.2619536, LOAD_END_T: 1765439200.6568434 || MSG_MTo, MSG_MTo_START_T: 0.0, MSG_MTo_END_T: 0.0
Loaded FEMNIST test split partition_id=64 with 355 samples
Wall-clock time: 1765439268.4368312 ||Test loss: 1.5616 || Test accuracy: 0.5915 || CPU time: 7.5346 || CPU utilization: 0.1885 || R#423's duration (s): 39.9616 || Cumulative runtime (s): 14649.3053 || Loading data delay (s): 7.1914 || Eval delay (s): 0.5792 || Agg delay (s): 0.0000 || Coordination delay (s): 0.0000 || DIST task delay: 0.0000 || RECV task delay: 0.0000 || Queueing delay: 0.0000 || MSG (from mid) Ave. delay: 0.0000 || Total cache delay: 0.0000 || Ave. cache delay: 0.0000
[R#423] CUMULATIVE_RUNTIME_SEC=14649.3053
Top Aggregator Timestamps: CACHE, CACHE_START_T: 0.0, CACHE_END_T: 0.0 || AGG, AGG_START_T: 0.0, AGG_END_T: 0.0 || EVAL, EVAL_START_T: 1765439267.857557, EVAL_END_T: 1765439268.436804 || RECV, RECV_START_T: 0.0, RECV_END_T: 0.0 || DIST, DIST_START_T: 0.0, DIST_END_T: 0.0 || LOAD, LOAD_START_T: 1765439228.4788027, LOAD_END_T: 1765439235.6702101 || MSG_MTo, MSG_MTo_START_T: 0.0, MSG_MTo_END_T: 0.0
Loaded FEMNIST test split partition_id=25 with 317 samples
Wall-clock time: 1765439301.7801936 ||Test loss: 0.5067 || Test accuracy: 0.8454 || CPU time: 6.8658 || CPU utilization: 0.2059 || R#424's duration (s): 33.3434 || Cumulative runtime (s): 14682.6486 || Loading data delay (s): 6.4047 || Eval delay (s): 0.5279 || Agg delay (s): 0.0000 || Coordination delay (s): 0.0000 || DIST task delay: 0.0000 || RECV task delay: 0.0000 || Queueing delay: 0.0000 || MSG (from mid) Ave. delay: 0.0000 || Total cache delay: 0.0000 || Ave. cache delay: 0.0000
[R#424] CUMULATIVE_RUNTIME_SEC=14682.6486
Top Aggregator Timestamps: CACHE, CACHE_START_T: 0.0, CACHE_END_T: 0.0 || AGG, AGG_START_T: 0.0, AGG_END_T: 0.0 || EVAL, EVAL_START_T: 1765439301.2522388, EVAL_END_T: 1765439301.7801707 || RECV, RECV_START_T: 0.0, RECV_END_T: 0.0 || DIST, DIST_START_T: 0.0, DIST_END_T: 0.0 || LOAD, LOAD_START_T: 1765439268.4399636, LOAD_END_T: 1765439274.844712 || MSG_MTo, MSG_MTo_START_T: 0.0, MSG_MTo_END_T: 0.0
Loaded FEMNIST test split partition_id=50 with 313 samples
Wall-clock time: 1765439343.3669136 ||Test loss: 0.5178 || Test accuracy: 0.8594 || CPU time: 7.3806 || CPU utilization: 0.1775 || R#425's duration (s): 41.5867 || Cumulative runtime (s): 14724.2354 || Loading data delay (s): 6.4655 || Eval delay (s): 0.5854 || Agg delay (s): 0.0000 || Coordination delay (s): 0.0000 || DIST task delay: 0.0000 || RECV task delay: 0.0000 || Queueing delay: 0.0000 || MSG (from mid) Ave. delay: 0.0000 || Total cache delay: 0.0000 || Ave. cache delay: 0.0000
[R#425] CUMULATIVE_RUNTIME_SEC=14724.2354
Top Aggregator Timestamps: CACHE, CACHE_START_T: 0.0, CACHE_END_T: 0.0 || AGG, AGG_START_T: 0.0, AGG_END_T: 0.0 || EVAL, EVAL_START_T: 1765439342.7814896, EVAL_END_T: 1765439343.366872 || RECV, RECV_START_T: 0.0, RECV_END_T: 0.0 || DIST, DIST_START_T: 0.0, DIST_END_T: 0.0 || LOAD, LOAD_START_T: 1765439301.7828813, LOAD_END_T: 1765439308.2483773 || MSG_MTo, MSG_MTo_START_T: 0.0, MSG_MTo_END_T: 0.0
Loaded FEMNIST test split partition_id=56 with 343 samples
Wall-clock time: 1765439383.7794318 ||Test loss: 0.8194 || Test accuracy: 0.7755 || CPU time: 7.2941 || CPU utilization: 0.1805 || R#426's duration (s): 40.4125 || Cumulative runtime (s): 14764.6479 || Loading data delay (s): 6.8884 || Eval delay (s): 0.5640 || Agg delay (s): 0.0000 || Coordination delay (s): 0.0000 || DIST task delay: 0.0000 || RECV task delay: 0.0000 || Queueing delay: 0.0000 || MSG (from mid) Ave. delay: 0.0000 || Total cache delay: 0.0000 || Ave. cache delay: 0.0000
[R#426] CUMULATIVE_RUNTIME_SEC=14764.6479
Top Aggregator Timestamps: CACHE, CACHE_START_T: 0.0, CACHE_END_T: 0.0 || AGG, AGG_START_T: 0.0, AGG_END_T: 0.0 || EVAL, EVAL_START_T: 1765439383.2153776, EVAL_END_T: 1765439383.7794085 || RECV, RECV_START_T: 0.0, RECV_END_T: 0.0 || DIST, DIST_START_T: 0.0, DIST_END_T: 0.0 || LOAD, LOAD_START_T: 1765439343.3704712, LOAD_END_T: 1765439350.258885 || MSG_MTo, MSG_MTo_START_T: 0.0, MSG_MTo_END_T: 0.0
Loaded FEMNIST test split partition_id=61 with 356 samples
Wall-clock time: 1765439424.9196877 ||Test loss: 2.3884 || Test accuracy: 0.3483 || CPU time: 8.1460 || CPU utilization: 0.1980 || R#427's duration (s): 41.1403 || Cumulative runtime (s): 14805.7881 || Loading data delay (s): 6.4563 || Eval delay (s): 0.6418 || Agg delay (s): 0.0000 || Coordination delay (s): 0.0000 || DIST task delay: 0.0000 || RECV task delay: 0.0000 || Queueing delay: 0.0000 || MSG (from mid) Ave. delay: 0.0000 || Total cache delay: 0.0000 || Ave. cache delay: 0.0000
[R#427] CUMULATIVE_RUNTIME_SEC=14805.7881
Top Aggregator Timestamps: CACHE, CACHE_START_T: 0.0, CACHE_END_T: 0.0 || AGG, AGG_START_T: 0.0, AGG_END_T: 0.0 || EVAL, EVAL_START_T: 1765439424.277878, EVAL_END_T: 1765439424.9196572 || RECV, RECV_START_T: 0.0, RECV_END_T: 0.0 || DIST, DIST_START_T: 0.0, DIST_END_T: 0.0 || LOAD, LOAD_START_T: 1765439383.782253, LOAD_END_T: 1765439390.2385259 || MSG_MTo, MSG_MTo_START_T: 0.0, MSG_MTo_END_T: 0.0
Loaded FEMNIST test split partition_id=39 with 373 samples
Wall-clock time: 1765439456.0186956 ||Test loss: 1.0460 || Test accuracy: 0.6729 || CPU time: 7.8762 || CPU utilization: 0.2533 || R#428's duration (s): 31.0990 || Cumulative runtime (s): 14836.8871 || Loading data delay (s): 7.0803 || Eval delay (s): 0.6093 || Agg delay (s): 0.0000 || Coordination delay (s): 0.0000 || DIST task delay: 0.0000 || RECV task delay: 0.0000 || Queueing delay: 0.0000 || MSG (from mid) Ave. delay: 0.0000 || Total cache delay: 0.0000 || Ave. cache delay: 0.0000
[R#428] CUMULATIVE_RUNTIME_SEC=14836.8871
Top Aggregator Timestamps: CACHE, CACHE_START_T: 0.0, CACHE_END_T: 0.0 || AGG, AGG_START_T: 0.0, AGG_END_T: 0.0 || EVAL, EVAL_START_T: 1765439455.4093442, EVAL_END_T: 1765439456.0186734 || RECV, RECV_START_T: 0.0, RECV_END_T: 0.0 || DIST, DIST_START_T: 0.0, DIST_END_T: 0.0 || LOAD, LOAD_START_T: 1765439424.922849, LOAD_END_T: 1765439432.0031023 || MSG_MTo, MSG_MTo_START_T: 0.0, MSG_MTo_END_T: 0.0
Loaded FEMNIST test split partition_id=18 with 383 samples
Wall-clock time: 1765439489.9820356 ||Test loss: 0.8354 || Test accuracy: 0.7415 || CPU time: 8.3136 || CPU utilization: 0.2448 || R#429's duration (s): 33.9633 || Cumulative runtime (s): 14870.8505 || Loading data delay (s): 6.9261 || Eval delay (s): 0.6605 || Agg delay (s): 0.0000 || Coordination delay (s): 0.0000 || DIST task delay: 0.0000 || RECV task delay: 0.0000 || Queueing delay: 0.0000 || MSG (from mid) Ave. delay: 0.0000 || Total cache delay: 0.0000 || Ave. cache delay: 0.0000
[R#429] CUMULATIVE_RUNTIME_SEC=14870.8505
Top Aggregator Timestamps: CACHE, CACHE_START_T: 0.0, CACHE_END_T: 0.0 || AGG, AGG_START_T: 0.0, AGG_END_T: 0.0 || EVAL, EVAL_START_T: 1765439489.321536, EVAL_END_T: 1765439489.9820101 || RECV, RECV_START_T: 0.0, RECV_END_T: 0.0 || DIST, DIST_START_T: 0.0, DIST_END_T: 0.0 || LOAD, LOAD_START_T: 1765439456.0219917, LOAD_END_T: 1765439462.9480593 || MSG_MTo, MSG_MTo_START_T: 0.0, MSG_MTo_END_T: 0.0
Loaded FEMNIST test split partition_id=18 with 383 samples
Wall-clock time: 1765439513.7534063 ||Test loss: 0.7072 || Test accuracy: 0.7624 || CPU time: 8.4144 || CPU utilization: 0.3540 || R#430's duration (s): 23.7714 || Cumulative runtime (s): 14894.6219 || Loading data delay (s): 7.2270 || Eval delay (s): 0.6692 || Agg delay (s): 0.0000 || Coordination delay (s): 0.0000 || DIST task delay: 0.0000 || RECV task delay: 0.0000 || Queueing delay: 0.0000 || MSG (from mid) Ave. delay: 0.0000 || Total cache delay: 0.0000 || Ave. cache delay: 0.0000
[R#430] CUMULATIVE_RUNTIME_SEC=14894.6219
Top Aggregator Timestamps: CACHE, CACHE_START_T: 0.0, CACHE_END_T: 0.0 || AGG, AGG_START_T: 0.0, AGG_END_T: 0.0 || EVAL, EVAL_START_T: 1765439513.0841599, EVAL_END_T: 1765439513.7533746 || RECV, RECV_START_T: 0.0, RECV_END_T: 0.0 || DIST, DIST_START_T: 0.0, DIST_END_T: 0.0 || LOAD, LOAD_START_T: 1765439489.9851358, LOAD_END_T: 1765439497.212137 || MSG_MTo, MSG_MTo_START_T: 0.0, MSG_MTo_END_T: 0.0
Loaded FEMNIST test split partition_id=61 with 356 samples
Wall-clock time: 1765439554.6433485 ||Test loss: 2.6272 || Test accuracy: 0.4326 || CPU time: 7.7245 || CPU utilization: 0.1889 || R#431's duration (s): 40.8899 || Cumulative runtime (s): 14935.5118 || Loading data delay (s): 6.7196 || Eval delay (s): 0.5959 || Agg delay (s): 0.0000 || Coordination delay (s): 0.0000 || DIST task delay: 0.0000 || RECV task delay: 0.0000 || Queueing delay: 0.0000 || MSG (from mid) Ave. delay: 0.0000 || Total cache delay: 0.0000 || Ave. cache delay: 0.0000
[R#431] CUMULATIVE_RUNTIME_SEC=14935.5118
Top Aggregator Timestamps: CACHE, CACHE_START_T: 0.0, CACHE_END_T: 0.0 || AGG, AGG_START_T: 0.0, AGG_END_T: 0.0 || EVAL, EVAL_START_T: 1765439554.0474188, EVAL_END_T: 1765439554.64332 || RECV, RECV_START_T: 0.0, RECV_END_T: 0.0 || DIST, DIST_START_T: 0.0, DIST_END_T: 0.0 || LOAD, LOAD_START_T: 1765439513.7565672, LOAD_END_T: 1765439520.4761283 || MSG_MTo, MSG_MTo_START_T: 0.0, MSG_MTo_END_T: 0.0
Loaded FEMNIST test split partition_id=67 with 253 samples
Wall-clock time: 1765439595.0827477 ||Test loss: 1.9269 || Test accuracy: 0.4901 || CPU time: 5.2752 || CPU utilization: 0.1304 || R#432's duration (s): 40.4394 || Cumulative runtime (s): 14975.9512 || Loading data delay (s): 7.0153 || Eval delay (s): 0.4046 || Agg delay (s): 0.0000 || Coordination delay (s): 0.0000 || DIST task delay: 0.0000 || RECV task delay: 0.0000 || Queueing delay: 0.0000 || MSG (from mid) Ave. delay: 0.0000 || Total cache delay: 0.0000 || Ave. cache delay: 0.0000
[R#432] CUMULATIVE_RUNTIME_SEC=14975.9512
Top Aggregator Timestamps: CACHE, CACHE_START_T: 0.0, CACHE_END_T: 0.0 || AGG, AGG_START_T: 0.0, AGG_END_T: 0.0 || EVAL, EVAL_START_T: 1765439594.6781032, EVAL_END_T: 1765439595.0827115 || RECV, RECV_START_T: 0.0, RECV_END_T: 0.0 || DIST, DIST_START_T: 0.0, DIST_END_T: 0.0 || LOAD, LOAD_START_T: 1765439554.646195, LOAD_END_T: 1765439561.6614947 || MSG_MTo, MSG_MTo_START_T: 0.0, MSG_MTo_END_T: 0.0
Loaded FEMNIST test split partition_id=64 with 355 samples
Wall-clock time: 1765439625.4929812 ||Test loss: 1.2079 || Test accuracy: 0.6592 || CPU time: 7.6402 || CPU utilization: 0.2512 || R#433's duration (s): 30.4102 || Cumulative runtime (s): 15006.3614 || Loading data delay (s): 6.4901 || Eval delay (s): 0.5821 || Agg delay (s): 0.0000 || Coordination delay (s): 0.0000 || DIST task delay: 0.0000 || RECV task delay: 0.0000 || Queueing delay: 0.0000 || MSG (from mid) Ave. delay: 0.0000 || Total cache delay: 0.0000 || Ave. cache delay: 0.0000
[R#433] CUMULATIVE_RUNTIME_SEC=15006.3614
Top Aggregator Timestamps: CACHE, CACHE_START_T: 0.0, CACHE_END_T: 0.0 || AGG, AGG_START_T: 0.0, AGG_END_T: 0.0 || EVAL, EVAL_START_T: 1765439624.9108582, EVAL_END_T: 1765439625.4929595 || RECV, RECV_START_T: 0.0, RECV_END_T: 0.0 || DIST, DIST_START_T: 0.0, DIST_END_T: 0.0 || LOAD, LOAD_START_T: 1765439595.0859604, LOAD_END_T: 1765439601.5760524 || MSG_MTo, MSG_MTo_START_T: 0.0, MSG_MTo_END_T: 0.0
Loaded FEMNIST test split partition_id=25 with 317 samples
Wall-clock time: 1765439660.0117667 ||Test loss: 0.5539 || Test accuracy: 0.8233 || CPU time: 6.6054 || CPU utilization: 0.1914 || R#434's duration (s): 34.5188 || Cumulative runtime (s): 15040.8802 || Loading data delay (s): 6.6440 || Eval delay (s): 0.5026 || Agg delay (s): 0.0000 || Coordination delay (s): 0.0000 || DIST task delay: 0.0000 || RECV task delay: 0.0000 || Queueing delay: 0.0000 || MSG (from mid) Ave. delay: 0.0000 || Total cache delay: 0.0000 || Ave. cache delay: 0.0000
[R#434] CUMULATIVE_RUNTIME_SEC=15040.8802
Top Aggregator Timestamps: CACHE, CACHE_START_T: 0.0, CACHE_END_T: 0.0 || AGG, AGG_START_T: 0.0, AGG_END_T: 0.0 || EVAL, EVAL_START_T: 1765439659.5091693, EVAL_END_T: 1765439660.0117452 || RECV, RECV_START_T: 0.0, RECV_END_T: 0.0 || DIST, DIST_START_T: 0.0, DIST_END_T: 0.0 || LOAD, LOAD_START_T: 1765439625.4958203, LOAD_END_T: 1765439632.1398277 || MSG_MTo, MSG_MTo_START_T: 0.0, MSG_MTo_END_T: 0.0
Loaded FEMNIST test split partition_id=55 with 373 samples
Wall-clock time: 1765439700.5457609 ||Test loss: 1.1944 || Test accuracy: 0.6649 || CPU time: 8.4441 || CPU utilization: 0.2083 || R#435's duration (s): 40.5340 || Cumulative runtime (s): 15081.4142 || Loading data delay (s): 6.7993 || Eval delay (s): 0.6667 || Agg delay (s): 0.0000 || Coordination delay (s): 0.0000 || DIST task delay: 0.0000 || RECV task delay: 0.0000 || Queueing delay: 0.0000 || MSG (from mid) Ave. delay: 0.0000 || Total cache delay: 0.0000 || Ave. cache delay: 0.0000
[R#435] CUMULATIVE_RUNTIME_SEC=15081.4142
Top Aggregator Timestamps: CACHE, CACHE_START_T: 0.0, CACHE_END_T: 0.0 || AGG, AGG_START_T: 0.0, AGG_END_T: 0.0 || EVAL, EVAL_START_T: 1765439699.8789806, EVAL_END_T: 1765439700.5457299 || RECV, RECV_START_T: 0.0, RECV_END_T: 0.0 || DIST, DIST_START_T: 0.0, DIST_END_T: 0.0 || LOAD, LOAD_START_T: 1765439660.014695, LOAD_END_T: 1765439666.8140373 || MSG_MTo, MSG_MTo_START_T: 0.0, MSG_MTo_END_T: 0.0
Loaded FEMNIST test split partition_id=45 with 327 samples
Wall-clock time: 1765439734.7091873 ||Test loss: 1.2562 || Test accuracy: 0.6177 || CPU time: 7.4678 || CPU utilization: 0.2186 || R#436's duration (s): 34.1634 || Cumulative runtime (s): 15115.5776 || Loading data delay (s): 6.7295 || Eval delay (s): 0.5912 || Agg delay (s): 0.0000 || Coordination delay (s): 0.0000 || DIST task delay: 0.0000 || RECV task delay: 0.0000 || Queueing delay: 0.0000 || MSG (from mid) Ave. delay: 0.0000 || Total cache delay: 0.0000 || Ave. cache delay: 0.0000
[R#436] CUMULATIVE_RUNTIME_SEC=15115.5776
Top Aggregator Timestamps: CACHE, CACHE_START_T: 0.0, CACHE_END_T: 0.0 || AGG, AGG_START_T: 0.0, AGG_END_T: 0.0 || EVAL, EVAL_START_T: 1765439734.1179671, EVAL_END_T: 1765439734.709154 || RECV, RECV_START_T: 0.0, RECV_END_T: 0.0 || DIST, DIST_START_T: 0.0, DIST_END_T: 0.0 || LOAD, LOAD_START_T: 1765439700.5488987, LOAD_END_T: 1765439707.2784107 || MSG_MTo, MSG_MTo_START_T: 0.0, MSG_MTo_END_T: 0.0
Loaded FEMNIST test split partition_id=7 with 375 samples
Wall-clock time: 1765439772.2433653 ||Test loss: 1.7627 || Test accuracy: 0.5493 || CPU time: 8.1360 || CPU utilization: 0.2168 || R#437's duration (s): 37.5342 || Cumulative runtime (s): 15153.1118 || Loading data delay (s): 6.9853 || Eval delay (s): 0.6219 || Agg delay (s): 0.0000 || Coordination delay (s): 0.0000 || DIST task delay: 0.0000 || RECV task delay: 0.0000 || Queueing delay: 0.0000 || MSG (from mid) Ave. delay: 0.0000 || Total cache delay: 0.0000 || Ave. cache delay: 0.0000
[R#437] CUMULATIVE_RUNTIME_SEC=15153.1118
Top Aggregator Timestamps: CACHE, CACHE_START_T: 0.0, CACHE_END_T: 0.0 || AGG, AGG_START_T: 0.0, AGG_END_T: 0.0 || EVAL, EVAL_START_T: 1765439771.6214323, EVAL_END_T: 1765439772.2433314 || RECV, RECV_START_T: 0.0, RECV_END_T: 0.0 || DIST, DIST_START_T: 0.0, DIST_END_T: 0.0 || LOAD, LOAD_START_T: 1765439734.7122905, LOAD_END_T: 1765439741.6976368 || MSG_MTo, MSG_MTo_START_T: 0.0, MSG_MTo_END_T: 0.0
Loaded FEMNIST test split partition_id=22 with 334 samples
Wall-clock time: 1765439808.7914548 ||Test loss: 1.1376 || Test accuracy: 0.7216 || CPU time: 7.5241 || CPU utilization: 0.2059 || R#438's duration (s): 36.5481 || Cumulative runtime (s): 15189.6599 || Loading data delay (s): 6.2190 || Eval delay (s): 0.6042 || Agg delay (s): 0.0000 || Coordination delay (s): 0.0000 || DIST task delay: 0.0000 || RECV task delay: 0.0000 || Queueing delay: 0.0000 || MSG (from mid) Ave. delay: 0.0000 || Total cache delay: 0.0000 || Ave. cache delay: 0.0000
[R#438] CUMULATIVE_RUNTIME_SEC=15189.6599
Top Aggregator Timestamps: CACHE, CACHE_START_T: 0.0, CACHE_END_T: 0.0 || AGG, AGG_START_T: 0.0, AGG_END_T: 0.0 || EVAL, EVAL_START_T: 1765439808.1872678, EVAL_END_T: 1765439808.79143 || RECV, RECV_START_T: 0.0, RECV_END_T: 0.0 || DIST, DIST_START_T: 0.0, DIST_END_T: 0.0 || LOAD, LOAD_START_T: 1765439772.246528, LOAD_END_T: 1765439778.4655452 || MSG_MTo, MSG_MTo_START_T: 0.0, MSG_MTo_END_T: 0.0
Loaded FEMNIST test split partition_id=25 with 317 samples
Wall-clock time: 1765439842.6854153 ||Test loss: 0.8267 || Test accuracy: 0.7508 || CPU time: 6.8716 || CPU utilization: 0.2027 || R#439's duration (s): 33.8940 || Cumulative runtime (s): 15223.5539 || Loading data delay (s): 6.8403 || Eval delay (s): 0.5298 || Agg delay (s): 0.0000 || Coordination delay (s): 0.0000 || DIST task delay: 0.0000 || RECV task delay: 0.0000 || Queueing delay: 0.0000 || MSG (from mid) Ave. delay: 0.0000 || Total cache delay: 0.0000 || Ave. cache delay: 0.0000
[R#439] CUMULATIVE_RUNTIME_SEC=15223.5539
Top Aggregator Timestamps: CACHE, CACHE_START_T: 0.0, CACHE_END_T: 0.0 || AGG, AGG_START_T: 0.0, AGG_END_T: 0.0 || EVAL, EVAL_START_T: 1765439842.1556294, EVAL_END_T: 1765439842.6853898 || RECV, RECV_START_T: 0.0, RECV_END_T: 0.0 || DIST, DIST_START_T: 0.0, DIST_END_T: 0.0 || LOAD, LOAD_START_T: 1765439808.7951405, LOAD_END_T: 1765439815.63546 || MSG_MTo, MSG_MTo_START_T: 0.0, MSG_MTo_END_T: 0.0
Loaded FEMNIST test split partition_id=60 with 303 samples
Wall-clock time: 1765439881.270209 ||Test loss: 0.7528 || Test accuracy: 0.7591 || CPU time: 6.6001 || CPU utilization: 0.1711 || R#440's duration (s): 38.5848 || Cumulative runtime (s): 15262.1387 || Loading data delay (s): 7.0193 || Eval delay (s): 0.5187 || Agg delay (s): 0.0000 || Coordination delay (s): 0.0000 || DIST task delay: 0.0000 || RECV task delay: 0.0000 || Queueing delay: 0.0000 || MSG (from mid) Ave. delay: 0.0000 || Total cache delay: 0.0000 || Ave. cache delay: 0.0000
[R#440] CUMULATIVE_RUNTIME_SEC=15262.1387
Top Aggregator Timestamps: CACHE, CACHE_START_T: 0.0, CACHE_END_T: 0.0 || AGG, AGG_START_T: 0.0, AGG_END_T: 0.0 || EVAL, EVAL_START_T: 1765439880.7514608, EVAL_END_T: 1765439881.27019 || RECV, RECV_START_T: 0.0, RECV_END_T: 0.0 || DIST, DIST_START_T: 0.0, DIST_END_T: 0.0 || LOAD, LOAD_START_T: 1765439842.6880918, LOAD_END_T: 1765439849.7074401 || MSG_MTo, MSG_MTo_START_T: 0.0, MSG_MTo_END_T: 0.0
Loaded FEMNIST test split partition_id=37 with 403 samples
Wall-clock time: 1765439917.7974586 ||Test loss: 0.6157 || Test accuracy: 0.8213 || CPU time: 8.8674 || CPU utilization: 0.2428 || R#441's duration (s): 36.5272 || Cumulative runtime (s): 15298.6659 || Loading data delay (s): 6.3963 || Eval delay (s): 0.7016 || Agg delay (s): 0.0000 || Coordination delay (s): 0.0000 || DIST task delay: 0.0000 || RECV task delay: 0.0000 || Queueing delay: 0.0000 || MSG (from mid) Ave. delay: 0.0000 || Total cache delay: 0.0000 || Ave. cache delay: 0.0000
[R#441] CUMULATIVE_RUNTIME_SEC=15298.6659
Top Aggregator Timestamps: CACHE, CACHE_START_T: 0.0, CACHE_END_T: 0.0 || AGG, AGG_START_T: 0.0, AGG_END_T: 0.0 || EVAL, EVAL_START_T: 1765439917.095826, EVAL_END_T: 1765439917.7974353 || RECV, RECV_START_T: 0.0, RECV_END_T: 0.0 || DIST, DIST_START_T: 0.0, DIST_END_T: 0.0 || LOAD, LOAD_START_T: 1765439881.2730196, LOAD_END_T: 1765439887.6692717 || MSG_MTo, MSG_MTo_START_T: 0.0, MSG_MTo_END_T: 0.0
Loaded FEMNIST test split partition_id=52 with 218 samples
Wall-clock time: 1765439942.7481294 ||Test loss: 0.8570 || Test accuracy: 0.7110 || CPU time: 5.1175 || CPU utilization: 0.2051 || R#442's duration (s): 24.9507 || Cumulative runtime (s): 15323.6166 || Loading data delay (s): 7.0644 || Eval delay (s): 0.4050 || Agg delay (s): 0.0000 || Coordination delay (s): 0.0000 || DIST task delay: 0.0000 || RECV task delay: 0.0000 || Queueing delay: 0.0000 || MSG (from mid) Ave. delay: 0.0000 || Total cache delay: 0.0000 || Ave. cache delay: 0.0000
[R#442] CUMULATIVE_RUNTIME_SEC=15323.6166
Top Aggregator Timestamps: CACHE, CACHE_START_T: 0.0, CACHE_END_T: 0.0 || AGG, AGG_START_T: 0.0, AGG_END_T: 0.0 || EVAL, EVAL_START_T: 1765439942.343092, EVAL_END_T: 1765439942.7481043 || RECV, RECV_START_T: 0.0, RECV_END_T: 0.0 || DIST, DIST_START_T: 0.0, DIST_END_T: 0.0 || LOAD, LOAD_START_T: 1765439917.80065, LOAD_END_T: 1765439924.8650897 || MSG_MTo, MSG_MTo_START_T: 0.0, MSG_MTo_END_T: 0.0
Loaded FEMNIST test split partition_id=22 with 334 samples
Wall-clock time: 1765439983.85517 ||Test loss: 1.2011 || Test accuracy: 0.6886 || CPU time: 7.4299 || CPU utilization: 0.1807 || R#443's duration (s): 41.1070 || Cumulative runtime (s): 15364.7236 || Loading data delay (s): 6.6729 || Eval delay (s): 0.5813 || Agg delay (s): 0.0000 || Coordination delay (s): 0.0000 || DIST task delay: 0.0000 || RECV task delay: 0.0000 || Queueing delay: 0.0000 || MSG (from mid) Ave. delay: 0.0000 || Total cache delay: 0.0000 || Ave. cache delay: 0.0000
[R#443] CUMULATIVE_RUNTIME_SEC=15364.7236
Top Aggregator Timestamps: CACHE, CACHE_START_T: 0.0, CACHE_END_T: 0.0 || AGG, AGG_START_T: 0.0, AGG_END_T: 0.0 || EVAL, EVAL_START_T: 1765439983.273841, EVAL_END_T: 1765439983.8551493 || RECV, RECV_START_T: 0.0, RECV_END_T: 0.0 || DIST, DIST_START_T: 0.0, DIST_END_T: 0.0 || LOAD, LOAD_START_T: 1765439942.7511208, LOAD_END_T: 1765439949.424006 || MSG_MTo, MSG_MTo_START_T: 0.0, MSG_MTo_END_T: 0.0
Loaded FEMNIST test split partition_id=43 with 330 samples
Wall-clock time: 1765440022.563433 ||Test loss: 0.5939 || Test accuracy: 0.8182 || CPU time: 7.9649 || CPU utilization: 0.2058 || R#444's duration (s): 38.7083 || Cumulative runtime (s): 15403.4319 || Loading data delay (s): 6.8729 || Eval delay (s): 0.6181 || Agg delay (s): 0.0000 || Coordination delay (s): 0.0000 || DIST task delay: 0.0000 || RECV task delay: 0.0000 || Queueing delay: 0.0000 || MSG (from mid) Ave. delay: 0.0000 || Total cache delay: 0.0000 || Ave. cache delay: 0.0000
[R#444] CUMULATIVE_RUNTIME_SEC=15403.4319
Top Aggregator Timestamps: CACHE, CACHE_START_T: 0.0, CACHE_END_T: 0.0 || AGG, AGG_START_T: 0.0, AGG_END_T: 0.0 || EVAL, EVAL_START_T: 1765440021.9452558, EVAL_END_T: 1765440022.5633922 || RECV, RECV_START_T: 0.0, RECV_END_T: 0.0 || DIST, DIST_START_T: 0.0, DIST_END_T: 0.0 || LOAD, LOAD_START_T: 1765439983.8580232, LOAD_END_T: 1765439990.7308836 || MSG_MTo, MSG_MTo_START_T: 0.0, MSG_MTo_END_T: 0.0
Loaded FEMNIST test split partition_id=67 with 253 samples
Wall-clock time: 1765440057.1317952 ||Test loss: 1.3331 || Test accuracy: 0.6364 || CPU time: 5.9149 || CPU utilization: 0.1711 || R#445's duration (s): 34.5684 || Cumulative runtime (s): 15438.0002 || Loading data delay (s): 7.1447 || Eval delay (s): 0.4670 || Agg delay (s): 0.0000 || Coordination delay (s): 0.0000 || DIST task delay: 0.0000 || RECV task delay: 0.0000 || Queueing delay: 0.0000 || MSG (from mid) Ave. delay: 0.0000 || Total cache delay: 0.0000 || Ave. cache delay: 0.0000
[R#445] CUMULATIVE_RUNTIME_SEC=15438.0002
Top Aggregator Timestamps: CACHE, CACHE_START_T: 0.0, CACHE_END_T: 0.0 || AGG, AGG_START_T: 0.0, AGG_END_T: 0.0 || EVAL, EVAL_START_T: 1765440056.6647673, EVAL_END_T: 1765440057.1317704 || RECV, RECV_START_T: 0.0, RECV_END_T: 0.0 || DIST, DIST_START_T: 0.0, DIST_END_T: 0.0 || LOAD, LOAD_START_T: 1765440022.5671253, LOAD_END_T: 1765440029.7118633 || MSG_MTo, MSG_MTo_START_T: 0.0, MSG_MTo_END_T: 0.0
Loaded FEMNIST test split partition_id=43 with 330 samples
Wall-clock time: 1765440092.6160452 ||Test loss: 0.4261 || Test accuracy: 0.8576 || CPU time: 7.2894 || CPU utilization: 0.2054 || R#446's duration (s): 35.4843 || Cumulative runtime (s): 15473.4845 || Loading data delay (s): 6.8821 || Eval delay (s): 0.5592 || Agg delay (s): 0.0000 || Coordination delay (s): 0.0000 || DIST task delay: 0.0000 || RECV task delay: 0.0000 || Queueing delay: 0.0000 || MSG (from mid) Ave. delay: 0.0000 || Total cache delay: 0.0000 || Ave. cache delay: 0.0000
[R#446] CUMULATIVE_RUNTIME_SEC=15473.4845
Top Aggregator Timestamps: CACHE, CACHE_START_T: 0.0, CACHE_END_T: 0.0 || AGG, AGG_START_T: 0.0, AGG_END_T: 0.0 || EVAL, EVAL_START_T: 1765440092.0568492, EVAL_END_T: 1765440092.6160045 || RECV, RECV_START_T: 0.0, RECV_END_T: 0.0 || DIST, DIST_START_T: 0.0, DIST_END_T: 0.0 || LOAD, LOAD_START_T: 1765440057.1346955, LOAD_END_T: 1765440064.0167673 || MSG_MTo, MSG_MTo_START_T: 0.0, MSG_MTo_END_T: 0.0
Loaded FEMNIST test split partition_id=67 with 253 samples
Wall-clock time: 1765440129.3157856 ||Test loss: 1.2632 || Test accuracy: 0.7115 || CPU time: 5.8437 || CPU utilization: 0.1592 || R#447's duration (s): 36.6997 || Cumulative runtime (s): 15510.1842 || Loading data delay (s): 6.4950 || Eval delay (s): 0.4484 || Agg delay (s): 0.0000 || Coordination delay (s): 0.0000 || DIST task delay: 0.0000 || RECV task delay: 0.0000 || Queueing delay: 0.0000 || MSG (from mid) Ave. delay: 0.0000 || Total cache delay: 0.0000 || Ave. cache delay: 0.0000
[R#447] CUMULATIVE_RUNTIME_SEC=15510.1842
Top Aggregator Timestamps: CACHE, CACHE_START_T: 0.0, CACHE_END_T: 0.0 || AGG, AGG_START_T: 0.0, AGG_END_T: 0.0 || EVAL, EVAL_START_T: 1765440128.867337, EVAL_END_T: 1765440129.315756 || RECV, RECV_START_T: 0.0, RECV_END_T: 0.0 || DIST, DIST_START_T: 0.0, DIST_END_T: 0.0 || LOAD, LOAD_START_T: 1765440092.619703, LOAD_END_T: 1765440099.1147146 || MSG_MTo, MSG_MTo_START_T: 0.0, MSG_MTo_END_T: 0.0
Loaded FEMNIST test split partition_id=24 with 374 samples
Wall-clock time: 1765440161.730816 ||Test loss: 0.8211 || Test accuracy: 0.7647 || CPU time: 8.0099 || CPU utilization: 0.2471 || R#448's duration (s): 32.4150 || Cumulative runtime (s): 15542.5993 || Loading data delay (s): 6.7340 || Eval delay (s): 0.6315 || Agg delay (s): 0.0000 || Coordination delay (s): 0.0000 || DIST task delay: 0.0000 || RECV task delay: 0.0000 || Queueing delay: 0.0000 || MSG (from mid) Ave. delay: 0.0000 || Total cache delay: 0.0000 || Ave. cache delay: 0.0000
[R#448] CUMULATIVE_RUNTIME_SEC=15542.5993
Top Aggregator Timestamps: CACHE, CACHE_START_T: 0.0, CACHE_END_T: 0.0 || AGG, AGG_START_T: 0.0, AGG_END_T: 0.0 || EVAL, EVAL_START_T: 1765440161.0992732, EVAL_END_T: 1765440161.7307854 || RECV, RECV_START_T: 0.0, RECV_END_T: 0.0 || DIST, DIST_START_T: 0.0, DIST_END_T: 0.0 || LOAD, LOAD_START_T: 1765440129.3190186, LOAD_END_T: 1765440136.053041 || MSG_MTo, MSG_MTo_START_T: 0.0, MSG_MTo_END_T: 0.0
Loaded FEMNIST test split partition_id=30 with 284 samples
Wall-clock time: 1765440197.573456 ||Test loss: 0.4877 || Test accuracy: 0.8486 || CPU time: 6.3608 || CPU utilization: 0.1775 || R#449's duration (s): 35.8426 || Cumulative runtime (s): 15578.4419 || Loading data delay (s): 6.9760 || Eval delay (s): 0.5060 || Agg delay (s): 0.0000 || Coordination delay (s): 0.0000 || DIST task delay: 0.0000 || RECV task delay: 0.0000 || Queueing delay: 0.0000 || MSG (from mid) Ave. delay: 0.0000 || Total cache delay: 0.0000 || Ave. cache delay: 0.0000
[R#449] CUMULATIVE_RUNTIME_SEC=15578.4419
Top Aggregator Timestamps: CACHE, CACHE_START_T: 0.0, CACHE_END_T: 0.0 || AGG, AGG_START_T: 0.0, AGG_END_T: 0.0 || EVAL, EVAL_START_T: 1765440197.0674407, EVAL_END_T: 1765440197.573432 || RECV, RECV_START_T: 0.0, RECV_END_T: 0.0 || DIST, DIST_START_T: 0.0, DIST_END_T: 0.0 || LOAD, LOAD_START_T: 1765440161.7337759, LOAD_END_T: 1765440168.7097785 || MSG_MTo, MSG_MTo_START_T: 0.0, MSG_MTo_END_T: 0.0
Loaded FEMNIST test split partition_id=39 with 373 samples
Wall-clock time: 1765440240.2348123 ||Test loss: 0.5632 || Test accuracy: 0.8499 || CPU time: 8.2109 || CPU utilization: 0.1925 || R#450's duration (s): 42.6614 || Cumulative runtime (s): 15621.1033 || Loading data delay (s): 7.2336 || Eval delay (s): 0.6539 || Agg delay (s): 0.0000 || Coordination delay (s): 0.0000 || DIST task delay: 0.0000 || RECV task delay: 0.0000 || Queueing delay: 0.0000 || MSG (from mid) Ave. delay: 0.0000 || Total cache delay: 0.0000 || Ave. cache delay: 0.0000
[R#450] CUMULATIVE_RUNTIME_SEC=15621.1033
Top Aggregator Timestamps: CACHE, CACHE_START_T: 0.0, CACHE_END_T: 0.0 || AGG, AGG_START_T: 0.0, AGG_END_T: 0.0 || EVAL, EVAL_START_T: 1765440239.5808883, EVAL_END_T: 1765440240.2347872 || RECV, RECV_START_T: 0.0, RECV_END_T: 0.0 || DIST, DIST_START_T: 0.0, DIST_END_T: 0.0 || LOAD, LOAD_START_T: 1765440197.5767932, LOAD_END_T: 1765440204.810384 || MSG_MTo, MSG_MTo_START_T: 0.0, MSG_MTo_END_T: 0.0
Loaded FEMNIST test split partition_id=8 with 418 samples
Wall-clock time: 1765440267.8927455 ||Test loss: 0.6695 || Test accuracy: 0.8110 || CPU time: 9.4241 || CPU utilization: 0.3407 || R#451's duration (s): 27.6579 || Cumulative runtime (s): 15648.7612 || Loading data delay (s): 6.8063 || Eval delay (s): 0.7337 || Agg delay (s): 0.0000 || Coordination delay (s): 0.0000 || DIST task delay: 0.0000 || RECV task delay: 0.0000 || Queueing delay: 0.0000 || MSG (from mid) Ave. delay: 0.0000 || Total cache delay: 0.0000 || Ave. cache delay: 0.0000
[R#451] CUMULATIVE_RUNTIME_SEC=15648.7612
Top Aggregator Timestamps: CACHE, CACHE_START_T: 0.0, CACHE_END_T: 0.0 || AGG, AGG_START_T: 0.0, AGG_END_T: 0.0 || EVAL, EVAL_START_T: 1765440267.1589954, EVAL_END_T: 1765440267.8927214 || RECV, RECV_START_T: 0.0, RECV_END_T: 0.0 || DIST, DIST_START_T: 0.0, DIST_END_T: 0.0 || LOAD, LOAD_START_T: 1765440240.2378395, LOAD_END_T: 1765440247.044189 || MSG_MTo, MSG_MTo_START_T: 0.0, MSG_MTo_END_T: 0.0
Loaded FEMNIST test split partition_id=20 with 371 samples
Wall-clock time: 1765440298.7342288 ||Test loss: 0.4564 || Test accuracy: 0.8598 || CPU time: 7.9050 || CPU utilization: 0.2563 || R#452's duration (s): 30.8415 || Cumulative runtime (s): 15679.6027 || Loading data delay (s): 6.8336 || Eval delay (s): 0.6192 || Agg delay (s): 0.0000 || Coordination delay (s): 0.0000 || DIST task delay: 0.0000 || RECV task delay: 0.0000 || Queueing delay: 0.0000 || MSG (from mid) Ave. delay: 0.0000 || Total cache delay: 0.0000 || Ave. cache delay: 0.0000
[R#452] CUMULATIVE_RUNTIME_SEC=15679.6027
Top Aggregator Timestamps: CACHE, CACHE_START_T: 0.0, CACHE_END_T: 0.0 || AGG, AGG_START_T: 0.0, AGG_END_T: 0.0 || EVAL, EVAL_START_T: 1765440298.1149533, EVAL_END_T: 1765440298.7341993 || RECV, RECV_START_T: 0.0, RECV_END_T: 0.0 || DIST, DIST_START_T: 0.0, DIST_END_T: 0.0 || LOAD, LOAD_START_T: 1765440267.8957202, LOAD_END_T: 1765440274.7293332 || MSG_MTo, MSG_MTo_START_T: 0.0, MSG_MTo_END_T: 0.0
Loaded FEMNIST test split partition_id=36 with 384 samples
Wall-clock time: 1765440336.965774 ||Test loss: 0.6572 || Test accuracy: 0.7943 || CPU time: 8.2057 || CPU utilization: 0.2146 || R#453's duration (s): 38.2315 || Cumulative runtime (s): 15717.8342 || Loading data delay (s): 6.7273 || Eval delay (s): 0.6517 || Agg delay (s): 0.0000 || Coordination delay (s): 0.0000 || DIST task delay: 0.0000 || RECV task delay: 0.0000 || Queueing delay: 0.0000 || MSG (from mid) Ave. delay: 0.0000 || Total cache delay: 0.0000 || Ave. cache delay: 0.0000
[R#453] CUMULATIVE_RUNTIME_SEC=15717.8342
Top Aggregator Timestamps: CACHE, CACHE_START_T: 0.0, CACHE_END_T: 0.0 || AGG, AGG_START_T: 0.0, AGG_END_T: 0.0 || EVAL, EVAL_START_T: 1765440336.3140585, EVAL_END_T: 1765440336.965752 || RECV, RECV_START_T: 0.0, RECV_END_T: 0.0 || DIST, DIST_START_T: 0.0, DIST_END_T: 0.0 || LOAD, LOAD_START_T: 1765440298.7376964, LOAD_END_T: 1765440305.465041 || MSG_MTo, MSG_MTo_START_T: 0.0, MSG_MTo_END_T: 0.0
Loaded FEMNIST test split partition_id=35 with 416 samples
Wall-clock time: 1765440372.3097103 ||Test loss: 0.7276 || Test accuracy: 0.7740 || CPU time: 8.8870 || CPU utilization: 0.2514 || R#454's duration (s): 35.3439 || Cumulative runtime (s): 15753.1782 || Loading data delay (s): 7.0264 || Eval delay (s): 0.7051 || Agg delay (s): 0.0000 || Coordination delay (s): 0.0000 || DIST task delay: 0.0000 || RECV task delay: 0.0000 || Queueing delay: 0.0000 || MSG (from mid) Ave. delay: 0.0000 || Total cache delay: 0.0000 || Ave. cache delay: 0.0000
[R#454] CUMULATIVE_RUNTIME_SEC=15753.1782
Top Aggregator Timestamps: CACHE, CACHE_START_T: 0.0, CACHE_END_T: 0.0 || AGG, AGG_START_T: 0.0, AGG_END_T: 0.0 || EVAL, EVAL_START_T: 1765440371.6045365, EVAL_END_T: 1765440372.309685 || RECV, RECV_START_T: 0.0, RECV_END_T: 0.0 || DIST, DIST_START_T: 0.0, DIST_END_T: 0.0 || LOAD, LOAD_START_T: 1765440336.9687965, LOAD_END_T: 1765440343.9951491 || MSG_MTo, MSG_MTo_START_T: 0.0, MSG_MTo_END_T: 0.0
Loaded FEMNIST test split partition_id=51 with 396 samples
Wall-clock time: 1765440406.3502352 ||Test loss: 0.4641 || Test accuracy: 0.8586 || CPU time: 8.7059 || CPU utilization: 0.2558 || R#455's duration (s): 34.0405 || Cumulative runtime (s): 15787.2187 || Loading data delay (s): 7.2115 || Eval delay (s): 0.6858 || Agg delay (s): 0.0000 || Coordination delay (s): 0.0000 || DIST task delay: 0.0000 || RECV task delay: 0.0000 || Queueing delay: 0.0000 || MSG (from mid) Ave. delay: 0.0000 || Total cache delay: 0.0000 || Ave. cache delay: 0.0000
[R#455] CUMULATIVE_RUNTIME_SEC=15787.2187
Top Aggregator Timestamps: CACHE, CACHE_START_T: 0.0, CACHE_END_T: 0.0 || AGG, AGG_START_T: 0.0, AGG_END_T: 0.0 || EVAL, EVAL_START_T: 1765440405.6644406, EVAL_END_T: 1765440406.350199 || RECV, RECV_START_T: 0.0, RECV_END_T: 0.0 || DIST, DIST_START_T: 0.0, DIST_END_T: 0.0 || LOAD, LOAD_START_T: 1765440372.3126857, LOAD_END_T: 1765440379.524137 || MSG_MTo, MSG_MTo_START_T: 0.0, MSG_MTo_END_T: 0.0
Loaded FEMNIST test split partition_id=59 with 361 samples
Wall-clock time: 1765440441.2970428 ||Test loss: 0.9243 || Test accuracy: 0.7507 || CPU time: 8.0190 || CPU utilization: 0.2295 || R#456's duration (s): 34.9468 || Cumulative runtime (s): 15822.1655 || Loading data delay (s): 6.3293 || Eval delay (s): 0.6114 || Agg delay (s): 0.0000 || Coordination delay (s): 0.0000 || DIST task delay: 0.0000 || RECV task delay: 0.0000 || Queueing delay: 0.0000 || MSG (from mid) Ave. delay: 0.0000 || Total cache delay: 0.0000 || Ave. cache delay: 0.0000
[R#456] CUMULATIVE_RUNTIME_SEC=15822.1655
Top Aggregator Timestamps: CACHE, CACHE_START_T: 0.0, CACHE_END_T: 0.0 || AGG, AGG_START_T: 0.0, AGG_END_T: 0.0 || EVAL, EVAL_START_T: 1765440440.6855671, EVAL_END_T: 1765440441.2970138 || RECV, RECV_START_T: 0.0, RECV_END_T: 0.0 || DIST, DIST_START_T: 0.0, DIST_END_T: 0.0 || LOAD, LOAD_START_T: 1765440406.353686, LOAD_END_T: 1765440412.6829724 || MSG_MTo, MSG_MTo_START_T: 0.0, MSG_MTo_END_T: 0.0
Loaded FEMNIST test split partition_id=3 with 397 samples
Wall-clock time: 1765440473.7348619 ||Test loss: 0.4990 || Test accuracy: 0.8438 || CPU time: 8.3225 || CPU utilization: 0.2566 || R#457's duration (s): 32.4378 || Cumulative runtime (s): 15854.6033 || Loading data delay (s): 6.6229 || Eval delay (s): 0.6413 || Agg delay (s): 0.0000 || Coordination delay (s): 0.0000 || DIST task delay: 0.0000 || RECV task delay: 0.0000 || Queueing delay: 0.0000 || MSG (from mid) Ave. delay: 0.0000 || Total cache delay: 0.0000 || Ave. cache delay: 0.0000
[R#457] CUMULATIVE_RUNTIME_SEC=15854.6033
Top Aggregator Timestamps: CACHE, CACHE_START_T: 0.0, CACHE_END_T: 0.0 || AGG, AGG_START_T: 0.0, AGG_END_T: 0.0 || EVAL, EVAL_START_T: 1765440473.09351, EVAL_END_T: 1765440473.7348316 || RECV, RECV_START_T: 0.0, RECV_END_T: 0.0 || DIST, DIST_START_T: 0.0, DIST_END_T: 0.0 || LOAD, LOAD_START_T: 1765440441.3000674, LOAD_END_T: 1765440447.9229524 || MSG_MTo, MSG_MTo_START_T: 0.0, MSG_MTo_END_T: 0.0
Loaded FEMNIST test split partition_id=2 with 404 samples
Wall-clock time: 1765440505.3352962 ||Test loss: 0.6863 || Test accuracy: 0.7946 || CPU time: 8.8592 || CPU utilization: 0.2804 || R#458's duration (s): 31.6004 || Cumulative runtime (s): 15886.2037 || Loading data delay (s): 6.3737 || Eval delay (s): 0.6808 || Agg delay (s): 0.0000 || Coordination delay (s): 0.0000 || DIST task delay: 0.0000 || RECV task delay: 0.0000 || Queueing delay: 0.0000 || MSG (from mid) Ave. delay: 0.0000 || Total cache delay: 0.0000 || Ave. cache delay: 0.0000
[R#458] CUMULATIVE_RUNTIME_SEC=15886.2037
Top Aggregator Timestamps: CACHE, CACHE_START_T: 0.0, CACHE_END_T: 0.0 || AGG, AGG_START_T: 0.0, AGG_END_T: 0.0 || EVAL, EVAL_START_T: 1765440504.6544566, EVAL_END_T: 1765440505.3352733 || RECV, RECV_START_T: 0.0, RECV_END_T: 0.0 || DIST, DIST_START_T: 0.0, DIST_END_T: 0.0 || LOAD, LOAD_START_T: 1765440473.737749, LOAD_END_T: 1765440480.1114905 || MSG_MTo, MSG_MTo_START_T: 0.0, MSG_MTo_END_T: 0.0
Loaded FEMNIST test split partition_id=46 with 430 samples
Wall-clock time: 1765440542.4239545 ||Test loss: 0.2426 || Test accuracy: 0.9140 || CPU time: 8.8332 || CPU utilization: 0.2382 || R#459's duration (s): 37.0887 || Cumulative runtime (s): 15923.2924 || Loading data delay (s): 6.4986 || Eval delay (s): 0.6882 || Agg delay (s): 0.0000 || Coordination delay (s): 0.0000 || DIST task delay: 0.0000 || RECV task delay: 0.0000 || Queueing delay: 0.0000 || MSG (from mid) Ave. delay: 0.0000 || Total cache delay: 0.0000 || Ave. cache delay: 0.0000
[R#459] CUMULATIVE_RUNTIME_SEC=15923.2924
Top Aggregator Timestamps: CACHE, CACHE_START_T: 0.0, CACHE_END_T: 0.0 || AGG, AGG_START_T: 0.0, AGG_END_T: 0.0 || EVAL, EVAL_START_T: 1765440541.7357054, EVAL_END_T: 1765440542.4239285 || RECV, RECV_START_T: 0.0, RECV_END_T: 0.0 || DIST, DIST_START_T: 0.0, DIST_END_T: 0.0 || LOAD, LOAD_START_T: 1765440505.3383107, LOAD_END_T: 1765440511.8369555 || MSG_MTo, MSG_MTo_START_T: 0.0, MSG_MTo_END_T: 0.0
Loaded FEMNIST test split partition_id=54 with 428 samples
Wall-clock time: 1765440574.6705863 ||Test loss: 0.2647 || Test accuracy: 0.9182 || CPU time: 8.8899 || CPU utilization: 0.2757 || R#460's duration (s): 32.2466 || Cumulative runtime (s): 15955.5390 || Loading data delay (s): 6.6614 || Eval delay (s): 0.6926 || Agg delay (s): 0.0000 || Coordination delay (s): 0.0000 || DIST task delay: 0.0000 || RECV task delay: 0.0000 || Queueing delay: 0.0000 || MSG (from mid) Ave. delay: 0.0000 || Total cache delay: 0.0000 || Ave. cache delay: 0.0000
[R#460] CUMULATIVE_RUNTIME_SEC=15955.5390
Top Aggregator Timestamps: CACHE, CACHE_START_T: 0.0, CACHE_END_T: 0.0 || AGG, AGG_START_T: 0.0, AGG_END_T: 0.0 || EVAL, EVAL_START_T: 1765440573.9779475, EVAL_END_T: 1765440574.6705506 || RECV, RECV_START_T: 0.0, RECV_END_T: 0.0 || DIST, DIST_START_T: 0.0, DIST_END_T: 0.0 || LOAD, LOAD_START_T: 1765440542.4267766, LOAD_END_T: 1765440549.0881376 || MSG_MTo, MSG_MTo_START_T: 0.0, MSG_MTo_END_T: 0.0
Loaded FEMNIST test split partition_id=35 with 416 samples
Wall-clock time: 1765440599.0721438 ||Test loss: 0.8053 || Test accuracy: 0.7428 || CPU time: 8.9731 || CPU utilization: 0.3677 || R#461's duration (s): 24.4016 || Cumulative runtime (s): 15979.9406 || Loading data delay (s): 6.3416 || Eval delay (s): 0.6894 || Agg delay (s): 0.0000 || Coordination delay (s): 0.0000 || DIST task delay: 0.0000 || RECV task delay: 0.0000 || Queueing delay: 0.0000 || MSG (from mid) Ave. delay: 0.0000 || Total cache delay: 0.0000 || Ave. cache delay: 0.0000
[R#461] CUMULATIVE_RUNTIME_SEC=15979.9406
Top Aggregator Timestamps: CACHE, CACHE_START_T: 0.0, CACHE_END_T: 0.0 || AGG, AGG_START_T: 0.0, AGG_END_T: 0.0 || EVAL, EVAL_START_T: 1765440598.3826811, EVAL_END_T: 1765440599.072111 || RECV, RECV_START_T: 0.0, RECV_END_T: 0.0 || DIST, DIST_START_T: 0.0, DIST_END_T: 0.0 || LOAD, LOAD_START_T: 1765440574.6734114, LOAD_END_T: 1765440581.0149708 || MSG_MTo, MSG_MTo_START_T: 0.0, MSG_MTo_END_T: 0.0
Loaded FEMNIST test split partition_id=18 with 383 samples
Wall-clock time: 1765440643.500776 ||Test loss: 1.0575 || Test accuracy: 0.6919 || CPU time: 7.9860 || CPU utilization: 0.1797 || R#462's duration (s): 44.4286 || Cumulative runtime (s): 16024.3692 || Loading data delay (s): 6.5689 || Eval delay (s): 0.6120 || Agg delay (s): 0.0000 || Coordination delay (s): 0.0000 || DIST task delay: 0.0000 || RECV task delay: 0.0000 || Queueing delay: 0.0000 || MSG (from mid) Ave. delay: 0.0000 || Total cache delay: 0.0000 || Ave. cache delay: 0.0000
[R#462] CUMULATIVE_RUNTIME_SEC=16024.3692
Top Aggregator Timestamps: CACHE, CACHE_START_T: 0.0, CACHE_END_T: 0.0 || AGG, AGG_START_T: 0.0, AGG_END_T: 0.0 || EVAL, EVAL_START_T: 1765440642.888743, EVAL_END_T: 1765440643.500749 || RECV, RECV_START_T: 0.0, RECV_END_T: 0.0 || DIST, DIST_START_T: 0.0, DIST_END_T: 0.0 || LOAD, LOAD_START_T: 1765440599.0754488, LOAD_END_T: 1765440605.6443782 || MSG_MTo, MSG_MTo_START_T: 0.0, MSG_MTo_END_T: 0.0
Loaded FEMNIST test split partition_id=5 with 351 samples
Wall-clock time: 1765440677.039488 ||Test loss: 1.2152 || Test accuracy: 0.6667 || CPU time: 7.7811 || CPU utilization: 0.2320 || R#463's duration (s): 33.5387 || Cumulative runtime (s): 16057.9079 || Loading data delay (s): 6.3070 || Eval delay (s): 0.5964 || Agg delay (s): 0.0000 || Coordination delay (s): 0.0000 || DIST task delay: 0.0000 || RECV task delay: 0.0000 || Queueing delay: 0.0000 || MSG (from mid) Ave. delay: 0.0000 || Total cache delay: 0.0000 || Ave. cache delay: 0.0000
[R#463] CUMULATIVE_RUNTIME_SEC=16057.9079
Top Aggregator Timestamps: CACHE, CACHE_START_T: 0.0, CACHE_END_T: 0.0 || AGG, AGG_START_T: 0.0, AGG_END_T: 0.0 || EVAL, EVAL_START_T: 1765440676.4430537, EVAL_END_T: 1765440677.03946 || RECV, RECV_START_T: 0.0, RECV_END_T: 0.0 || DIST, DIST_START_T: 0.0, DIST_END_T: 0.0 || LOAD, LOAD_START_T: 1765440643.5035553, LOAD_END_T: 1765440649.8105552 || MSG_MTo, MSG_MTo_START_T: 0.0, MSG_MTo_END_T: 0.0
Loaded FEMNIST test split partition_id=13 with 329 samples
Wall-clock time: 1765440711.7585857 ||Test loss: 1.0853 || Test accuracy: 0.6626 || CPU time: 7.4027 || CPU utilization: 0.2132 || R#464's duration (s): 34.7191 || Cumulative runtime (s): 16092.6270 || Loading data delay (s): 7.2804 || Eval delay (s): 0.5901 || Agg delay (s): 0.0000 || Coordination delay (s): 0.0000 || DIST task delay: 0.0000 || RECV task delay: 0.0000 || Queueing delay: 0.0000 || MSG (from mid) Ave. delay: 0.0000 || Total cache delay: 0.0000 || Ave. cache delay: 0.0000
[R#464] CUMULATIVE_RUNTIME_SEC=16092.6270
Top Aggregator Timestamps: CACHE, CACHE_START_T: 0.0, CACHE_END_T: 0.0 || AGG, AGG_START_T: 0.0, AGG_END_T: 0.0 || EVAL, EVAL_START_T: 1765440711.1684635, EVAL_END_T: 1765440711.7585628 || RECV, RECV_START_T: 0.0, RECV_END_T: 0.0 || DIST, DIST_START_T: 0.0, DIST_END_T: 0.0 || LOAD, LOAD_START_T: 1765440677.042372, LOAD_END_T: 1765440684.3227713 || MSG_MTo, MSG_MTo_START_T: 0.0, MSG_MTo_END_T: 0.0
Loaded FEMNIST test split partition_id=66 with 428 samples
Wall-clock time: 1765440749.769737 ||Test loss: 0.8500 || Test accuracy: 0.7477 || CPU time: 8.6275 || CPU utilization: 0.2270 || R#465's duration (s): 38.0112 || Cumulative runtime (s): 16130.6382 || Loading data delay (s): 7.7673 || Eval delay (s): 0.6762 || Agg delay (s): 0.0000 || Coordination delay (s): 0.0000 || DIST task delay: 0.0000 || RECV task delay: 0.0000 || Queueing delay: 0.0000 || MSG (from mid) Ave. delay: 0.0000 || Total cache delay: 0.0000 || Ave. cache delay: 0.0000
[R#465] CUMULATIVE_RUNTIME_SEC=16130.6382
Top Aggregator Timestamps: CACHE, CACHE_START_T: 0.0, CACHE_END_T: 0.0 || AGG, AGG_START_T: 0.0, AGG_END_T: 0.0 || EVAL, EVAL_START_T: 1765440749.0934875, EVAL_END_T: 1765440749.7697153 || RECV, RECV_START_T: 0.0, RECV_END_T: 0.0 || DIST, DIST_START_T: 0.0, DIST_END_T: 0.0 || LOAD, LOAD_START_T: 1765440711.7631733, LOAD_END_T: 1765440719.530478 || MSG_MTo, MSG_MTo_START_T: 0.0, MSG_MTo_END_T: 0.0
Loaded FEMNIST test split partition_id=1 with 413 samples
Wall-clock time: 1765440783.698446 ||Test loss: 0.3478 || Test accuracy: 0.9031 || CPU time: 8.6563 || CPU utilization: 0.2551 || R#466's duration (s): 33.9287 || Cumulative runtime (s): 16164.5669 || Loading data delay (s): 6.8368 || Eval delay (s): 0.6807 || Agg delay (s): 0.0000 || Coordination delay (s): 0.0000 || DIST task delay: 0.0000 || RECV task delay: 0.0000 || Queueing delay: 0.0000 || MSG (from mid) Ave. delay: 0.0000 || Total cache delay: 0.0000 || Ave. cache delay: 0.0000
[R#466] CUMULATIVE_RUNTIME_SEC=16164.5669
Top Aggregator Timestamps: CACHE, CACHE_START_T: 0.0, CACHE_END_T: 0.0 || AGG, AGG_START_T: 0.0, AGG_END_T: 0.0 || EVAL, EVAL_START_T: 1765440783.0176544, EVAL_END_T: 1765440783.6984005 || RECV, RECV_START_T: 0.0, RECV_END_T: 0.0 || DIST, DIST_START_T: 0.0, DIST_END_T: 0.0 || LOAD, LOAD_START_T: 1765440749.7732332, LOAD_END_T: 1765440756.6099887 || MSG_MTo, MSG_MTo_START_T: 0.0, MSG_MTo_END_T: 0.0
Loaded FEMNIST test split partition_id=59 with 361 samples
Wall-clock time: 1765440810.1484225 ||Test loss: 1.1769 || Test accuracy: 0.7202 || CPU time: 7.7199 || CPU utilization: 0.2919 || R#467's duration (s): 26.4500 || Cumulative runtime (s): 16191.0169 || Loading data delay (s): 6.9013 || Eval delay (s): 0.5936 || Agg delay (s): 0.0000 || Coordination delay (s): 0.0000 || DIST task delay: 0.0000 || RECV task delay: 0.0000 || Queueing delay: 0.0000 || MSG (from mid) Ave. delay: 0.0000 || Total cache delay: 0.0000 || Ave. cache delay: 0.0000
[R#467] CUMULATIVE_RUNTIME_SEC=16191.0169
Top Aggregator Timestamps: CACHE, CACHE_START_T: 0.0, CACHE_END_T: 0.0 || AGG, AGG_START_T: 0.0, AGG_END_T: 0.0 || EVAL, EVAL_START_T: 1765440809.5548189, EVAL_END_T: 1765440810.1483953 || RECV, RECV_START_T: 0.0, RECV_END_T: 0.0 || DIST, DIST_START_T: 0.0, DIST_END_T: 0.0 || LOAD, LOAD_START_T: 1765440783.7017078, LOAD_END_T: 1765440790.6030416 || MSG_MTo, MSG_MTo_START_T: 0.0, MSG_MTo_END_T: 0.0
Loaded FEMNIST test split partition_id=35 with 416 samples
Wall-clock time: 1765440858.100634 ||Test loss: 0.5746 || Test accuracy: 0.8077 || CPU time: 8.7645 || CPU utilization: 0.1828 || R#468's duration (s): 47.9522 || Cumulative runtime (s): 16238.9691 || Loading data delay (s): 6.5887 || Eval delay (s): 0.6870 || Agg delay (s): 0.0000 || Coordination delay (s): 0.0000 || DIST task delay: 0.0000 || RECV task delay: 0.0000 || Queueing delay: 0.0000 || MSG (from mid) Ave. delay: 0.0000 || Total cache delay: 0.0000 || Ave. cache delay: 0.0000
[R#468] CUMULATIVE_RUNTIME_SEC=16238.9691
Top Aggregator Timestamps: CACHE, CACHE_START_T: 0.0, CACHE_END_T: 0.0 || AGG, AGG_START_T: 0.0, AGG_END_T: 0.0 || EVAL, EVAL_START_T: 1765440857.4135628, EVAL_END_T: 1765440858.1005785 || RECV, RECV_START_T: 0.0, RECV_END_T: 0.0 || DIST, DIST_START_T: 0.0, DIST_END_T: 0.0 || LOAD, LOAD_START_T: 1765440810.151764, LOAD_END_T: 1765440816.7404304 || MSG_MTo, MSG_MTo_START_T: 0.0, MSG_MTo_END_T: 0.0
Loaded FEMNIST test split partition_id=52 with 218 samples
Wall-clock time: 1765440895.8350756 ||Test loss: 0.4788 || Test accuracy: 0.8578 || CPU time: 5.0917 || CPU utilization: 0.1349 || R#469's duration (s): 37.7344 || Cumulative runtime (s): 16276.7035 || Loading data delay (s): 6.9037 || Eval delay (s): 0.4008 || Agg delay (s): 0.0000 || Coordination delay (s): 0.0000 || DIST task delay: 0.0000 || RECV task delay: 0.0000 || Queueing delay: 0.0000 || MSG (from mid) Ave. delay: 0.0000 || Total cache delay: 0.0000 || Ave. cache delay: 0.0000
[R#469] CUMULATIVE_RUNTIME_SEC=16276.7035
Top Aggregator Timestamps: CACHE, CACHE_START_T: 0.0, CACHE_END_T: 0.0 || AGG, AGG_START_T: 0.0, AGG_END_T: 0.0 || EVAL, EVAL_START_T: 1765440895.4342127, EVAL_END_T: 1765440895.835048 || RECV, RECV_START_T: 0.0, RECV_END_T: 0.0 || DIST, DIST_START_T: 0.0, DIST_END_T: 0.0 || LOAD, LOAD_START_T: 1765440858.1044064, LOAD_END_T: 1765440865.0081034 || MSG_MTo, MSG_MTo_START_T: 0.0, MSG_MTo_END_T: 0.0
Loaded FEMNIST test split partition_id=57 with 388 samples
Wall-clock time: 1765440935.9919932 ||Test loss: 0.4195 || Test accuracy: 0.8892 || CPU time: 8.1661 || CPU utilization: 0.2034 || R#470's duration (s): 40.1569 || Cumulative runtime (s): 16316.8604 || Loading data delay (s): 7.1345 || Eval delay (s): 0.6294 || Agg delay (s): 0.0000 || Coordination delay (s): 0.0000 || DIST task delay: 0.0000 || RECV task delay: 0.0000 || Queueing delay: 0.0000 || MSG (from mid) Ave. delay: 0.0000 || Total cache delay: 0.0000 || Ave. cache delay: 0.0000
[R#470] CUMULATIVE_RUNTIME_SEC=16316.8604
Top Aggregator Timestamps: CACHE, CACHE_START_T: 0.0, CACHE_END_T: 0.0 || AGG, AGG_START_T: 0.0, AGG_END_T: 0.0 || EVAL, EVAL_START_T: 1765440935.3625982, EVAL_END_T: 1765440935.9919565 || RECV, RECV_START_T: 0.0, RECV_END_T: 0.0 || DIST, DIST_START_T: 0.0, DIST_END_T: 0.0 || LOAD, LOAD_START_T: 1765440895.838557, LOAD_END_T: 1765440902.9730325 || MSG_MTo, MSG_MTo_START_T: 0.0, MSG_MTo_END_T: 0.0
Loaded FEMNIST test split partition_id=39 with 373 samples
Wall-clock time: 1765440965.548752 ||Test loss: 0.5137 || Test accuracy: 0.8418 || CPU time: 8.3776 || CPU utilization: 0.2834 || R#471's duration (s): 29.5568 || Cumulative runtime (s): 16346.4172 || Loading data delay (s): 6.5320 || Eval delay (s): 0.6514 || Agg delay (s): 0.0000 || Coordination delay (s): 0.0000 || DIST task delay: 0.0000 || RECV task delay: 0.0000 || Queueing delay: 0.0000 || MSG (from mid) Ave. delay: 0.0000 || Total cache delay: 0.0000 || Ave. cache delay: 0.0000
[R#471] CUMULATIVE_RUNTIME_SEC=16346.4172
Top Aggregator Timestamps: CACHE, CACHE_START_T: 0.0, CACHE_END_T: 0.0 || AGG, AGG_START_T: 0.0, AGG_END_T: 0.0 || EVAL, EVAL_START_T: 1765440964.8973556, EVAL_END_T: 1765440965.5487227 || RECV, RECV_START_T: 0.0, RECV_END_T: 0.0 || DIST, DIST_START_T: 0.0, DIST_END_T: 0.0 || LOAD, LOAD_START_T: 1765440935.9953341, LOAD_END_T: 1765440942.5273514 || MSG_MTo, MSG_MTo_START_T: 0.0, MSG_MTo_END_T: 0.0
Loaded FEMNIST test split partition_id=3 with 397 samples
Wall-clock time: 1765440993.391578 ||Test loss: 0.5239 || Test accuracy: 0.8413 || CPU time: 8.6086 || CPU utilization: 0.3092 || R#472's duration (s): 27.8428 || Cumulative runtime (s): 16374.2600 || Loading data delay (s): 6.9887 || Eval delay (s): 0.6780 || Agg delay (s): 0.0000 || Coordination delay (s): 0.0000 || DIST task delay: 0.0000 || RECV task delay: 0.0000 || Queueing delay: 0.0000 || MSG (from mid) Ave. delay: 0.0000 || Total cache delay: 0.0000 || Ave. cache delay: 0.0000
[R#472] CUMULATIVE_RUNTIME_SEC=16374.2600
Top Aggregator Timestamps: CACHE, CACHE_START_T: 0.0, CACHE_END_T: 0.0 || AGG, AGG_START_T: 0.0, AGG_END_T: 0.0 || EVAL, EVAL_START_T: 1765440992.713571, EVAL_END_T: 1765440993.3915431 || RECV, RECV_START_T: 0.0, RECV_END_T: 0.0 || DIST, DIST_START_T: 0.0, DIST_END_T: 0.0 || LOAD, LOAD_START_T: 1765440965.551707, LOAD_END_T: 1765440972.5404332 || MSG_MTo, MSG_MTo_START_T: 0.0, MSG_MTo_END_T: 0.0
Loaded FEMNIST test split partition_id=53 with 326 samples
Wall-clock time: 1765441030.841407 ||Test loss: 0.9930 || Test accuracy: 0.7423 || CPU time: 7.2644 || CPU utilization: 0.1940 || R#473's duration (s): 37.4498 || Cumulative runtime (s): 16411.7099 || Loading data delay (s): 6.5858 || Eval delay (s): 0.5603 || Agg delay (s): 0.0000 || Coordination delay (s): 0.0000 || DIST task delay: 0.0000 || RECV task delay: 0.0000 || Queueing delay: 0.0000 || MSG (from mid) Ave. delay: 0.0000 || Total cache delay: 0.0000 || Ave. cache delay: 0.0000
[R#473] CUMULATIVE_RUNTIME_SEC=16411.7099
Top Aggregator Timestamps: CACHE, CACHE_START_T: 0.0, CACHE_END_T: 0.0 || AGG, AGG_START_T: 0.0, AGG_END_T: 0.0 || EVAL, EVAL_START_T: 1765441030.281118, EVAL_END_T: 1765441030.8413863 || RECV, RECV_START_T: 0.0, RECV_END_T: 0.0 || DIST, DIST_START_T: 0.0, DIST_END_T: 0.0 || LOAD, LOAD_START_T: 1765440993.3952696, LOAD_END_T: 1765440999.981089 || MSG_MTo, MSG_MTo_START_T: 0.0, MSG_MTo_END_T: 0.0
Loaded FEMNIST test split partition_id=40 with 375 samples
Wall-clock time: 1765441068.8700964 ||Test loss: 0.6411 || Test accuracy: 0.8213 || CPU time: 8.1139 || CPU utilization: 0.2134 || R#474's duration (s): 38.0287 || Cumulative runtime (s): 16449.7385 || Loading data delay (s): 6.7593 || Eval delay (s): 0.6356 || Agg delay (s): 0.0000 || Coordination delay (s): 0.0000 || DIST task delay: 0.0000 || RECV task delay: 0.0000 || Queueing delay: 0.0000 || MSG (from mid) Ave. delay: 0.0000 || Total cache delay: 0.0000 || Ave. cache delay: 0.0000
[R#474] CUMULATIVE_RUNTIME_SEC=16449.7385
Top Aggregator Timestamps: CACHE, CACHE_START_T: 0.0, CACHE_END_T: 0.0 || AGG, AGG_START_T: 0.0, AGG_END_T: 0.0 || EVAL, EVAL_START_T: 1765441068.2344565, EVAL_END_T: 1765441068.8700724 || RECV, RECV_START_T: 0.0, RECV_END_T: 0.0 || DIST, DIST_START_T: 0.0, DIST_END_T: 0.0 || LOAD, LOAD_START_T: 1765441030.8443115, LOAD_END_T: 1765441037.603629 || MSG_MTo, MSG_MTo_START_T: 0.0, MSG_MTo_END_T: 0.0
Loaded FEMNIST test split partition_id=67 with 253 samples
Wall-clock time: 1765441100.5340576 ||Test loss: 1.2530 || Test accuracy: 0.6601 || CPU time: 5.6235 || CPU utilization: 0.1776 || R#475's duration (s): 31.6640 || Cumulative runtime (s): 16481.4025 || Loading data delay (s): 6.9814 || Eval delay (s): 0.4382 || Agg delay (s): 0.0000 || Coordination delay (s): 0.0000 || DIST task delay: 0.0000 || RECV task delay: 0.0000 || Queueing delay: 0.0000 || MSG (from mid) Ave. delay: 0.0000 || Total cache delay: 0.0000 || Ave. cache delay: 0.0000
[R#475] CUMULATIVE_RUNTIME_SEC=16481.4025
Top Aggregator Timestamps: CACHE, CACHE_START_T: 0.0, CACHE_END_T: 0.0 || AGG, AGG_START_T: 0.0, AGG_END_T: 0.0 || EVAL, EVAL_START_T: 1765441100.095805, EVAL_END_T: 1765441100.534035 || RECV, RECV_START_T: 0.0, RECV_END_T: 0.0 || DIST, DIST_START_T: 0.0, DIST_END_T: 0.0 || LOAD, LOAD_START_T: 1765441068.8729205, LOAD_END_T: 1765441075.8543594 || MSG_MTo, MSG_MTo_START_T: 0.0, MSG_MTo_END_T: 0.0
Loaded FEMNIST test split partition_id=56 with 343 samples
Wall-clock time: 1765441135.7763836 ||Test loss: 0.5757 || Test accuracy: 0.8076 || CPU time: 7.5433 || CPU utilization: 0.2140 || R#476's duration (s): 35.2423 || Cumulative runtime (s): 16516.6448 || Loading data delay (s): 6.5741 || Eval delay (s): 0.5698 || Agg delay (s): 0.0000 || Coordination delay (s): 0.0000 || DIST task delay: 0.0000 || RECV task delay: 0.0000 || Queueing delay: 0.0000 || MSG (from mid) Ave. delay: 0.0000 || Total cache delay: 0.0000 || Ave. cache delay: 0.0000
[R#476] CUMULATIVE_RUNTIME_SEC=16516.6448
Top Aggregator Timestamps: CACHE, CACHE_START_T: 0.0, CACHE_END_T: 0.0 || AGG, AGG_START_T: 0.0, AGG_END_T: 0.0 || EVAL, EVAL_START_T: 1765441135.2065215, EVAL_END_T: 1765441135.776347 || RECV, RECV_START_T: 0.0, RECV_END_T: 0.0 || DIST, DIST_START_T: 0.0, DIST_END_T: 0.0 || LOAD, LOAD_START_T: 1765441100.5371873, LOAD_END_T: 1765441107.1113126 || MSG_MTo, MSG_MTo_START_T: 0.0, MSG_MTo_END_T: 0.0
Loaded FEMNIST test split partition_id=56 with 343 samples
Wall-clock time: 1765441165.939568 ||Test loss: 0.5660 || Test accuracy: 0.7784 || CPU time: 7.8075 || CPU utilization: 0.2588 || R#477's duration (s): 30.1632 || Cumulative runtime (s): 16546.8080 || Loading data delay (s): 6.7634 || Eval delay (s): 0.6026 || Agg delay (s): 0.0000 || Coordination delay (s): 0.0000 || DIST task delay: 0.0000 || RECV task delay: 0.0000 || Queueing delay: 0.0000 || MSG (from mid) Ave. delay: 0.0000 || Total cache delay: 0.0000 || Ave. cache delay: 0.0000
[R#477] CUMULATIVE_RUNTIME_SEC=16546.8080
Top Aggregator Timestamps: CACHE, CACHE_START_T: 0.0, CACHE_END_T: 0.0 || AGG, AGG_START_T: 0.0, AGG_END_T: 0.0 || EVAL, EVAL_START_T: 1765441165.3369832, EVAL_END_T: 1765441165.939548 || RECV, RECV_START_T: 0.0, RECV_END_T: 0.0 || DIST, DIST_START_T: 0.0, DIST_END_T: 0.0 || LOAD, LOAD_START_T: 1765441135.7793715, LOAD_END_T: 1765441142.542763 || MSG_MTo, MSG_MTo_START_T: 0.0, MSG_MTo_END_T: 0.0
Loaded FEMNIST test split partition_id=37 with 403 samples
Wall-clock time: 1765441204.0345619 ||Test loss: 0.7810 || Test accuracy: 0.8213 || CPU time: 8.8212 || CPU utilization: 0.2316 || R#478's duration (s): 38.0950 || Cumulative runtime (s): 16584.9030 || Loading data delay (s): 6.5255 || Eval delay (s): 0.6886 || Agg delay (s): 0.0000 || Coordination delay (s): 0.0000 || DIST task delay: 0.0000 || RECV task delay: 0.0000 || Queueing delay: 0.0000 || MSG (from mid) Ave. delay: 0.0000 || Total cache delay: 0.0000 || Ave. cache delay: 0.0000
[R#478] CUMULATIVE_RUNTIME_SEC=16584.9030
Top Aggregator Timestamps: CACHE, CACHE_START_T: 0.0, CACHE_END_T: 0.0 || AGG, AGG_START_T: 0.0, AGG_END_T: 0.0 || EVAL, EVAL_START_T: 1765441203.3458972, EVAL_END_T: 1765441204.034538 || RECV, RECV_START_T: 0.0, RECV_END_T: 0.0 || DIST, DIST_START_T: 0.0, DIST_END_T: 0.0 || LOAD, LOAD_START_T: 1765441165.9425714, LOAD_END_T: 1765441172.4680717 || MSG_MTo, MSG_MTo_START_T: 0.0, MSG_MTo_END_T: 0.0
Loaded FEMNIST test split partition_id=4 with 315 samples
Wall-clock time: 1765441239.4532757 ||Test loss: 0.7283 || Test accuracy: 0.8254 || CPU time: 6.8542 || CPU utilization: 0.1935 || R#479's duration (s): 35.4187 || Cumulative runtime (s): 16620.3217 || Loading data delay (s): 6.8156 || Eval delay (s): 0.5321 || Agg delay (s): 0.0000 || Coordination delay (s): 0.0000 || DIST task delay: 0.0000 || RECV task delay: 0.0000 || Queueing delay: 0.0000 || MSG (from mid) Ave. delay: 0.0000 || Total cache delay: 0.0000 || Ave. cache delay: 0.0000
[R#479] CUMULATIVE_RUNTIME_SEC=16620.3217
Top Aggregator Timestamps: CACHE, CACHE_START_T: 0.0, CACHE_END_T: 0.0 || AGG, AGG_START_T: 0.0, AGG_END_T: 0.0 || EVAL, EVAL_START_T: 1765441238.9211106, EVAL_END_T: 1765441239.4532368 || RECV, RECV_START_T: 0.0, RECV_END_T: 0.0 || DIST, DIST_START_T: 0.0, DIST_END_T: 0.0 || LOAD, LOAD_START_T: 1765441204.0374987, LOAD_END_T: 1765441210.853107 || MSG_MTo, MSG_MTo_START_T: 0.0, MSG_MTo_END_T: 0.0
Loaded FEMNIST test split partition_id=46 with 430 samples
Wall-clock time: 1765441281.015571 ||Test loss: 0.3965 || Test accuracy: 0.8837 || CPU time: 9.0860 || CPU utilization: 0.2186 || R#480's duration (s): 41.5623 || Cumulative runtime (s): 16661.8840 || Loading data delay (s): 7.0951 || Eval delay (s): 0.7155 || Agg delay (s): 0.0000 || Coordination delay (s): 0.0000 || DIST task delay: 0.0000 || RECV task delay: 0.0000 || Queueing delay: 0.0000 || MSG (from mid) Ave. delay: 0.0000 || Total cache delay: 0.0000 || Ave. cache delay: 0.0000
[R#480] CUMULATIVE_RUNTIME_SEC=16661.8840
Top Aggregator Timestamps: CACHE, CACHE_START_T: 0.0, CACHE_END_T: 0.0 || AGG, AGG_START_T: 0.0, AGG_END_T: 0.0 || EVAL, EVAL_START_T: 1765441280.3000405, EVAL_END_T: 1765441281.0155468 || RECV, RECV_START_T: 0.0, RECV_END_T: 0.0 || DIST, DIST_START_T: 0.0, DIST_END_T: 0.0 || LOAD, LOAD_START_T: 1765441239.4561675, LOAD_END_T: 1765441246.5512755 || MSG_MTo, MSG_MTo_START_T: 0.0, MSG_MTo_END_T: 0.0
Loaded FEMNIST test split partition_id=25 with 317 samples
Wall-clock time: 1765441317.9734154 ||Test loss: 0.5315 || Test accuracy: 0.8013 || CPU time: 6.9395 || CPU utilization: 0.1878 || R#481's duration (s): 36.9578 || Cumulative runtime (s): 16698.8419 || Loading data delay (s): 6.5206 || Eval delay (s): 0.5368 || Agg delay (s): 0.0000 || Coordination delay (s): 0.0000 || DIST task delay: 0.0000 || RECV task delay: 0.0000 || Queueing delay: 0.0000 || MSG (from mid) Ave. delay: 0.0000 || Total cache delay: 0.0000 || Ave. cache delay: 0.0000
[R#481] CUMULATIVE_RUNTIME_SEC=16698.8419
Top Aggregator Timestamps: CACHE, CACHE_START_T: 0.0, CACHE_END_T: 0.0 || AGG, AGG_START_T: 0.0, AGG_END_T: 0.0 || EVAL, EVAL_START_T: 1765441317.4365673, EVAL_END_T: 1765441317.9733822 || RECV, RECV_START_T: 0.0, RECV_END_T: 0.0 || DIST, DIST_START_T: 0.0, DIST_END_T: 0.0 || LOAD, LOAD_START_T: 1765441281.0184026, LOAD_END_T: 1765441287.5390046 || MSG_MTo, MSG_MTo_START_T: 0.0, MSG_MTo_END_T: 0.0
Loaded FEMNIST test split partition_id=33 with 337 samples
Wall-clock time: 1765441346.3183818 ||Test loss: 0.8220 || Test accuracy: 0.7685 || CPU time: 6.9644 || CPU utilization: 0.2457 || R#482's duration (s): 28.3450 || Cumulative runtime (s): 16727.1868 || Loading data delay (s): 6.7331 || Eval delay (s): 0.5192 || Agg delay (s): 0.0000 || Coordination delay (s): 0.0000 || DIST task delay: 0.0000 || RECV task delay: 0.0000 || Queueing delay: 0.0000 || MSG (from mid) Ave. delay: 0.0000 || Total cache delay: 0.0000 || Ave. cache delay: 0.0000
[R#482] CUMULATIVE_RUNTIME_SEC=16727.1868
Top Aggregator Timestamps: CACHE, CACHE_START_T: 0.0, CACHE_END_T: 0.0 || AGG, AGG_START_T: 0.0, AGG_END_T: 0.0 || EVAL, EVAL_START_T: 1765441345.7991724, EVAL_END_T: 1765441346.3183613 || RECV, RECV_START_T: 0.0, RECV_END_T: 0.0 || DIST, DIST_START_T: 0.0, DIST_END_T: 0.0 || LOAD, LOAD_START_T: 1765441317.9762712, LOAD_END_T: 1765441324.709351 || MSG_MTo, MSG_MTo_START_T: 0.0, MSG_MTo_END_T: 0.0
Loaded FEMNIST test split partition_id=30 with 284 samples
Wall-clock time: 1765441380.4869084 ||Test loss: 0.6483 || Test accuracy: 0.8063 || CPU time: 6.5737 || CPU utilization: 0.1924 || R#483's duration (s): 34.1685 || Cumulative runtime (s): 16761.3554 || Loading data delay (s): 6.4871 || Eval delay (s): 0.5050 || Agg delay (s): 0.0000 || Coordination delay (s): 0.0000 || DIST task delay: 0.0000 || RECV task delay: 0.0000 || Queueing delay: 0.0000 || MSG (from mid) Ave. delay: 0.0000 || Total cache delay: 0.0000 || Ave. cache delay: 0.0000
[R#483] CUMULATIVE_RUNTIME_SEC=16761.3554
Top Aggregator Timestamps: CACHE, CACHE_START_T: 0.0, CACHE_END_T: 0.0 || AGG, AGG_START_T: 0.0, AGG_END_T: 0.0 || EVAL, EVAL_START_T: 1765441379.981893, EVAL_END_T: 1765441380.486875 || RECV, RECV_START_T: 0.0, RECV_END_T: 0.0 || DIST, DIST_START_T: 0.0, DIST_END_T: 0.0 || LOAD, LOAD_START_T: 1765441346.3213365, LOAD_END_T: 1765441352.808483 || MSG_MTo, MSG_MTo_START_T: 0.0, MSG_MTo_END_T: 0.0
Loaded FEMNIST test split partition_id=21 with 292 samples
Wall-clock time: 1765441414.7196717 ||Test loss: 1.2841 || Test accuracy: 0.7226 || CPU time: 6.8238 || CPU utilization: 0.1993 || R#484's duration (s): 34.2328 || Cumulative runtime (s): 16795.5881 || Loading data delay (s): 6.5890 || Eval delay (s): 0.5270 || Agg delay (s): 0.0000 || Coordination delay (s): 0.0000 || DIST task delay: 0.0000 || RECV task delay: 0.0000 || Queueing delay: 0.0000 || MSG (from mid) Ave. delay: 0.0000 || Total cache delay: 0.0000 || Ave. cache delay: 0.0000
[R#484] CUMULATIVE_RUNTIME_SEC=16795.5881
Top Aggregator Timestamps: CACHE, CACHE_START_T: 0.0, CACHE_END_T: 0.0 || AGG, AGG_START_T: 0.0, AGG_END_T: 0.0 || EVAL, EVAL_START_T: 1765441414.1926024, EVAL_END_T: 1765441414.7196386 || RECV, RECV_START_T: 0.0, RECV_END_T: 0.0 || DIST, DIST_START_T: 0.0, DIST_END_T: 0.0 || LOAD, LOAD_START_T: 1765441380.489732, LOAD_END_T: 1765441387.0787542 || MSG_MTo, MSG_MTo_START_T: 0.0, MSG_MTo_END_T: 0.0
Loaded FEMNIST test split partition_id=21 with 292 samples
Wall-clock time: 1765441447.3650155 ||Test loss: 1.4876 || Test accuracy: 0.6336 || CPU time: 6.5684 || CPU utilization: 0.2012 || R#485's duration (s): 32.6453 || Cumulative runtime (s): 16828.2335 || Loading data delay (s): 6.8730 || Eval delay (s): 0.4898 || Agg delay (s): 0.0000 || Coordination delay (s): 0.0000 || DIST task delay: 0.0000 || RECV task delay: 0.0000 || Queueing delay: 0.0000 || MSG (from mid) Ave. delay: 0.0000 || Total cache delay: 0.0000 || Ave. cache delay: 0.0000
[R#485] CUMULATIVE_RUNTIME_SEC=16828.2335
Top Aggregator Timestamps: CACHE, CACHE_START_T: 0.0, CACHE_END_T: 0.0 || AGG, AGG_START_T: 0.0, AGG_END_T: 0.0 || EVAL, EVAL_START_T: 1765441446.8752115, EVAL_END_T: 1765441447.3649907 || RECV, RECV_START_T: 0.0, RECV_END_T: 0.0 || DIST, DIST_START_T: 0.0, DIST_END_T: 0.0 || LOAD, LOAD_START_T: 1765441414.723154, LOAD_END_T: 1765441421.5961125 || MSG_MTo, MSG_MTo_START_T: 0.0, MSG_MTo_END_T: 0.0
Loaded FEMNIST test split partition_id=6 with 380 samples
Wall-clock time: 1765441486.9906294 ||Test loss: 0.6965 || Test accuracy: 0.8053 || CPU time: 8.0388 || CPU utilization: 0.2029 || R#486's duration (s): 39.6256 || Cumulative runtime (s): 16867.8591 || Loading data delay (s): 6.3164 || Eval delay (s): 0.6262 || Agg delay (s): 0.0000 || Coordination delay (s): 0.0000 || DIST task delay: 0.0000 || RECV task delay: 0.0000 || Queueing delay: 0.0000 || MSG (from mid) Ave. delay: 0.0000 || Total cache delay: 0.0000 || Ave. cache delay: 0.0000
[R#486] CUMULATIVE_RUNTIME_SEC=16867.8591
Top Aggregator Timestamps: CACHE, CACHE_START_T: 0.0, CACHE_END_T: 0.0 || AGG, AGG_START_T: 0.0, AGG_END_T: 0.0 || EVAL, EVAL_START_T: 1765441486.3644395, EVAL_END_T: 1765441486.990596 || RECV, RECV_START_T: 0.0, RECV_END_T: 0.0 || DIST, DIST_START_T: 0.0, DIST_END_T: 0.0 || LOAD, LOAD_START_T: 1765441447.3679056, LOAD_END_T: 1765441453.6843133 || MSG_MTo, MSG_MTo_START_T: 0.0, MSG_MTo_END_T: 0.0
Loaded FEMNIST test split partition_id=16 with 312 samples
Wall-clock time: 1765441521.7561886 ||Test loss: 0.8237 || Test accuracy: 0.7692 || CPU time: 7.0806 || CPU utilization: 0.2037 || R#487's duration (s): 34.7656 || Cumulative runtime (s): 16902.6246 || Loading data delay (s): 6.8598 || Eval delay (s): 0.5409 || Agg delay (s): 0.0000 || Coordination delay (s): 0.0000 || DIST task delay: 0.0000 || RECV task delay: 0.0000 || Queueing delay: 0.0000 || MSG (from mid) Ave. delay: 0.0000 || Total cache delay: 0.0000 || Ave. cache delay: 0.0000
[R#487] CUMULATIVE_RUNTIME_SEC=16902.6246
Top Aggregator Timestamps: CACHE, CACHE_START_T: 0.0, CACHE_END_T: 0.0 || AGG, AGG_START_T: 0.0, AGG_END_T: 0.0 || EVAL, EVAL_START_T: 1765441521.2152455, EVAL_END_T: 1765441521.7561479 || RECV, RECV_START_T: 0.0, RECV_END_T: 0.0 || DIST, DIST_START_T: 0.0, DIST_END_T: 0.0 || LOAD, LOAD_START_T: 1765441486.9937463, LOAD_END_T: 1765441493.8535202 || MSG_MTo, MSG_MTo_START_T: 0.0, MSG_MTo_END_T: 0.0
Loaded FEMNIST test split partition_id=4 with 315 samples
Wall-clock time: 1765441556.9204793 ||Test loss: 1.0477 || Test accuracy: 0.7587 || CPU time: 6.6909 || CPU utilization: 0.1903 || R#488's duration (s): 35.1643 || Cumulative runtime (s): 16937.7889 || Loading data delay (s): 6.4858 || Eval delay (s): 0.5205 || Agg delay (s): 0.0000 || Coordination delay (s): 0.0000 || DIST task delay: 0.0000 || RECV task delay: 0.0000 || Queueing delay: 0.0000 || MSG (from mid) Ave. delay: 0.0000 || Total cache delay: 0.0000 || Ave. cache delay: 0.0000
[R#488] CUMULATIVE_RUNTIME_SEC=16937.7889
Top Aggregator Timestamps: CACHE, CACHE_START_T: 0.0, CACHE_END_T: 0.0 || AGG, AGG_START_T: 0.0, AGG_END_T: 0.0 || EVAL, EVAL_START_T: 1765441556.3999124, EVAL_END_T: 1765441556.9204524 || RECV, RECV_START_T: 0.0, RECV_END_T: 0.0 || DIST, DIST_START_T: 0.0, DIST_END_T: 0.0 || LOAD, LOAD_START_T: 1765441521.7596385, LOAD_END_T: 1765441528.2454526 || MSG_MTo, MSG_MTo_START_T: 0.0, MSG_MTo_END_T: 0.0
Loaded FEMNIST test split partition_id=20 with 371 samples
Wall-clock time: 1765441583.0280526 ||Test loss: 0.3502 || Test accuracy: 0.9191 || CPU time: 8.1424 || CPU utilization: 0.3119 || R#489's duration (s): 26.1076 || Cumulative runtime (s): 16963.8965 || Loading data delay (s): 6.6961 || Eval delay (s): 0.6231 || Agg delay (s): 0.0000 || Coordination delay (s): 0.0000 || DIST task delay: 0.0000 || RECV task delay: 0.0000 || Queueing delay: 0.0000 || MSG (from mid) Ave. delay: 0.0000 || Total cache delay: 0.0000 || Ave. cache delay: 0.0000
[R#489] CUMULATIVE_RUNTIME_SEC=16963.8965
Top Aggregator Timestamps: CACHE, CACHE_START_T: 0.0, CACHE_END_T: 0.0 || AGG, AGG_START_T: 0.0, AGG_END_T: 0.0 || EVAL, EVAL_START_T: 1765441582.404952, EVAL_END_T: 1765441583.0280123 || RECV, RECV_START_T: 0.0, RECV_END_T: 0.0 || DIST, DIST_START_T: 0.0, DIST_END_T: 0.0 || LOAD, LOAD_START_T: 1765441556.923245, LOAD_END_T: 1765441563.6193895 || MSG_MTo, MSG_MTo_START_T: 0.0, MSG_MTo_END_T: 0.0
Loaded FEMNIST test split partition_id=10 with 436 samples
Wall-clock time: 1765441624.424397 ||Test loss: 0.4141 || Test accuracy: 0.8440 || CPU time: 9.3026 || CPU utilization: 0.2247 || R#490's duration (s): 41.3963 || Cumulative runtime (s): 17005.2928 || Loading data delay (s): 6.9758 || Eval delay (s): 0.7129 || Agg delay (s): 0.0000 || Coordination delay (s): 0.0000 || DIST task delay: 0.0000 || RECV task delay: 0.0000 || Queueing delay: 0.0000 || MSG (from mid) Ave. delay: 0.0000 || Total cache delay: 0.0000 || Ave. cache delay: 0.0000
[R#490] CUMULATIVE_RUNTIME_SEC=17005.2928
Top Aggregator Timestamps: CACHE, CACHE_START_T: 0.0, CACHE_END_T: 0.0 || AGG, AGG_START_T: 0.0, AGG_END_T: 0.0 || EVAL, EVAL_START_T: 1765441623.7114382, EVAL_END_T: 1765441624.4243755 || RECV, RECV_START_T: 0.0, RECV_END_T: 0.0 || DIST, DIST_START_T: 0.0, DIST_END_T: 0.0 || LOAD, LOAD_START_T: 1765441583.0313349, LOAD_END_T: 1765441590.0070863 || MSG_MTo, MSG_MTo_START_T: 0.0, MSG_MTo_END_T: 0.0
Loaded FEMNIST test split partition_id=34 with 376 samples
Wall-clock time: 1765441660.74957 ||Test loss: 0.6615 || Test accuracy: 0.7500 || CPU time: 8.3533 || CPU utilization: 0.2300 || R#491's duration (s): 36.3252 || Cumulative runtime (s): 17041.6180 || Loading data delay (s): 6.5103 || Eval delay (s): 0.6398 || Agg delay (s): 0.0000 || Coordination delay (s): 0.0000 || DIST task delay: 0.0000 || RECV task delay: 0.0000 || Queueing delay: 0.0000 || MSG (from mid) Ave. delay: 0.0000 || Total cache delay: 0.0000 || Ave. cache delay: 0.0000
[R#491] CUMULATIVE_RUNTIME_SEC=17041.6180
Top Aggregator Timestamps: CACHE, CACHE_START_T: 0.0, CACHE_END_T: 0.0 || AGG, AGG_START_T: 0.0, AGG_END_T: 0.0 || EVAL, EVAL_START_T: 1765441660.1097395, EVAL_END_T: 1765441660.7495449 || RECV, RECV_START_T: 0.0, RECV_END_T: 0.0 || DIST, DIST_START_T: 0.0, DIST_END_T: 0.0 || LOAD, LOAD_START_T: 1765441624.4270961, LOAD_END_T: 1765441630.9373562 || MSG_MTo, MSG_MTo_START_T: 0.0, MSG_MTo_END_T: 0.0
Loaded FEMNIST test split partition_id=27 with 446 samples
Wall-clock time: 1765441696.2506099 ||Test loss: 0.7811 || Test accuracy: 0.7780 || CPU time: 9.1367 || CPU utilization: 0.2574 || R#492's duration (s): 35.5010 || Cumulative runtime (s): 17077.1191 || Loading data delay (s): 6.7367 || Eval delay (s): 0.7135 || Agg delay (s): 0.0000 || Coordination delay (s): 0.0000 || DIST task delay: 0.0000 || RECV task delay: 0.0000 || Queueing delay: 0.0000 || MSG (from mid) Ave. delay: 0.0000 || Total cache delay: 0.0000 || Ave. cache delay: 0.0000
[R#492] CUMULATIVE_RUNTIME_SEC=17077.1191
Top Aggregator Timestamps: CACHE, CACHE_START_T: 0.0, CACHE_END_T: 0.0 || AGG, AGG_START_T: 0.0, AGG_END_T: 0.0 || EVAL, EVAL_START_T: 1765441695.5370684, EVAL_END_T: 1765441696.2505858 || RECV, RECV_START_T: 0.0, RECV_END_T: 0.0 || DIST, DIST_START_T: 0.0, DIST_END_T: 0.0 || LOAD, LOAD_START_T: 1765441660.752848, LOAD_END_T: 1765441667.4895313 || MSG_MTo, MSG_MTo_START_T: 0.0, MSG_MTo_END_T: 0.0
Loaded FEMNIST test split partition_id=17 with 424 samples
Wall-clock time: 1765441727.3535683 ||Test loss: 0.5806 || Test accuracy: 0.8255 || CPU time: 8.8604 || CPU utilization: 0.2849 || R#493's duration (s): 31.1030 || Cumulative runtime (s): 17108.2220 || Loading data delay (s): 6.4779 || Eval delay (s): 0.6828 || Agg delay (s): 0.0000 || Coordination delay (s): 0.0000 || DIST task delay: 0.0000 || RECV task delay: 0.0000 || Queueing delay: 0.0000 || MSG (from mid) Ave. delay: 0.0000 || Total cache delay: 0.0000 || Ave. cache delay: 0.0000
[R#493] CUMULATIVE_RUNTIME_SEC=17108.2220
Top Aggregator Timestamps: CACHE, CACHE_START_T: 0.0, CACHE_END_T: 0.0 || AGG, AGG_START_T: 0.0, AGG_END_T: 0.0 || EVAL, EVAL_START_T: 1765441726.6706994, EVAL_END_T: 1765441727.3535244 || RECV, RECV_START_T: 0.0, RECV_END_T: 0.0 || DIST, DIST_START_T: 0.0, DIST_END_T: 0.0 || LOAD, LOAD_START_T: 1765441696.253399, LOAD_END_T: 1765441702.73128 || MSG_MTo, MSG_MTo_START_T: 0.0, MSG_MTo_END_T: 0.0
Loaded FEMNIST test split partition_id=38 with 347 samples
Wall-clock time: 1765441765.5997496 ||Test loss: 0.6119 || Test accuracy: 0.8386 || CPU time: 7.3137 || CPU utilization: 0.1912 || R#494's duration (s): 38.2462 || Cumulative runtime (s): 17146.4682 || Loading data delay (s): 6.7336 || Eval delay (s): 0.5682 || Agg delay (s): 0.0000 || Coordination delay (s): 0.0000 || DIST task delay: 0.0000 || RECV task delay: 0.0000 || Queueing delay: 0.0000 || MSG (from mid) Ave. delay: 0.0000 || Total cache delay: 0.0000 || Ave. cache delay: 0.0000
[R#494] CUMULATIVE_RUNTIME_SEC=17146.4682
Top Aggregator Timestamps: CACHE, CACHE_START_T: 0.0, CACHE_END_T: 0.0 || AGG, AGG_START_T: 0.0, AGG_END_T: 0.0 || EVAL, EVAL_START_T: 1765441765.0314891, EVAL_END_T: 1765441765.5997236 || RECV, RECV_START_T: 0.0, RECV_END_T: 0.0 || DIST, DIST_START_T: 0.0, DIST_END_T: 0.0 || LOAD, LOAD_START_T: 1765441727.356473, LOAD_END_T: 1765441734.090112 || MSG_MTo, MSG_MTo_START_T: 0.0, MSG_MTo_END_T: 0.0
Loaded FEMNIST test split partition_id=54 with 428 samples
Wall-clock time: 1765441795.3139849 ||Test loss: 0.3307 || Test accuracy: 0.9159 || CPU time: 9.1448 || CPU utilization: 0.3078 || R#495's duration (s): 29.7142 || Cumulative runtime (s): 17176.1824 || Loading data delay (s): 6.9646 || Eval delay (s): 0.7054 || Agg delay (s): 0.0000 || Coordination delay (s): 0.0000 || DIST task delay: 0.0000 || RECV task delay: 0.0000 || Queueing delay: 0.0000 || MSG (from mid) Ave. delay: 0.0000 || Total cache delay: 0.0000 || Ave. cache delay: 0.0000
[R#495] CUMULATIVE_RUNTIME_SEC=17176.1824
Top Aggregator Timestamps: CACHE, CACHE_START_T: 0.0, CACHE_END_T: 0.0 || AGG, AGG_START_T: 0.0, AGG_END_T: 0.0 || EVAL, EVAL_START_T: 1765441794.608526, EVAL_END_T: 1765441795.3139606 || RECV, RECV_START_T: 0.0, RECV_END_T: 0.0 || DIST, DIST_START_T: 0.0, DIST_END_T: 0.0 || LOAD, LOAD_START_T: 1765441765.602714, LOAD_END_T: 1765441772.567272 || MSG_MTo, MSG_MTo_START_T: 0.0, MSG_MTo_END_T: 0.0
Loaded FEMNIST test split partition_id=8 with 418 samples
Wall-clock time: 1765441831.218171 ||Test loss: 0.2497 || Test accuracy: 0.8923 || CPU time: 8.9386 || CPU utilization: 0.2490 || R#496's duration (s): 35.9042 || Cumulative runtime (s): 17212.0866 || Loading data delay (s): 6.5024 || Eval delay (s): 0.6899 || Agg delay (s): 0.0000 || Coordination delay (s): 0.0000 || DIST task delay: 0.0000 || RECV task delay: 0.0000 || Queueing delay: 0.0000 || MSG (from mid) Ave. delay: 0.0000 || Total cache delay: 0.0000 || Ave. cache delay: 0.0000
[R#496] CUMULATIVE_RUNTIME_SEC=17212.0866
Top Aggregator Timestamps: CACHE, CACHE_START_T: 0.0, CACHE_END_T: 0.0 || AGG, AGG_START_T: 0.0, AGG_END_T: 0.0 || EVAL, EVAL_START_T: 1765441830.528195, EVAL_END_T: 1765441831.2181304 || RECV, RECV_START_T: 0.0, RECV_END_T: 0.0 || DIST, DIST_START_T: 0.0, DIST_END_T: 0.0 || LOAD, LOAD_START_T: 1765441795.3167574, LOAD_END_T: 1765441801.8191903 || MSG_MTo, MSG_MTo_START_T: 0.0, MSG_MTo_END_T: 0.0
Loaded FEMNIST test split partition_id=8 with 418 samples
Wall-clock time: 1765441867.760917 ||Test loss: 0.3695 || Test accuracy: 0.8756 || CPU time: 8.8268 || CPU utilization: 0.2415 || R#497's duration (s): 36.5427 || Cumulative runtime (s): 17248.6294 || Loading data delay (s): 6.7515 || Eval delay (s): 0.6840 || Agg delay (s): 0.0000 || Coordination delay (s): 0.0000 || DIST task delay: 0.0000 || RECV task delay: 0.0000 || Queueing delay: 0.0000 || MSG (from mid) Ave. delay: 0.0000 || Total cache delay: 0.0000 || Ave. cache delay: 0.0000
[R#497] CUMULATIVE_RUNTIME_SEC=17248.6294
Top Aggregator Timestamps: CACHE, CACHE_START_T: 0.0, CACHE_END_T: 0.0 || AGG, AGG_START_T: 0.0, AGG_END_T: 0.0 || EVAL, EVAL_START_T: 1765441867.0769017, EVAL_END_T: 1765441867.7608874 || RECV, RECV_START_T: 0.0, RECV_END_T: 0.0 || DIST, DIST_START_T: 0.0, DIST_END_T: 0.0 || LOAD, LOAD_START_T: 1765441831.2210422, LOAD_END_T: 1765441837.9724991 || MSG_MTo, MSG_MTo_START_T: 0.0, MSG_MTo_END_T: 0.0
Loaded FEMNIST test split partition_id=62 with 390 samples
Wall-clock time: 1765441901.5941017 ||Test loss: 0.9754 || Test accuracy: 0.7359 || CPU time: 7.8585 || CPU utilization: 0.2323 || R#498's duration (s): 33.8332 || Cumulative runtime (s): 17282.4625 || Loading data delay (s): 6.4893 || Eval delay (s): 0.6139 || Agg delay (s): 0.0000 || Coordination delay (s): 0.0000 || DIST task delay: 0.0000 || RECV task delay: 0.0000 || Queueing delay: 0.0000 || MSG (from mid) Ave. delay: 0.0000 || Total cache delay: 0.0000 || Ave. cache delay: 0.0000
[R#498] CUMULATIVE_RUNTIME_SEC=17282.4625
Top Aggregator Timestamps: CACHE, CACHE_START_T: 0.0, CACHE_END_T: 0.0 || AGG, AGG_START_T: 0.0, AGG_END_T: 0.0 || EVAL, EVAL_START_T: 1765441900.980197, EVAL_END_T: 1765441901.5940678 || RECV, RECV_START_T: 0.0, RECV_END_T: 0.0 || DIST, DIST_START_T: 0.0, DIST_END_T: 0.0 || LOAD, LOAD_START_T: 1765441867.7638612, LOAD_END_T: 1765441874.253136 || MSG_MTo, MSG_MTo_START_T: 0.0, MSG_MTo_END_T: 0.0
Loaded FEMNIST test split partition_id=38 with 347 samples
Wall-clock time: 1765441927.8908484 ||Test loss: 0.7116 || Test accuracy: 0.8156 || CPU time: 6.9229 || CPU utilization: 0.2633 || R#499's duration (s): 26.2967 || Cumulative runtime (s): 17308.7593 || Loading data delay (s): 6.7860 || Eval delay (s): 0.5301 || Agg delay (s): 0.0000 || Coordination delay (s): 0.0000 || DIST task delay: 0.0000 || RECV task delay: 0.0000 || Queueing delay: 0.0000 || MSG (from mid) Ave. delay: 0.0000 || Total cache delay: 0.0000 || Ave. cache delay: 0.0000
[R#499] CUMULATIVE_RUNTIME_SEC=17308.7593
Top Aggregator Timestamps: CACHE, CACHE_START_T: 0.0, CACHE_END_T: 0.0 || AGG, AGG_START_T: 0.0, AGG_END_T: 0.0 || EVAL, EVAL_START_T: 1765441927.360711, EVAL_END_T: 1765441927.8908248 || RECV, RECV_START_T: 0.0, RECV_END_T: 0.0 || DIST, DIST_START_T: 0.0, DIST_END_T: 0.0 || LOAD, LOAD_START_T: 1765441901.5969174, LOAD_END_T: 1765441908.3829153 || MSG_MTo, MSG_MTo_START_T: 0.0, MSG_MTo_END_T: 0.0
Loaded FEMNIST test split partition_id=2 with 404 samples
Wall-clock time: 1765441961.7769423 ||Test loss: 0.5786 || Test accuracy: 0.8144 || CPU time: 8.2349 || CPU utilization: 0.2430 || R#500's duration (s): 33.8861 || Cumulative runtime (s): 17342.6454 || Loading data delay (s): 6.8530 || Eval delay (s): 0.6236 || Agg delay (s): 0.0000 || Coordination delay (s): 0.0000 || DIST task delay: 0.0000 || RECV task delay: 0.0000 || Queueing delay: 0.0000 || MSG (from mid) Ave. delay: 0.0000 || Total cache delay: 0.0000 || Ave. cache delay: 0.0000
[R#500] CUMULATIVE_RUNTIME_SEC=17342.6454
Top Aggregator Timestamps: CACHE, CACHE_START_T: 0.0, CACHE_END_T: 0.0 || AGG, AGG_START_T: 0.0, AGG_END_T: 0.0 || EVAL, EVAL_START_T: 1765441961.1532989, EVAL_END_T: 1765441961.7769098 || RECV, RECV_START_T: 0.0, RECV_END_T: 0.0 || DIST, DIST_START_T: 0.0, DIST_END_T: 0.0 || LOAD, LOAD_START_T: 1765441927.8937192, LOAD_END_T: 1765441934.746736 || MSG_MTo, MSG_MTo_START_T: 0.0, MSG_MTo_END_T: 0.0
Loaded FEMNIST test split partition_id=39 with 373 samples
Wall-clock time: 1765441997.0128574 ||Test loss: 0.5868 || Test accuracy: 0.8097 || CPU time: 7.8874 || CPU utilization: 0.2238 || R#501's duration (s): 35.2359 || Cumulative runtime (s): 17377.8813 || Loading data delay (s): 6.5105 || Eval delay (s): 0.6022 || Agg delay (s): 0.0000 || Coordination delay (s): 0.0000 || DIST task delay: 0.0000 || RECV task delay: 0.0000 || Queueing delay: 0.0000 || MSG (from mid) Ave. delay: 0.0000 || Total cache delay: 0.0000 || Ave. cache delay: 0.0000
[R#501] CUMULATIVE_RUNTIME_SEC=17377.8813
Top Aggregator Timestamps: CACHE, CACHE_START_T: 0.0, CACHE_END_T: 0.0 || AGG, AGG_START_T: 0.0, AGG_END_T: 0.0 || EVAL, EVAL_START_T: 1765441996.410641, EVAL_END_T: 1765441997.0128298 || RECV, RECV_START_T: 0.0, RECV_END_T: 0.0 || DIST, DIST_START_T: 0.0, DIST_END_T: 0.0 || LOAD, LOAD_START_T: 1765441961.779912, LOAD_END_T: 1765441968.290454 || MSG_MTo, MSG_MTo_START_T: 0.0, MSG_MTo_END_T: 0.0
Loaded FEMNIST test split partition_id=10 with 436 samples
Wall-clock time: 1765442034.0062764 ||Test loss: 0.3287 || Test accuracy: 0.8899 || CPU time: 8.7407 || CPU utilization: 0.2363 || R#502's duration (s): 36.9934 || Cumulative runtime (s): 17414.8747 || Loading data delay (s): 6.9148 || Eval delay (s): 0.6706 || Agg delay (s): 0.0000 || Coordination delay (s): 0.0000 || DIST task delay: 0.0000 || RECV task delay: 0.0000 || Queueing delay: 0.0000 || MSG (from mid) Ave. delay: 0.0000 || Total cache delay: 0.0000 || Ave. cache delay: 0.0000
[R#502] CUMULATIVE_RUNTIME_SEC=17414.8747
Top Aggregator Timestamps: CACHE, CACHE_START_T: 0.0, CACHE_END_T: 0.0 || AGG, AGG_START_T: 0.0, AGG_END_T: 0.0 || EVAL, EVAL_START_T: 1765442033.3356848, EVAL_END_T: 1765442034.00624 || RECV, RECV_START_T: 0.0, RECV_END_T: 0.0 || DIST, DIST_START_T: 0.0, DIST_END_T: 0.0 || LOAD, LOAD_START_T: 1765441997.015751, LOAD_END_T: 1765442003.930594 || MSG_MTo, MSG_MTo_START_T: 0.0, MSG_MTo_END_T: 0.0
Loaded FEMNIST test split partition_id=66 with 428 samples
Wall-clock time: 1765442085.8809822 ||Test loss: 0.8874 || Test accuracy: 0.7196 || CPU time: 9.2497 || CPU utilization: 0.1783 || R#503's duration (s): 51.8747 || Cumulative runtime (s): 17466.7494 || Loading data delay (s): 6.5371 || Eval delay (s): 0.7246 || Agg delay (s): 0.0000 || Coordination delay (s): 0.0000 || DIST task delay: 0.0000 || RECV task delay: 0.0000 || Queueing delay: 0.0000 || MSG (from mid) Ave. delay: 0.0000 || Total cache delay: 0.0000 || Ave. cache delay: 0.0000
[R#503] CUMULATIVE_RUNTIME_SEC=17466.7494
Top Aggregator Timestamps: CACHE, CACHE_START_T: 0.0, CACHE_END_T: 0.0 || AGG, AGG_START_T: 0.0, AGG_END_T: 0.0 || EVAL, EVAL_START_T: 1765442085.1563377, EVAL_END_T: 1765442085.8809416 || RECV, RECV_START_T: 0.0, RECV_END_T: 0.0 || DIST, DIST_START_T: 0.0, DIST_END_T: 0.0 || LOAD, LOAD_START_T: 1765442034.0090039, LOAD_END_T: 1765442040.5460606 || MSG_MTo, MSG_MTo_START_T: 0.0, MSG_MTo_END_T: 0.0
Loaded FEMNIST test split partition_id=23 with 418 samples
Wall-clock time: 1765442122.921237 ||Test loss: 0.4864 || Test accuracy: 0.8828 || CPU time: 9.3334 || CPU utilization: 0.2520 || R#504's duration (s): 37.0403 || Cumulative runtime (s): 17503.7897 || Loading data delay (s): 6.7194 || Eval delay (s): 0.7149 || Agg delay (s): 0.0000 || Coordination delay (s): 0.0000 || DIST task delay: 0.0000 || RECV task delay: 0.0000 || Queueing delay: 0.0000 || MSG (from mid) Ave. delay: 0.0000 || Total cache delay: 0.0000 || Ave. cache delay: 0.0000
[R#504] CUMULATIVE_RUNTIME_SEC=17503.7897
Top Aggregator Timestamps: CACHE, CACHE_START_T: 0.0, CACHE_END_T: 0.0 || AGG, AGG_START_T: 0.0, AGG_END_T: 0.0 || EVAL, EVAL_START_T: 1765442122.206275, EVAL_END_T: 1765442122.9212089 || RECV, RECV_START_T: 0.0, RECV_END_T: 0.0 || DIST, DIST_START_T: 0.0, DIST_END_T: 0.0 || LOAD, LOAD_START_T: 1765442085.8844185, LOAD_END_T: 1765442092.603853 || MSG_MTo, MSG_MTo_START_T: 0.0, MSG_MTo_END_T: 0.0
Loaded FEMNIST test split partition_id=56 with 343 samples
Wall-clock time: 1765442167.7123525 ||Test loss: 0.5228 || Test accuracy: 0.8455 || CPU time: 7.6765 || CPU utilization: 0.1714 || R#505's duration (s): 44.7911 || Cumulative runtime (s): 17548.5808 || Loading data delay (s): 7.1246 || Eval delay (s): 0.5967 || Agg delay (s): 0.0000 || Coordination delay (s): 0.0000 || DIST task delay: 0.0000 || RECV task delay: 0.0000 || Queueing delay: 0.0000 || MSG (from mid) Ave. delay: 0.0000 || Total cache delay: 0.0000 || Ave. cache delay: 0.0000
[R#505] CUMULATIVE_RUNTIME_SEC=17548.5808
Top Aggregator Timestamps: CACHE, CACHE_START_T: 0.0, CACHE_END_T: 0.0 || AGG, AGG_START_T: 0.0, AGG_END_T: 0.0 || EVAL, EVAL_START_T: 1765442167.115656, EVAL_END_T: 1765442167.7123144 || RECV, RECV_START_T: 0.0, RECV_END_T: 0.0 || DIST, DIST_START_T: 0.0, DIST_END_T: 0.0 || LOAD, LOAD_START_T: 1765442122.9241536, LOAD_END_T: 1765442130.0487266 || MSG_MTo, MSG_MTo_START_T: 0.0, MSG_MTo_END_T: 0.0
Loaded FEMNIST test split partition_id=7 with 375 samples
Wall-clock time: 1765442199.798277 ||Test loss: 0.6657 || Test accuracy: 0.7893 || CPU time: 8.0085 || CPU utilization: 0.2496 || R#506's duration (s): 32.0859 || Cumulative runtime (s): 17580.6667 || Loading data delay (s): 6.5907 || Eval delay (s): 0.6059 || Agg delay (s): 0.0000 || Coordination delay (s): 0.0000 || DIST task delay: 0.0000 || RECV task delay: 0.0000 || Queueing delay: 0.0000 || MSG (from mid) Ave. delay: 0.0000 || Total cache delay: 0.0000 || Ave. cache delay: 0.0000
[R#506] CUMULATIVE_RUNTIME_SEC=17580.6667
Top Aggregator Timestamps: CACHE, CACHE_START_T: 0.0, CACHE_END_T: 0.0 || AGG, AGG_START_T: 0.0, AGG_END_T: 0.0 || EVAL, EVAL_START_T: 1765442199.1922958, EVAL_END_T: 1765442199.7982435 || RECV, RECV_START_T: 0.0, RECV_END_T: 0.0 || DIST, DIST_START_T: 0.0, DIST_END_T: 0.0 || LOAD, LOAD_START_T: 1765442167.715766, LOAD_END_T: 1765442174.3065104 || MSG_MTo, MSG_MTo_START_T: 0.0, MSG_MTo_END_T: 0.0
Loaded FEMNIST test split partition_id=54 with 428 samples
Wall-clock time: 1765442231.7496486 ||Test loss: 0.4068 || Test accuracy: 0.8575 || CPU time: 9.0714 || CPU utilization: 0.2839 || R#507's duration (s): 31.9514 || Cumulative runtime (s): 17612.6181 || Loading data delay (s): 6.7199 || Eval delay (s): 0.7113 || Agg delay (s): 0.0000 || Coordination delay (s): 0.0000 || DIST task delay: 0.0000 || RECV task delay: 0.0000 || Queueing delay: 0.0000 || MSG (from mid) Ave. delay: 0.0000 || Total cache delay: 0.0000 || Ave. cache delay: 0.0000
[R#507] CUMULATIVE_RUNTIME_SEC=17612.6181
Top Aggregator Timestamps: CACHE, CACHE_START_T: 0.0, CACHE_END_T: 0.0 || AGG, AGG_START_T: 0.0, AGG_END_T: 0.0 || EVAL, EVAL_START_T: 1765442231.0382848, EVAL_END_T: 1765442231.7496228 || RECV, RECV_START_T: 0.0, RECV_END_T: 0.0 || DIST, DIST_START_T: 0.0, DIST_END_T: 0.0 || LOAD, LOAD_START_T: 1765442199.8010933, LOAD_END_T: 1765442206.5209575 || MSG_MTo, MSG_MTo_START_T: 0.0, MSG_MTo_END_T: 0.0
Loaded FEMNIST test split partition_id=14 with 378 samples
Wall-clock time: 1765442261.6278138 ||Test loss: 0.4926 || Test accuracy: 0.8492 || CPU time: 8.2046 || CPU utilization: 0.2746 || R#508's duration (s): 29.8782 || Cumulative runtime (s): 17642.4963 || Loading data delay (s): 6.6263 || Eval delay (s): 0.6354 || Agg delay (s): 0.0000 || Coordination delay (s): 0.0000 || DIST task delay: 0.0000 || RECV task delay: 0.0000 || Queueing delay: 0.0000 || MSG (from mid) Ave. delay: 0.0000 || Total cache delay: 0.0000 || Ave. cache delay: 0.0000
[R#508] CUMULATIVE_RUNTIME_SEC=17642.4963
Top Aggregator Timestamps: CACHE, CACHE_START_T: 0.0, CACHE_END_T: 0.0 || AGG, AGG_START_T: 0.0, AGG_END_T: 0.0 || EVAL, EVAL_START_T: 1765442260.9923534, EVAL_END_T: 1765442261.6277907 || RECV, RECV_START_T: 0.0, RECV_END_T: 0.0 || DIST, DIST_START_T: 0.0, DIST_END_T: 0.0 || LOAD, LOAD_START_T: 1765442231.7527952, LOAD_END_T: 1765442238.3790932 || MSG_MTo, MSG_MTo_START_T: 0.0, MSG_MTo_END_T: 0.0
Loaded FEMNIST test split partition_id=41 with 358 samples
Wall-clock time: 1765442298.199659 ||Test loss: 0.6559 || Test accuracy: 0.7877 || CPU time: 8.0401 || CPU utilization: 0.2198 || R#509's duration (s): 36.5718 || Cumulative runtime (s): 17679.0681 || Loading data delay (s): 6.8626 || Eval delay (s): 0.6180 || Agg delay (s): 0.0000 || Coordination delay (s): 0.0000 || DIST task delay: 0.0000 || RECV task delay: 0.0000 || Queueing delay: 0.0000 || MSG (from mid) Ave. delay: 0.0000 || Total cache delay: 0.0000 || Ave. cache delay: 0.0000
[R#509] CUMULATIVE_RUNTIME_SEC=17679.0681
Top Aggregator Timestamps: CACHE, CACHE_START_T: 0.0, CACHE_END_T: 0.0 || AGG, AGG_START_T: 0.0, AGG_END_T: 0.0 || EVAL, EVAL_START_T: 1765442297.5815876, EVAL_END_T: 1765442298.1996086 || RECV, RECV_START_T: 0.0, RECV_END_T: 0.0 || DIST, DIST_START_T: 0.0, DIST_END_T: 0.0 || LOAD, LOAD_START_T: 1765442261.6306386, LOAD_END_T: 1765442268.4932277 || MSG_MTo, MSG_MTo_START_T: 0.0, MSG_MTo_END_T: 0.0
Loaded FEMNIST test split partition_id=12 with 308 samples
Wall-clock time: 1765442336.646937 ||Test loss: 0.7776 || Test accuracy: 0.7857 || CPU time: 6.7765 || CPU utilization: 0.1763 || R#510's duration (s): 38.4473 || Cumulative runtime (s): 17717.5154 || Loading data delay (s): 7.1477 || Eval delay (s): 0.5306 || Agg delay (s): 0.0000 || Coordination delay (s): 0.0000 || DIST task delay: 0.0000 || RECV task delay: 0.0000 || Queueing delay: 0.0000 || MSG (from mid) Ave. delay: 0.0000 || Total cache delay: 0.0000 || Ave. cache delay: 0.0000
[R#510] CUMULATIVE_RUNTIME_SEC=17717.5154
Top Aggregator Timestamps: CACHE, CACHE_START_T: 0.0, CACHE_END_T: 0.0 || AGG, AGG_START_T: 0.0, AGG_END_T: 0.0 || EVAL, EVAL_START_T: 1765442336.1163383, EVAL_END_T: 1765442336.6469088 || RECV, RECV_START_T: 0.0, RECV_END_T: 0.0 || DIST, DIST_START_T: 0.0, DIST_END_T: 0.0 || LOAD, LOAD_START_T: 1765442298.2030978, LOAD_END_T: 1765442305.3508236 || MSG_MTo, MSG_MTo_START_T: 0.0, MSG_MTo_END_T: 0.0
Loaded FEMNIST test split partition_id=23 with 418 samples
Wall-clock time: 1765442371.3453388 ||Test loss: 0.5511 || Test accuracy: 0.8014 || CPU time: 9.0151 || CPU utilization: 0.2598 || R#511's duration (s): 34.6984 || Cumulative runtime (s): 17752.2138 || Loading data delay (s): 6.6393 || Eval delay (s): 0.7004 || Agg delay (s): 0.0000 || Coordination delay (s): 0.0000 || DIST task delay: 0.0000 || RECV task delay: 0.0000 || Queueing delay: 0.0000 || MSG (from mid) Ave. delay: 0.0000 || Total cache delay: 0.0000 || Ave. cache delay: 0.0000
[R#511] CUMULATIVE_RUNTIME_SEC=17752.2138
Top Aggregator Timestamps: CACHE, CACHE_START_T: 0.0, CACHE_END_T: 0.0 || AGG, AGG_START_T: 0.0, AGG_END_T: 0.0 || EVAL, EVAL_START_T: 1765442370.644935, EVAL_END_T: 1765442371.3452988 || RECV, RECV_START_T: 0.0, RECV_END_T: 0.0 || DIST, DIST_START_T: 0.0, DIST_END_T: 0.0 || LOAD, LOAD_START_T: 1765442336.6497078, LOAD_END_T: 1765442343.289021 || MSG_MTo, MSG_MTo_START_T: 0.0, MSG_MTo_END_T: 0.0
Loaded FEMNIST test split partition_id=20 with 371 samples
Wall-clock time: 1765442403.3965132 ||Test loss: 0.8248 || Test accuracy: 0.7655 || CPU time: 7.8445 || CPU utilization: 0.2447 || R#512's duration (s): 32.0512 || Cumulative runtime (s): 17784.2650 || Loading data delay (s): 6.8360 || Eval delay (s): 0.6102 || Agg delay (s): 0.0000 || Coordination delay (s): 0.0000 || DIST task delay: 0.0000 || RECV task delay: 0.0000 || Queueing delay: 0.0000 || MSG (from mid) Ave. delay: 0.0000 || Total cache delay: 0.0000 || Ave. cache delay: 0.0000
[R#512] CUMULATIVE_RUNTIME_SEC=17784.2650
Top Aggregator Timestamps: CACHE, CACHE_START_T: 0.0, CACHE_END_T: 0.0 || AGG, AGG_START_T: 0.0, AGG_END_T: 0.0 || EVAL, EVAL_START_T: 1765442402.7862942, EVAL_END_T: 1765442403.3964891 || RECV, RECV_START_T: 0.0, RECV_END_T: 0.0 || DIST, DIST_START_T: 0.0, DIST_END_T: 0.0 || LOAD, LOAD_START_T: 1765442371.3483615, LOAD_END_T: 1765442378.184345 || MSG_MTo, MSG_MTo_START_T: 0.0, MSG_MTo_END_T: 0.0
Loaded FEMNIST test split partition_id=17 with 424 samples
Wall-clock time: 1765442430.0776355 ||Test loss: 0.4364 || Test accuracy: 0.8561 || CPU time: 9.0833 || CPU utilization: 0.3404 || R#513's duration (s): 26.6811 || Cumulative runtime (s): 17810.9461 || Loading data delay (s): 6.5323 || Eval delay (s): 0.7073 || Agg delay (s): 0.0000 || Coordination delay (s): 0.0000 || DIST task delay: 0.0000 || RECV task delay: 0.0000 || Queueing delay: 0.0000 || MSG (from mid) Ave. delay: 0.0000 || Total cache delay: 0.0000 || Ave. cache delay: 0.0000
[R#513] CUMULATIVE_RUNTIME_SEC=17810.9461
Top Aggregator Timestamps: CACHE, CACHE_START_T: 0.0, CACHE_END_T: 0.0 || AGG, AGG_START_T: 0.0, AGG_END_T: 0.0 || EVAL, EVAL_START_T: 1765442429.3703234, EVAL_END_T: 1765442430.077612 || RECV, RECV_START_T: 0.0, RECV_END_T: 0.0 || DIST, DIST_START_T: 0.0, DIST_END_T: 0.0 || LOAD, LOAD_START_T: 1765442403.3994308, LOAD_END_T: 1765442409.9317017 || MSG_MTo, MSG_MTo_START_T: 0.0, MSG_MTo_END_T: 0.0
Loaded FEMNIST test split partition_id=52 with 218 samples
Wall-clock time: 1765442466.9213634 ||Test loss: 0.6248 || Test accuracy: 0.8028 || CPU time: 4.9058 || CPU utilization: 0.1332 || R#514's duration (s): 36.8437 || Cumulative runtime (s): 17847.7898 || Loading data delay (s): 6.7822 || Eval delay (s): 0.3817 || Agg delay (s): 0.0000 || Coordination delay (s): 0.0000 || DIST task delay: 0.0000 || RECV task delay: 0.0000 || Queueing delay: 0.0000 || MSG (from mid) Ave. delay: 0.0000 || Total cache delay: 0.0000 || Ave. cache delay: 0.0000
[R#514] CUMULATIVE_RUNTIME_SEC=17847.7898
Top Aggregator Timestamps: CACHE, CACHE_START_T: 0.0, CACHE_END_T: 0.0 || AGG, AGG_START_T: 0.0, AGG_END_T: 0.0 || EVAL, EVAL_START_T: 1765442466.539648, EVAL_END_T: 1765442466.9213407 || RECV, RECV_START_T: 0.0, RECV_END_T: 0.0 || DIST, DIST_START_T: 0.0, DIST_END_T: 0.0 || LOAD, LOAD_START_T: 1765442430.0808392, LOAD_END_T: 1765442436.8629906 || MSG_MTo, MSG_MTo_START_T: 0.0, MSG_MTo_END_T: 0.0
Loaded FEMNIST test split partition_id=15 with 370 samples
Wall-clock time: 1765442497.58988 ||Test loss: 0.5330 || Test accuracy: 0.8189 || CPU time: 8.3082 || CPU utilization: 0.2709 || R#515's duration (s): 30.6685 || Cumulative runtime (s): 17878.4583 || Loading data delay (s): 7.0312 || Eval delay (s): 0.6556 || Agg delay (s): 0.0000 || Coordination delay (s): 0.0000 || DIST task delay: 0.0000 || RECV task delay: 0.0000 || Queueing delay: 0.0000 || MSG (from mid) Ave. delay: 0.0000 || Total cache delay: 0.0000 || Ave. cache delay: 0.0000
[R#515] CUMULATIVE_RUNTIME_SEC=17878.4583
Top Aggregator Timestamps: CACHE, CACHE_START_T: 0.0, CACHE_END_T: 0.0 || AGG, AGG_START_T: 0.0, AGG_END_T: 0.0 || EVAL, EVAL_START_T: 1765442496.9342158, EVAL_END_T: 1765442497.5898547 || RECV, RECV_START_T: 0.0, RECV_END_T: 0.0 || DIST, DIST_START_T: 0.0, DIST_END_T: 0.0 || LOAD, LOAD_START_T: 1765442466.9247358, LOAD_END_T: 1765442473.9559052 || MSG_MTo, MSG_MTo_START_T: 0.0, MSG_MTo_END_T: 0.0
Loaded FEMNIST test split partition_id=33 with 337 samples
Wall-clock time: 1765442543.4149082 ||Test loss: 0.5921 || Test accuracy: 0.8338 || CPU time: 6.7124 || CPU utilization: 0.1465 || R#516's duration (s): 45.8250 || Cumulative runtime (s): 17924.2834 || Loading data delay (s): 6.5728 || Eval delay (s): 0.5194 || Agg delay (s): 0.0000 || Coordination delay (s): 0.0000 || DIST task delay: 0.0000 || RECV task delay: 0.0000 || Queueing delay: 0.0000 || MSG (from mid) Ave. delay: 0.0000 || Total cache delay: 0.0000 || Ave. cache delay: 0.0000
[R#516] CUMULATIVE_RUNTIME_SEC=17924.2834
Top Aggregator Timestamps: CACHE, CACHE_START_T: 0.0, CACHE_END_T: 0.0 || AGG, AGG_START_T: 0.0, AGG_END_T: 0.0 || EVAL, EVAL_START_T: 1765442542.895469, EVAL_END_T: 1765442543.4148805 || RECV, RECV_START_T: 0.0, RECV_END_T: 0.0 || DIST, DIST_START_T: 0.0, DIST_END_T: 0.0 || LOAD, LOAD_START_T: 1765442497.5926592, LOAD_END_T: 1765442504.1655009 || MSG_MTo, MSG_MTo_START_T: 0.0, MSG_MTo_END_T: 0.0
Loaded FEMNIST test split partition_id=58 with 346 samples
Wall-clock time: 1765442581.048709 ||Test loss: 0.6005 || Test accuracy: 0.8468 || CPU time: 7.6627 || CPU utilization: 0.2036 || R#517's duration (s): 37.6338 || Cumulative runtime (s): 17961.9172 || Loading data delay (s): 6.5439 || Eval delay (s): 0.5929 || Agg delay (s): 0.0000 || Coordination delay (s): 0.0000 || DIST task delay: 0.0000 || RECV task delay: 0.0000 || Queueing delay: 0.0000 || MSG (from mid) Ave. delay: 0.0000 || Total cache delay: 0.0000 || Ave. cache delay: 0.0000
[R#517] CUMULATIVE_RUNTIME_SEC=17961.9172
Top Aggregator Timestamps: CACHE, CACHE_START_T: 0.0, CACHE_END_T: 0.0 || AGG, AGG_START_T: 0.0, AGG_END_T: 0.0 || EVAL, EVAL_START_T: 1765442580.455733, EVAL_END_T: 1765442581.0486672 || RECV, RECV_START_T: 0.0, RECV_END_T: 0.0 || DIST, DIST_START_T: 0.0, DIST_END_T: 0.0 || LOAD, LOAD_START_T: 1765442543.4176135, LOAD_END_T: 1765442549.9615233 || MSG_MTo, MSG_MTo_START_T: 0.0, MSG_MTo_END_T: 0.0
Loaded FEMNIST test split partition_id=63 with 413 samples
Wall-clock time: 1765442610.6370866 ||Test loss: 0.5202 || Test accuracy: 0.8378 || CPU time: 8.5788 || CPU utilization: 0.2899 || R#518's duration (s): 29.5884 || Cumulative runtime (s): 17991.5055 || Loading data delay (s): 6.4050 || Eval delay (s): 0.6613 || Agg delay (s): 0.0000 || Coordination delay (s): 0.0000 || DIST task delay: 0.0000 || RECV task delay: 0.0000 || Queueing delay: 0.0000 || MSG (from mid) Ave. delay: 0.0000 || Total cache delay: 0.0000 || Ave. cache delay: 0.0000
[R#518] CUMULATIVE_RUNTIME_SEC=17991.5055
Top Aggregator Timestamps: CACHE, CACHE_START_T: 0.0, CACHE_END_T: 0.0 || AGG, AGG_START_T: 0.0, AGG_END_T: 0.0 || EVAL, EVAL_START_T: 1765442609.97581, EVAL_END_T: 1765442610.637063 || RECV, RECV_START_T: 0.0, RECV_END_T: 0.0 || DIST, DIST_START_T: 0.0, DIST_END_T: 0.0 || LOAD, LOAD_START_T: 1765442581.0521955, LOAD_END_T: 1765442587.4571984 || MSG_MTo, MSG_MTo_START_T: 0.0, MSG_MTo_END_T: 0.0
Loaded FEMNIST test split partition_id=6 with 380 samples
Wall-clock time: 1765442650.9013703 ||Test loss: 0.7284 || Test accuracy: 0.7895 || CPU time: 9.3982 || CPU utilization: 0.2334 || R#519's duration (s): 40.2643 || Cumulative runtime (s): 18031.7698 || Loading data delay (s): 6.6627 || Eval delay (s): 0.7400 || Agg delay (s): 0.0000 || Coordination delay (s): 0.0000 || DIST task delay: 0.0000 || RECV task delay: 0.0000 || Queueing delay: 0.0000 || MSG (from mid) Ave. delay: 0.0000 || Total cache delay: 0.0000 || Ave. cache delay: 0.0000
[R#519] CUMULATIVE_RUNTIME_SEC=18031.7698
Top Aggregator Timestamps: CACHE, CACHE_START_T: 0.0, CACHE_END_T: 0.0 || AGG, AGG_START_T: 0.0, AGG_END_T: 0.0 || EVAL, EVAL_START_T: 1765442650.1612988, EVAL_END_T: 1765442650.9013226 || RECV, RECV_START_T: 0.0, RECV_END_T: 0.0 || DIST, DIST_START_T: 0.0, DIST_END_T: 0.0 || LOAD, LOAD_START_T: 1765442610.639902, LOAD_END_T: 1765442617.3025608 || MSG_MTo, MSG_MTo_START_T: 0.0, MSG_MTo_END_T: 0.0
Loaded FEMNIST test split partition_id=14 with 378 samples
Wall-clock time: 1765442684.0516312 ||Test loss: 0.4052 || Test accuracy: 0.8519 || CPU time: 8.5309 || CPU utilization: 0.2573 || R#520's duration (s): 33.1503 || Cumulative runtime (s): 18064.9201 || Loading data delay (s): 7.2544 || Eval delay (s): 0.6525 || Agg delay (s): 0.0000 || Coordination delay (s): 0.0000 || DIST task delay: 0.0000 || RECV task delay: 0.0000 || Queueing delay: 0.0000 || MSG (from mid) Ave. delay: 0.0000 || Total cache delay: 0.0000 || Ave. cache delay: 0.0000
[R#520] CUMULATIVE_RUNTIME_SEC=18064.9201
Top Aggregator Timestamps: CACHE, CACHE_START_T: 0.0, CACHE_END_T: 0.0 || AGG, AGG_START_T: 0.0, AGG_END_T: 0.0 || EVAL, EVAL_START_T: 1765442683.3990643, EVAL_END_T: 1765442684.0515935 || RECV, RECV_START_T: 0.0, RECV_END_T: 0.0 || DIST, DIST_START_T: 0.0, DIST_END_T: 0.0 || LOAD, LOAD_START_T: 1765442650.9050455, LOAD_END_T: 1765442658.1594229 || MSG_MTo, MSG_MTo_START_T: 0.0, MSG_MTo_END_T: 0.0
Loaded FEMNIST test split partition_id=56 with 343 samples
Wall-clock time: 1765442722.309897 ||Test loss: 0.5126 || Test accuracy: 0.8484 || CPU time: 7.5879 || CPU utilization: 0.1983 || R#521's duration (s): 38.2583 || Cumulative runtime (s): 18103.1783 || Loading data delay (s): 6.4437 || Eval delay (s): 0.5945 || Agg delay (s): 0.0000 || Coordination delay (s): 0.0000 || DIST task delay: 0.0000 || RECV task delay: 0.0000 || Queueing delay: 0.0000 || MSG (from mid) Ave. delay: 0.0000 || Total cache delay: 0.0000 || Ave. cache delay: 0.0000
[R#521] CUMULATIVE_RUNTIME_SEC=18103.1783
Top Aggregator Timestamps: CACHE, CACHE_START_T: 0.0, CACHE_END_T: 0.0 || AGG, AGG_START_T: 0.0, AGG_END_T: 0.0 || EVAL, EVAL_START_T: 1765442721.7153618, EVAL_END_T: 1765442722.309862 || RECV, RECV_START_T: 0.0, RECV_END_T: 0.0 || DIST, DIST_START_T: 0.0, DIST_END_T: 0.0 || LOAD, LOAD_START_T: 1765442684.0545683, LOAD_END_T: 1765442690.4983075 || MSG_MTo, MSG_MTo_START_T: 0.0, MSG_MTo_END_T: 0.0
Loaded FEMNIST test split partition_id=54 with 428 samples
Wall-clock time: 1765442762.6580076 ||Test loss: 0.4247 || Test accuracy: 0.8621 || CPU time: 8.9020 || CPU utilization: 0.2206 || R#522's duration (s): 40.3481 || Cumulative runtime (s): 18143.5265 || Loading data delay (s): 6.8175 || Eval delay (s): 0.6976 || Agg delay (s): 0.0000 || Coordination delay (s): 0.0000 || DIST task delay: 0.0000 || RECV task delay: 0.0000 || Queueing delay: 0.0000 || MSG (from mid) Ave. delay: 0.0000 || Total cache delay: 0.0000 || Ave. cache delay: 0.0000
[R#522] CUMULATIVE_RUNTIME_SEC=18143.5265
Top Aggregator Timestamps: CACHE, CACHE_START_T: 0.0, CACHE_END_T: 0.0 || AGG, AGG_START_T: 0.0, AGG_END_T: 0.0 || EVAL, EVAL_START_T: 1765442761.9603508, EVAL_END_T: 1765442762.6579814 || RECV, RECV_START_T: 0.0, RECV_END_T: 0.0 || DIST, DIST_START_T: 0.0, DIST_END_T: 0.0 || LOAD, LOAD_START_T: 1765442722.3132422, LOAD_END_T: 1765442729.1306953 || MSG_MTo, MSG_MTo_START_T: 0.0, MSG_MTo_END_T: 0.0
Loaded FEMNIST test split partition_id=4 with 315 samples
Wall-clock time: 1765442796.1722255 ||Test loss: 1.1655 || Test accuracy: 0.6762 || CPU time: 7.0108 || CPU utilization: 0.2092 || R#523's duration (s): 33.5142 || Cumulative runtime (s): 18177.0407 || Loading data delay (s): 6.4006 || Eval delay (s): 0.5488 || Agg delay (s): 0.0000 || Coordination delay (s): 0.0000 || DIST task delay: 0.0000 || RECV task delay: 0.0000 || Queueing delay: 0.0000 || MSG (from mid) Ave. delay: 0.0000 || Total cache delay: 0.0000 || Ave. cache delay: 0.0000
[R#523] CUMULATIVE_RUNTIME_SEC=18177.0407
Top Aggregator Timestamps: CACHE, CACHE_START_T: 0.0, CACHE_END_T: 0.0 || AGG, AGG_START_T: 0.0, AGG_END_T: 0.0 || EVAL, EVAL_START_T: 1765442795.6234183, EVAL_END_T: 1765442796.1721897 || RECV, RECV_START_T: 0.0, RECV_END_T: 0.0 || DIST, DIST_START_T: 0.0, DIST_END_T: 0.0 || LOAD, LOAD_START_T: 1765442762.6607916, LOAD_END_T: 1765442769.06138 || MSG_MTo, MSG_MTo_START_T: 0.0, MSG_MTo_END_T: 0.0
Loaded FEMNIST test split partition_id=1 with 413 samples
Wall-clock time: 1765442826.7317636 ||Test loss: 0.7659 || Test accuracy: 0.7554 || CPU time: 8.6551 || CPU utilization: 0.2832 || R#524's duration (s): 30.5595 || Cumulative runtime (s): 18207.6002 || Loading data delay (s): 6.6694 || Eval delay (s): 0.6701 || Agg delay (s): 0.0000 || Coordination delay (s): 0.0000 || DIST task delay: 0.0000 || RECV task delay: 0.0000 || Queueing delay: 0.0000 || MSG (from mid) Ave. delay: 0.0000 || Total cache delay: 0.0000 || Ave. cache delay: 0.0000
[R#524] CUMULATIVE_RUNTIME_SEC=18207.6002
Top Aggregator Timestamps: CACHE, CACHE_START_T: 0.0, CACHE_END_T: 0.0 || AGG, AGG_START_T: 0.0, AGG_END_T: 0.0 || EVAL, EVAL_START_T: 1765442826.0616615, EVAL_END_T: 1765442826.7317343 || RECV, RECV_START_T: 0.0, RECV_END_T: 0.0 || DIST, DIST_START_T: 0.0, DIST_END_T: 0.0 || LOAD, LOAD_START_T: 1765442796.1755087, LOAD_END_T: 1765442802.8449473 || MSG_MTo, MSG_MTo_START_T: 0.0, MSG_MTo_END_T: 0.0
Loaded FEMNIST test split partition_id=13 with 329 samples
Wall-clock time: 1765442855.9241438 ||Test loss: 0.7360 || Test accuracy: 0.7903 || CPU time: 7.0634 || CPU utilization: 0.2420 || R#525's duration (s): 29.1924 || Cumulative runtime (s): 18236.7926 || Loading data delay (s): 6.9640 || Eval delay (s): 0.5463 || Agg delay (s): 0.0000 || Coordination delay (s): 0.0000 || DIST task delay: 0.0000 || RECV task delay: 0.0000 || Queueing delay: 0.0000 || MSG (from mid) Ave. delay: 0.0000 || Total cache delay: 0.0000 || Ave. cache delay: 0.0000
[R#525] CUMULATIVE_RUNTIME_SEC=18236.7926
Top Aggregator Timestamps: CACHE, CACHE_START_T: 0.0, CACHE_END_T: 0.0 || AGG, AGG_START_T: 0.0, AGG_END_T: 0.0 || EVAL, EVAL_START_T: 1765442855.3778446, EVAL_END_T: 1765442855.924112 || RECV, RECV_START_T: 0.0, RECV_END_T: 0.0 || DIST, DIST_START_T: 0.0, DIST_END_T: 0.0 || LOAD, LOAD_START_T: 1765442826.7345974, LOAD_END_T: 1765442833.6985908 || MSG_MTo, MSG_MTo_START_T: 0.0, MSG_MTo_END_T: 0.0
Loaded FEMNIST test split partition_id=11 with 425 samples
Wall-clock time: 1765442889.7883606 ||Test loss: 1.0118 || Test accuracy: 0.6988 || CPU time: 9.0213 || CPU utilization: 0.2664 || R#526's duration (s): 33.8642 || Cumulative runtime (s): 18270.6568 || Loading data delay (s): 6.5159 || Eval delay (s): 0.6942 || Agg delay (s): 0.0000 || Coordination delay (s): 0.0000 || DIST task delay: 0.0000 || RECV task delay: 0.0000 || Queueing delay: 0.0000 || MSG (from mid) Ave. delay: 0.0000 || Total cache delay: 0.0000 || Ave. cache delay: 0.0000
[R#526] CUMULATIVE_RUNTIME_SEC=18270.6568
Top Aggregator Timestamps: CACHE, CACHE_START_T: 0.0, CACHE_END_T: 0.0 || AGG, AGG_START_T: 0.0, AGG_END_T: 0.0 || EVAL, EVAL_START_T: 1765442889.0941792, EVAL_END_T: 1765442889.788331 || RECV, RECV_START_T: 0.0, RECV_END_T: 0.0 || DIST, DIST_START_T: 0.0, DIST_END_T: 0.0 || LOAD, LOAD_START_T: 1765442855.9274092, LOAD_END_T: 1765442862.4433486 || MSG_MTo, MSG_MTo_START_T: 0.0, MSG_MTo_END_T: 0.0
Loaded FEMNIST test split partition_id=29 with 247 samples
Wall-clock time: 1765442924.8450096 ||Test loss: 1.4858 || Test accuracy: 0.6316 || CPU time: 5.5563 || CPU utilization: 0.1585 || R#527's duration (s): 35.0566 || Cumulative runtime (s): 18305.7135 || Loading data delay (s): 6.8497 || Eval delay (s): 0.4366 || Agg delay (s): 0.0000 || Coordination delay (s): 0.0000 || DIST task delay: 0.0000 || RECV task delay: 0.0000 || Queueing delay: 0.0000 || MSG (from mid) Ave. delay: 0.0000 || Total cache delay: 0.0000 || Ave. cache delay: 0.0000
[R#527] CUMULATIVE_RUNTIME_SEC=18305.7135
Top Aggregator Timestamps: CACHE, CACHE_START_T: 0.0, CACHE_END_T: 0.0 || AGG, AGG_START_T: 0.0, AGG_END_T: 0.0 || EVAL, EVAL_START_T: 1765442924.4084015, EVAL_END_T: 1765442924.8449776 || RECV, RECV_START_T: 0.0, RECV_END_T: 0.0 || DIST, DIST_START_T: 0.0, DIST_END_T: 0.0 || LOAD, LOAD_START_T: 1765442889.7913918, LOAD_END_T: 1765442896.6410944 || MSG_MTo, MSG_MTo_START_T: 0.0, MSG_MTo_END_T: 0.0
Loaded FEMNIST test split partition_id=19 with 377 samples
Wall-clock time: 1765442963.8128095 ||Test loss: 0.8010 || Test accuracy: 0.7798 || CPU time: 7.9712 || CPU utilization: 0.2046 || R#528's duration (s): 38.9678 || Cumulative runtime (s): 18344.6813 || Loading data delay (s): 6.4587 || Eval delay (s): 0.6144 || Agg delay (s): 0.0000 || Coordination delay (s): 0.0000 || DIST task delay: 0.0000 || RECV task delay: 0.0000 || Queueing delay: 0.0000 || MSG (from mid) Ave. delay: 0.0000 || Total cache delay: 0.0000 || Ave. cache delay: 0.0000
[R#528] CUMULATIVE_RUNTIME_SEC=18344.6813
Top Aggregator Timestamps: CACHE, CACHE_START_T: 0.0, CACHE_END_T: 0.0 || AGG, AGG_START_T: 0.0, AGG_END_T: 0.0 || EVAL, EVAL_START_T: 1765442963.1983595, EVAL_END_T: 1765442963.8127818 || RECV, RECV_START_T: 0.0, RECV_END_T: 0.0 || DIST, DIST_START_T: 0.0, DIST_END_T: 0.0 || LOAD, LOAD_START_T: 1765442924.847848, LOAD_END_T: 1765442931.3065584 || MSG_MTo, MSG_MTo_START_T: 0.0, MSG_MTo_END_T: 0.0
Loaded FEMNIST test split partition_id=34 with 376 samples
Wall-clock time: 1765442996.4928617 ||Test loss: 0.7234 || Test accuracy: 0.7819 || CPU time: 7.9222 || CPU utilization: 0.2424 || R#529's duration (s): 32.6801 || Cumulative runtime (s): 18377.3613 || Loading data delay (s): 6.7419 || Eval delay (s): 0.6127 || Agg delay (s): 0.0000 || Coordination delay (s): 0.0000 || DIST task delay: 0.0000 || RECV task delay: 0.0000 || Queueing delay: 0.0000 || MSG (from mid) Ave. delay: 0.0000 || Total cache delay: 0.0000 || Ave. cache delay: 0.0000
[R#529] CUMULATIVE_RUNTIME_SEC=18377.3613
Top Aggregator Timestamps: CACHE, CACHE_START_T: 0.0, CACHE_END_T: 0.0 || AGG, AGG_START_T: 0.0, AGG_END_T: 0.0 || EVAL, EVAL_START_T: 1765442995.8800993, EVAL_END_T: 1765442996.4928377 || RECV, RECV_START_T: 0.0, RECV_END_T: 0.0 || DIST, DIST_START_T: 0.0, DIST_END_T: 0.0 || LOAD, LOAD_START_T: 1765442963.8157606, LOAD_END_T: 1765442970.5576375 || MSG_MTo, MSG_MTo_START_T: 0.0, MSG_MTo_END_T: 0.0
Loaded FEMNIST test split partition_id=17 with 424 samples
Wall-clock time: 1765443039.3779113 ||Test loss: 0.3970 || Test accuracy: 0.8561 || CPU time: 8.9017 || CPU utilization: 0.2076 || R#530's duration (s): 42.8850 || Cumulative runtime (s): 18420.2464 || Loading data delay (s): 6.9771 || Eval delay (s): 0.6878 || Agg delay (s): 0.0000 || Coordination delay (s): 0.0000 || DIST task delay: 0.0000 || RECV task delay: 0.0000 || Queueing delay: 0.0000 || MSG (from mid) Ave. delay: 0.0000 || Total cache delay: 0.0000 || Ave. cache delay: 0.0000
[R#530] CUMULATIVE_RUNTIME_SEC=18420.2464
Top Aggregator Timestamps: CACHE, CACHE_START_T: 0.0, CACHE_END_T: 0.0 || AGG, AGG_START_T: 0.0, AGG_END_T: 0.0 || EVAL, EVAL_START_T: 1765443038.6901238, EVAL_END_T: 1765443039.3778837 || RECV, RECV_START_T: 0.0, RECV_END_T: 0.0 || DIST, DIST_START_T: 0.0, DIST_END_T: 0.0 || LOAD, LOAD_START_T: 1765442996.4956646, LOAD_END_T: 1765443003.4728146 || MSG_MTo, MSG_MTo_START_T: 0.0, MSG_MTo_END_T: 0.0
Loaded FEMNIST test split partition_id=26 with 363 samples
Wall-clock time: 1765443077.0292869 ||Test loss: 0.3890 || Test accuracy: 0.8678 || CPU time: 8.2894 || CPU utilization: 0.2202 || R#531's duration (s): 37.6514 || Cumulative runtime (s): 18457.8977 || Loading data delay (s): 6.4602 || Eval delay (s): 0.6397 || Agg delay (s): 0.0000 || Coordination delay (s): 0.0000 || DIST task delay: 0.0000 || RECV task delay: 0.0000 || Queueing delay: 0.0000 || MSG (from mid) Ave. delay: 0.0000 || Total cache delay: 0.0000 || Ave. cache delay: 0.0000
[R#531] CUMULATIVE_RUNTIME_SEC=18457.8977
Top Aggregator Timestamps: CACHE, CACHE_START_T: 0.0, CACHE_END_T: 0.0 || AGG, AGG_START_T: 0.0, AGG_END_T: 0.0 || EVAL, EVAL_START_T: 1765443076.3895755, EVAL_END_T: 1765443077.0292556 || RECV, RECV_START_T: 0.0, RECV_END_T: 0.0 || DIST, DIST_START_T: 0.0, DIST_END_T: 0.0 || LOAD, LOAD_START_T: 1765443039.3807886, LOAD_END_T: 1765443045.840992 || MSG_MTo, MSG_MTo_START_T: 0.0, MSG_MTo_END_T: 0.0
Loaded FEMNIST test split partition_id=40 with 375 samples
Wall-clock time: 1765443115.4357855 ||Test loss: 0.7868 || Test accuracy: 0.7840 || CPU time: 8.3572 || CPU utilization: 0.2176 || R#532's duration (s): 38.4065 || Cumulative runtime (s): 18496.3042 || Loading data delay (s): 6.7212 || Eval delay (s): 0.6421 || Agg delay (s): 0.0000 || Coordination delay (s): 0.0000 || DIST task delay: 0.0000 || RECV task delay: 0.0000 || Queueing delay: 0.0000 || MSG (from mid) Ave. delay: 0.0000 || Total cache delay: 0.0000 || Ave. cache delay: 0.0000
[R#532] CUMULATIVE_RUNTIME_SEC=18496.3042
Top Aggregator Timestamps: CACHE, CACHE_START_T: 0.0, CACHE_END_T: 0.0 || AGG, AGG_START_T: 0.0, AGG_END_T: 0.0 || EVAL, EVAL_START_T: 1765443114.7936223, EVAL_END_T: 1765443115.4357507 || RECV, RECV_START_T: 0.0, RECV_END_T: 0.0 || DIST, DIST_START_T: 0.0, DIST_END_T: 0.0 || LOAD, LOAD_START_T: 1765443077.0322325, LOAD_END_T: 1765443083.7534492 || MSG_MTo, MSG_MTo_START_T: 0.0, MSG_MTo_END_T: 0.0
Loaded FEMNIST test split partition_id=41 with 358 samples
Wall-clock time: 1765443155.6920252 ||Test loss: 0.5550 || Test accuracy: 0.8268 || CPU time: 7.8459 || CPU utilization: 0.1949 || R#533's duration (s): 40.2562 || Cumulative runtime (s): 18536.5605 || Loading data delay (s): 6.5186 || Eval delay (s): 0.6070 || Agg delay (s): 0.0000 || Coordination delay (s): 0.0000 || DIST task delay: 0.0000 || RECV task delay: 0.0000 || Queueing delay: 0.0000 || MSG (from mid) Ave. delay: 0.0000 || Total cache delay: 0.0000 || Ave. cache delay: 0.0000
[R#533] CUMULATIVE_RUNTIME_SEC=18536.5605
Top Aggregator Timestamps: CACHE, CACHE_START_T: 0.0, CACHE_END_T: 0.0 || AGG, AGG_START_T: 0.0, AGG_END_T: 0.0 || EVAL, EVAL_START_T: 1765443155.0849648, EVAL_END_T: 1765443155.6919909 || RECV, RECV_START_T: 0.0, RECV_END_T: 0.0 || DIST, DIST_START_T: 0.0, DIST_END_T: 0.0 || LOAD, LOAD_START_T: 1765443115.4386792, LOAD_END_T: 1765443121.9572484 || MSG_MTo, MSG_MTo_START_T: 0.0, MSG_MTo_END_T: 0.0
Loaded FEMNIST test split partition_id=52 with 218 samples
Wall-clock time: 1765443193.6837556 ||Test loss: 0.8374 || Test accuracy: 0.6881 || CPU time: 5.4035 || CPU utilization: 0.1422 || R#534's duration (s): 37.9917 || Cumulative runtime (s): 18574.5522 || Loading data delay (s): 7.3378 || Eval delay (s): 0.4119 || Agg delay (s): 0.0000 || Coordination delay (s): 0.0000 || DIST task delay: 0.0000 || RECV task delay: 0.0000 || Queueing delay: 0.0000 || MSG (from mid) Ave. delay: 0.0000 || Total cache delay: 0.0000 || Ave. cache delay: 0.0000
[R#534] CUMULATIVE_RUNTIME_SEC=18574.5522
Top Aggregator Timestamps: CACHE, CACHE_START_T: 0.0, CACHE_END_T: 0.0 || AGG, AGG_START_T: 0.0, AGG_END_T: 0.0 || EVAL, EVAL_START_T: 1765443193.2717943, EVAL_END_T: 1765443193.683718 || RECV, RECV_START_T: 0.0, RECV_END_T: 0.0 || DIST, DIST_START_T: 0.0, DIST_END_T: 0.0 || LOAD, LOAD_START_T: 1765443155.6954143, LOAD_END_T: 1765443163.0331995 || MSG_MTo, MSG_MTo_START_T: 0.0, MSG_MTo_END_T: 0.0
Loaded FEMNIST test split partition_id=1 with 413 samples
Wall-clock time: 1765443227.8709857 ||Test loss: 0.4469 || Test accuracy: 0.8765 || CPU time: 8.6708 || CPU utilization: 0.2536 || R#535's duration (s): 34.1872 || Cumulative runtime (s): 18608.7394 || Loading data delay (s): 7.1019 || Eval delay (s): 0.6644 || Agg delay (s): 0.0000 || Coordination delay (s): 0.0000 || DIST task delay: 0.0000 || RECV task delay: 0.0000 || Queueing delay: 0.0000 || MSG (from mid) Ave. delay: 0.0000 || Total cache delay: 0.0000 || Ave. cache delay: 0.0000
[R#535] CUMULATIVE_RUNTIME_SEC=18608.7394
Top Aggregator Timestamps: CACHE, CACHE_START_T: 0.0, CACHE_END_T: 0.0 || AGG, AGG_START_T: 0.0, AGG_END_T: 0.0 || EVAL, EVAL_START_T: 1765443227.206507, EVAL_END_T: 1765443227.8709536 || RECV, RECV_START_T: 0.0, RECV_END_T: 0.0 || DIST, DIST_START_T: 0.0, DIST_END_T: 0.0 || LOAD, LOAD_START_T: 1765443193.686719, LOAD_END_T: 1765443200.7886019 || MSG_MTo, MSG_MTo_START_T: 0.0, MSG_MTo_END_T: 0.0
Loaded FEMNIST test split partition_id=47 with 395 samples
Wall-clock time: 1765443271.1197746 ||Test loss: 0.6801 || Test accuracy: 0.7873 || CPU time: 9.0976 || CPU utilization: 0.2104 || R#536's duration (s): 43.2488 || Cumulative runtime (s): 18651.9882 || Loading data delay (s): 6.4172 || Eval delay (s): 0.6967 || Agg delay (s): 0.0000 || Coordination delay (s): 0.0000 || DIST task delay: 0.0000 || RECV task delay: 0.0000 || Queueing delay: 0.0000 || MSG (from mid) Ave. delay: 0.0000 || Total cache delay: 0.0000 || Ave. cache delay: 0.0000
[R#536] CUMULATIVE_RUNTIME_SEC=18651.9882
Top Aggregator Timestamps: CACHE, CACHE_START_T: 0.0, CACHE_END_T: 0.0 || AGG, AGG_START_T: 0.0, AGG_END_T: 0.0 || EVAL, EVAL_START_T: 1765443270.4230864, EVAL_END_T: 1765443271.1197422 || RECV, RECV_START_T: 0.0, RECV_END_T: 0.0 || DIST, DIST_START_T: 0.0, DIST_END_T: 0.0 || LOAD, LOAD_START_T: 1765443227.8739252, LOAD_END_T: 1765443234.2911634 || MSG_MTo, MSG_MTo_START_T: 0.0, MSG_MTo_END_T: 0.0
Loaded FEMNIST test split partition_id=58 with 346 samples
Wall-clock time: 1765443302.1725836 ||Test loss: 0.9175 || Test accuracy: 0.7717 || CPU time: 7.6273 || CPU utilization: 0.2456 || R#537's duration (s): 31.0528 || Cumulative runtime (s): 18683.0410 || Loading data delay (s): 6.7668 || Eval delay (s): 0.5961 || Agg delay (s): 0.0000 || Coordination delay (s): 0.0000 || DIST task delay: 0.0000 || RECV task delay: 0.0000 || Queueing delay: 0.0000 || MSG (from mid) Ave. delay: 0.0000 || Total cache delay: 0.0000 || Ave. cache delay: 0.0000
[R#537] CUMULATIVE_RUNTIME_SEC=18683.0410
Top Aggregator Timestamps: CACHE, CACHE_START_T: 0.0, CACHE_END_T: 0.0 || AGG, AGG_START_T: 0.0, AGG_END_T: 0.0 || EVAL, EVAL_START_T: 1765443301.5764875, EVAL_END_T: 1765443302.1725519 || RECV, RECV_START_T: 0.0, RECV_END_T: 0.0 || DIST, DIST_START_T: 0.0, DIST_END_T: 0.0 || LOAD, LOAD_START_T: 1765443271.1232777, LOAD_END_T: 1765443277.8900602 || MSG_MTo, MSG_MTo_START_T: 0.0, MSG_MTo_END_T: 0.0
Loaded FEMNIST test split partition_id=19 with 377 samples
Wall-clock time: 1765443335.8610966 ||Test loss: 0.9451 || Test accuracy: 0.7215 || CPU time: 7.8802 || CPU utilization: 0.2339 || R#538's duration (s): 33.6885 || Cumulative runtime (s): 18716.7295 || Loading data delay (s): 6.4881 || Eval delay (s): 0.6122 || Agg delay (s): 0.0000 || Coordination delay (s): 0.0000 || DIST task delay: 0.0000 || RECV task delay: 0.0000 || Queueing delay: 0.0000 || MSG (from mid) Ave. delay: 0.0000 || Total cache delay: 0.0000 || Ave. cache delay: 0.0000
[R#538] CUMULATIVE_RUNTIME_SEC=18716.7295
Top Aggregator Timestamps: CACHE, CACHE_START_T: 0.0, CACHE_END_T: 0.0 || AGG, AGG_START_T: 0.0, AGG_END_T: 0.0 || EVAL, EVAL_START_T: 1765443335.248895, EVAL_END_T: 1765443335.861071 || RECV, RECV_START_T: 0.0, RECV_END_T: 0.0 || DIST, DIST_START_T: 0.0, DIST_END_T: 0.0 || LOAD, LOAD_START_T: 1765443302.1758978, LOAD_END_T: 1765443308.6639702 || MSG_MTo, MSG_MTo_START_T: 0.0, MSG_MTo_END_T: 0.0
Loaded FEMNIST test split partition_id=9 with 377 samples
Wall-clock time: 1765443368.449918 ||Test loss: 1.0056 || Test accuracy: 0.7268 || CPU time: 8.2457 || CPU utilization: 0.2530 || R#539's duration (s): 32.5888 || Cumulative runtime (s): 18749.3184 || Loading data delay (s): 6.7380 || Eval delay (s): 0.6365 || Agg delay (s): 0.0000 || Coordination delay (s): 0.0000 || DIST task delay: 0.0000 || RECV task delay: 0.0000 || Queueing delay: 0.0000 || MSG (from mid) Ave. delay: 0.0000 || Total cache delay: 0.0000 || Ave. cache delay: 0.0000
[R#539] CUMULATIVE_RUNTIME_SEC=18749.3184
Top Aggregator Timestamps: CACHE, CACHE_START_T: 0.0, CACHE_END_T: 0.0 || AGG, AGG_START_T: 0.0, AGG_END_T: 0.0 || EVAL, EVAL_START_T: 1765443367.8133574, EVAL_END_T: 1765443368.4498887 || RECV, RECV_START_T: 0.0, RECV_END_T: 0.0 || DIST, DIST_START_T: 0.0, DIST_END_T: 0.0 || LOAD, LOAD_START_T: 1765443335.8638823, LOAD_END_T: 1765443342.6019075 || MSG_MTo, MSG_MTo_START_T: 0.0, MSG_MTo_END_T: 0.0
Loaded FEMNIST test split partition_id=19 with 377 samples
Wall-clock time: 1765443406.9373214 ||Test loss: 0.5995 || Test accuracy: 0.8143 || CPU time: 7.9050 || CPU utilization: 0.2054 || R#540's duration (s): 38.4874 || Cumulative runtime (s): 18787.8058 || Loading data delay (s): 6.9691 || Eval delay (s): 0.6164 || Agg delay (s): 0.0000 || Coordination delay (s): 0.0000 || DIST task delay: 0.0000 || RECV task delay: 0.0000 || Queueing delay: 0.0000 || MSG (from mid) Ave. delay: 0.0000 || Total cache delay: 0.0000 || Ave. cache delay: 0.0000
[R#540] CUMULATIVE_RUNTIME_SEC=18787.8058
Top Aggregator Timestamps: CACHE, CACHE_START_T: 0.0, CACHE_END_T: 0.0 || AGG, AGG_START_T: 0.0, AGG_END_T: 0.0 || EVAL, EVAL_START_T: 1765443406.3208737, EVAL_END_T: 1765443406.9372973 || RECV, RECV_START_T: 0.0, RECV_END_T: 0.0 || DIST, DIST_START_T: 0.0, DIST_END_T: 0.0 || LOAD, LOAD_START_T: 1765443368.453288, LOAD_END_T: 1765443375.4224105 || MSG_MTo, MSG_MTo_START_T: 0.0, MSG_MTo_END_T: 0.0
Loaded FEMNIST test split partition_id=9 with 377 samples
Wall-clock time: 1765443438.3301032 ||Test loss: 1.7941 || Test accuracy: 0.5836 || CPU time: 7.9697 || CPU utilization: 0.2539 || R#541's duration (s): 31.3928 || Cumulative runtime (s): 18819.1986 || Loading data delay (s): 6.5068 || Eval delay (s): 0.6033 || Agg delay (s): 0.0000 || Coordination delay (s): 0.0000 || DIST task delay: 0.0000 || RECV task delay: 0.0000 || Queueing delay: 0.0000 || MSG (from mid) Ave. delay: 0.0000 || Total cache delay: 0.0000 || Ave. cache delay: 0.0000
[R#541] CUMULATIVE_RUNTIME_SEC=18819.1986
Top Aggregator Timestamps: CACHE, CACHE_START_T: 0.0, CACHE_END_T: 0.0 || AGG, AGG_START_T: 0.0, AGG_END_T: 0.0 || EVAL, EVAL_START_T: 1765443437.7268026, EVAL_END_T: 1765443438.3300664 || RECV, RECV_START_T: 0.0, RECV_END_T: 0.0 || DIST, DIST_START_T: 0.0, DIST_END_T: 0.0 || LOAD, LOAD_START_T: 1765443406.9401371, LOAD_END_T: 1765443413.4469395 || MSG_MTo, MSG_MTo_START_T: 0.0, MSG_MTo_END_T: 0.0
Loaded FEMNIST test split partition_id=10 with 436 samples
Wall-clock time: 1765443476.2633963 ||Test loss: 0.3803 || Test accuracy: 0.8647 || CPU time: 9.3176 || CPU utilization: 0.2456 || R#542's duration (s): 37.9333 || Cumulative runtime (s): 18857.1318 || Loading data delay (s): 6.6828 || Eval delay (s): 0.7138 || Agg delay (s): 0.0000 || Coordination delay (s): 0.0000 || DIST task delay: 0.0000 || RECV task delay: 0.0000 || Queueing delay: 0.0000 || MSG (from mid) Ave. delay: 0.0000 || Total cache delay: 0.0000 || Ave. cache delay: 0.0000
[R#542] CUMULATIVE_RUNTIME_SEC=18857.1318
Top Aggregator Timestamps: CACHE, CACHE_START_T: 0.0, CACHE_END_T: 0.0 || AGG, AGG_START_T: 0.0, AGG_END_T: 0.0 || EVAL, EVAL_START_T: 1765443475.5495234, EVAL_END_T: 1765443476.2633657 || RECV, RECV_START_T: 0.0, RECV_END_T: 0.0 || DIST, DIST_START_T: 0.0, DIST_END_T: 0.0 || LOAD, LOAD_START_T: 1765443438.332908, LOAD_END_T: 1765443445.0157392 || MSG_MTo, MSG_MTo_START_T: 0.0, MSG_MTo_END_T: 0.0
Loaded FEMNIST test split partition_id=46 with 430 samples
Wall-clock time: 1765443508.4089832 ||Test loss: 0.4754 || Test accuracy: 0.8512 || CPU time: 9.3938 || CPU utilization: 0.2922 || R#543's duration (s): 32.1456 || Cumulative runtime (s): 18889.2774 || Loading data delay (s): 6.5561 || Eval delay (s): 0.7223 || Agg delay (s): 0.0000 || Coordination delay (s): 0.0000 || DIST task delay: 0.0000 || RECV task delay: 0.0000 || Queueing delay: 0.0000 || MSG (from mid) Ave. delay: 0.0000 || Total cache delay: 0.0000 || Ave. cache delay: 0.0000
[R#543] CUMULATIVE_RUNTIME_SEC=18889.2774
Top Aggregator Timestamps: CACHE, CACHE_START_T: 0.0, CACHE_END_T: 0.0 || AGG, AGG_START_T: 0.0, AGG_END_T: 0.0 || EVAL, EVAL_START_T: 1765443507.6866984, EVAL_END_T: 1765443508.4089544 || RECV, RECV_START_T: 0.0, RECV_END_T: 0.0 || DIST, DIST_START_T: 0.0, DIST_END_T: 0.0 || LOAD, LOAD_START_T: 1765443476.2666047, LOAD_END_T: 1765443482.8226645 || MSG_MTo, MSG_MTo_START_T: 0.0, MSG_MTo_END_T: 0.0
Loaded FEMNIST test split partition_id=4 with 315 samples
Wall-clock time: 1765443538.2393112 ||Test loss: 1.1400 || Test accuracy: 0.6857 || CPU time: 6.7724 || CPU utilization: 0.2270 || R#544's duration (s): 29.8303 || Cumulative runtime (s): 18919.1078 || Loading data delay (s): 6.6714 || Eval delay (s): 0.5312 || Agg delay (s): 0.0000 || Coordination delay (s): 0.0000 || DIST task delay: 0.0000 || RECV task delay: 0.0000 || Queueing delay: 0.0000 || MSG (from mid) Ave. delay: 0.0000 || Total cache delay: 0.0000 || Ave. cache delay: 0.0000
[R#544] CUMULATIVE_RUNTIME_SEC=18919.1078
Top Aggregator Timestamps: CACHE, CACHE_START_T: 0.0, CACHE_END_T: 0.0 || AGG, AGG_START_T: 0.0, AGG_END_T: 0.0 || EVAL, EVAL_START_T: 1765443537.7080922, EVAL_END_T: 1765443538.2392817 || RECV, RECV_START_T: 0.0, RECV_END_T: 0.0 || DIST, DIST_START_T: 0.0, DIST_END_T: 0.0 || LOAD, LOAD_START_T: 1765443508.4117928, LOAD_END_T: 1765443515.0832038 || MSG_MTo, MSG_MTo_START_T: 0.0, MSG_MTo_END_T: 0.0
Loaded FEMNIST test split partition_id=8 with 418 samples
Wall-clock time: 1765443577.9476142 ||Test loss: 0.2627 || Test accuracy: 0.9115 || CPU time: 8.8938 || CPU utilization: 0.2240 || R#545's duration (s): 39.7083 || Cumulative runtime (s): 18958.8161 || Loading data delay (s): 6.9379 || Eval delay (s): 0.6879 || Agg delay (s): 0.0000 || Coordination delay (s): 0.0000 || DIST task delay: 0.0000 || RECV task delay: 0.0000 || Queueing delay: 0.0000 || MSG (from mid) Ave. delay: 0.0000 || Total cache delay: 0.0000 || Ave. cache delay: 0.0000
[R#545] CUMULATIVE_RUNTIME_SEC=18958.8161
Top Aggregator Timestamps: CACHE, CACHE_START_T: 0.0, CACHE_END_T: 0.0 || AGG, AGG_START_T: 0.0, AGG_END_T: 0.0 || EVAL, EVAL_START_T: 1765443577.2597008, EVAL_END_T: 1765443577.947579 || RECV, RECV_START_T: 0.0, RECV_END_T: 0.0 || DIST, DIST_START_T: 0.0, DIST_END_T: 0.0 || LOAD, LOAD_START_T: 1765443538.2423503, LOAD_END_T: 1765443545.180206 || MSG_MTo, MSG_MTo_START_T: 0.0, MSG_MTo_END_T: 0.0
Loaded FEMNIST test split partition_id=15 with 370 samples
Wall-clock time: 1765443618.6854477 ||Test loss: 0.7367 || Test accuracy: 0.7703 || CPU time: 8.0881 || CPU utilization: 0.1985 || R#546's duration (s): 40.7378 || Cumulative runtime (s): 18999.5539 || Loading data delay (s): 6.5339 || Eval delay (s): 0.6247 || Agg delay (s): 0.0000 || Coordination delay (s): 0.0000 || DIST task delay: 0.0000 || RECV task delay: 0.0000 || Queueing delay: 0.0000 || MSG (from mid) Ave. delay: 0.0000 || Total cache delay: 0.0000 || Ave. cache delay: 0.0000
[R#546] CUMULATIVE_RUNTIME_SEC=18999.5539
Top Aggregator Timestamps: CACHE, CACHE_START_T: 0.0, CACHE_END_T: 0.0 || AGG, AGG_START_T: 0.0, AGG_END_T: 0.0 || EVAL, EVAL_START_T: 1765443618.0606897, EVAL_END_T: 1765443618.6854203 || RECV, RECV_START_T: 0.0, RECV_END_T: 0.0 || DIST, DIST_START_T: 0.0, DIST_END_T: 0.0 || LOAD, LOAD_START_T: 1765443577.9505084, LOAD_END_T: 1765443584.4844432 || MSG_MTo, MSG_MTo_START_T: 0.0, MSG_MTo_END_T: 0.0
Loaded FEMNIST test split partition_id=31 with 407 samples
Wall-clock time: 1765443650.9362597 ||Test loss: 0.6634 || Test accuracy: 0.8084 || CPU time: 8.7666 || CPU utilization: 0.2718 || R#547's duration (s): 32.2508 || Cumulative runtime (s): 19031.8047 || Loading data delay (s): 6.7124 || Eval delay (s): 0.6883 || Agg delay (s): 0.0000 || Coordination delay (s): 0.0000 || DIST task delay: 0.0000 || RECV task delay: 0.0000 || Queueing delay: 0.0000 || MSG (from mid) Ave. delay: 0.0000 || Total cache delay: 0.0000 || Ave. cache delay: 0.0000
[R#547] CUMULATIVE_RUNTIME_SEC=19031.8047
Top Aggregator Timestamps: CACHE, CACHE_START_T: 0.0, CACHE_END_T: 0.0 || AGG, AGG_START_T: 0.0, AGG_END_T: 0.0 || EVAL, EVAL_START_T: 1765443650.2479126, EVAL_END_T: 1765443650.9362364 || RECV, RECV_START_T: 0.0, RECV_END_T: 0.0 || DIST, DIST_START_T: 0.0, DIST_END_T: 0.0 || LOAD, LOAD_START_T: 1765443618.6881845, LOAD_END_T: 1765443625.4005866 || MSG_MTo, MSG_MTo_START_T: 0.0, MSG_MTo_END_T: 0.0
Loaded FEMNIST test split partition_id=62 with 390 samples
Wall-clock time: 1765443683.8856537 ||Test loss: 0.6707 || Test accuracy: 0.8077 || CPU time: 8.0929 || CPU utilization: 0.2456 || R#548's duration (s): 32.9494 || Cumulative runtime (s): 19064.7541 || Loading data delay (s): 6.5453 || Eval delay (s): 0.6257 || Agg delay (s): 0.0000 || Coordination delay (s): 0.0000 || DIST task delay: 0.0000 || RECV task delay: 0.0000 || Queueing delay: 0.0000 || MSG (from mid) Ave. delay: 0.0000 || Total cache delay: 0.0000 || Ave. cache delay: 0.0000
[R#548] CUMULATIVE_RUNTIME_SEC=19064.7541
Top Aggregator Timestamps: CACHE, CACHE_START_T: 0.0, CACHE_END_T: 0.0 || AGG, AGG_START_T: 0.0, AGG_END_T: 0.0 || EVAL, EVAL_START_T: 1765443683.2599685, EVAL_END_T: 1765443683.8856297 || RECV, RECV_START_T: 0.0, RECV_END_T: 0.0 || DIST, DIST_START_T: 0.0, DIST_END_T: 0.0 || LOAD, LOAD_START_T: 1765443650.9392447, LOAD_END_T: 1765443657.484524 || MSG_MTo, MSG_MTo_START_T: 0.0, MSG_MTo_END_T: 0.0
Loaded FEMNIST test split partition_id=9 with 377 samples
Wall-clock time: 1765443710.1737154 ||Test loss: 1.3313 || Test accuracy: 0.6578 || CPU time: 7.8299 || CPU utilization: 0.2978 || R#549's duration (s): 26.2881 || Cumulative runtime (s): 19091.0422 || Loading data delay (s): 6.7260 || Eval delay (s): 0.6044 || Agg delay (s): 0.0000 || Coordination delay (s): 0.0000 || DIST task delay: 0.0000 || RECV task delay: 0.0000 || Queueing delay: 0.0000 || MSG (from mid) Ave. delay: 0.0000 || Total cache delay: 0.0000 || Ave. cache delay: 0.0000
[R#549] CUMULATIVE_RUNTIME_SEC=19091.0422
Top Aggregator Timestamps: CACHE, CACHE_START_T: 0.0, CACHE_END_T: 0.0 || AGG, AGG_START_T: 0.0, AGG_END_T: 0.0 || EVAL, EVAL_START_T: 1765443709.5692608, EVAL_END_T: 1765443710.173685 || RECV, RECV_START_T: 0.0, RECV_END_T: 0.0 || DIST, DIST_START_T: 0.0, DIST_END_T: 0.0 || LOAD, LOAD_START_T: 1765443683.8884475, LOAD_END_T: 1765443690.6144345 || MSG_MTo, MSG_MTo_START_T: 0.0, MSG_MTo_END_T: 0.0
Loaded FEMNIST test split partition_id=8 with 418 samples
Wall-clock time: 1765443745.170184 ||Test loss: 0.2669 || Test accuracy: 0.9139 || CPU time: 8.8370 || CPU utilization: 0.2525 || R#550's duration (s): 34.9965 || Cumulative runtime (s): 19126.0386 || Loading data delay (s): 7.0502 || Eval delay (s): 0.6860 || Agg delay (s): 0.0000 || Coordination delay (s): 0.0000 || DIST task delay: 0.0000 || RECV task delay: 0.0000 || Queueing delay: 0.0000 || MSG (from mid) Ave. delay: 0.0000 || Total cache delay: 0.0000 || Ave. cache delay: 0.0000
[R#550] CUMULATIVE_RUNTIME_SEC=19126.0386
Top Aggregator Timestamps: CACHE, CACHE_START_T: 0.0, CACHE_END_T: 0.0 || AGG, AGG_START_T: 0.0, AGG_END_T: 0.0 || EVAL, EVAL_START_T: 1765443744.4841955, EVAL_END_T: 1765443745.170154 || RECV, RECV_START_T: 0.0, RECV_END_T: 0.0 || DIST, DIST_START_T: 0.0, DIST_END_T: 0.0 || LOAD, LOAD_START_T: 1765443710.1764524, LOAD_END_T: 1765443717.2266734 || MSG_MTo, MSG_MTo_START_T: 0.0, MSG_MTo_END_T: 0.0
Loaded FEMNIST test split partition_id=27 with 446 samples
Wall-clock time: 1765443780.4001095 ||Test loss: 0.8902 || Test accuracy: 0.7377 || CPU time: 9.4163 || CPU utilization: 0.2673 || R#551's duration (s): 35.2299 || Cumulative runtime (s): 19161.2686 || Loading data delay (s): 6.5400 || Eval delay (s): 0.7313 || Agg delay (s): 0.0000 || Coordination delay (s): 0.0000 || DIST task delay: 0.0000 || RECV task delay: 0.0000 || Queueing delay: 0.0000 || MSG (from mid) Ave. delay: 0.0000 || Total cache delay: 0.0000 || Ave. cache delay: 0.0000
[R#551] CUMULATIVE_RUNTIME_SEC=19161.2686
Top Aggregator Timestamps: CACHE, CACHE_START_T: 0.0, CACHE_END_T: 0.0 || AGG, AGG_START_T: 0.0, AGG_END_T: 0.0 || EVAL, EVAL_START_T: 1765443779.6687424, EVAL_END_T: 1765443780.400063 || RECV, RECV_START_T: 0.0, RECV_END_T: 0.0 || DIST, DIST_START_T: 0.0, DIST_END_T: 0.0 || LOAD, LOAD_START_T: 1765443745.1732695, LOAD_END_T: 1765443751.7132647 || MSG_MTo, MSG_MTo_START_T: 0.0, MSG_MTo_END_T: 0.0
Loaded FEMNIST test split partition_id=50 with 313 samples
Wall-clock time: 1765443806.927026 ||Test loss: 0.5160 || Test accuracy: 0.8594 || CPU time: 6.8795 || CPU utilization: 0.2593 || R#552's duration (s): 26.5269 || Cumulative runtime (s): 19187.7955 || Loading data delay (s): 6.8655 || Eval delay (s): 0.5327 || Agg delay (s): 0.0000 || Coordination delay (s): 0.0000 || DIST task delay: 0.0000 || RECV task delay: 0.0000 || Queueing delay: 0.0000 || MSG (from mid) Ave. delay: 0.0000 || Total cache delay: 0.0000 || Ave. cache delay: 0.0000
[R#552] CUMULATIVE_RUNTIME_SEC=19187.7955
Top Aggregator Timestamps: CACHE, CACHE_START_T: 0.0, CACHE_END_T: 0.0 || AGG, AGG_START_T: 0.0, AGG_END_T: 0.0 || EVAL, EVAL_START_T: 1765443806.3943012, EVAL_END_T: 1765443806.9270003 || RECV, RECV_START_T: 0.0, RECV_END_T: 0.0 || DIST, DIST_START_T: 0.0, DIST_END_T: 0.0 || LOAD, LOAD_START_T: 1765443780.4030347, LOAD_END_T: 1765443787.2685595 || MSG_MTo, MSG_MTo_START_T: 0.0, MSG_MTo_END_T: 0.0
Loaded FEMNIST test split partition_id=8 with 418 samples
Wall-clock time: 1765443836.9775977 ||Test loss: 0.3838 || Test accuracy: 0.8589 || CPU time: 8.9002 || CPU utilization: 0.2962 || R#553's duration (s): 30.0506 || Cumulative runtime (s): 19217.8460 || Loading data delay (s): 6.4836 || Eval delay (s): 0.6870 || Agg delay (s): 0.0000 || Coordination delay (s): 0.0000 || DIST task delay: 0.0000 || RECV task delay: 0.0000 || Queueing delay: 0.0000 || MSG (from mid) Ave. delay: 0.0000 || Total cache delay: 0.0000 || Ave. cache delay: 0.0000
[R#553] CUMULATIVE_RUNTIME_SEC=19217.8460
Top Aggregator Timestamps: CACHE, CACHE_START_T: 0.0, CACHE_END_T: 0.0 || AGG, AGG_START_T: 0.0, AGG_END_T: 0.0 || EVAL, EVAL_START_T: 1765443836.2906098, EVAL_END_T: 1765443836.9775674 || RECV, RECV_START_T: 0.0, RECV_END_T: 0.0 || DIST, DIST_START_T: 0.0, DIST_END_T: 0.0 || LOAD, LOAD_START_T: 1765443806.9299846, LOAD_END_T: 1765443813.413617 || MSG_MTo, MSG_MTo_START_T: 0.0, MSG_MTo_END_T: 0.0
Loaded FEMNIST test split partition_id=8 with 418 samples
Wall-clock time: 1765443872.847961 ||Test loss: 0.3082 || Test accuracy: 0.8804 || CPU time: 8.9790 || CPU utilization: 0.2503 || R#554's duration (s): 35.8704 || Cumulative runtime (s): 19253.7164 || Loading data delay (s): 6.6553 || Eval delay (s): 0.6913 || Agg delay (s): 0.0000 || Coordination delay (s): 0.0000 || DIST task delay: 0.0000 || RECV task delay: 0.0000 || Queueing delay: 0.0000 || MSG (from mid) Ave. delay: 0.0000 || Total cache delay: 0.0000 || Ave. cache delay: 0.0000
[R#554] CUMULATIVE_RUNTIME_SEC=19253.7164
Top Aggregator Timestamps: CACHE, CACHE_START_T: 0.0, CACHE_END_T: 0.0 || AGG, AGG_START_T: 0.0, AGG_END_T: 0.0 || EVAL, EVAL_START_T: 1765443872.1565952, EVAL_END_T: 1765443872.8479285 || RECV, RECV_START_T: 0.0, RECV_END_T: 0.0 || DIST, DIST_START_T: 0.0, DIST_END_T: 0.0 || LOAD, LOAD_START_T: 1765443836.980499, LOAD_END_T: 1765443843.6358142 || MSG_MTo, MSG_MTo_START_T: 0.0, MSG_MTo_END_T: 0.0
Loaded FEMNIST test split partition_id=34 with 376 samples
Wall-clock time: 1765443900.614606 ||Test loss: 0.5982 || Test accuracy: 0.8191 || CPU time: 7.8670 || CPU utilization: 0.2833 || R#555's duration (s): 27.7666 || Cumulative runtime (s): 19281.4831 || Loading data delay (s): 7.0213 || Eval delay (s): 0.6157 || Agg delay (s): 0.0000 || Coordination delay (s): 0.0000 || DIST task delay: 0.0000 || RECV task delay: 0.0000 || Queueing delay: 0.0000 || MSG (from mid) Ave. delay: 0.0000 || Total cache delay: 0.0000 || Ave. cache delay: 0.0000
[R#555] CUMULATIVE_RUNTIME_SEC=19281.4831
Top Aggregator Timestamps: CACHE, CACHE_START_T: 0.0, CACHE_END_T: 0.0 || AGG, AGG_START_T: 0.0, AGG_END_T: 0.0 || EVAL, EVAL_START_T: 1765443899.9988506, EVAL_END_T: 1765443900.6145837 || RECV, RECV_START_T: 0.0, RECV_END_T: 0.0 || DIST, DIST_START_T: 0.0, DIST_END_T: 0.0 || LOAD, LOAD_START_T: 1765443872.850817, LOAD_END_T: 1765443879.872114 || MSG_MTo, MSG_MTo_START_T: 0.0, MSG_MTo_END_T: 0.0
Loaded FEMNIST test split partition_id=25 with 317 samples
Wall-clock time: 1765443942.7087018 ||Test loss: 0.4286 || Test accuracy: 0.8644 || CPU time: 7.0945 || CPU utilization: 0.1685 || R#556's duration (s): 42.0941 || Cumulative runtime (s): 19323.5771 || Loading data delay (s): 6.5693 || Eval delay (s): 0.5537 || Agg delay (s): 0.0000 || Coordination delay (s): 0.0000 || DIST task delay: 0.0000 || RECV task delay: 0.0000 || Queueing delay: 0.0000 || MSG (from mid) Ave. delay: 0.0000 || Total cache delay: 0.0000 || Ave. cache delay: 0.0000
[R#556] CUMULATIVE_RUNTIME_SEC=19323.5771
Top Aggregator Timestamps: CACHE, CACHE_START_T: 0.0, CACHE_END_T: 0.0 || AGG, AGG_START_T: 0.0, AGG_END_T: 0.0 || EVAL, EVAL_START_T: 1765443942.154977, EVAL_END_T: 1765443942.7086723 || RECV, RECV_START_T: 0.0, RECV_END_T: 0.0 || DIST, DIST_START_T: 0.0, DIST_END_T: 0.0 || LOAD, LOAD_START_T: 1765443900.6176474, LOAD_END_T: 1765443907.186985 || MSG_MTo, MSG_MTo_START_T: 0.0, MSG_MTo_END_T: 0.0
Loaded FEMNIST test split partition_id=29 with 247 samples
Wall-clock time: 1765443981.4813495 ||Test loss: 1.1759 || Test accuracy: 0.7004 || CPU time: 5.6073 || CPU utilization: 0.1446 || R#557's duration (s): 38.7726 || Cumulative runtime (s): 19362.3498 || Loading data delay (s): 6.5643 || Eval delay (s): 0.4371 || Agg delay (s): 0.0000 || Coordination delay (s): 0.0000 || DIST task delay: 0.0000 || RECV task delay: 0.0000 || Queueing delay: 0.0000 || MSG (from mid) Ave. delay: 0.0000 || Total cache delay: 0.0000 || Ave. cache delay: 0.0000
[R#557] CUMULATIVE_RUNTIME_SEC=19362.3498
Top Aggregator Timestamps: CACHE, CACHE_START_T: 0.0, CACHE_END_T: 0.0 || AGG, AGG_START_T: 0.0, AGG_END_T: 0.0 || EVAL, EVAL_START_T: 1765443981.0442252, EVAL_END_T: 1765443981.4813201 || RECV, RECV_START_T: 0.0, RECV_END_T: 0.0 || DIST, DIST_START_T: 0.0, DIST_END_T: 0.0 || LOAD, LOAD_START_T: 1765443942.7116022, LOAD_END_T: 1765443949.275934 || MSG_MTo, MSG_MTo_START_T: 0.0, MSG_MTo_END_T: 0.0
Loaded FEMNIST test split partition_id=16 with 312 samples
Wall-clock time: 1765444011.8382843 ||Test loss: 0.8675 || Test accuracy: 0.7596 || CPU time: 6.8674 || CPU utilization: 0.2262 || R#558's duration (s): 30.3569 || Cumulative runtime (s): 19392.7067 || Loading data delay (s): 7.4063 || Eval delay (s): 0.5282 || Agg delay (s): 0.0000 || Coordination delay (s): 0.0000 || DIST task delay: 0.0000 || RECV task delay: 0.0000 || Queueing delay: 0.0000 || MSG (from mid) Ave. delay: 0.0000 || Total cache delay: 0.0000 || Ave. cache delay: 0.0000
[R#558] CUMULATIVE_RUNTIME_SEC=19392.7067
Top Aggregator Timestamps: CACHE, CACHE_START_T: 0.0, CACHE_END_T: 0.0 || AGG, AGG_START_T: 0.0, AGG_END_T: 0.0 || EVAL, EVAL_START_T: 1765444011.3100948, EVAL_END_T: 1765444011.8382523 || RECV, RECV_START_T: 0.0, RECV_END_T: 0.0 || DIST, DIST_START_T: 0.0, DIST_END_T: 0.0 || LOAD, LOAD_START_T: 1765443981.484099, LOAD_END_T: 1765443988.8903687 || MSG_MTo, MSG_MTo_START_T: 0.0, MSG_MTo_END_T: 0.0
Loaded FEMNIST test split partition_id=55 with 373 samples
Wall-clock time: 1765444047.0804117 ||Test loss: 1.4948 || Test accuracy: 0.5871 || CPU time: 8.1189 || CPU utilization: 0.2304 || R#559's duration (s): 35.2421 || Cumulative runtime (s): 19427.9489 || Loading data delay (s): 6.6226 || Eval delay (s): 0.6228 || Agg delay (s): 0.0000 || Coordination delay (s): 0.0000 || DIST task delay: 0.0000 || RECV task delay: 0.0000 || Queueing delay: 0.0000 || MSG (from mid) Ave. delay: 0.0000 || Total cache delay: 0.0000 || Ave. cache delay: 0.0000
[R#559] CUMULATIVE_RUNTIME_SEC=19427.9489
Top Aggregator Timestamps: CACHE, CACHE_START_T: 0.0, CACHE_END_T: 0.0 || AGG, AGG_START_T: 0.0, AGG_END_T: 0.0 || EVAL, EVAL_START_T: 1765444046.4576025, EVAL_END_T: 1765444047.080375 || RECV, RECV_START_T: 0.0, RECV_END_T: 0.0 || DIST, DIST_START_T: 0.0, DIST_END_T: 0.0 || LOAD, LOAD_START_T: 1765444011.8410342, LOAD_END_T: 1765444018.463668 || MSG_MTo, MSG_MTo_START_T: 0.0, MSG_MTo_END_T: 0.0
Loaded FEMNIST test split partition_id=25 with 317 samples
Wall-clock time: 1765444101.2570086 ||Test loss: 0.4775 || Test accuracy: 0.8423 || CPU time: 6.7055 || CPU utilization: 0.1238 || R#560's duration (s): 54.1766 || Cumulative runtime (s): 19482.1255 || Loading data delay (s): 6.7637 || Eval delay (s): 0.5249 || Agg delay (s): 0.0000 || Coordination delay (s): 0.0000 || DIST task delay: 0.0000 || RECV task delay: 0.0000 || Queueing delay: 0.0000 || MSG (from mid) Ave. delay: 0.0000 || Total cache delay: 0.0000 || Ave. cache delay: 0.0000
[R#560] CUMULATIVE_RUNTIME_SEC=19482.1255
Top Aggregator Timestamps: CACHE, CACHE_START_T: 0.0, CACHE_END_T: 0.0 || AGG, AGG_START_T: 0.0, AGG_END_T: 0.0 || EVAL, EVAL_START_T: 1765444100.7320778, EVAL_END_T: 1765444101.2569714 || RECV, RECV_START_T: 0.0, RECV_END_T: 0.0 || DIST, DIST_START_T: 0.0, DIST_END_T: 0.0 || LOAD, LOAD_START_T: 1765444047.0833554, LOAD_END_T: 1765444053.8470175 || MSG_MTo, MSG_MTo_START_T: 0.0, MSG_MTo_END_T: 0.0
Loaded FEMNIST test split partition_id=8 with 418 samples
Wall-clock time: 1765444136.6698558 ||Test loss: 0.1933 || Test accuracy: 0.9330 || CPU time: 8.6166 || CPU utilization: 0.2433 || R#561's duration (s): 35.4128 || Cumulative runtime (s): 19517.5383 || Loading data delay (s): 6.4171 || Eval delay (s): 0.6599 || Agg delay (s): 0.0000 || Coordination delay (s): 0.0000 || DIST task delay: 0.0000 || RECV task delay: 0.0000 || Queueing delay: 0.0000 || MSG (from mid) Ave. delay: 0.0000 || Total cache delay: 0.0000 || Ave. cache delay: 0.0000
[R#561] CUMULATIVE_RUNTIME_SEC=19517.5383
Top Aggregator Timestamps: CACHE, CACHE_START_T: 0.0, CACHE_END_T: 0.0 || AGG, AGG_START_T: 0.0, AGG_END_T: 0.0 || EVAL, EVAL_START_T: 1765444136.0099247, EVAL_END_T: 1765444136.669829 || RECV, RECV_START_T: 0.0, RECV_END_T: 0.0 || DIST, DIST_START_T: 0.0, DIST_END_T: 0.0 || LOAD, LOAD_START_T: 1765444101.2599297, LOAD_END_T: 1765444107.6769948 || MSG_MTo, MSG_MTo_START_T: 0.0, MSG_MTo_END_T: 0.0
Loaded FEMNIST test split partition_id=9 with 377 samples
Wall-clock time: 1765444172.3561623 ||Test loss: 1.7410 || Test accuracy: 0.6127 || CPU time: 7.9878 || CPU utilization: 0.2238 || R#562's duration (s): 35.6863 || Cumulative runtime (s): 19553.2246 || Loading data delay (s): 6.6049 || Eval delay (s): 0.6198 || Agg delay (s): 0.0000 || Coordination delay (s): 0.0000 || DIST task delay: 0.0000 || RECV task delay: 0.0000 || Queueing delay: 0.0000 || MSG (from mid) Ave. delay: 0.0000 || Total cache delay: 0.0000 || Ave. cache delay: 0.0000
[R#562] CUMULATIVE_RUNTIME_SEC=19553.2246
Top Aggregator Timestamps: CACHE, CACHE_START_T: 0.0, CACHE_END_T: 0.0 || AGG, AGG_START_T: 0.0, AGG_END_T: 0.0 || EVAL, EVAL_START_T: 1765444171.7363696, EVAL_END_T: 1765444172.3561327 || RECV, RECV_START_T: 0.0, RECV_END_T: 0.0 || DIST, DIST_START_T: 0.0, DIST_END_T: 0.0 || LOAD, LOAD_START_T: 1765444136.6726437, LOAD_END_T: 1765444143.2775562 || MSG_MTo, MSG_MTo_START_T: 0.0, MSG_MTo_END_T: 0.0
Loaded FEMNIST test split partition_id=66 with 428 samples
Wall-clock time: 1765444204.895836 ||Test loss: 1.1193 || Test accuracy: 0.6776 || CPU time: 9.0325 || CPU utilization: 0.2776 || R#563's duration (s): 32.5397 || Cumulative runtime (s): 19585.7643 || Loading data delay (s): 7.0183 || Eval delay (s): 0.6963 || Agg delay (s): 0.0000 || Coordination delay (s): 0.0000 || DIST task delay: 0.0000 || RECV task delay: 0.0000 || Queueing delay: 0.0000 || MSG (from mid) Ave. delay: 0.0000 || Total cache delay: 0.0000 || Ave. cache delay: 0.0000
[R#563] CUMULATIVE_RUNTIME_SEC=19585.7643
Top Aggregator Timestamps: CACHE, CACHE_START_T: 0.0, CACHE_END_T: 0.0 || AGG, AGG_START_T: 0.0, AGG_END_T: 0.0 || EVAL, EVAL_START_T: 1765444204.1994915, EVAL_END_T: 1765444204.8958032 || RECV, RECV_START_T: 0.0, RECV_END_T: 0.0 || DIST, DIST_START_T: 0.0, DIST_END_T: 0.0 || LOAD, LOAD_START_T: 1765444172.3589156, LOAD_END_T: 1765444179.3771822 || MSG_MTo, MSG_MTo_START_T: 0.0, MSG_MTo_END_T: 0.0
Loaded FEMNIST test split partition_id=37 with 403 samples
Wall-clock time: 1765444234.8547394 ||Test loss: 1.0193 || Test accuracy: 0.7097 || CPU time: 8.4121 || CPU utilization: 0.2808 || R#564's duration (s): 29.9589 || Cumulative runtime (s): 19615.7232 || Loading data delay (s): 6.4979 || Eval delay (s): 0.6554 || Agg delay (s): 0.0000 || Coordination delay (s): 0.0000 || DIST task delay: 0.0000 || RECV task delay: 0.0000 || Queueing delay: 0.0000 || MSG (from mid) Ave. delay: 0.0000 || Total cache delay: 0.0000 || Ave. cache delay: 0.0000
[R#564] CUMULATIVE_RUNTIME_SEC=19615.7232
Top Aggregator Timestamps: CACHE, CACHE_START_T: 0.0, CACHE_END_T: 0.0 || AGG, AGG_START_T: 0.0, AGG_END_T: 0.0 || EVAL, EVAL_START_T: 1765444234.1992984, EVAL_END_T: 1765444234.854708 || RECV, RECV_START_T: 0.0, RECV_END_T: 0.0 || DIST, DIST_START_T: 0.0, DIST_END_T: 0.0 || LOAD, LOAD_START_T: 1765444204.8986657, LOAD_END_T: 1765444211.3965256 || MSG_MTo, MSG_MTo_START_T: 0.0, MSG_MTo_END_T: 0.0
Loaded FEMNIST test split partition_id=19 with 377 samples
Wall-clock time: 1765444268.6818874 ||Test loss: 0.7869 || Test accuracy: 0.7798 || CPU time: 7.9382 || CPU utilization: 0.2347 || R#565's duration (s): 33.8271 || Cumulative runtime (s): 19649.5503 || Loading data delay (s): 6.6732 || Eval delay (s): 0.6152 || Agg delay (s): 0.0000 || Coordination delay (s): 0.0000 || DIST task delay: 0.0000 || RECV task delay: 0.0000 || Queueing delay: 0.0000 || MSG (from mid) Ave. delay: 0.0000 || Total cache delay: 0.0000 || Ave. cache delay: 0.0000
[R#565] CUMULATIVE_RUNTIME_SEC=19649.5503
Top Aggregator Timestamps: CACHE, CACHE_START_T: 0.0, CACHE_END_T: 0.0 || AGG, AGG_START_T: 0.0, AGG_END_T: 0.0 || EVAL, EVAL_START_T: 1765444268.066643, EVAL_END_T: 1765444268.6818645 || RECV, RECV_START_T: 0.0, RECV_END_T: 0.0 || DIST, DIST_START_T: 0.0, DIST_END_T: 0.0 || LOAD, LOAD_START_T: 1765444234.8577137, LOAD_END_T: 1765444241.530905 || MSG_MTo, MSG_MTo_START_T: 0.0, MSG_MTo_END_T: 0.0
Loaded FEMNIST test split partition_id=9 with 377 samples
Wall-clock time: 1765444302.8060849 ||Test loss: 0.8414 || Test accuracy: 0.7507 || CPU time: 8.0706 || CPU utilization: 0.2365 || R#566's duration (s): 34.1242 || Cumulative runtime (s): 19683.6745 || Loading data delay (s): 6.7040 || Eval delay (s): 0.6212 || Agg delay (s): 0.0000 || Coordination delay (s): 0.0000 || DIST task delay: 0.0000 || RECV task delay: 0.0000 || Queueing delay: 0.0000 || MSG (from mid) Ave. delay: 0.0000 || Total cache delay: 0.0000 || Ave. cache delay: 0.0000
[R#566] CUMULATIVE_RUNTIME_SEC=19683.6745
Top Aggregator Timestamps: CACHE, CACHE_START_T: 0.0, CACHE_END_T: 0.0 || AGG, AGG_START_T: 0.0, AGG_END_T: 0.0 || EVAL, EVAL_START_T: 1765444302.1848743, EVAL_END_T: 1765444302.80604 || RECV, RECV_START_T: 0.0, RECV_END_T: 0.0 || DIST, DIST_START_T: 0.0, DIST_END_T: 0.0 || LOAD, LOAD_START_T: 1765444268.684677, LOAD_END_T: 1765444275.3886504 || MSG_MTo, MSG_MTo_START_T: 0.0, MSG_MTo_END_T: 0.0
Loaded FEMNIST test split partition_id=30 with 284 samples
Wall-clock time: 1765444352.1508367 ||Test loss: 0.4018 || Test accuracy: 0.8908 || CPU time: 5.9601 || CPU utilization: 0.1208 || R#567's duration (s): 49.3448 || Cumulative runtime (s): 19733.0193 || Loading data delay (s): 6.9735 || Eval delay (s): 0.4477 || Agg delay (s): 0.0000 || Coordination delay (s): 0.0000 || DIST task delay: 0.0000 || RECV task delay: 0.0000 || Queueing delay: 0.0000 || MSG (from mid) Ave. delay: 0.0000 || Total cache delay: 0.0000 || Ave. cache delay: 0.0000
[R#567] CUMULATIVE_RUNTIME_SEC=19733.0193
Top Aggregator Timestamps: CACHE, CACHE_START_T: 0.0, CACHE_END_T: 0.0 || AGG, AGG_START_T: 0.0, AGG_END_T: 0.0 || EVAL, EVAL_START_T: 1765444351.7031438, EVAL_END_T: 1765444352.1508114 || RECV, RECV_START_T: 0.0, RECV_END_T: 0.0 || DIST, DIST_START_T: 0.0, DIST_END_T: 0.0 || LOAD, LOAD_START_T: 1765444302.809432, LOAD_END_T: 1765444309.7828832 || MSG_MTo, MSG_MTo_START_T: 0.0, MSG_MTo_END_T: 0.0
Loaded FEMNIST test split partition_id=44 with 343 samples
Wall-clock time: 1765444381.0889914 ||Test loss: 0.9267 || Test accuracy: 0.7638 || CPU time: 7.4068 || CPU utilization: 0.2560 || R#568's duration (s): 28.9382 || Cumulative runtime (s): 19761.9574 || Loading data delay (s): 7.1023 || Eval delay (s): 0.5616 || Agg delay (s): 0.0000 || Coordination delay (s): 0.0000 || DIST task delay: 0.0000 || RECV task delay: 0.0000 || Queueing delay: 0.0000 || MSG (from mid) Ave. delay: 0.0000 || Total cache delay: 0.0000 || Ave. cache delay: 0.0000
[R#568] CUMULATIVE_RUNTIME_SEC=19761.9574
Top Aggregator Timestamps: CACHE, CACHE_START_T: 0.0, CACHE_END_T: 0.0 || AGG, AGG_START_T: 0.0, AGG_END_T: 0.0 || EVAL, EVAL_START_T: 1765444380.5273256, EVAL_END_T: 1765444381.0889513 || RECV, RECV_START_T: 0.0, RECV_END_T: 0.0 || DIST, DIST_START_T: 0.0, DIST_END_T: 0.0 || LOAD, LOAD_START_T: 1765444352.1536644, LOAD_END_T: 1765444359.2559986 || MSG_MTo, MSG_MTo_START_T: 0.0, MSG_MTo_END_T: 0.0
Loaded FEMNIST test split partition_id=38 with 347 samples
Wall-clock time: 1765444414.4211915 ||Test loss: 0.6117 || Test accuracy: 0.8242 || CPU time: 7.7205 || CPU utilization: 0.2316 || R#569's duration (s): 33.3322 || Cumulative runtime (s): 19795.2896 || Loading data delay (s): 6.8668 || Eval delay (s): 0.5926 || Agg delay (s): 0.0000 || Coordination delay (s): 0.0000 || DIST task delay: 0.0000 || RECV task delay: 0.0000 || Queueing delay: 0.0000 || MSG (from mid) Ave. delay: 0.0000 || Total cache delay: 0.0000 || Ave. cache delay: 0.0000
[R#569] CUMULATIVE_RUNTIME_SEC=19795.2896
Top Aggregator Timestamps: CACHE, CACHE_START_T: 0.0, CACHE_END_T: 0.0 || AGG, AGG_START_T: 0.0, AGG_END_T: 0.0 || EVAL, EVAL_START_T: 1765444413.8285327, EVAL_END_T: 1765444414.4211664 || RECV, RECV_START_T: 0.0, RECV_END_T: 0.0 || DIST, DIST_START_T: 0.0, DIST_END_T: 0.0 || LOAD, LOAD_START_T: 1765444381.0924006, LOAD_END_T: 1765444387.9592083 || MSG_MTo, MSG_MTo_START_T: 0.0, MSG_MTo_END_T: 0.0
Loaded FEMNIST test split partition_id=18 with 383 samples
Wall-clock time: 1765444448.669639 ||Test loss: 0.8717 || Test accuracy: 0.7363 || CPU time: 8.1206 || CPU utilization: 0.2371 || R#570's duration (s): 34.2484 || Cumulative runtime (s): 19829.5381 || Loading data delay (s): 6.7136 || Eval delay (s): 0.6298 || Agg delay (s): 0.0000 || Coordination delay (s): 0.0000 || DIST task delay: 0.0000 || RECV task delay: 0.0000 || Queueing delay: 0.0000 || MSG (from mid) Ave. delay: 0.0000 || Total cache delay: 0.0000 || Ave. cache delay: 0.0000
[R#570] CUMULATIVE_RUNTIME_SEC=19829.5381
Top Aggregator Timestamps: CACHE, CACHE_START_T: 0.0, CACHE_END_T: 0.0 || AGG, AGG_START_T: 0.0, AGG_END_T: 0.0 || EVAL, EVAL_START_T: 1765444448.0398262, EVAL_END_T: 1765444448.6695974 || RECV, RECV_START_T: 0.0, RECV_END_T: 0.0 || DIST, DIST_START_T: 0.0, DIST_END_T: 0.0 || LOAD, LOAD_START_T: 1765444414.424007, LOAD_END_T: 1765444421.1375692 || MSG_MTo, MSG_MTo_START_T: 0.0, MSG_MTo_END_T: 0.0
Loaded FEMNIST test split partition_id=60 with 303 samples
Wall-clock time: 1765444483.4444537 ||Test loss: 0.9052 || Test accuracy: 0.7129 || CPU time: 6.6463 || CPU utilization: 0.1911 || R#571's duration (s): 34.7748 || Cumulative runtime (s): 19864.3129 || Loading data delay (s): 6.6266 || Eval delay (s): 0.5136 || Agg delay (s): 0.0000 || Coordination delay (s): 0.0000 || DIST task delay: 0.0000 || RECV task delay: 0.0000 || Queueing delay: 0.0000 || MSG (from mid) Ave. delay: 0.0000 || Total cache delay: 0.0000 || Ave. cache delay: 0.0000
[R#571] CUMULATIVE_RUNTIME_SEC=19864.3129
Top Aggregator Timestamps: CACHE, CACHE_START_T: 0.0, CACHE_END_T: 0.0 || AGG, AGG_START_T: 0.0, AGG_END_T: 0.0 || EVAL, EVAL_START_T: 1765444482.930785, EVAL_END_T: 1765444483.4444194 || RECV, RECV_START_T: 0.0, RECV_END_T: 0.0 || DIST, DIST_START_T: 0.0, DIST_END_T: 0.0 || LOAD, LOAD_START_T: 1765444448.673097, LOAD_END_T: 1765444455.2996485 || MSG_MTo, MSG_MTo_START_T: 0.0, MSG_MTo_END_T: 0.0
Loaded FEMNIST test split partition_id=33 with 337 samples
Wall-clock time: 1765444513.2939854 ||Test loss: 0.6029 || Test accuracy: 0.8190 || CPU time: 7.2932 || CPU utilization: 0.2443 || R#572's duration (s): 29.8495 || Cumulative runtime (s): 19894.1624 || Loading data delay (s): 6.9176 || Eval delay (s): 0.5666 || Agg delay (s): 0.0000 || Coordination delay (s): 0.0000 || DIST task delay: 0.0000 || RECV task delay: 0.0000 || Queueing delay: 0.0000 || MSG (from mid) Ave. delay: 0.0000 || Total cache delay: 0.0000 || Ave. cache delay: 0.0000
[R#572] CUMULATIVE_RUNTIME_SEC=19894.1624
Top Aggregator Timestamps: CACHE, CACHE_START_T: 0.0, CACHE_END_T: 0.0 || AGG, AGG_START_T: 0.0, AGG_END_T: 0.0 || EVAL, EVAL_START_T: 1765444512.7274022, EVAL_END_T: 1765444513.2939584 || RECV, RECV_START_T: 0.0, RECV_END_T: 0.0 || DIST, DIST_START_T: 0.0, DIST_END_T: 0.0 || LOAD, LOAD_START_T: 1765444483.4471965, LOAD_END_T: 1765444490.3647952 || MSG_MTo, MSG_MTo_START_T: 0.0, MSG_MTo_END_T: 0.0
Loaded FEMNIST test split partition_id=5 with 351 samples
Wall-clock time: 1765444547.8601258 ||Test loss: 0.8331 || Test accuracy: 0.7920 || CPU time: 8.0564 || CPU utilization: 0.2331 || R#573's duration (s): 34.5661 || Cumulative runtime (s): 19928.7286 || Loading data delay (s): 6.8257 || Eval delay (s): 0.6245 || Agg delay (s): 0.0000 || Coordination delay (s): 0.0000 || DIST task delay: 0.0000 || RECV task delay: 0.0000 || Queueing delay: 0.0000 || MSG (from mid) Ave. delay: 0.0000 || Total cache delay: 0.0000 || Ave. cache delay: 0.0000
[R#573] CUMULATIVE_RUNTIME_SEC=19928.7286
Top Aggregator Timestamps: CACHE, CACHE_START_T: 0.0, CACHE_END_T: 0.0 || AGG, AGG_START_T: 0.0, AGG_END_T: 0.0 || EVAL, EVAL_START_T: 1765444547.235589, EVAL_END_T: 1765444547.8601017 || RECV, RECV_START_T: 0.0, RECV_END_T: 0.0 || DIST, DIST_START_T: 0.0, DIST_END_T: 0.0 || LOAD, LOAD_START_T: 1765444513.2972324, LOAD_END_T: 1765444520.1229372 || MSG_MTo, MSG_MTo_START_T: 0.0, MSG_MTo_END_T: 0.0
Loaded FEMNIST test split partition_id=45 with 327 samples
Wall-clock time: 1765444588.2832294 ||Test loss: 1.4910 || Test accuracy: 0.6208 || CPU time: 7.9285 || CPU utilization: 0.1961 || R#574's duration (s): 40.4231 || Cumulative runtime (s): 19969.1517 || Loading data delay (s): 6.4019 || Eval delay (s): 0.6118 || Agg delay (s): 0.0000 || Coordination delay (s): 0.0000 || DIST task delay: 0.0000 || RECV task delay: 0.0000 || Queueing delay: 0.0000 || MSG (from mid) Ave. delay: 0.0000 || Total cache delay: 0.0000 || Ave. cache delay: 0.0000
[R#574] CUMULATIVE_RUNTIME_SEC=19969.1517
Top Aggregator Timestamps: CACHE, CACHE_START_T: 0.0, CACHE_END_T: 0.0 || AGG, AGG_START_T: 0.0, AGG_END_T: 0.0 || EVAL, EVAL_START_T: 1765444587.6713512, EVAL_END_T: 1765444588.2831666 || RECV, RECV_START_T: 0.0, RECV_END_T: 0.0 || DIST, DIST_START_T: 0.0, DIST_END_T: 0.0 || LOAD, LOAD_START_T: 1765444547.8631332, LOAD_END_T: 1765444554.2650654 || MSG_MTo, MSG_MTo_START_T: 0.0, MSG_MTo_END_T: 0.0
Loaded FEMNIST test split partition_id=51 with 396 samples
Wall-clock time: 1765444633.842531 ||Test loss: 0.3907 || Test accuracy: 0.8687 || CPU time: 9.2014 || CPU utilization: 0.2020 || R#575's duration (s): 45.5593 || Cumulative runtime (s): 20014.7110 || Loading data delay (s): 6.7345 || Eval delay (s): 0.7098 || Agg delay (s): 0.0000 || Coordination delay (s): 0.0000 || DIST task delay: 0.0000 || RECV task delay: 0.0000 || Queueing delay: 0.0000 || MSG (from mid) Ave. delay: 0.0000 || Total cache delay: 0.0000 || Ave. cache delay: 0.0000
[R#575] CUMULATIVE_RUNTIME_SEC=20014.7110
Top Aggregator Timestamps: CACHE, CACHE_START_T: 0.0, CACHE_END_T: 0.0 || AGG, AGG_START_T: 0.0, AGG_END_T: 0.0 || EVAL, EVAL_START_T: 1765444633.132686, EVAL_END_T: 1765444633.8424964 || RECV, RECV_START_T: 0.0, RECV_END_T: 0.0 || DIST, DIST_START_T: 0.0, DIST_END_T: 0.0 || LOAD, LOAD_START_T: 1765444588.286885, LOAD_END_T: 1765444595.0214221 || MSG_MTo, MSG_MTo_START_T: 0.0, MSG_MTo_END_T: 0.0
Loaded FEMNIST test split partition_id=54 with 428 samples
Wall-clock time: 1765444663.6628575 ||Test loss: 0.3530 || Test accuracy: 0.8715 || CPU time: 9.4624 || CPU utilization: 0.3173 || R#576's duration (s): 29.8203 || Cumulative runtime (s): 20044.5313 || Loading data delay (s): 6.5191 || Eval delay (s): 0.7356 || Agg delay (s): 0.0000 || Coordination delay (s): 0.0000 || DIST task delay: 0.0000 || RECV task delay: 0.0000 || Queueing delay: 0.0000 || MSG (from mid) Ave. delay: 0.0000 || Total cache delay: 0.0000 || Ave. cache delay: 0.0000
[R#576] CUMULATIVE_RUNTIME_SEC=20044.5313
Top Aggregator Timestamps: CACHE, CACHE_START_T: 0.0, CACHE_END_T: 0.0 || AGG, AGG_START_T: 0.0, AGG_END_T: 0.0 || EVAL, EVAL_START_T: 1765444662.9271793, EVAL_END_T: 1765444663.6628206 || RECV, RECV_START_T: 0.0, RECV_END_T: 0.0 || DIST, DIST_START_T: 0.0, DIST_END_T: 0.0 || LOAD, LOAD_START_T: 1765444633.8456147, LOAD_END_T: 1765444640.3646648 || MSG_MTo, MSG_MTo_START_T: 0.0, MSG_MTo_END_T: 0.0
Loaded FEMNIST test split partition_id=3 with 397 samples
Wall-clock time: 1765444699.2488623 ||Test loss: 0.3098 || Test accuracy: 0.9093 || CPU time: 8.4909 || CPU utilization: 0.2386 || R#577's duration (s): 35.5860 || Cumulative runtime (s): 20080.1173 || Loading data delay (s): 6.6596 || Eval delay (s): 0.6609 || Agg delay (s): 0.0000 || Coordination delay (s): 0.0000 || DIST task delay: 0.0000 || RECV task delay: 0.0000 || Queueing delay: 0.0000 || MSG (from mid) Ave. delay: 0.0000 || Total cache delay: 0.0000 || Ave. cache delay: 0.0000
[R#577] CUMULATIVE_RUNTIME_SEC=20080.1173
Top Aggregator Timestamps: CACHE, CACHE_START_T: 0.0, CACHE_END_T: 0.0 || AGG, AGG_START_T: 0.0, AGG_END_T: 0.0 || EVAL, EVAL_START_T: 1765444698.5879638, EVAL_END_T: 1765444699.2488272 || RECV, RECV_START_T: 0.0, RECV_END_T: 0.0 || DIST, DIST_START_T: 0.0, DIST_END_T: 0.0 || LOAD, LOAD_START_T: 1765444663.6660101, LOAD_END_T: 1765444670.3256197 || MSG_MTo, MSG_MTo_START_T: 0.0, MSG_MTo_END_T: 0.0
Loaded FEMNIST test split partition_id=63 with 413 samples
Wall-clock time: 1765444726.5521567 ||Test loss: 0.8343 || Test accuracy: 0.7264 || CPU time: 8.1591 || CPU utilization: 0.2988 || R#578's duration (s): 27.3033 || Cumulative runtime (s): 20107.4206 || Loading data delay (s): 7.2922 || Eval delay (s): 0.6268 || Agg delay (s): 0.0000 || Coordination delay (s): 0.0000 || DIST task delay: 0.0000 || RECV task delay: 0.0000 || Queueing delay: 0.0000 || MSG (from mid) Ave. delay: 0.0000 || Total cache delay: 0.0000 || Ave. cache delay: 0.0000
[R#578] CUMULATIVE_RUNTIME_SEC=20107.4206
Top Aggregator Timestamps: CACHE, CACHE_START_T: 0.0, CACHE_END_T: 0.0 || AGG, AGG_START_T: 0.0, AGG_END_T: 0.0 || EVAL, EVAL_START_T: 1765444725.9252765, EVAL_END_T: 1765444726.5521247 || RECV, RECV_START_T: 0.0, RECV_END_T: 0.0 || DIST, DIST_START_T: 0.0, DIST_END_T: 0.0 || LOAD, LOAD_START_T: 1765444699.251786, LOAD_END_T: 1765444706.5439892 || MSG_MTo, MSG_MTo_START_T: 0.0, MSG_MTo_END_T: 0.0
Loaded FEMNIST test split partition_id=1 with 413 samples
Wall-clock time: 1765444761.4038286 ||Test loss: 0.3536 || Test accuracy: 0.9056 || CPU time: 8.6901 || CPU utilization: 0.2493 || R#579's duration (s): 34.8517 || Cumulative runtime (s): 20142.2723 || Loading data delay (s): 6.5405 || Eval delay (s): 0.6704 || Agg delay (s): 0.0000 || Coordination delay (s): 0.0000 || DIST task delay: 0.0000 || RECV task delay: 0.0000 || Queueing delay: 0.0000 || MSG (from mid) Ave. delay: 0.0000 || Total cache delay: 0.0000 || Ave. cache delay: 0.0000
[R#579] CUMULATIVE_RUNTIME_SEC=20142.2723
Top Aggregator Timestamps: CACHE, CACHE_START_T: 0.0, CACHE_END_T: 0.0 || AGG, AGG_START_T: 0.0, AGG_END_T: 0.0 || EVAL, EVAL_START_T: 1765444760.7333848, EVAL_END_T: 1765444761.403797 || RECV, RECV_START_T: 0.0, RECV_END_T: 0.0 || DIST, DIST_START_T: 0.0, DIST_END_T: 0.0 || LOAD, LOAD_START_T: 1765444726.5552654, LOAD_END_T: 1765444733.0957885 || MSG_MTo, MSG_MTo_START_T: 0.0, MSG_MTo_END_T: 0.0
Loaded FEMNIST test split partition_id=59 with 361 samples
Wall-clock time: 1765444798.983022 ||Test loss: 0.6735 || Test accuracy: 0.7978 || CPU time: 7.4908 || CPU utilization: 0.1993 || R#580's duration (s): 37.5792 || Cumulative runtime (s): 20179.8515 || Loading data delay (s): 6.9177 || Eval delay (s): 0.5915 || Agg delay (s): 0.0000 || Coordination delay (s): 0.0000 || DIST task delay: 0.0000 || RECV task delay: 0.0000 || Queueing delay: 0.0000 || MSG (from mid) Ave. delay: 0.0000 || Total cache delay: 0.0000 || Ave. cache delay: 0.0000
[R#580] CUMULATIVE_RUNTIME_SEC=20179.8515
Top Aggregator Timestamps: CACHE, CACHE_START_T: 0.0, CACHE_END_T: 0.0 || AGG, AGG_START_T: 0.0, AGG_END_T: 0.0 || EVAL, EVAL_START_T: 1765444798.3914714, EVAL_END_T: 1765444798.982995 || RECV, RECV_START_T: 0.0, RECV_END_T: 0.0 || DIST, DIST_START_T: 0.0, DIST_END_T: 0.0 || LOAD, LOAD_START_T: 1765444761.4066794, LOAD_END_T: 1765444768.3243477 || MSG_MTo, MSG_MTo_START_T: 0.0, MSG_MTo_END_T: 0.0
Loaded FEMNIST test split partition_id=7 with 375 samples
Wall-clock time: 1765444830.134919 ||Test loss: 1.2115 || Test accuracy: 0.6693 || CPU time: 7.4546 || CPU utilization: 0.2393 || R#581's duration (s): 31.1519 || Cumulative runtime (s): 20211.0034 || Loading data delay (s): 6.4556 || Eval delay (s): 0.5697 || Agg delay (s): 0.0000 || Coordination delay (s): 0.0000 || DIST task delay: 0.0000 || RECV task delay: 0.0000 || Queueing delay: 0.0000 || MSG (from mid) Ave. delay: 0.0000 || Total cache delay: 0.0000 || Ave. cache delay: 0.0000
[R#581] CUMULATIVE_RUNTIME_SEC=20211.0034
Top Aggregator Timestamps: CACHE, CACHE_START_T: 0.0, CACHE_END_T: 0.0 || AGG, AGG_START_T: 0.0, AGG_END_T: 0.0 || EVAL, EVAL_START_T: 1765444829.5652337, EVAL_END_T: 1765444830.1348968 || RECV, RECV_START_T: 0.0, RECV_END_T: 0.0 || DIST, DIST_START_T: 0.0, DIST_END_T: 0.0 || LOAD, LOAD_START_T: 1765444798.9861286, LOAD_END_T: 1765444805.4417562 || MSG_MTo, MSG_MTo_START_T: 0.0, MSG_MTo_END_T: 0.0
Loaded FEMNIST test split partition_id=19 with 377 samples
Wall-clock time: 1765444865.2346478 ||Test loss: 0.6053 || Test accuracy: 0.8064 || CPU time: 7.9479 || CPU utilization: 0.2264 || R#582's duration (s): 35.0997 || Cumulative runtime (s): 20246.1031 || Loading data delay (s): 6.6822 || Eval delay (s): 0.6120 || Agg delay (s): 0.0000 || Coordination delay (s): 0.0000 || DIST task delay: 0.0000 || RECV task delay: 0.0000 || Queueing delay: 0.0000 || MSG (from mid) Ave. delay: 0.0000 || Total cache delay: 0.0000 || Ave. cache delay: 0.0000
[R#582] CUMULATIVE_RUNTIME_SEC=20246.1031
Top Aggregator Timestamps: CACHE, CACHE_START_T: 0.0, CACHE_END_T: 0.0 || AGG, AGG_START_T: 0.0, AGG_END_T: 0.0 || EVAL, EVAL_START_T: 1765444864.622662, EVAL_END_T: 1765444865.2346146 || RECV, RECV_START_T: 0.0, RECV_END_T: 0.0 || DIST, DIST_START_T: 0.0, DIST_END_T: 0.0 || LOAD, LOAD_START_T: 1765444830.137664, LOAD_END_T: 1765444836.8198383 || MSG_MTo, MSG_MTo_START_T: 0.0, MSG_MTo_END_T: 0.0
Loaded FEMNIST test split partition_id=8 with 418 samples
Wall-clock time: 1765444897.2535095 ||Test loss: 0.2224 || Test accuracy: 0.9139 || CPU time: 8.8172 || CPU utilization: 0.2754 || R#583's duration (s): 32.0189 || Cumulative runtime (s): 20278.1220 || Loading data delay (s): 6.9204 || Eval delay (s): 0.6767 || Agg delay (s): 0.0000 || Coordination delay (s): 0.0000 || DIST task delay: 0.0000 || RECV task delay: 0.0000 || Queueing delay: 0.0000 || MSG (from mid) Ave. delay: 0.0000 || Total cache delay: 0.0000 || Ave. cache delay: 0.0000
[R#583] CUMULATIVE_RUNTIME_SEC=20278.1220
Top Aggregator Timestamps: CACHE, CACHE_START_T: 0.0, CACHE_END_T: 0.0 || AGG, AGG_START_T: 0.0, AGG_END_T: 0.0 || EVAL, EVAL_START_T: 1765444896.5768178, EVAL_END_T: 1765444897.253479 || RECV, RECV_START_T: 0.0, RECV_END_T: 0.0 || DIST, DIST_START_T: 0.0, DIST_END_T: 0.0 || LOAD, LOAD_START_T: 1765444865.2373898, LOAD_END_T: 1765444872.1577444 || MSG_MTo, MSG_MTo_START_T: 0.0, MSG_MTo_END_T: 0.0
Loaded FEMNIST test split partition_id=44 with 343 samples
Wall-clock time: 1765444928.0180717 ||Test loss: 0.9567 || Test accuracy: 0.7668 || CPU time: 7.5113 || CPU utilization: 0.2442 || R#584's duration (s): 30.7646 || Cumulative runtime (s): 20308.8865 || Loading data delay (s): 6.4117 || Eval delay (s): 0.5830 || Agg delay (s): 0.0000 || Coordination delay (s): 0.0000 || DIST task delay: 0.0000 || RECV task delay: 0.0000 || Queueing delay: 0.0000 || MSG (from mid) Ave. delay: 0.0000 || Total cache delay: 0.0000 || Ave. cache delay: 0.0000
[R#584] CUMULATIVE_RUNTIME_SEC=20308.8865
Top Aggregator Timestamps: CACHE, CACHE_START_T: 0.0, CACHE_END_T: 0.0 || AGG, AGG_START_T: 0.0, AGG_END_T: 0.0 || EVAL, EVAL_START_T: 1765444927.435044, EVAL_END_T: 1765444928.0180383 || RECV, RECV_START_T: 0.0, RECV_END_T: 0.0 || DIST, DIST_START_T: 0.0, DIST_END_T: 0.0 || LOAD, LOAD_START_T: 1765444897.2562516, LOAD_END_T: 1765444903.6679986 || MSG_MTo, MSG_MTo_START_T: 0.0, MSG_MTo_END_T: 0.0
Loaded FEMNIST test split partition_id=10 with 436 samples
Wall-clock time: 1765444966.052642 ||Test loss: 0.3804 || Test accuracy: 0.8716 || CPU time: 9.1278 || CPU utilization: 0.2400 || R#585's duration (s): 38.0346 || Cumulative runtime (s): 20346.9211 || Loading data delay (s): 6.7416 || Eval delay (s): 0.7127 || Agg delay (s): 0.0000 || Coordination delay (s): 0.0000 || DIST task delay: 0.0000 || RECV task delay: 0.0000 || Queueing delay: 0.0000 || MSG (from mid) Ave. delay: 0.0000 || Total cache delay: 0.0000 || Ave. cache delay: 0.0000
[R#585] CUMULATIVE_RUNTIME_SEC=20346.9211
Top Aggregator Timestamps: CACHE, CACHE_START_T: 0.0, CACHE_END_T: 0.0 || AGG, AGG_START_T: 0.0, AGG_END_T: 0.0 || EVAL, EVAL_START_T: 1765444965.33991, EVAL_END_T: 1765444966.0525827 || RECV, RECV_START_T: 0.0, RECV_END_T: 0.0 || DIST, DIST_START_T: 0.0, DIST_END_T: 0.0 || LOAD, LOAD_START_T: 1765444928.0213842, LOAD_END_T: 1765444934.762943 || MSG_MTo, MSG_MTo_START_T: 0.0, MSG_MTo_END_T: 0.0
Loaded FEMNIST test split partition_id=29 with 247 samples
Wall-clock time: 1765445006.0935626 ||Test loss: 1.4749 || Test accuracy: 0.6397 || CPU time: 5.4895 || CPU utilization: 0.1371 || R#586's duration (s): 40.0409 || Cumulative runtime (s): 20386.9620 || Loading data delay (s): 6.4489 || Eval delay (s): 0.4301 || Agg delay (s): 0.0000 || Coordination delay (s): 0.0000 || DIST task delay: 0.0000 || RECV task delay: 0.0000 || Queueing delay: 0.0000 || MSG (from mid) Ave. delay: 0.0000 || Total cache delay: 0.0000 || Ave. cache delay: 0.0000
[R#586] CUMULATIVE_RUNTIME_SEC=20386.9620
Top Aggregator Timestamps: CACHE, CACHE_START_T: 0.0, CACHE_END_T: 0.0 || AGG, AGG_START_T: 0.0, AGG_END_T: 0.0 || EVAL, EVAL_START_T: 1765445005.6634383, EVAL_END_T: 1765445006.093538 || RECV, RECV_START_T: 0.0, RECV_END_T: 0.0 || DIST, DIST_START_T: 0.0, DIST_END_T: 0.0 || LOAD, LOAD_START_T: 1765444966.0554378, LOAD_END_T: 1765444972.5043786 || MSG_MTo, MSG_MTo_START_T: 0.0, MSG_MTo_END_T: 0.0
Loaded FEMNIST test split partition_id=27 with 446 samples
Wall-clock time: 1765445040.6898804 ||Test loss: 0.5626 || Test accuracy: 0.8475 || CPU time: 9.1605 || CPU utilization: 0.2648 || R#587's duration (s): 34.5963 || Cumulative runtime (s): 20421.5583 || Loading data delay (s): 6.7609 || Eval delay (s): 0.7118 || Agg delay (s): 0.0000 || Coordination delay (s): 0.0000 || DIST task delay: 0.0000 || RECV task delay: 0.0000 || Queueing delay: 0.0000 || MSG (from mid) Ave. delay: 0.0000 || Total cache delay: 0.0000 || Ave. cache delay: 0.0000
[R#587] CUMULATIVE_RUNTIME_SEC=20421.5583
Top Aggregator Timestamps: CACHE, CACHE_START_T: 0.0, CACHE_END_T: 0.0 || AGG, AGG_START_T: 0.0, AGG_END_T: 0.0 || EVAL, EVAL_START_T: 1765445039.978107, EVAL_END_T: 1765445040.6898603 || RECV, RECV_START_T: 0.0, RECV_END_T: 0.0 || DIST, DIST_START_T: 0.0, DIST_END_T: 0.0 || LOAD, LOAD_START_T: 1765445006.0963748, LOAD_END_T: 1765445012.8572674 || MSG_MTo, MSG_MTo_START_T: 0.0, MSG_MTo_END_T: 0.0
Loaded FEMNIST test split partition_id=57 with 388 samples
Wall-clock time: 1765445074.8376858 ||Test loss: 0.3978 || Test accuracy: 0.8634 || CPU time: 8.1828 || CPU utilization: 0.2396 || R#588's duration (s): 34.1478 || Cumulative runtime (s): 20455.7061 || Loading data delay (s): 6.9409 || Eval delay (s): 0.6326 || Agg delay (s): 0.0000 || Coordination delay (s): 0.0000 || DIST task delay: 0.0000 || RECV task delay: 0.0000 || Queueing delay: 0.0000 || MSG (from mid) Ave. delay: 0.0000 || Total cache delay: 0.0000 || Ave. cache delay: 0.0000
[R#588] CUMULATIVE_RUNTIME_SEC=20455.7061
Top Aggregator Timestamps: CACHE, CACHE_START_T: 0.0, CACHE_END_T: 0.0 || AGG, AGG_START_T: 0.0, AGG_END_T: 0.0 || EVAL, EVAL_START_T: 1765445074.2050216, EVAL_END_T: 1765445074.837665 || RECV, RECV_START_T: 0.0, RECV_END_T: 0.0 || DIST, DIST_START_T: 0.0, DIST_END_T: 0.0 || LOAD, LOAD_START_T: 1765445040.6926336, LOAD_END_T: 1765445047.6335282 || MSG_MTo, MSG_MTo_START_T: 0.0, MSG_MTo_END_T: 0.0
Loaded FEMNIST test split partition_id=29 with 247 samples
Wall-clock time: 1765445105.9890904 ||Test loss: 1.4475 || Test accuracy: 0.6397 || CPU time: 5.4097 || CPU utilization: 0.1737 || R#589's duration (s): 31.1514 || Cumulative runtime (s): 20486.8575 || Loading data delay (s): 6.5306 || Eval delay (s): 0.4215 || Agg delay (s): 0.0000 || Coordination delay (s): 0.0000 || DIST task delay: 0.0000 || RECV task delay: 0.0000 || Queueing delay: 0.0000 || MSG (from mid) Ave. delay: 0.0000 || Total cache delay: 0.0000 || Ave. cache delay: 0.0000
[R#589] CUMULATIVE_RUNTIME_SEC=20486.8575
Top Aggregator Timestamps: CACHE, CACHE_START_T: 0.0, CACHE_END_T: 0.0 || AGG, AGG_START_T: 0.0, AGG_END_T: 0.0 || EVAL, EVAL_START_T: 1765445105.5675266, EVAL_END_T: 1765445105.9890652 || RECV, RECV_START_T: 0.0, RECV_END_T: 0.0 || DIST, DIST_START_T: 0.0, DIST_END_T: 0.0 || LOAD, LOAD_START_T: 1765445074.8408115, LOAD_END_T: 1765445081.3713868 || MSG_MTo, MSG_MTo_START_T: 0.0, MSG_MTo_END_T: 0.0
Loaded FEMNIST test split partition_id=35 with 416 samples
Wall-clock time: 1765445141.926997 ||Test loss: 0.6760 || Test accuracy: 0.8197 || CPU time: 8.4911 || CPU utilization: 0.2363 || R#590's duration (s): 35.9379 || Cumulative runtime (s): 20522.7954 || Loading data delay (s): 6.7885 || Eval delay (s): 0.6709 || Agg delay (s): 0.0000 || Coordination delay (s): 0.0000 || DIST task delay: 0.0000 || RECV task delay: 0.0000 || Queueing delay: 0.0000 || MSG (from mid) Ave. delay: 0.0000 || Total cache delay: 0.0000 || Ave. cache delay: 0.0000
[R#590] CUMULATIVE_RUNTIME_SEC=20522.7954
Top Aggregator Timestamps: CACHE, CACHE_START_T: 0.0, CACHE_END_T: 0.0 || AGG, AGG_START_T: 0.0, AGG_END_T: 0.0 || EVAL, EVAL_START_T: 1765445141.2560558, EVAL_END_T: 1765445141.9269683 || RECV, RECV_START_T: 0.0, RECV_END_T: 0.0 || DIST, DIST_START_T: 0.0, DIST_END_T: 0.0 || LOAD, LOAD_START_T: 1765445105.9918106, LOAD_END_T: 1765445112.7802851 || MSG_MTo, MSG_MTo_START_T: 0.0, MSG_MTo_END_T: 0.0
Loaded FEMNIST test split partition_id=16 with 312 samples
Wall-clock time: 1765445180.0771809 ||Test loss: 0.5875 || Test accuracy: 0.8237 || CPU time: 6.7782 || CPU utilization: 0.1777 || R#591's duration (s): 38.1502 || Cumulative runtime (s): 20560.9456 || Loading data delay (s): 6.4729 || Eval delay (s): 0.5230 || Agg delay (s): 0.0000 || Coordination delay (s): 0.0000 || DIST task delay: 0.0000 || RECV task delay: 0.0000 || Queueing delay: 0.0000 || MSG (from mid) Ave. delay: 0.0000 || Total cache delay: 0.0000 || Ave. cache delay: 0.0000
[R#591] CUMULATIVE_RUNTIME_SEC=20560.9456
Top Aggregator Timestamps: CACHE, CACHE_START_T: 0.0, CACHE_END_T: 0.0 || AGG, AGG_START_T: 0.0, AGG_END_T: 0.0 || EVAL, EVAL_START_T: 1765445179.5541615, EVAL_END_T: 1765445180.0771556 || RECV, RECV_START_T: 0.0, RECV_END_T: 0.0 || DIST, DIST_START_T: 0.0, DIST_END_T: 0.0 || LOAD, LOAD_START_T: 1765445141.9297931, LOAD_END_T: 1765445148.4026873 || MSG_MTo, MSG_MTo_START_T: 0.0, MSG_MTo_END_T: 0.0
Loaded FEMNIST test split partition_id=66 with 428 samples
Wall-clock time: 1765445208.4953268 ||Test loss: 0.8897 || Test accuracy: 0.7734 || CPU time: 8.8303 || CPU utilization: 0.3107 || R#592's duration (s): 28.4181 || Cumulative runtime (s): 20589.3638 || Loading data delay (s): 6.7351 || Eval delay (s): 0.6831 || Agg delay (s): 0.0000 || Coordination delay (s): 0.0000 || DIST task delay: 0.0000 || RECV task delay: 0.0000 || Queueing delay: 0.0000 || MSG (from mid) Ave. delay: 0.0000 || Total cache delay: 0.0000 || Ave. cache delay: 0.0000
[R#592] CUMULATIVE_RUNTIME_SEC=20589.3638
Top Aggregator Timestamps: CACHE, CACHE_START_T: 0.0, CACHE_END_T: 0.0 || AGG, AGG_START_T: 0.0, AGG_END_T: 0.0 || EVAL, EVAL_START_T: 1765445207.812158, EVAL_END_T: 1765445208.4952972 || RECV, RECV_START_T: 0.0, RECV_END_T: 0.0 || DIST, DIST_START_T: 0.0, DIST_END_T: 0.0 || LOAD, LOAD_START_T: 1765445180.0802033, LOAD_END_T: 1765445186.8153055 || MSG_MTo, MSG_MTo_START_T: 0.0, MSG_MTo_END_T: 0.0
Loaded FEMNIST test split partition_id=4 with 315 samples
Wall-clock time: 1765445242.9221008 ||Test loss: 0.9350 || Test accuracy: 0.7524 || CPU time: 6.7452 || CPU utilization: 0.1959 || R#593's duration (s): 34.4268 || Cumulative runtime (s): 20623.7905 || Loading data delay (s): 6.9049 || Eval delay (s): 0.5250 || Agg delay (s): 0.0000 || Coordination delay (s): 0.0000 || DIST task delay: 0.0000 || RECV task delay: 0.0000 || Queueing delay: 0.0000 || MSG (from mid) Ave. delay: 0.0000 || Total cache delay: 0.0000 || Ave. cache delay: 0.0000
[R#593] CUMULATIVE_RUNTIME_SEC=20623.7905
Top Aggregator Timestamps: CACHE, CACHE_START_T: 0.0, CACHE_END_T: 0.0 || AGG, AGG_START_T: 0.0, AGG_END_T: 0.0 || EVAL, EVAL_START_T: 1765445242.3971117, EVAL_END_T: 1765445242.9220686 || RECV, RECV_START_T: 0.0, RECV_END_T: 0.0 || DIST, DIST_START_T: 0.0, DIST_END_T: 0.0 || LOAD, LOAD_START_T: 1765445208.4981213, LOAD_END_T: 1765445215.4029884 || MSG_MTo, MSG_MTo_START_T: 0.0, MSG_MTo_END_T: 0.0
Loaded FEMNIST test split partition_id=38 with 347 samples
Wall-clock time: 1765445290.9219022 ||Test loss: 0.5745 || Test accuracy: 0.8473 || CPU time: 7.3645 || CPU utilization: 0.1534 || R#594's duration (s): 47.9998 || Cumulative runtime (s): 20671.7904 || Loading data delay (s): 6.5184 || Eval delay (s): 0.5744 || Agg delay (s): 0.0000 || Coordination delay (s): 0.0000 || DIST task delay: 0.0000 || RECV task delay: 0.0000 || Queueing delay: 0.0000 || MSG (from mid) Ave. delay: 0.0000 || Total cache delay: 0.0000 || Ave. cache delay: 0.0000
[R#594] CUMULATIVE_RUNTIME_SEC=20671.7904
Top Aggregator Timestamps: CACHE, CACHE_START_T: 0.0, CACHE_END_T: 0.0 || AGG, AGG_START_T: 0.0, AGG_END_T: 0.0 || EVAL, EVAL_START_T: 1765445290.34747, EVAL_END_T: 1765445290.9218678 || RECV, RECV_START_T: 0.0, RECV_END_T: 0.0 || DIST, DIST_START_T: 0.0, DIST_END_T: 0.0 || LOAD, LOAD_START_T: 1765445242.9248793, LOAD_END_T: 1765445249.4432938 || MSG_MTo, MSG_MTo_START_T: 0.0, MSG_MTo_END_T: 0.0
Loaded FEMNIST test split partition_id=47 with 395 samples
Wall-clock time: 1765445322.99324 ||Test loss: 0.6294 || Test accuracy: 0.8405 || CPU time: 7.9523 || CPU utilization: 0.2480 || R#595's duration (s): 32.0713 || Cumulative runtime (s): 20703.8617 || Loading data delay (s): 6.7746 || Eval delay (s): 0.6117 || Agg delay (s): 0.0000 || Coordination delay (s): 0.0000 || DIST task delay: 0.0000 || RECV task delay: 0.0000 || Queueing delay: 0.0000 || MSG (from mid) Ave. delay: 0.0000 || Total cache delay: 0.0000 || Ave. cache delay: 0.0000
[R#595] CUMULATIVE_RUNTIME_SEC=20703.8617
Top Aggregator Timestamps: CACHE, CACHE_START_T: 0.0, CACHE_END_T: 0.0 || AGG, AGG_START_T: 0.0, AGG_END_T: 0.0 || EVAL, EVAL_START_T: 1765445322.381475, EVAL_END_T: 1765445322.9932122 || RECV, RECV_START_T: 0.0, RECV_END_T: 0.0 || DIST, DIST_START_T: 0.0, DIST_END_T: 0.0 || LOAD, LOAD_START_T: 1765445290.9251356, LOAD_END_T: 1765445297.699734 || MSG_MTo, MSG_MTo_START_T: 0.0, MSG_MTo_END_T: 0.0
Loaded FEMNIST test split partition_id=28 with 399 samples
Wall-clock time: 1765445352.4399512 ||Test loss: 0.6063 || Test accuracy: 0.8120 || CPU time: 8.0737 || CPU utilization: 0.2742 || R#596's duration (s): 29.4467 || Cumulative runtime (s): 20733.3084 || Loading data delay (s): 6.5299 || Eval delay (s): 0.6189 || Agg delay (s): 0.0000 || Coordination delay (s): 0.0000 || DIST task delay: 0.0000 || RECV task delay: 0.0000 || Queueing delay: 0.0000 || MSG (from mid) Ave. delay: 0.0000 || Total cache delay: 0.0000 || Ave. cache delay: 0.0000
[R#596] CUMULATIVE_RUNTIME_SEC=20733.3084
Top Aggregator Timestamps: CACHE, CACHE_START_T: 0.0, CACHE_END_T: 0.0 || AGG, AGG_START_T: 0.0, AGG_END_T: 0.0 || EVAL, EVAL_START_T: 1765445351.8210278, EVAL_END_T: 1765445352.4399161 || RECV, RECV_START_T: 0.0, RECV_END_T: 0.0 || DIST, DIST_START_T: 0.0, DIST_END_T: 0.0 || LOAD, LOAD_START_T: 1765445322.9960394, LOAD_END_T: 1765445329.5258908 || MSG_MTo, MSG_MTo_START_T: 0.0, MSG_MTo_END_T: 0.0
Loaded FEMNIST test split partition_id=32 with 278 samples
Wall-clock time: 1765445388.2628438 ||Test loss: 0.7314 || Test accuracy: 0.7734 || CPU time: 5.8825 || CPU utilization: 0.1642 || R#597's duration (s): 35.8229 || Cumulative runtime (s): 20769.1313 || Loading data delay (s): 6.8167 || Eval delay (s): 0.4532 || Agg delay (s): 0.0000 || Coordination delay (s): 0.0000 || DIST task delay: 0.0000 || RECV task delay: 0.0000 || Queueing delay: 0.0000 || MSG (from mid) Ave. delay: 0.0000 || Total cache delay: 0.0000 || Ave. cache delay: 0.0000
[R#597] CUMULATIVE_RUNTIME_SEC=20769.1313
Top Aggregator Timestamps: CACHE, CACHE_START_T: 0.0, CACHE_END_T: 0.0 || AGG, AGG_START_T: 0.0, AGG_END_T: 0.0 || EVAL, EVAL_START_T: 1765445387.809575, EVAL_END_T: 1765445388.2628186 || RECV, RECV_START_T: 0.0, RECV_END_T: 0.0 || DIST, DIST_START_T: 0.0, DIST_END_T: 0.0 || LOAD, LOAD_START_T: 1765445352.4427464, LOAD_END_T: 1765445359.259454 || MSG_MTo, MSG_MTo_START_T: 0.0, MSG_MTo_END_T: 0.0
Loaded FEMNIST test split partition_id=29 with 247 samples
Wall-clock time: 1765445420.4930756 ||Test loss: 1.3199 || Test accuracy: 0.6559 || CPU time: 5.3303 || CPU utilization: 0.1654 || R#598's duration (s): 32.2302 || Cumulative runtime (s): 20801.3615 || Loading data delay (s): 7.0830 || Eval delay (s): 0.4068 || Agg delay (s): 0.0000 || Coordination delay (s): 0.0000 || DIST task delay: 0.0000 || RECV task delay: 0.0000 || Queueing delay: 0.0000 || MSG (from mid) Ave. delay: 0.0000 || Total cache delay: 0.0000 || Ave. cache delay: 0.0000
[R#598] CUMULATIVE_RUNTIME_SEC=20801.3615
Top Aggregator Timestamps: CACHE, CACHE_START_T: 0.0, CACHE_END_T: 0.0 || AGG, AGG_START_T: 0.0, AGG_END_T: 0.0 || EVAL, EVAL_START_T: 1765445420.0862236, EVAL_END_T: 1765445420.4930542 || RECV, RECV_START_T: 0.0, RECV_END_T: 0.0 || DIST, DIST_START_T: 0.0, DIST_END_T: 0.0 || LOAD, LOAD_START_T: 1765445388.2659042, LOAD_END_T: 1765445395.3488972 || MSG_MTo, MSG_MTo_START_T: 0.0, MSG_MTo_END_T: 0.0
Loaded FEMNIST test split partition_id=30 with 284 samples
Wall-clock time: 1765445452.6277225 ||Test loss: 0.6140 || Test accuracy: 0.8380 || CPU time: 6.0699 || CPU utilization: 0.1889 || R#599's duration (s): 32.1346 || Cumulative runtime (s): 20833.4962 || Loading data delay (s): 6.5416 || Eval delay (s): 0.4659 || Agg delay (s): 0.0000 || Coordination delay (s): 0.0000 || DIST task delay: 0.0000 || RECV task delay: 0.0000 || Queueing delay: 0.0000 || MSG (from mid) Ave. delay: 0.0000 || Total cache delay: 0.0000 || Ave. cache delay: 0.0000
[R#599] CUMULATIVE_RUNTIME_SEC=20833.4962
Top Aggregator Timestamps: CACHE, CACHE_START_T: 0.0, CACHE_END_T: 0.0 || AGG, AGG_START_T: 0.0, AGG_END_T: 0.0 || EVAL, EVAL_START_T: 1765445452.1618042, EVAL_END_T: 1765445452.6276982 || RECV, RECV_START_T: 0.0, RECV_END_T: 0.0 || DIST, DIST_START_T: 0.0, DIST_END_T: 0.0 || LOAD, LOAD_START_T: 1765445420.495869, LOAD_END_T: 1765445427.0374758 || MSG_MTo, MSG_MTo_START_T: 0.0, MSG_MTo_END_T: 0.0
Loaded FEMNIST test split partition_id=47 with 395 samples
Wall-clock time: 1765445494.8822525 ||Test loss: 0.4296 || Test accuracy: 0.8709 || CPU time: 8.4590 || CPU utilization: 0.2002 || R#600's duration (s): 42.2545 || Cumulative runtime (s): 20875.7507 || Loading data delay (s): 6.7945 || Eval delay (s): 0.6581 || Agg delay (s): 0.0000 || Coordination delay (s): 0.0000 || DIST task delay: 0.0000 || RECV task delay: 0.0000 || Queueing delay: 0.0000 || MSG (from mid) Ave. delay: 0.0000 || Total cache delay: 0.0000 || Ave. cache delay: 0.0000
[R#600] CUMULATIVE_RUNTIME_SEC=20875.7507
Top Aggregator Timestamps: CACHE, CACHE_START_T: 0.0, CACHE_END_T: 0.0 || AGG, AGG_START_T: 0.0, AGG_END_T: 0.0 || EVAL, EVAL_START_T: 1765445494.224128, EVAL_END_T: 1765445494.882221 || RECV, RECV_START_T: 0.0, RECV_END_T: 0.0 || DIST, DIST_START_T: 0.0, DIST_END_T: 0.0 || LOAD, LOAD_START_T: 1765445452.6303782, LOAD_END_T: 1765445459.4248986 || MSG_MTo, MSG_MTo_START_T: 0.0, MSG_MTo_END_T: 0.0
Loaded FEMNIST test split partition_id=27 with 446 samples
Wall-clock time: 1765445533.076645 ||Test loss: 0.8867 || Test accuracy: 0.8049 || CPU time: 8.5934 || CPU utilization: 0.2250 || R#601's duration (s): 38.1944 || Cumulative runtime (s): 20913.9451 || Loading data delay (s): 6.6090 || Eval delay (s): 0.6608 || Agg delay (s): 0.0000 || Coordination delay (s): 0.0000 || DIST task delay: 0.0000 || RECV task delay: 0.0000 || Queueing delay: 0.0000 || MSG (from mid) Ave. delay: 0.0000 || Total cache delay: 0.0000 || Ave. cache delay: 0.0000
[R#601] CUMULATIVE_RUNTIME_SEC=20913.9451
Top Aggregator Timestamps: CACHE, CACHE_START_T: 0.0, CACHE_END_T: 0.0 || AGG, AGG_START_T: 0.0, AGG_END_T: 0.0 || EVAL, EVAL_START_T: 1765445532.4158118, EVAL_END_T: 1765445533.0766144 || RECV, RECV_START_T: 0.0, RECV_END_T: 0.0 || DIST, DIST_START_T: 0.0, DIST_END_T: 0.0 || LOAD, LOAD_START_T: 1765445494.885057, LOAD_END_T: 1765445501.4940963 || MSG_MTo, MSG_MTo_START_T: 0.0, MSG_MTo_END_T: 0.0
Loaded FEMNIST test split partition_id=67 with 253 samples
Wall-clock time: 1765445562.8051162 ||Test loss: 1.3995 || Test accuracy: 0.6640 || CPU time: 5.7637 || CPU utilization: 0.1939 || R#602's duration (s): 29.7285 || Cumulative runtime (s): 20943.6736 || Loading data delay (s): 6.7135 || Eval delay (s): 0.4459 || Agg delay (s): 0.0000 || Coordination delay (s): 0.0000 || DIST task delay: 0.0000 || RECV task delay: 0.0000 || Queueing delay: 0.0000 || MSG (from mid) Ave. delay: 0.0000 || Total cache delay: 0.0000 || Ave. cache delay: 0.0000
[R#602] CUMULATIVE_RUNTIME_SEC=20943.6736
Top Aggregator Timestamps: CACHE, CACHE_START_T: 0.0, CACHE_END_T: 0.0 || AGG, AGG_START_T: 0.0, AGG_END_T: 0.0 || EVAL, EVAL_START_T: 1765445562.3591743, EVAL_END_T: 1765445562.8050876 || RECV, RECV_START_T: 0.0, RECV_END_T: 0.0 || DIST, DIST_START_T: 0.0, DIST_END_T: 0.0 || LOAD, LOAD_START_T: 1765445533.079766, LOAD_END_T: 1765445539.793262 || MSG_MTo, MSG_MTo_START_T: 0.0, MSG_MTo_END_T: 0.0
Loaded FEMNIST test split partition_id=62 with 390 samples
Wall-clock time: 1765445595.7492657 ||Test loss: 0.8757 || Test accuracy: 0.7436 || CPU time: 8.3228 || CPU utilization: 0.2526 || R#603's duration (s): 32.9441 || Cumulative runtime (s): 20976.6177 || Loading data delay (s): 7.1543 || Eval delay (s): 0.6442 || Agg delay (s): 0.0000 || Coordination delay (s): 0.0000 || DIST task delay: 0.0000 || RECV task delay: 0.0000 || Queueing delay: 0.0000 || MSG (from mid) Ave. delay: 0.0000 || Total cache delay: 0.0000 || Ave. cache delay: 0.0000
[R#603] CUMULATIVE_RUNTIME_SEC=20976.6177
Top Aggregator Timestamps: CACHE, CACHE_START_T: 0.0, CACHE_END_T: 0.0 || AGG, AGG_START_T: 0.0, AGG_END_T: 0.0 || EVAL, EVAL_START_T: 1765445595.1049995, EVAL_END_T: 1765445595.7492378 || RECV, RECV_START_T: 0.0, RECV_END_T: 0.0 || DIST, DIST_START_T: 0.0, DIST_END_T: 0.0 || LOAD, LOAD_START_T: 1765445562.808117, LOAD_END_T: 1765445569.9624574 || MSG_MTo, MSG_MTo_START_T: 0.0, MSG_MTo_END_T: 0.0
Loaded FEMNIST test split partition_id=49 with 393 samples
Wall-clock time: 1765445623.4568923 ||Test loss: 0.3583 || Test accuracy: 0.8753 || CPU time: 8.1533 || CPU utilization: 0.2943 || R#604's duration (s): 27.7076 || Cumulative runtime (s): 21004.3253 || Loading data delay (s): 6.5647 || Eval delay (s): 0.6294 || Agg delay (s): 0.0000 || Coordination delay (s): 0.0000 || DIST task delay: 0.0000 || RECV task delay: 0.0000 || Queueing delay: 0.0000 || MSG (from mid) Ave. delay: 0.0000 || Total cache delay: 0.0000 || Ave. cache delay: 0.0000
[R#604] CUMULATIVE_RUNTIME_SEC=21004.3253
Top Aggregator Timestamps: CACHE, CACHE_START_T: 0.0, CACHE_END_T: 0.0 || AGG, AGG_START_T: 0.0, AGG_END_T: 0.0 || EVAL, EVAL_START_T: 1765445622.8274548, EVAL_END_T: 1765445623.456867 || RECV, RECV_START_T: 0.0, RECV_END_T: 0.0 || DIST, DIST_START_T: 0.0, DIST_END_T: 0.0 || LOAD, LOAD_START_T: 1765445595.7521667, LOAD_END_T: 1765445602.3169155 || MSG_MTo, MSG_MTo_START_T: 0.0, MSG_MTo_END_T: 0.0
Loaded FEMNIST test split partition_id=67 with 253 samples
Wall-clock time: 1765445660.0984557 ||Test loss: 1.2388 || Test accuracy: 0.6798 || CPU time: 5.3916 || CPU utilization: 0.1471 || R#605's duration (s): 36.6416 || Cumulative runtime (s): 21040.9669 || Loading data delay (s): 6.8263 || Eval delay (s): 0.4178 || Agg delay (s): 0.0000 || Coordination delay (s): 0.0000 || DIST task delay: 0.0000 || RECV task delay: 0.0000 || Queueing delay: 0.0000 || MSG (from mid) Ave. delay: 0.0000 || Total cache delay: 0.0000 || Ave. cache delay: 0.0000
[R#605] CUMULATIVE_RUNTIME_SEC=21040.9669
Top Aggregator Timestamps: CACHE, CACHE_START_T: 0.0, CACHE_END_T: 0.0 || AGG, AGG_START_T: 0.0, AGG_END_T: 0.0 || EVAL, EVAL_START_T: 1765445659.680607, EVAL_END_T: 1765445660.098433 || RECV, RECV_START_T: 0.0, RECV_END_T: 0.0 || DIST, DIST_START_T: 0.0, DIST_END_T: 0.0 || LOAD, LOAD_START_T: 1765445623.459994, LOAD_END_T: 1765445630.2862737 || MSG_MTo, MSG_MTo_START_T: 0.0, MSG_MTo_END_T: 0.0
Loaded FEMNIST test split partition_id=47 with 395 samples
Wall-clock time: 1765445696.5936463 ||Test loss: 0.4678 || Test accuracy: 0.8532 || CPU time: 8.3428 || CPU utilization: 0.2286 || R#606's duration (s): 36.4952 || Cumulative runtime (s): 21077.4621 || Loading data delay (s): 6.5384 || Eval delay (s): 0.6467 || Agg delay (s): 0.0000 || Coordination delay (s): 0.0000 || DIST task delay: 0.0000 || RECV task delay: 0.0000 || Queueing delay: 0.0000 || MSG (from mid) Ave. delay: 0.0000 || Total cache delay: 0.0000 || Ave. cache delay: 0.0000
[R#606] CUMULATIVE_RUNTIME_SEC=21077.4621
Top Aggregator Timestamps: CACHE, CACHE_START_T: 0.0, CACHE_END_T: 0.0 || AGG, AGG_START_T: 0.0, AGG_END_T: 0.0 || EVAL, EVAL_START_T: 1765445695.9469662, EVAL_END_T: 1765445696.5936205 || RECV, RECV_START_T: 0.0, RECV_END_T: 0.0 || DIST, DIST_START_T: 0.0, DIST_END_T: 0.0 || LOAD, LOAD_START_T: 1765445660.1013093, LOAD_END_T: 1765445666.6397347 || MSG_MTo, MSG_MTo_START_T: 0.0, MSG_MTo_END_T: 0.0
Loaded FEMNIST test split partition_id=47 with 395 samples
Wall-clock time: 1765445737.3835912 ||Test loss: 0.8112 || Test accuracy: 0.7468 || CPU time: 8.4295 || CPU utilization: 0.2067 || R#607's duration (s): 40.7899 || Cumulative runtime (s): 21118.2520 || Loading data delay (s): 6.6577 || Eval delay (s): 0.6499 || Agg delay (s): 0.0000 || Coordination delay (s): 0.0000 || DIST task delay: 0.0000 || RECV task delay: 0.0000 || Queueing delay: 0.0000 || MSG (from mid) Ave. delay: 0.0000 || Total cache delay: 0.0000 || Ave. cache delay: 0.0000
[R#607] CUMULATIVE_RUNTIME_SEC=21118.2520
Top Aggregator Timestamps: CACHE, CACHE_START_T: 0.0, CACHE_END_T: 0.0 || AGG, AGG_START_T: 0.0, AGG_END_T: 0.0 || EVAL, EVAL_START_T: 1765445736.7336326, EVAL_END_T: 1765445737.383565 || RECV, RECV_START_T: 0.0, RECV_END_T: 0.0 || DIST, DIST_START_T: 0.0, DIST_END_T: 0.0 || LOAD, LOAD_START_T: 1765445696.596416, LOAD_END_T: 1765445703.2541568 || MSG_MTo, MSG_MTo_START_T: 0.0, MSG_MTo_END_T: 0.0
Loaded FEMNIST test split partition_id=26 with 363 samples
Wall-clock time: 1765445775.1213212 ||Test loss: 0.3491 || Test accuracy: 0.8678 || CPU time: 7.4763 || CPU utilization: 0.1981 || R#608's duration (s): 37.7377 || Cumulative runtime (s): 21155.9898 || Loading data delay (s): 7.0457 || Eval delay (s): 0.5819 || Agg delay (s): 0.0000 || Coordination delay (s): 0.0000 || DIST task delay: 0.0000 || RECV task delay: 0.0000 || Queueing delay: 0.0000 || MSG (from mid) Ave. delay: 0.0000 || Total cache delay: 0.0000 || Ave. cache delay: 0.0000
[R#608] CUMULATIVE_RUNTIME_SEC=21155.9898
Top Aggregator Timestamps: CACHE, CACHE_START_T: 0.0, CACHE_END_T: 0.0 || AGG, AGG_START_T: 0.0, AGG_END_T: 0.0 || EVAL, EVAL_START_T: 1765445774.5393538, EVAL_END_T: 1765445775.121296 || RECV, RECV_START_T: 0.0, RECV_END_T: 0.0 || DIST, DIST_START_T: 0.0, DIST_END_T: 0.0 || LOAD, LOAD_START_T: 1765445737.386381, LOAD_END_T: 1765445744.4321227 || MSG_MTo, MSG_MTo_START_T: 0.0, MSG_MTo_END_T: 0.0
Loaded FEMNIST test split partition_id=12 with 308 samples
Wall-clock time: 1765445804.7754242 ||Test loss: 0.9202 || Test accuracy: 0.7532 || CPU time: 6.6753 || CPU utilization: 0.2251 || R#609's duration (s): 29.6541 || Cumulative runtime (s): 21185.6439 || Loading data delay (s): 6.5293 || Eval delay (s): 0.5098 || Agg delay (s): 0.0000 || Coordination delay (s): 0.0000 || DIST task delay: 0.0000 || RECV task delay: 0.0000 || Queueing delay: 0.0000 || MSG (from mid) Ave. delay: 0.0000 || Total cache delay: 0.0000 || Ave. cache delay: 0.0000
[R#609] CUMULATIVE_RUNTIME_SEC=21185.6439
Top Aggregator Timestamps: CACHE, CACHE_START_T: 0.0, CACHE_END_T: 0.0 || AGG, AGG_START_T: 0.0, AGG_END_T: 0.0 || EVAL, EVAL_START_T: 1765445804.265632, EVAL_END_T: 1765445804.775396 || RECV, RECV_START_T: 0.0, RECV_END_T: 0.0 || DIST, DIST_START_T: 0.0, DIST_END_T: 0.0 || LOAD, LOAD_START_T: 1765445775.1244478, LOAD_END_T: 1765445781.6537569 || MSG_MTo, MSG_MTo_START_T: 0.0, MSG_MTo_END_T: 0.0
Loaded FEMNIST test split partition_id=62 with 390 samples
Wall-clock time: 1765445836.224377 ||Test loss: 0.6050 || Test accuracy: 0.8282 || CPU time: 8.1253 || CPU utilization: 0.2584 || R#610's duration (s): 31.4490 || Cumulative runtime (s): 21217.0928 || Loading data delay (s): 6.7937 || Eval delay (s): 0.6224 || Agg delay (s): 0.0000 || Coordination delay (s): 0.0000 || DIST task delay: 0.0000 || RECV task delay: 0.0000 || Queueing delay: 0.0000 || MSG (from mid) Ave. delay: 0.0000 || Total cache delay: 0.0000 || Ave. cache delay: 0.0000
[R#610] CUMULATIVE_RUNTIME_SEC=21217.0928
Top Aggregator Timestamps: CACHE, CACHE_START_T: 0.0, CACHE_END_T: 0.0 || AGG, AGG_START_T: 0.0, AGG_END_T: 0.0 || EVAL, EVAL_START_T: 1765445835.601976, EVAL_END_T: 1765445836.2243414 || RECV, RECV_START_T: 0.0, RECV_END_T: 0.0 || DIST, DIST_START_T: 0.0, DIST_END_T: 0.0 || LOAD, LOAD_START_T: 1765445804.778154, LOAD_END_T: 1765445811.5718253 || MSG_MTo, MSG_MTo_START_T: 0.0, MSG_MTo_END_T: 0.0
Loaded FEMNIST test split partition_id=28 with 399 samples
Wall-clock time: 1765445877.104561 ||Test loss: 0.4989 || Test accuracy: 0.8622 || CPU time: 8.1589 || CPU utilization: 0.1996 || R#611's duration (s): 40.8802 || Cumulative runtime (s): 21257.9730 || Loading data delay (s): 6.5117 || Eval delay (s): 0.6364 || Agg delay (s): 0.0000 || Coordination delay (s): 0.0000 || DIST task delay: 0.0000 || RECV task delay: 0.0000 || Queueing delay: 0.0000 || MSG (from mid) Ave. delay: 0.0000 || Total cache delay: 0.0000 || Ave. cache delay: 0.0000
[R#611] CUMULATIVE_RUNTIME_SEC=21257.9730
Top Aggregator Timestamps: CACHE, CACHE_START_T: 0.0, CACHE_END_T: 0.0 || AGG, AGG_START_T: 0.0, AGG_END_T: 0.0 || EVAL, EVAL_START_T: 1765445876.468088, EVAL_END_T: 1765445877.1045253 || RECV, RECV_START_T: 0.0, RECV_END_T: 0.0 || DIST, DIST_START_T: 0.0, DIST_END_T: 0.0 || LOAD, LOAD_START_T: 1765445836.2270637, LOAD_END_T: 1765445842.738782 || MSG_MTo, MSG_MTo_START_T: 0.0, MSG_MTo_END_T: 0.0
Loaded FEMNIST test split partition_id=4 with 315 samples
Wall-clock time: 1765445915.911246 ||Test loss: 0.8601 || Test accuracy: 0.7937 || CPU time: 6.7280 || CPU utilization: 0.1734 || R#612's duration (s): 38.8067 || Cumulative runtime (s): 21296.7797 || Loading data delay (s): 6.6708 || Eval delay (s): 0.5183 || Agg delay (s): 0.0000 || Coordination delay (s): 0.0000 || DIST task delay: 0.0000 || RECV task delay: 0.0000 || Queueing delay: 0.0000 || MSG (from mid) Ave. delay: 0.0000 || Total cache delay: 0.0000 || Ave. cache delay: 0.0000
[R#612] CUMULATIVE_RUNTIME_SEC=21296.7797
Top Aggregator Timestamps: CACHE, CACHE_START_T: 0.0, CACHE_END_T: 0.0 || AGG, AGG_START_T: 0.0, AGG_END_T: 0.0 || EVAL, EVAL_START_T: 1765445915.3928597, EVAL_END_T: 1765445915.9112089 || RECV, RECV_START_T: 0.0, RECV_END_T: 0.0 || DIST, DIST_START_T: 0.0, DIST_END_T: 0.0 || LOAD, LOAD_START_T: 1765445877.1078715, LOAD_END_T: 1765445883.778671 || MSG_MTo, MSG_MTo_START_T: 0.0, MSG_MTo_END_T: 0.0
Loaded FEMNIST test split partition_id=17 with 424 samples
Wall-clock time: 1765445955.545677 ||Test loss: 0.5942 || Test accuracy: 0.8160 || CPU time: 8.7065 || CPU utilization: 0.2197 || R#613's duration (s): 39.6344 || Cumulative runtime (s): 21336.4141 || Loading data delay (s): 7.0364 || Eval delay (s): 0.6714 || Agg delay (s): 0.0000 || Coordination delay (s): 0.0000 || DIST task delay: 0.0000 || RECV task delay: 0.0000 || Queueing delay: 0.0000 || MSG (from mid) Ave. delay: 0.0000 || Total cache delay: 0.0000 || Ave. cache delay: 0.0000
[R#613] CUMULATIVE_RUNTIME_SEC=21336.4141
Top Aggregator Timestamps: CACHE, CACHE_START_T: 0.0, CACHE_END_T: 0.0 || AGG, AGG_START_T: 0.0, AGG_END_T: 0.0 || EVAL, EVAL_START_T: 1765445954.8742146, EVAL_END_T: 1765445955.5456467 || RECV, RECV_START_T: 0.0, RECV_END_T: 0.0 || DIST, DIST_START_T: 0.0, DIST_END_T: 0.0 || LOAD, LOAD_START_T: 1765445915.91393, LOAD_END_T: 1765445922.9503207 || MSG_MTo, MSG_MTo_START_T: 0.0, MSG_MTo_END_T: 0.0
Loaded FEMNIST test split partition_id=23 with 418 samples
Wall-clock time: 1765445986.2895591 ||Test loss: 0.3094 || Test accuracy: 0.8947 || CPU time: 8.6055 || CPU utilization: 0.2799 || R#614's duration (s): 30.7439 || Cumulative runtime (s): 21367.1580 || Loading data delay (s): 6.4936 || Eval delay (s): 0.6644 || Agg delay (s): 0.0000 || Coordination delay (s): 0.0000 || DIST task delay: 0.0000 || RECV task delay: 0.0000 || Queueing delay: 0.0000 || MSG (from mid) Ave. delay: 0.0000 || Total cache delay: 0.0000 || Ave. cache delay: 0.0000
[R#614] CUMULATIVE_RUNTIME_SEC=21367.1580
Top Aggregator Timestamps: CACHE, CACHE_START_T: 0.0, CACHE_END_T: 0.0 || AGG, AGG_START_T: 0.0, AGG_END_T: 0.0 || EVAL, EVAL_START_T: 1765445985.6251082, EVAL_END_T: 1765445986.2895339 || RECV, RECV_START_T: 0.0, RECV_END_T: 0.0 || DIST, DIST_START_T: 0.0, DIST_END_T: 0.0 || LOAD, LOAD_START_T: 1765445955.5484538, LOAD_END_T: 1765445962.0420644 || MSG_MTo, MSG_MTo_START_T: 0.0, MSG_MTo_END_T: 0.0
Loaded FEMNIST test split partition_id=2 with 404 samples
Wall-clock time: 1765446019.1330853 ||Test loss: 0.5755 || Test accuracy: 0.8490 || CPU time: 8.3613 || CPU utilization: 0.2546 || R#615's duration (s): 32.8435 || Cumulative runtime (s): 21400.0015 || Loading data delay (s): 6.7043 || Eval delay (s): 0.6425 || Agg delay (s): 0.0000 || Coordination delay (s): 0.0000 || DIST task delay: 0.0000 || RECV task delay: 0.0000 || Queueing delay: 0.0000 || MSG (from mid) Ave. delay: 0.0000 || Total cache delay: 0.0000 || Ave. cache delay: 0.0000
[R#615] CUMULATIVE_RUNTIME_SEC=21400.0015
Top Aggregator Timestamps: CACHE, CACHE_START_T: 0.0, CACHE_END_T: 0.0 || AGG, AGG_START_T: 0.0, AGG_END_T: 0.0 || EVAL, EVAL_START_T: 1765446018.4905236, EVAL_END_T: 1765446019.1330564 || RECV, RECV_START_T: 0.0, RECV_END_T: 0.0 || DIST, DIST_START_T: 0.0, DIST_END_T: 0.0 || LOAD, LOAD_START_T: 1765445986.2922173, LOAD_END_T: 1765445992.9964797 || MSG_MTo, MSG_MTo_START_T: 0.0, MSG_MTo_END_T: 0.0
Loaded FEMNIST test split partition_id=63 with 413 samples
Wall-clock time: 1765446052.5930247 ||Test loss: 0.4168 || Test accuracy: 0.8838 || CPU time: 8.3446 || CPU utilization: 0.2494 || R#616's duration (s): 33.4599 || Cumulative runtime (s): 21433.4615 || Loading data delay (s): 6.5731 || Eval delay (s): 0.6437 || Agg delay (s): 0.0000 || Coordination delay (s): 0.0000 || DIST task delay: 0.0000 || RECV task delay: 0.0000 || Queueing delay: 0.0000 || MSG (from mid) Ave. delay: 0.0000 || Total cache delay: 0.0000 || Ave. cache delay: 0.0000
[R#616] CUMULATIVE_RUNTIME_SEC=21433.4615
Top Aggregator Timestamps: CACHE, CACHE_START_T: 0.0, CACHE_END_T: 0.0 || AGG, AGG_START_T: 0.0, AGG_END_T: 0.0 || EVAL, EVAL_START_T: 1765446051.9493032, EVAL_END_T: 1765446052.5929987 || RECV, RECV_START_T: 0.0, RECV_END_T: 0.0 || DIST, DIST_START_T: 0.0, DIST_END_T: 0.0 || LOAD, LOAD_START_T: 1765446019.1357796, LOAD_END_T: 1765446025.7088513 || MSG_MTo, MSG_MTo_START_T: 0.0, MSG_MTo_END_T: 0.0
Loaded FEMNIST test split partition_id=18 with 383 samples
Wall-clock time: 1765446083.5444987 ||Test loss: 1.1202 || Test accuracy: 0.7128 || CPU time: 7.8674 || CPU utilization: 0.2542 || R#617's duration (s): 30.9515 || Cumulative runtime (s): 21464.4129 || Loading data delay (s): 6.7065 || Eval delay (s): 0.6053 || Agg delay (s): 0.0000 || Coordination delay (s): 0.0000 || DIST task delay: 0.0000 || RECV task delay: 0.0000 || Queueing delay: 0.0000 || MSG (from mid) Ave. delay: 0.0000 || Total cache delay: 0.0000 || Ave. cache delay: 0.0000
[R#617] CUMULATIVE_RUNTIME_SEC=21464.4129
Top Aggregator Timestamps: CACHE, CACHE_START_T: 0.0, CACHE_END_T: 0.0 || AGG, AGG_START_T: 0.0, AGG_END_T: 0.0 || EVAL, EVAL_START_T: 1765446082.9391837, EVAL_END_T: 1765446083.5444756 || RECV, RECV_START_T: 0.0, RECV_END_T: 0.0 || DIST, DIST_START_T: 0.0, DIST_END_T: 0.0 || LOAD, LOAD_START_T: 1765446052.5961533, LOAD_END_T: 1765446059.3026676 || MSG_MTo, MSG_MTo_START_T: 0.0, MSG_MTo_END_T: 0.0
Loaded FEMNIST test split partition_id=17 with 424 samples
Wall-clock time: 1765446115.7622788 ||Test loss: 1.1238 || Test accuracy: 0.6651 || CPU time: 8.5567 || CPU utilization: 0.2656 || R#618's duration (s): 32.2178 || Cumulative runtime (s): 21496.6307 || Loading data delay (s): 6.9561 || Eval delay (s): 0.6568 || Agg delay (s): 0.0000 || Coordination delay (s): 0.0000 || DIST task delay: 0.0000 || RECV task delay: 0.0000 || Queueing delay: 0.0000 || MSG (from mid) Ave. delay: 0.0000 || Total cache delay: 0.0000 || Ave. cache delay: 0.0000
[R#618] CUMULATIVE_RUNTIME_SEC=21496.6307
Top Aggregator Timestamps: CACHE, CACHE_START_T: 0.0, CACHE_END_T: 0.0 || AGG, AGG_START_T: 0.0, AGG_END_T: 0.0 || EVAL, EVAL_START_T: 1765446115.1054914, EVAL_END_T: 1765446115.7622516 || RECV, RECV_START_T: 0.0, RECV_END_T: 0.0 || DIST, DIST_START_T: 0.0, DIST_END_T: 0.0 || LOAD, LOAD_START_T: 1765446083.5471861, LOAD_END_T: 1765446090.5032628 || MSG_MTo, MSG_MTo_START_T: 0.0, MSG_MTo_END_T: 0.0
Loaded FEMNIST test split partition_id=40 with 375 samples
Wall-clock time: 1765446145.3585365 ||Test loss: 0.9378 || Test accuracy: 0.6880 || CPU time: 7.9321 || CPU utilization: 0.2680 || R#619's duration (s): 29.5963 || Cumulative runtime (s): 21526.2270 || Loading data delay (s): 6.4948 || Eval delay (s): 0.6194 || Agg delay (s): 0.0000 || Coordination delay (s): 0.0000 || DIST task delay: 0.0000 || RECV task delay: 0.0000 || Queueing delay: 0.0000 || MSG (from mid) Ave. delay: 0.0000 || Total cache delay: 0.0000 || Ave. cache delay: 0.0000
[R#619] CUMULATIVE_RUNTIME_SEC=21526.2270
Top Aggregator Timestamps: CACHE, CACHE_START_T: 0.0, CACHE_END_T: 0.0 || AGG, AGG_START_T: 0.0, AGG_END_T: 0.0 || EVAL, EVAL_START_T: 1765446144.7391024, EVAL_END_T: 1765446145.358502 || RECV, RECV_START_T: 0.0, RECV_END_T: 0.0 || DIST, DIST_START_T: 0.0, DIST_END_T: 0.0 || LOAD, LOAD_START_T: 1765446115.7649739, LOAD_END_T: 1765446122.259753 || MSG_MTo, MSG_MTo_START_T: 0.0, MSG_MTo_END_T: 0.0
Loaded FEMNIST test split partition_id=49 with 393 samples
Wall-clock time: 1765446191.4515347 ||Test loss: 0.2898 || Test accuracy: 0.8906 || CPU time: 8.1303 || CPU utilization: 0.1764 || R#620's duration (s): 46.0930 || Cumulative runtime (s): 21572.3200 || Loading data delay (s): 6.6975 || Eval delay (s): 0.6317 || Agg delay (s): 0.0000 || Coordination delay (s): 0.0000 || DIST task delay: 0.0000 || RECV task delay: 0.0000 || Queueing delay: 0.0000 || MSG (from mid) Ave. delay: 0.0000 || Total cache delay: 0.0000 || Ave. cache delay: 0.0000
[R#620] CUMULATIVE_RUNTIME_SEC=21572.3200
Top Aggregator Timestamps: CACHE, CACHE_START_T: 0.0, CACHE_END_T: 0.0 || AGG, AGG_START_T: 0.0, AGG_END_T: 0.0 || EVAL, EVAL_START_T: 1765446190.8198256, EVAL_END_T: 1765446191.4515107 || RECV, RECV_START_T: 0.0, RECV_END_T: 0.0 || DIST, DIST_START_T: 0.0, DIST_END_T: 0.0 || LOAD, LOAD_START_T: 1765446145.3618548, LOAD_END_T: 1765446152.059378 || MSG_MTo, MSG_MTo_START_T: 0.0, MSG_MTo_END_T: 0.0
Loaded FEMNIST test split partition_id=48 with 131 samples
Wall-clock time: 1765446228.125927 ||Test loss: 4.7095 || Test accuracy: 0.2595 || CPU time: 3.1080 || CPU utilization: 0.0847 || R#621's duration (s): 36.6744 || Cumulative runtime (s): 21608.9944 || Loading data delay (s): 6.5596 || Eval delay (s): 0.2381 || Agg delay (s): 0.0000 || Coordination delay (s): 0.0000 || DIST task delay: 0.0000 || RECV task delay: 0.0000 || Queueing delay: 0.0000 || MSG (from mid) Ave. delay: 0.0000 || Total cache delay: 0.0000 || Ave. cache delay: 0.0000
[R#621] CUMULATIVE_RUNTIME_SEC=21608.9944
Top Aggregator Timestamps: CACHE, CACHE_START_T: 0.0, CACHE_END_T: 0.0 || AGG, AGG_START_T: 0.0, AGG_END_T: 0.0 || EVAL, EVAL_START_T: 1765446227.8877954, EVAL_END_T: 1765446228.1258996 || RECV, RECV_START_T: 0.0, RECV_END_T: 0.0 || DIST, DIST_START_T: 0.0, DIST_END_T: 0.0 || LOAD, LOAD_START_T: 1765446191.4543104, LOAD_END_T: 1765446198.0139065 || MSG_MTo, MSG_MTo_START_T: 0.0, MSG_MTo_END_T: 0.0
Loaded FEMNIST test split partition_id=41 with 358 samples
Wall-clock time: 1765446256.5681202 ||Test loss: 0.9321 || Test accuracy: 0.7235 || CPU time: 7.8324 || CPU utilization: 0.2754 || R#622's duration (s): 28.4422 || Cumulative runtime (s): 21637.4366 || Loading data delay (s): 6.7921 || Eval delay (s): 0.6074 || Agg delay (s): 0.0000 || Coordination delay (s): 0.0000 || DIST task delay: 0.0000 || RECV task delay: 0.0000 || Queueing delay: 0.0000 || MSG (from mid) Ave. delay: 0.0000 || Total cache delay: 0.0000 || Ave. cache delay: 0.0000
[R#622] CUMULATIVE_RUNTIME_SEC=21637.4366
Top Aggregator Timestamps: CACHE, CACHE_START_T: 0.0, CACHE_END_T: 0.0 || AGG, AGG_START_T: 0.0, AGG_END_T: 0.0 || EVAL, EVAL_START_T: 1765446255.9606938, EVAL_END_T: 1765446256.56809 || RECV, RECV_START_T: 0.0, RECV_END_T: 0.0 || DIST, DIST_START_T: 0.0, DIST_END_T: 0.0 || LOAD, LOAD_START_T: 1765446228.1290848, LOAD_END_T: 1765446234.9212222 || MSG_MTo, MSG_MTo_START_T: 0.0, MSG_MTo_END_T: 0.0
Loaded FEMNIST test split partition_id=56 with 343 samples
Wall-clock time: 1765446290.7499144 ||Test loss: 0.7408 || Test accuracy: 0.8076 || CPU time: 7.3756 || CPU utilization: 0.2158 || R#623's duration (s): 34.1818 || Cumulative runtime (s): 21671.6184 || Loading data delay (s): 7.0048 || Eval delay (s): 0.5768 || Agg delay (s): 0.0000 || Coordination delay (s): 0.0000 || DIST task delay: 0.0000 || RECV task delay: 0.0000 || Queueing delay: 0.0000 || MSG (from mid) Ave. delay: 0.0000 || Total cache delay: 0.0000 || Ave. cache delay: 0.0000
[R#623] CUMULATIVE_RUNTIME_SEC=21671.6184
Top Aggregator Timestamps: CACHE, CACHE_START_T: 0.0, CACHE_END_T: 0.0 || AGG, AGG_START_T: 0.0, AGG_END_T: 0.0 || EVAL, EVAL_START_T: 1765446290.173062, EVAL_END_T: 1765446290.7498834 || RECV, RECV_START_T: 0.0, RECV_END_T: 0.0 || DIST, DIST_START_T: 0.0, DIST_END_T: 0.0 || LOAD, LOAD_START_T: 1765446256.5709133, LOAD_END_T: 1765446263.5756643 || MSG_MTo, MSG_MTo_START_T: 0.0, MSG_MTo_END_T: 0.0
Loaded FEMNIST test split partition_id=47 with 395 samples
Wall-clock time: 1765446324.8231256 ||Test loss: 0.6701 || Test accuracy: 0.8025 || CPU time: 8.1252 || CPU utilization: 0.2385 || R#624's duration (s): 34.0732 || Cumulative runtime (s): 21705.6916 || Loading data delay (s): 6.4784 || Eval delay (s): 0.6303 || Agg delay (s): 0.0000 || Coordination delay (s): 0.0000 || DIST task delay: 0.0000 || RECV task delay: 0.0000 || Queueing delay: 0.0000 || MSG (from mid) Ave. delay: 0.0000 || Total cache delay: 0.0000 || Ave. cache delay: 0.0000
[R#624] CUMULATIVE_RUNTIME_SEC=21705.6916
Top Aggregator Timestamps: CACHE, CACHE_START_T: 0.0, CACHE_END_T: 0.0 || AGG, AGG_START_T: 0.0, AGG_END_T: 0.0 || EVAL, EVAL_START_T: 1765446324.1928248, EVAL_END_T: 1765446324.823088 || RECV, RECV_START_T: 0.0, RECV_END_T: 0.0 || DIST, DIST_START_T: 0.0, DIST_END_T: 0.0 || LOAD, LOAD_START_T: 1765446290.7526612, LOAD_END_T: 1765446297.2310543 || MSG_MTo, MSG_MTo_START_T: 0.0, MSG_MTo_END_T: 0.0
Loaded FEMNIST test split partition_id=2 with 404 samples
Wall-clock time: 1765446359.1844416 ||Test loss: 0.7218 || Test accuracy: 0.7723 || CPU time: 8.2542 || CPU utilization: 0.2402 || R#625's duration (s): 34.3613 || Cumulative runtime (s): 21740.0529 || Loading data delay (s): 6.7081 || Eval delay (s): 0.6303 || Agg delay (s): 0.0000 || Coordination delay (s): 0.0000 || DIST task delay: 0.0000 || RECV task delay: 0.0000 || Queueing delay: 0.0000 || MSG (from mid) Ave. delay: 0.0000 || Total cache delay: 0.0000 || Ave. cache delay: 0.0000
[R#625] CUMULATIVE_RUNTIME_SEC=21740.0529
Top Aggregator Timestamps: CACHE, CACHE_START_T: 0.0, CACHE_END_T: 0.0 || AGG, AGG_START_T: 0.0, AGG_END_T: 0.0 || EVAL, EVAL_START_T: 1765446358.5541017, EVAL_END_T: 1765446359.1844175 || RECV, RECV_START_T: 0.0, RECV_END_T: 0.0 || DIST, DIST_START_T: 0.0, DIST_END_T: 0.0 || LOAD, LOAD_START_T: 1765446324.8264158, LOAD_END_T: 1765446331.5345001 || MSG_MTo, MSG_MTo_START_T: 0.0, MSG_MTo_END_T: 0.0
Loaded FEMNIST test split partition_id=11 with 425 samples
Wall-clock time: 1765446394.9084685 ||Test loss: 1.4012 || Test accuracy: 0.6729 || CPU time: 8.6727 || CPU utilization: 0.2428 || R#626's duration (s): 35.7240 || Cumulative runtime (s): 21775.7769 || Loading data delay (s): 6.4837 || Eval delay (s): 0.6769 || Agg delay (s): 0.0000 || Coordination delay (s): 0.0000 || DIST task delay: 0.0000 || RECV task delay: 0.0000 || Queueing delay: 0.0000 || MSG (from mid) Ave. delay: 0.0000 || Total cache delay: 0.0000 || Ave. cache delay: 0.0000
[R#626] CUMULATIVE_RUNTIME_SEC=21775.7769
Top Aggregator Timestamps: CACHE, CACHE_START_T: 0.0, CACHE_END_T: 0.0 || AGG, AGG_START_T: 0.0, AGG_END_T: 0.0 || EVAL, EVAL_START_T: 1765446394.231525, EVAL_END_T: 1765446394.9084492 || RECV, RECV_START_T: 0.0, RECV_END_T: 0.0 || DIST, DIST_START_T: 0.0, DIST_END_T: 0.0 || LOAD, LOAD_START_T: 1765446359.187139, LOAD_END_T: 1765446365.6708403 || MSG_MTo, MSG_MTo_START_T: 0.0, MSG_MTo_END_T: 0.0
Loaded FEMNIST test split partition_id=47 with 395 samples
Wall-clock time: 1765446430.7301216 ||Test loss: 0.5489 || Test accuracy: 0.8329 || CPU time: 8.6054 || CPU utilization: 0.2402 || R#627's duration (s): 35.8217 || Cumulative runtime (s): 21811.5986 || Loading data delay (s): 6.7464 || Eval delay (s): 0.6740 || Agg delay (s): 0.0000 || Coordination delay (s): 0.0000 || DIST task delay: 0.0000 || RECV task delay: 0.0000 || Queueing delay: 0.0000 || MSG (from mid) Ave. delay: 0.0000 || Total cache delay: 0.0000 || Ave. cache delay: 0.0000
[R#627] CUMULATIVE_RUNTIME_SEC=21811.5986
Top Aggregator Timestamps: CACHE, CACHE_START_T: 0.0, CACHE_END_T: 0.0 || AGG, AGG_START_T: 0.0, AGG_END_T: 0.0 || EVAL, EVAL_START_T: 1765446430.0560498, EVAL_END_T: 1765446430.7300947 || RECV, RECV_START_T: 0.0, RECV_END_T: 0.0 || DIST, DIST_START_T: 0.0, DIST_END_T: 0.0 || LOAD, LOAD_START_T: 1765446394.9112248, LOAD_END_T: 1765446401.6575828 || MSG_MTo, MSG_MTo_START_T: 0.0, MSG_MTo_END_T: 0.0
Loaded FEMNIST test split partition_id=41 with 358 samples
Wall-clock time: 1765446462.8241787 ||Test loss: 0.8212 || Test accuracy: 0.7458 || CPU time: 7.8295 || CPU utilization: 0.2440 || R#628's duration (s): 32.0941 || Cumulative runtime (s): 21843.6926 || Loading data delay (s): 6.9964 || Eval delay (s): 0.6107 || Agg delay (s): 0.0000 || Coordination delay (s): 0.0000 || DIST task delay: 0.0000 || RECV task delay: 0.0000 || Queueing delay: 0.0000 || MSG (from mid) Ave. delay: 0.0000 || Total cache delay: 0.0000 || Ave. cache delay: 0.0000
[R#628] CUMULATIVE_RUNTIME_SEC=21843.6926
Top Aggregator Timestamps: CACHE, CACHE_START_T: 0.0, CACHE_END_T: 0.0 || AGG, AGG_START_T: 0.0, AGG_END_T: 0.0 || EVAL, EVAL_START_T: 1765446462.213405, EVAL_END_T: 1765446462.8241537 || RECV, RECV_START_T: 0.0, RECV_END_T: 0.0 || DIST, DIST_START_T: 0.0, DIST_END_T: 0.0 || LOAD, LOAD_START_T: 1765446430.7329273, LOAD_END_T: 1765446437.7293155 || MSG_MTo, MSG_MTo_START_T: 0.0, MSG_MTo_END_T: 0.0
Loaded FEMNIST test split partition_id=2 with 404 samples
Wall-clock time: 1765446499.4492638 ||Test loss: 0.5340 || Test accuracy: 0.8317 || CPU time: 8.7046 || CPU utilization: 0.2377 || R#629's duration (s): 36.6251 || Cumulative runtime (s): 21880.3177 || Loading data delay (s): 6.4665 || Eval delay (s): 0.6771 || Agg delay (s): 0.0000 || Coordination delay (s): 0.0000 || DIST task delay: 0.0000 || RECV task delay: 0.0000 || Queueing delay: 0.0000 || MSG (from mid) Ave. delay: 0.0000 || Total cache delay: 0.0000 || Ave. cache delay: 0.0000
[R#629] CUMULATIVE_RUNTIME_SEC=21880.3177
Top Aggregator Timestamps: CACHE, CACHE_START_T: 0.0, CACHE_END_T: 0.0 || AGG, AGG_START_T: 0.0, AGG_END_T: 0.0 || EVAL, EVAL_START_T: 1765446498.7721345, EVAL_END_T: 1765446499.449237 || RECV, RECV_START_T: 0.0, RECV_END_T: 0.0 || DIST, DIST_START_T: 0.0, DIST_END_T: 0.0 || LOAD, LOAD_START_T: 1765446462.8269393, LOAD_END_T: 1765446469.2934237 || MSG_MTo, MSG_MTo_START_T: 0.0, MSG_MTo_END_T: 0.0
Loaded FEMNIST test split partition_id=66 with 428 samples
Wall-clock time: 1765446533.0307875 ||Test loss: 1.0121 || Test accuracy: 0.7173 || CPU time: 8.7934 || CPU utilization: 0.2619 || R#630's duration (s): 33.5815 || Cumulative runtime (s): 21913.8992 || Loading data delay (s): 6.7868 || Eval delay (s): 0.6814 || Agg delay (s): 0.0000 || Coordination delay (s): 0.0000 || DIST task delay: 0.0000 || RECV task delay: 0.0000 || Queueing delay: 0.0000 || MSG (from mid) Ave. delay: 0.0000 || Total cache delay: 0.0000 || Ave. cache delay: 0.0000
[R#630] CUMULATIVE_RUNTIME_SEC=21913.8992
Top Aggregator Timestamps: CACHE, CACHE_START_T: 0.0, CACHE_END_T: 0.0 || AGG, AGG_START_T: 0.0, AGG_END_T: 0.0 || EVAL, EVAL_START_T: 1765446532.349408, EVAL_END_T: 1765446533.0307665 || RECV, RECV_START_T: 0.0, RECV_END_T: 0.0 || DIST, DIST_START_T: 0.0, DIST_END_T: 0.0 || LOAD, LOAD_START_T: 1765446499.4523506, LOAD_END_T: 1765446506.2391667 || MSG_MTo, MSG_MTo_START_T: 0.0, MSG_MTo_END_T: 0.0
Loaded FEMNIST test split partition_id=32 with 278 samples
Wall-clock time: 1765446560.3857703 ||Test loss: 0.5569 || Test accuracy: 0.8345 || CPU time: 6.3359 || CPU utilization: 0.2316 || R#631's duration (s): 27.3550 || Cumulative runtime (s): 21941.2542 || Loading data delay (s): 6.5025 || Eval delay (s): 0.4833 || Agg delay (s): 0.0000 || Coordination delay (s): 0.0000 || DIST task delay: 0.0000 || RECV task delay: 0.0000 || Queueing delay: 0.0000 || MSG (from mid) Ave. delay: 0.0000 || Total cache delay: 0.0000 || Ave. cache delay: 0.0000
[R#631] CUMULATIVE_RUNTIME_SEC=21941.2542
Top Aggregator Timestamps: CACHE, CACHE_START_T: 0.0, CACHE_END_T: 0.0 || AGG, AGG_START_T: 0.0, AGG_END_T: 0.0 || EVAL, EVAL_START_T: 1765446559.902409, EVAL_END_T: 1765446560.385738 || RECV, RECV_START_T: 0.0, RECV_END_T: 0.0 || DIST, DIST_START_T: 0.0, DIST_END_T: 0.0 || LOAD, LOAD_START_T: 1765446533.0335417, LOAD_END_T: 1765446539.5360353 || MSG_MTo, MSG_MTo_START_T: 0.0, MSG_MTo_END_T: 0.0
Loaded FEMNIST test split partition_id=1 with 413 samples
Wall-clock time: 1765446588.5205429 ||Test loss: 0.3318 || Test accuracy: 0.8862 || CPU time: 8.5375 || CPU utilization: 0.3034 || R#632's duration (s): 28.1348 || Cumulative runtime (s): 21969.3890 || Loading data delay (s): 6.6895 || Eval delay (s): 0.6644 || Agg delay (s): 0.0000 || Coordination delay (s): 0.0000 || DIST task delay: 0.0000 || RECV task delay: 0.0000 || Queueing delay: 0.0000 || MSG (from mid) Ave. delay: 0.0000 || Total cache delay: 0.0000 || Ave. cache delay: 0.0000
[R#632] CUMULATIVE_RUNTIME_SEC=21969.3890
Top Aggregator Timestamps: CACHE, CACHE_START_T: 0.0, CACHE_END_T: 0.0 || AGG, AGG_START_T: 0.0, AGG_END_T: 0.0 || EVAL, EVAL_START_T: 1765446587.856078, EVAL_END_T: 1765446588.520515 || RECV, RECV_START_T: 0.0, RECV_END_T: 0.0 || DIST, DIST_START_T: 0.0, DIST_END_T: 0.0 || LOAD, LOAD_START_T: 1765446560.3885, LOAD_END_T: 1765446567.078027 || MSG_MTo, MSG_MTo_START_T: 0.0, MSG_MTo_END_T: 0.0
Loaded FEMNIST test split partition_id=14 with 378 samples
Wall-clock time: 1765446625.2435887 ||Test loss: 0.3006 || Test accuracy: 0.8730 || CPU time: 7.9775 || CPU utilization: 0.2172 || R#633's duration (s): 36.7230 || Cumulative runtime (s): 22006.1120 || Loading data delay (s): 6.8908 || Eval delay (s): 0.5887 || Agg delay (s): 0.0000 || Coordination delay (s): 0.0000 || DIST task delay: 0.0000 || RECV task delay: 0.0000 || Queueing delay: 0.0000 || MSG (from mid) Ave. delay: 0.0000 || Total cache delay: 0.0000 || Ave. cache delay: 0.0000
[R#633] CUMULATIVE_RUNTIME_SEC=22006.1120
Top Aggregator Timestamps: CACHE, CACHE_START_T: 0.0, CACHE_END_T: 0.0 || AGG, AGG_START_T: 0.0, AGG_END_T: 0.0 || EVAL, EVAL_START_T: 1765446624.654818, EVAL_END_T: 1765446625.243562 || RECV, RECV_START_T: 0.0, RECV_END_T: 0.0 || DIST, DIST_START_T: 0.0, DIST_END_T: 0.0 || LOAD, LOAD_START_T: 1765446588.5264723, LOAD_END_T: 1765446595.4173217 || MSG_MTo, MSG_MTo_START_T: 0.0, MSG_MTo_END_T: 0.0
Loaded FEMNIST test split partition_id=42 with 330 samples
Wall-clock time: 1765446660.0402648 ||Test loss: 0.8031 || Test accuracy: 0.8061 || CPU time: 7.4595 || CPU utilization: 0.2144 || R#634's duration (s): 34.7967 || Cumulative runtime (s): 22040.9087 || Loading data delay (s): 6.4667 || Eval delay (s): 0.5891 || Agg delay (s): 0.0000 || Coordination delay (s): 0.0000 || DIST task delay: 0.0000 || RECV task delay: 0.0000 || Queueing delay: 0.0000 || MSG (from mid) Ave. delay: 0.0000 || Total cache delay: 0.0000 || Ave. cache delay: 0.0000
[R#634] CUMULATIVE_RUNTIME_SEC=22040.9087
Top Aggregator Timestamps: CACHE, CACHE_START_T: 0.0, CACHE_END_T: 0.0 || AGG, AGG_START_T: 0.0, AGG_END_T: 0.0 || EVAL, EVAL_START_T: 1765446659.4511423, EVAL_END_T: 1765446660.040237 || RECV, RECV_START_T: 0.0, RECV_END_T: 0.0 || DIST, DIST_START_T: 0.0, DIST_END_T: 0.0 || LOAD, LOAD_START_T: 1765446625.2466116, LOAD_END_T: 1765446631.7133324 || MSG_MTo, MSG_MTo_START_T: 0.0, MSG_MTo_END_T: 0.0
Loaded FEMNIST test split partition_id=47 with 395 samples
Wall-clock time: 1765446707.0008883 ||Test loss: 0.4777 || Test accuracy: 0.8684 || CPU time: 8.3868 || CPU utilization: 0.1786 || R#635's duration (s): 46.9606 || Cumulative runtime (s): 22087.8693 || Loading data delay (s): 6.8805 || Eval delay (s): 0.6473 || Agg delay (s): 0.0000 || Coordination delay (s): 0.0000 || DIST task delay: 0.0000 || RECV task delay: 0.0000 || Queueing delay: 0.0000 || MSG (from mid) Ave. delay: 0.0000 || Total cache delay: 0.0000 || Ave. cache delay: 0.0000
[R#635] CUMULATIVE_RUNTIME_SEC=22087.8693
Top Aggregator Timestamps: CACHE, CACHE_START_T: 0.0, CACHE_END_T: 0.0 || AGG, AGG_START_T: 0.0, AGG_END_T: 0.0 || EVAL, EVAL_START_T: 1765446706.3535156, EVAL_END_T: 1765446707.000859 || RECV, RECV_START_T: 0.0, RECV_END_T: 0.0 || DIST, DIST_START_T: 0.0, DIST_END_T: 0.0 || LOAD, LOAD_START_T: 1765446660.0434685, LOAD_END_T: 1765446666.9239857 || MSG_MTo, MSG_MTo_START_T: 0.0, MSG_MTo_END_T: 0.0
Loaded FEMNIST test split partition_id=22 with 334 samples
Wall-clock time: 1765446733.0021636 ||Test loss: 1.1699 || Test accuracy: 0.7156 || CPU time: 7.0401 || CPU utilization: 0.2708 || R#636's duration (s): 26.0013 || Cumulative runtime (s): 22113.8706 || Loading data delay (s): 6.5357 || Eval delay (s): 0.5545 || Agg delay (s): 0.0000 || Coordination delay (s): 0.0000 || DIST task delay: 0.0000 || RECV task delay: 0.0000 || Queueing delay: 0.0000 || MSG (from mid) Ave. delay: 0.0000 || Total cache delay: 0.0000 || Ave. cache delay: 0.0000
[R#636] CUMULATIVE_RUNTIME_SEC=22113.8706
Top Aggregator Timestamps: CACHE, CACHE_START_T: 0.0, CACHE_END_T: 0.0 || AGG, AGG_START_T: 0.0, AGG_END_T: 0.0 || EVAL, EVAL_START_T: 1765446732.4476683, EVAL_END_T: 1765446733.0021386 || RECV, RECV_START_T: 0.0, RECV_END_T: 0.0 || DIST, DIST_START_T: 0.0, DIST_END_T: 0.0 || LOAD, LOAD_START_T: 1765446707.0037253, LOAD_END_T: 1765446713.539445 || MSG_MTo, MSG_MTo_START_T: 0.0, MSG_MTo_END_T: 0.0
Loaded FEMNIST test split partition_id=60 with 303 samples
Wall-clock time: 1765446772.5885718 ||Test loss: 0.4696 || Test accuracy: 0.8449 || CPU time: 6.5138 || CPU utilization: 0.1645 || R#637's duration (s): 39.5864 || Cumulative runtime (s): 22153.4570 || Loading data delay (s): 6.7529 || Eval delay (s): 0.5092 || Agg delay (s): 0.0000 || Coordination delay (s): 0.0000 || DIST task delay: 0.0000 || RECV task delay: 0.0000 || Queueing delay: 0.0000 || MSG (from mid) Ave. delay: 0.0000 || Total cache delay: 0.0000 || Ave. cache delay: 0.0000
[R#637] CUMULATIVE_RUNTIME_SEC=22153.4570
Top Aggregator Timestamps: CACHE, CACHE_START_T: 0.0, CACHE_END_T: 0.0 || AGG, AGG_START_T: 0.0, AGG_END_T: 0.0 || EVAL, EVAL_START_T: 1765446772.079337, EVAL_END_T: 1765446772.588545 || RECV, RECV_START_T: 0.0, RECV_END_T: 0.0 || DIST, DIST_START_T: 0.0, DIST_END_T: 0.0 || LOAD, LOAD_START_T: 1765446733.0053043, LOAD_END_T: 1765446739.7581675 || MSG_MTo, MSG_MTo_START_T: 0.0, MSG_MTo_END_T: 0.0
Loaded FEMNIST test split partition_id=26 with 363 samples
Wall-clock time: 1765446808.7475471 ||Test loss: 0.3581 || Test accuracy: 0.8926 || CPU time: 7.7189 || CPU utilization: 0.2135 || R#638's duration (s): 36.1590 || Cumulative runtime (s): 22189.6160 || Loading data delay (s): 7.2135 || Eval delay (s): 0.5845 || Agg delay (s): 0.0000 || Coordination delay (s): 0.0000 || DIST task delay: 0.0000 || RECV task delay: 0.0000 || Queueing delay: 0.0000 || MSG (from mid) Ave. delay: 0.0000 || Total cache delay: 0.0000 || Ave. cache delay: 0.0000
[R#638] CUMULATIVE_RUNTIME_SEC=22189.6160
Top Aggregator Timestamps: CACHE, CACHE_START_T: 0.0, CACHE_END_T: 0.0 || AGG, AGG_START_T: 0.0, AGG_END_T: 0.0 || EVAL, EVAL_START_T: 1765446808.1630125, EVAL_END_T: 1765446808.7475226 || RECV, RECV_START_T: 0.0, RECV_END_T: 0.0 || DIST, DIST_START_T: 0.0, DIST_END_T: 0.0 || LOAD, LOAD_START_T: 1765446772.5914516, LOAD_END_T: 1765446779.8049595 || MSG_MTo, MSG_MTo_START_T: 0.0, MSG_MTo_END_T: 0.0
Loaded FEMNIST test split partition_id=59 with 361 samples
Wall-clock time: 1765446840.9839177 ||Test loss: 0.7489 || Test accuracy: 0.7701 || CPU time: 7.7456 || CPU utilization: 0.2403 || R#639's duration (s): 32.2364 || Cumulative runtime (s): 22221.8524 || Loading data delay (s): 6.5866 || Eval delay (s): 0.6060 || Agg delay (s): 0.0000 || Coordination delay (s): 0.0000 || DIST task delay: 0.0000 || RECV task delay: 0.0000 || Queueing delay: 0.0000 || MSG (from mid) Ave. delay: 0.0000 || Total cache delay: 0.0000 || Ave. cache delay: 0.0000
[R#639] CUMULATIVE_RUNTIME_SEC=22221.8524
Top Aggregator Timestamps: CACHE, CACHE_START_T: 0.0, CACHE_END_T: 0.0 || AGG, AGG_START_T: 0.0, AGG_END_T: 0.0 || EVAL, EVAL_START_T: 1765446840.3779254, EVAL_END_T: 1765446840.9838939 || RECV, RECV_START_T: 0.0, RECV_END_T: 0.0 || DIST, DIST_START_T: 0.0, DIST_END_T: 0.0 || LOAD, LOAD_START_T: 1765446808.750487, LOAD_END_T: 1765446815.3370664 || MSG_MTo, MSG_MTo_START_T: 0.0, MSG_MTo_END_T: 0.0
Loaded FEMNIST test split partition_id=51 with 396 samples
Wall-clock time: 1765446877.1076334 ||Test loss: 0.4464 || Test accuracy: 0.8561 || CPU time: 8.3188 || CPU utilization: 0.2303 || R#640's duration (s): 36.1237 || Cumulative runtime (s): 22257.9761 || Loading data delay (s): 6.8206 || Eval delay (s): 0.6445 || Agg delay (s): 0.0000 || Coordination delay (s): 0.0000 || DIST task delay: 0.0000 || RECV task delay: 0.0000 || Queueing delay: 0.0000 || MSG (from mid) Ave. delay: 0.0000 || Total cache delay: 0.0000 || Ave. cache delay: 0.0000
[R#640] CUMULATIVE_RUNTIME_SEC=22257.9761
Top Aggregator Timestamps: CACHE, CACHE_START_T: 0.0, CACHE_END_T: 0.0 || AGG, AGG_START_T: 0.0, AGG_END_T: 0.0 || EVAL, EVAL_START_T: 1765446876.463145, EVAL_END_T: 1765446877.1076097 || RECV, RECV_START_T: 0.0, RECV_END_T: 0.0 || DIST, DIST_START_T: 0.0, DIST_END_T: 0.0 || LOAD, LOAD_START_T: 1765446840.986743, LOAD_END_T: 1765446847.8073716 || MSG_MTo, MSG_MTo_START_T: 0.0, MSG_MTo_END_T: 0.0
Loaded FEMNIST test split partition_id=34 with 376 samples
Wall-clock time: 1765446907.6382124 ||Test loss: 0.6331 || Test accuracy: 0.7819 || CPU time: 7.8863 || CPU utilization: 0.2583 || R#641's duration (s): 30.5306 || Cumulative runtime (s): 22288.5067 || Loading data delay (s): 6.5169 || Eval delay (s): 0.6139 || Agg delay (s): 0.0000 || Coordination delay (s): 0.0000 || DIST task delay: 0.0000 || RECV task delay: 0.0000 || Queueing delay: 0.0000 || MSG (from mid) Ave. delay: 0.0000 || Total cache delay: 0.0000 || Ave. cache delay: 0.0000
[R#641] CUMULATIVE_RUNTIME_SEC=22288.5067
Top Aggregator Timestamps: CACHE, CACHE_START_T: 0.0, CACHE_END_T: 0.0 || AGG, AGG_START_T: 0.0, AGG_END_T: 0.0 || EVAL, EVAL_START_T: 1765446907.0243232, EVAL_END_T: 1765446907.6381826 || RECV, RECV_START_T: 0.0, RECV_END_T: 0.0 || DIST, DIST_START_T: 0.0, DIST_END_T: 0.0 || LOAD, LOAD_START_T: 1765446877.1104577, LOAD_END_T: 1765446883.62733 || MSG_MTo, MSG_MTo_START_T: 0.0, MSG_MTo_END_T: 0.0
Loaded FEMNIST test split partition_id=64 with 355 samples
Wall-clock time: 1765446946.7094223 ||Test loss: 0.9708 || Test accuracy: 0.7352 || CPU time: 7.7998 || CPU utilization: 0.1996 || R#642's duration (s): 39.0712 || Cumulative runtime (s): 22327.5779 || Loading data delay (s): 6.7409 || Eval delay (s): 0.6038 || Agg delay (s): 0.0000 || Coordination delay (s): 0.0000 || DIST task delay: 0.0000 || RECV task delay: 0.0000 || Queueing delay: 0.0000 || MSG (from mid) Ave. delay: 0.0000 || Total cache delay: 0.0000 || Ave. cache delay: 0.0000
[R#642] CUMULATIVE_RUNTIME_SEC=22327.5779
Top Aggregator Timestamps: CACHE, CACHE_START_T: 0.0, CACHE_END_T: 0.0 || AGG, AGG_START_T: 0.0, AGG_END_T: 0.0 || EVAL, EVAL_START_T: 1765446946.1056135, EVAL_END_T: 1765446946.709398 || RECV, RECV_START_T: 0.0, RECV_END_T: 0.0 || DIST, DIST_START_T: 0.0, DIST_END_T: 0.0 || LOAD, LOAD_START_T: 1765446907.6410227, LOAD_END_T: 1765446914.381957 || MSG_MTo, MSG_MTo_START_T: 0.0, MSG_MTo_END_T: 0.0
Loaded FEMNIST test split partition_id=61 with 356 samples
Wall-clock time: 1765446974.171105 ||Test loss: 2.2415 || Test accuracy: 0.5056 || CPU time: 7.7118 || CPU utilization: 0.2808 || R#643's duration (s): 27.4617 || Cumulative runtime (s): 22355.0396 || Loading data delay (s): 7.0877 || Eval delay (s): 0.5997 || Agg delay (s): 0.0000 || Coordination delay (s): 0.0000 || DIST task delay: 0.0000 || RECV task delay: 0.0000 || Queueing delay: 0.0000 || MSG (from mid) Ave. delay: 0.0000 || Total cache delay: 0.0000 || Ave. cache delay: 0.0000
[R#643] CUMULATIVE_RUNTIME_SEC=22355.0396
Top Aggregator Timestamps: CACHE, CACHE_START_T: 0.0, CACHE_END_T: 0.0 || AGG, AGG_START_T: 0.0, AGG_END_T: 0.0 || EVAL, EVAL_START_T: 1765446973.5713575, EVAL_END_T: 1765446974.1710691 || RECV, RECV_START_T: 0.0, RECV_END_T: 0.0 || DIST, DIST_START_T: 0.0, DIST_END_T: 0.0 || LOAD, LOAD_START_T: 1765446946.7129264, LOAD_END_T: 1765446953.800643 || MSG_MTo, MSG_MTo_START_T: 0.0, MSG_MTo_END_T: 0.0
Loaded FEMNIST test split partition_id=29 with 247 samples
Wall-clock time: 1765447007.1054688 ||Test loss: 1.4114 || Test accuracy: 0.6640 || CPU time: 5.6034 || CPU utilization: 0.1701 || R#644's duration (s): 32.9344 || Cumulative runtime (s): 22387.9739 || Loading data delay (s): 6.5545 || Eval delay (s): 0.4337 || Agg delay (s): 0.0000 || Coordination delay (s): 0.0000 || DIST task delay: 0.0000 || RECV task delay: 0.0000 || Queueing delay: 0.0000 || MSG (from mid) Ave. delay: 0.0000 || Total cache delay: 0.0000 || Ave. cache delay: 0.0000
[R#644] CUMULATIVE_RUNTIME_SEC=22387.9739
Top Aggregator Timestamps: CACHE, CACHE_START_T: 0.0, CACHE_END_T: 0.0 || AGG, AGG_START_T: 0.0, AGG_END_T: 0.0 || EVAL, EVAL_START_T: 1765447006.6717393, EVAL_END_T: 1765447007.1054373 || RECV, RECV_START_T: 0.0, RECV_END_T: 0.0 || DIST, DIST_START_T: 0.0, DIST_END_T: 0.0 || LOAD, LOAD_START_T: 1765446974.1739423, LOAD_END_T: 1765446980.7284913 || MSG_MTo, MSG_MTo_START_T: 0.0, MSG_MTo_END_T: 0.0
Loaded FEMNIST test split partition_id=11 with 425 samples
Wall-clock time: 1765447041.7630901 ||Test loss: 0.8380 || Test accuracy: 0.7859 || CPU time: 9.0351 || CPU utilization: 0.2607 || R#645's duration (s): 34.6576 || Cumulative runtime (s): 22422.6315 || Loading data delay (s): 6.8629 || Eval delay (s): 0.7014 || Agg delay (s): 0.0000 || Coordination delay (s): 0.0000 || DIST task delay: 0.0000 || RECV task delay: 0.0000 || Queueing delay: 0.0000 || MSG (from mid) Ave. delay: 0.0000 || Total cache delay: 0.0000 || Ave. cache delay: 0.0000
[R#645] CUMULATIVE_RUNTIME_SEC=22422.6315
Top Aggregator Timestamps: CACHE, CACHE_START_T: 0.0, CACHE_END_T: 0.0 || AGG, AGG_START_T: 0.0, AGG_END_T: 0.0 || EVAL, EVAL_START_T: 1765447041.0616474, EVAL_END_T: 1765447041.7630584 || RECV, RECV_START_T: 0.0, RECV_END_T: 0.0 || DIST, DIST_START_T: 0.0, DIST_END_T: 0.0 || LOAD, LOAD_START_T: 1765447007.1082702, LOAD_END_T: 1765447013.971183 || MSG_MTo, MSG_MTo_START_T: 0.0, MSG_MTo_END_T: 0.0
Loaded FEMNIST test split partition_id=45 with 327 samples
Wall-clock time: 1765447073.7216294 ||Test loss: 1.3337 || Test accuracy: 0.6300 || CPU time: 6.7279 || CPU utilization: 0.2105 || R#646's duration (s): 31.9585 || Cumulative runtime (s): 22454.5901 || Loading data delay (s): 6.5921 || Eval delay (s): 0.5115 || Agg delay (s): 0.0000 || Coordination delay (s): 0.0000 || DIST task delay: 0.0000 || RECV task delay: 0.0000 || Queueing delay: 0.0000 || MSG (from mid) Ave. delay: 0.0000 || Total cache delay: 0.0000 || Ave. cache delay: 0.0000
[R#646] CUMULATIVE_RUNTIME_SEC=22454.5901
Top Aggregator Timestamps: CACHE, CACHE_START_T: 0.0, CACHE_END_T: 0.0 || AGG, AGG_START_T: 0.0, AGG_END_T: 0.0 || EVAL, EVAL_START_T: 1765447073.2100506, EVAL_END_T: 1765447073.7216 || RECV, RECV_START_T: 0.0, RECV_END_T: 0.0 || DIST, DIST_START_T: 0.0, DIST_END_T: 0.0 || LOAD, LOAD_START_T: 1765447041.7662382, LOAD_END_T: 1765447048.3583553 || MSG_MTo, MSG_MTo_START_T: 0.0, MSG_MTo_END_T: 0.0
Loaded FEMNIST test split partition_id=42 with 330 samples
Wall-clock time: 1765447109.3548443 ||Test loss: 1.2144 || Test accuracy: 0.7242 || CPU time: 7.1667 || CPU utilization: 0.2011 || R#647's duration (s): 35.6332 || Cumulative runtime (s): 22490.2233 || Loading data delay (s): 6.6980 || Eval delay (s): 0.5529 || Agg delay (s): 0.0000 || Coordination delay (s): 0.0000 || DIST task delay: 0.0000 || RECV task delay: 0.0000 || Queueing delay: 0.0000 || MSG (from mid) Ave. delay: 0.0000 || Total cache delay: 0.0000 || Ave. cache delay: 0.0000
[R#647] CUMULATIVE_RUNTIME_SEC=22490.2233
Top Aggregator Timestamps: CACHE, CACHE_START_T: 0.0, CACHE_END_T: 0.0 || AGG, AGG_START_T: 0.0, AGG_END_T: 0.0 || EVAL, EVAL_START_T: 1765447108.8019197, EVAL_END_T: 1765447109.3548145 || RECV, RECV_START_T: 0.0, RECV_END_T: 0.0 || DIST, DIST_START_T: 0.0, DIST_END_T: 0.0 || LOAD, LOAD_START_T: 1765447073.724495, LOAD_END_T: 1765447080.4225311 || MSG_MTo, MSG_MTo_START_T: 0.0, MSG_MTo_END_T: 0.0
Loaded FEMNIST test split partition_id=6 with 380 samples
Wall-clock time: 1765447155.5293748 ||Test loss: 0.4888 || Test accuracy: 0.8500 || CPU time: 8.3778 || CPU utilization: 0.1814 || R#648's duration (s): 46.1745 || Cumulative runtime (s): 22536.3978 || Loading data delay (s): 7.0719 || Eval delay (s): 0.6541 || Agg delay (s): 0.0000 || Coordination delay (s): 0.0000 || DIST task delay: 0.0000 || RECV task delay: 0.0000 || Queueing delay: 0.0000 || MSG (from mid) Ave. delay: 0.0000 || Total cache delay: 0.0000 || Ave. cache delay: 0.0000
[R#648] CUMULATIVE_RUNTIME_SEC=22536.3978
Top Aggregator Timestamps: CACHE, CACHE_START_T: 0.0, CACHE_END_T: 0.0 || AGG, AGG_START_T: 0.0, AGG_END_T: 0.0 || EVAL, EVAL_START_T: 1765447154.8752115, EVAL_END_T: 1765447155.5293446 || RECV, RECV_START_T: 0.0, RECV_END_T: 0.0 || DIST, DIST_START_T: 0.0, DIST_END_T: 0.0 || LOAD, LOAD_START_T: 1765447109.3576403, LOAD_END_T: 1765447116.4295564 || MSG_MTo, MSG_MTo_START_T: 0.0, MSG_MTo_END_T: 0.0
Loaded FEMNIST test split partition_id=22 with 334 samples
Wall-clock time: 1765447193.6827366 ||Test loss: 1.0742 || Test accuracy: 0.6856 || CPU time: 7.1726 || CPU utilization: 0.1880 || R#649's duration (s): 38.1534 || Cumulative runtime (s): 22574.5512 || Loading data delay (s): 6.5787 || Eval delay (s): 0.5636 || Agg delay (s): 0.0000 || Coordination delay (s): 0.0000 || DIST task delay: 0.0000 || RECV task delay: 0.0000 || Queueing delay: 0.0000 || MSG (from mid) Ave. delay: 0.0000 || Total cache delay: 0.0000 || Ave. cache delay: 0.0000
[R#649] CUMULATIVE_RUNTIME_SEC=22574.5512
Top Aggregator Timestamps: CACHE, CACHE_START_T: 0.0, CACHE_END_T: 0.0 || AGG, AGG_START_T: 0.0, AGG_END_T: 0.0 || EVAL, EVAL_START_T: 1765447193.119122, EVAL_END_T: 1765447193.682713 || RECV, RECV_START_T: 0.0, RECV_END_T: 0.0 || DIST, DIST_START_T: 0.0, DIST_END_T: 0.0 || LOAD, LOAD_START_T: 1765447155.53267, LOAD_END_T: 1765447162.1114185 || MSG_MTo, MSG_MTo_START_T: 0.0, MSG_MTo_END_T: 0.0
Loaded FEMNIST test split partition_id=8 with 418 samples
Wall-clock time: 1765447230.6837502 ||Test loss: 0.2186 || Test accuracy: 0.9258 || CPU time: 9.3865 || CPU utilization: 0.2537 || R#650's duration (s): 37.0010 || Cumulative runtime (s): 22611.5522 || Loading data delay (s): 6.7954 || Eval delay (s): 0.7209 || Agg delay (s): 0.0000 || Coordination delay (s): 0.0000 || DIST task delay: 0.0000 || RECV task delay: 0.0000 || Queueing delay: 0.0000 || MSG (from mid) Ave. delay: 0.0000 || Total cache delay: 0.0000 || Ave. cache delay: 0.0000
[R#650] CUMULATIVE_RUNTIME_SEC=22611.5522
Top Aggregator Timestamps: CACHE, CACHE_START_T: 0.0, CACHE_END_T: 0.0 || AGG, AGG_START_T: 0.0, AGG_END_T: 0.0 || EVAL, EVAL_START_T: 1765447229.962829, EVAL_END_T: 1765447230.6837044 || RECV, RECV_START_T: 0.0, RECV_END_T: 0.0 || DIST, DIST_START_T: 0.0, DIST_END_T: 0.0 || LOAD, LOAD_START_T: 1765447193.6856027, LOAD_END_T: 1765447200.4810328 || MSG_MTo, MSG_MTo_START_T: 0.0, MSG_MTo_END_T: 0.0
Loaded FEMNIST test split partition_id=24 with 374 samples
Wall-clock time: 1765447269.561749 ||Test loss: 0.4716 || Test accuracy: 0.8663 || CPU time: 8.2370 || CPU utilization: 0.2119 || R#651's duration (s): 38.8780 || Cumulative runtime (s): 22650.4302 || Loading data delay (s): 6.5917 || Eval delay (s): 0.6403 || Agg delay (s): 0.0000 || Coordination delay (s): 0.0000 || DIST task delay: 0.0000 || RECV task delay: 0.0000 || Queueing delay: 0.0000 || MSG (from mid) Ave. delay: 0.0000 || Total cache delay: 0.0000 || Ave. cache delay: 0.0000
[R#651] CUMULATIVE_RUNTIME_SEC=22650.4302
Top Aggregator Timestamps: CACHE, CACHE_START_T: 0.0, CACHE_END_T: 0.0 || AGG, AGG_START_T: 0.0, AGG_END_T: 0.0 || EVAL, EVAL_START_T: 1765447268.921393, EVAL_END_T: 1765447269.5617223 || RECV, RECV_START_T: 0.0, RECV_END_T: 0.0 || DIST, DIST_START_T: 0.0, DIST_END_T: 0.0 || LOAD, LOAD_START_T: 1765447230.687204, LOAD_END_T: 1765447237.278925 || MSG_MTo, MSG_MTo_START_T: 0.0, MSG_MTo_END_T: 0.0
Loaded FEMNIST test split partition_id=10 with 436 samples
Wall-clock time: 1765447302.332825 ||Test loss: 0.5411 || Test accuracy: 0.7890 || CPU time: 9.0415 || CPU utilization: 0.2759 || R#652's duration (s): 32.7711 || Cumulative runtime (s): 22683.2013 || Loading data delay (s): 6.7213 || Eval delay (s): 0.7092 || Agg delay (s): 0.0000 || Coordination delay (s): 0.0000 || DIST task delay: 0.0000 || RECV task delay: 0.0000 || Queueing delay: 0.0000 || MSG (from mid) Ave. delay: 0.0000 || Total cache delay: 0.0000 || Ave. cache delay: 0.0000
[R#652] CUMULATIVE_RUNTIME_SEC=22683.2013
Top Aggregator Timestamps: CACHE, CACHE_START_T: 0.0, CACHE_END_T: 0.0 || AGG, AGG_START_T: 0.0, AGG_END_T: 0.0 || EVAL, EVAL_START_T: 1765447301.623566, EVAL_END_T: 1765447302.332795 || RECV, RECV_START_T: 0.0, RECV_END_T: 0.0 || DIST, DIST_START_T: 0.0, DIST_END_T: 0.0 || LOAD, LOAD_START_T: 1765447269.5645437, LOAD_END_T: 1765447276.2858937 || MSG_MTo, MSG_MTo_START_T: 0.0, MSG_MTo_END_T: 0.0
Loaded FEMNIST test split partition_id=41 with 358 samples
Wall-clock time: 1765447333.0342326 ||Test loss: 0.7332 || Test accuracy: 0.7849 || CPU time: 7.9674 || CPU utilization: 0.2595 || R#653's duration (s): 30.7014 || Cumulative runtime (s): 22713.9027 || Loading data delay (s): 7.0883 || Eval delay (s): 0.6181 || Agg delay (s): 0.0000 || Coordination delay (s): 0.0000 || DIST task delay: 0.0000 || RECV task delay: 0.0000 || Queueing delay: 0.0000 || MSG (from mid) Ave. delay: 0.0000 || Total cache delay: 0.0000 || Ave. cache delay: 0.0000
[R#653] CUMULATIVE_RUNTIME_SEC=22713.9027
Top Aggregator Timestamps: CACHE, CACHE_START_T: 0.0, CACHE_END_T: 0.0 || AGG, AGG_START_T: 0.0, AGG_END_T: 0.0 || EVAL, EVAL_START_T: 1765447332.4160562, EVAL_END_T: 1765447333.0341935 || RECV, RECV_START_T: 0.0, RECV_END_T: 0.0 || DIST, DIST_START_T: 0.0, DIST_END_T: 0.0 || LOAD, LOAD_START_T: 1765447302.3356547, LOAD_END_T: 1765447309.42396 || MSG_MTo, MSG_MTo_START_T: 0.0, MSG_MTo_END_T: 0.0
Loaded FEMNIST test split partition_id=45 with 327 samples
Wall-clock time: 1765447367.6078548 ||Test loss: 1.2838 || Test accuracy: 0.6483 || CPU time: 7.6365 || CPU utilization: 0.2209 || R#654's duration (s): 34.5736 || Cumulative runtime (s): 22748.4763 || Loading data delay (s): 6.5325 || Eval delay (s): 0.5896 || Agg delay (s): 0.0000 || Coordination delay (s): 0.0000 || DIST task delay: 0.0000 || RECV task delay: 0.0000 || Queueing delay: 0.0000 || MSG (from mid) Ave. delay: 0.0000 || Total cache delay: 0.0000 || Ave. cache delay: 0.0000
[R#654] CUMULATIVE_RUNTIME_SEC=22748.4763
Top Aggregator Timestamps: CACHE, CACHE_START_T: 0.0, CACHE_END_T: 0.0 || AGG, AGG_START_T: 0.0, AGG_END_T: 0.0 || EVAL, EVAL_START_T: 1765447367.0182562, EVAL_END_T: 1765447367.6078243 || RECV, RECV_START_T: 0.0, RECV_END_T: 0.0 || DIST, DIST_START_T: 0.0, DIST_END_T: 0.0 || LOAD, LOAD_START_T: 1765447333.0372546, LOAD_END_T: 1765447339.5697644 || MSG_MTo, MSG_MTo_START_T: 0.0, MSG_MTo_END_T: 0.0
Loaded FEMNIST test split partition_id=9 with 377 samples
Wall-clock time: 1765447397.595417 ||Test loss: 1.8836 || Test accuracy: 0.5623 || CPU time: 7.7174 || CPU utilization: 0.2574 || R#655's duration (s): 29.9876 || Cumulative runtime (s): 22778.4639 || Loading data delay (s): 6.8022 || Eval delay (s): 0.5847 || Agg delay (s): 0.0000 || Coordination delay (s): 0.0000 || DIST task delay: 0.0000 || RECV task delay: 0.0000 || Queueing delay: 0.0000 || MSG (from mid) Ave. delay: 0.0000 || Total cache delay: 0.0000 || Ave. cache delay: 0.0000
[R#655] CUMULATIVE_RUNTIME_SEC=22778.4639
Top Aggregator Timestamps: CACHE, CACHE_START_T: 0.0, CACHE_END_T: 0.0 || AGG, AGG_START_T: 0.0, AGG_END_T: 0.0 || EVAL, EVAL_START_T: 1765447397.0106876, EVAL_END_T: 1765447397.5953875 || RECV, RECV_START_T: 0.0, RECV_END_T: 0.0 || DIST, DIST_START_T: 0.0, DIST_END_T: 0.0 || LOAD, LOAD_START_T: 1765447367.610858, LOAD_END_T: 1765447374.41306 || MSG_MTo, MSG_MTo_START_T: 0.0, MSG_MTo_END_T: 0.0
Loaded FEMNIST test split partition_id=57 with 388 samples
Wall-clock time: 1765447431.044775 ||Test loss: 0.4434 || Test accuracy: 0.8840 || CPU time: 8.2320 || CPU utilization: 0.2461 || R#656's duration (s): 33.4494 || Cumulative runtime (s): 22811.9132 || Loading data delay (s): 6.5004 || Eval delay (s): 0.6312 || Agg delay (s): 0.0000 || Coordination delay (s): 0.0000 || DIST task delay: 0.0000 || RECV task delay: 0.0000 || Queueing delay: 0.0000 || MSG (from mid) Ave. delay: 0.0000 || Total cache delay: 0.0000 || Ave. cache delay: 0.0000
[R#656] CUMULATIVE_RUNTIME_SEC=22811.9132
Top Aggregator Timestamps: CACHE, CACHE_START_T: 0.0, CACHE_END_T: 0.0 || AGG, AGG_START_T: 0.0, AGG_END_T: 0.0 || EVAL, EVAL_START_T: 1765447430.4135313, EVAL_END_T: 1765447431.0447495 || RECV, RECV_START_T: 0.0, RECV_END_T: 0.0 || DIST, DIST_START_T: 0.0, DIST_END_T: 0.0 || LOAD, LOAD_START_T: 1765447397.5983188, LOAD_END_T: 1765447404.098736 || MSG_MTo, MSG_MTo_START_T: 0.0, MSG_MTo_END_T: 0.0
Loaded FEMNIST test split partition_id=65 with 379 samples
Wall-clock time: 1765447461.5450873 ||Test loss: 0.8776 || Test accuracy: 0.7335 || CPU time: 7.7335 || CPU utilization: 0.2536 || R#657's duration (s): 30.5003 || Cumulative runtime (s): 22842.4135 || Loading data delay (s): 6.7511 || Eval delay (s): 0.5999 || Agg delay (s): 0.0000 || Coordination delay (s): 0.0000 || DIST task delay: 0.0000 || RECV task delay: 0.0000 || Queueing delay: 0.0000 || MSG (from mid) Ave. delay: 0.0000 || Total cache delay: 0.0000 || Ave. cache delay: 0.0000
[R#657] CUMULATIVE_RUNTIME_SEC=22842.4135
Top Aggregator Timestamps: CACHE, CACHE_START_T: 0.0, CACHE_END_T: 0.0 || AGG, AGG_START_T: 0.0, AGG_END_T: 0.0 || EVAL, EVAL_START_T: 1765447460.9451435, EVAL_END_T: 1765447461.5450637 || RECV, RECV_START_T: 0.0, RECV_END_T: 0.0 || DIST, DIST_START_T: 0.0, DIST_END_T: 0.0 || LOAD, LOAD_START_T: 1765447431.0478194, LOAD_END_T: 1765447437.798931 || MSG_MTo, MSG_MTo_START_T: 0.0, MSG_MTo_END_T: 0.0
Loaded FEMNIST test split partition_id=54 with 428 samples
Wall-clock time: 1765447496.078298 ||Test loss: 0.2037 || Test accuracy: 0.9346 || CPU time: 9.1536 || CPU utilization: 0.2651 || R#658's duration (s): 34.5332 || Cumulative runtime (s): 22876.9467 || Loading data delay (s): 7.0336 || Eval delay (s): 0.7102 || Agg delay (s): 0.0000 || Coordination delay (s): 0.0000 || DIST task delay: 0.0000 || RECV task delay: 0.0000 || Queueing delay: 0.0000 || MSG (from mid) Ave. delay: 0.0000 || Total cache delay: 0.0000 || Ave. cache delay: 0.0000
[R#658] CUMULATIVE_RUNTIME_SEC=22876.9467
Top Aggregator Timestamps: CACHE, CACHE_START_T: 0.0, CACHE_END_T: 0.0 || AGG, AGG_START_T: 0.0, AGG_END_T: 0.0 || EVAL, EVAL_START_T: 1765447495.368049, EVAL_END_T: 1765447496.0782566 || RECV, RECV_START_T: 0.0, RECV_END_T: 0.0 || DIST, DIST_START_T: 0.0, DIST_END_T: 0.0 || LOAD, LOAD_START_T: 1765447461.5479865, LOAD_END_T: 1765447468.5816274 || MSG_MTo, MSG_MTo_START_T: 0.0, MSG_MTo_END_T: 0.0
Loaded FEMNIST test split partition_id=65 with 379 samples
Wall-clock time: 1765447542.4800563 ||Test loss: 0.2562 || Test accuracy: 0.9208 || CPU time: 7.8638 || CPU utilization: 0.1695 || R#659's duration (s): 46.4018 || Cumulative runtime (s): 22923.3485 || Loading data delay (s): 6.4275 || Eval delay (s): 0.6104 || Agg delay (s): 0.0000 || Coordination delay (s): 0.0000 || DIST task delay: 0.0000 || RECV task delay: 0.0000 || Queueing delay: 0.0000 || MSG (from mid) Ave. delay: 0.0000 || Total cache delay: 0.0000 || Ave. cache delay: 0.0000
[R#659] CUMULATIVE_RUNTIME_SEC=22923.3485
Top Aggregator Timestamps: CACHE, CACHE_START_T: 0.0, CACHE_END_T: 0.0 || AGG, AGG_START_T: 0.0, AGG_END_T: 0.0 || EVAL, EVAL_START_T: 1765447541.8696353, EVAL_END_T: 1765447542.4800305 || RECV, RECV_START_T: 0.0, RECV_END_T: 0.0 || DIST, DIST_START_T: 0.0, DIST_END_T: 0.0 || LOAD, LOAD_START_T: 1765447496.0812995, LOAD_END_T: 1765447502.5087793 || MSG_MTo, MSG_MTo_START_T: 0.0, MSG_MTo_END_T: 0.0
Loaded FEMNIST test split partition_id=27 with 446 samples
Wall-clock time: 1765447573.6011643 ||Test loss: 0.5591 || Test accuracy: 0.8408 || CPU time: 9.4076 || CPU utilization: 0.3023 || R#660's duration (s): 31.1211 || Cumulative runtime (s): 22954.4696 || Loading data delay (s): 6.8209 || Eval delay (s): 0.7289 || Agg delay (s): 0.0000 || Coordination delay (s): 0.0000 || DIST task delay: 0.0000 || RECV task delay: 0.0000 || Queueing delay: 0.0000 || MSG (from mid) Ave. delay: 0.0000 || Total cache delay: 0.0000 || Ave. cache delay: 0.0000
[R#660] CUMULATIVE_RUNTIME_SEC=22954.4696
Top Aggregator Timestamps: CACHE, CACHE_START_T: 0.0, CACHE_END_T: 0.0 || AGG, AGG_START_T: 0.0, AGG_END_T: 0.0 || EVAL, EVAL_START_T: 1765447572.8722572, EVAL_END_T: 1765447573.6011312 || RECV, RECV_START_T: 0.0, RECV_END_T: 0.0 || DIST, DIST_START_T: 0.0, DIST_END_T: 0.0 || LOAD, LOAD_START_T: 1765447542.4831007, LOAD_END_T: 1765447549.3040462 || MSG_MTo, MSG_MTo_START_T: 0.0, MSG_MTo_END_T: 0.0
Loaded FEMNIST test split partition_id=24 with 374 samples
Wall-clock time: 1765447608.5844574 ||Test loss: 0.9590 || Test accuracy: 0.7166 || CPU time: 7.5518 || CPU utilization: 0.2159 || R#661's duration (s): 34.9833 || Cumulative runtime (s): 22989.4529 || Loading data delay (s): 6.4714 || Eval delay (s): 0.5724 || Agg delay (s): 0.0000 || Coordination delay (s): 0.0000 || DIST task delay: 0.0000 || RECV task delay: 0.0000 || Queueing delay: 0.0000 || MSG (from mid) Ave. delay: 0.0000 || Total cache delay: 0.0000 || Ave. cache delay: 0.0000
[R#661] CUMULATIVE_RUNTIME_SEC=22989.4529
Top Aggregator Timestamps: CACHE, CACHE_START_T: 0.0, CACHE_END_T: 0.0 || AGG, AGG_START_T: 0.0, AGG_END_T: 0.0 || EVAL, EVAL_START_T: 1765447608.0120292, EVAL_END_T: 1765447608.5844219 || RECV, RECV_START_T: 0.0, RECV_END_T: 0.0 || DIST, DIST_START_T: 0.0, DIST_END_T: 0.0 || LOAD, LOAD_START_T: 1765447573.60402, LOAD_END_T: 1765447580.0754209 || MSG_MTo, MSG_MTo_START_T: 0.0, MSG_MTo_END_T: 0.0
Loaded FEMNIST test split partition_id=12 with 308 samples
Wall-clock time: 1765447643.3468704 ||Test loss: 0.6481 || Test accuracy: 0.8247 || CPU time: 6.7723 || CPU utilization: 0.1948 || R#662's duration (s): 34.7624 || Cumulative runtime (s): 23024.2153 || Loading data delay (s): 6.7200 || Eval delay (s): 0.5303 || Agg delay (s): 0.0000 || Coordination delay (s): 0.0000 || DIST task delay: 0.0000 || RECV task delay: 0.0000 || Queueing delay: 0.0000 || MSG (from mid) Ave. delay: 0.0000 || Total cache delay: 0.0000 || Ave. cache delay: 0.0000
[R#662] CUMULATIVE_RUNTIME_SEC=23024.2153
Top Aggregator Timestamps: CACHE, CACHE_START_T: 0.0, CACHE_END_T: 0.0 || AGG, AGG_START_T: 0.0, AGG_END_T: 0.0 || EVAL, EVAL_START_T: 1765447642.8165243, EVAL_END_T: 1765447643.3468378 || RECV, RECV_START_T: 0.0, RECV_END_T: 0.0 || DIST, DIST_START_T: 0.0, DIST_END_T: 0.0 || LOAD, LOAD_START_T: 1765447608.5872033, LOAD_END_T: 1765447615.307178 || MSG_MTo, MSG_MTo_START_T: 0.0, MSG_MTo_END_T: 0.0
Loaded FEMNIST test split partition_id=41 with 358 samples
Wall-clock time: 1765447671.5693004 ||Test loss: 0.6375 || Test accuracy: 0.8352 || CPU time: 7.0831 || CPU utilization: 0.2510 || R#663's duration (s): 28.2224 || Cumulative runtime (s): 23052.4377 || Loading data delay (s): 7.1184 || Eval delay (s): 0.5373 || Agg delay (s): 0.0000 || Coordination delay (s): 0.0000 || DIST task delay: 0.0000 || RECV task delay: 0.0000 || Queueing delay: 0.0000 || MSG (from mid) Ave. delay: 0.0000 || Total cache delay: 0.0000 || Ave. cache delay: 0.0000
[R#663] CUMULATIVE_RUNTIME_SEC=23052.4377
Top Aggregator Timestamps: CACHE, CACHE_START_T: 0.0, CACHE_END_T: 0.0 || AGG, AGG_START_T: 0.0, AGG_END_T: 0.0 || EVAL, EVAL_START_T: 1765447671.031978, EVAL_END_T: 1765447671.569273 || RECV, RECV_START_T: 0.0, RECV_END_T: 0.0 || DIST, DIST_START_T: 0.0, DIST_END_T: 0.0 || LOAD, LOAD_START_T: 1765447643.3499248, LOAD_END_T: 1765447650.4682863 || MSG_MTo, MSG_MTo_START_T: 0.0, MSG_MTo_END_T: 0.0
Loaded FEMNIST test split partition_id=66 with 428 samples
Wall-clock time: 1765447703.9112887 ||Test loss: 1.0309 || Test accuracy: 0.6939 || CPU time: 8.9501 || CPU utilization: 0.2767 || R#664's duration (s): 32.3420 || Cumulative runtime (s): 23084.7797 || Loading data delay (s): 6.5738 || Eval delay (s): 0.6857 || Agg delay (s): 0.0000 || Coordination delay (s): 0.0000 || DIST task delay: 0.0000 || RECV task delay: 0.0000 || Queueing delay: 0.0000 || MSG (from mid) Ave. delay: 0.0000 || Total cache delay: 0.0000 || Ave. cache delay: 0.0000
[R#664] CUMULATIVE_RUNTIME_SEC=23084.7797
Top Aggregator Timestamps: CACHE, CACHE_START_T: 0.0, CACHE_END_T: 0.0 || AGG, AGG_START_T: 0.0, AGG_END_T: 0.0 || EVAL, EVAL_START_T: 1765447703.2255921, EVAL_END_T: 1765447703.9112592 || RECV, RECV_START_T: 0.0, RECV_END_T: 0.0 || DIST, DIST_START_T: 0.0, DIST_END_T: 0.0 || LOAD, LOAD_START_T: 1765447671.5720463, LOAD_END_T: 1765447678.1458206 || MSG_MTo, MSG_MTo_START_T: 0.0, MSG_MTo_END_T: 0.0
Loaded FEMNIST test split partition_id=50 with 313 samples
Wall-clock time: 1765447751.369537 ||Test loss: 0.4148 || Test accuracy: 0.8914 || CPU time: 7.1421 || CPU utilization: 0.1505 || R#665's duration (s): 47.4582 || Cumulative runtime (s): 23132.2380 || Loading data delay (s): 6.6891 || Eval delay (s): 0.5559 || Agg delay (s): 0.0000 || Coordination delay (s): 0.0000 || DIST task delay: 0.0000 || RECV task delay: 0.0000 || Queueing delay: 0.0000 || MSG (from mid) Ave. delay: 0.0000 || Total cache delay: 0.0000 || Ave. cache delay: 0.0000
[R#665] CUMULATIVE_RUNTIME_SEC=23132.2380
Top Aggregator Timestamps: CACHE, CACHE_START_T: 0.0, CACHE_END_T: 0.0 || AGG, AGG_START_T: 0.0, AGG_END_T: 0.0 || EVAL, EVAL_START_T: 1765447750.8136256, EVAL_END_T: 1765447751.3694973 || RECV, RECV_START_T: 0.0, RECV_END_T: 0.0 || DIST, DIST_START_T: 0.0, DIST_END_T: 0.0 || LOAD, LOAD_START_T: 1765447703.9140112, LOAD_END_T: 1765447710.6031134 || MSG_MTo, MSG_MTo_START_T: 0.0, MSG_MTo_END_T: 0.0
Loaded FEMNIST test split partition_id=1 with 413 samples
Wall-clock time: 1765447783.659428 ||Test loss: 0.5983 || Test accuracy: 0.8160 || CPU time: 8.4966 || CPU utilization: 0.2631 || R#666's duration (s): 32.2899 || Cumulative runtime (s): 23164.5279 || Loading data delay (s): 6.4858 || Eval delay (s): 0.6585 || Agg delay (s): 0.0000 || Coordination delay (s): 0.0000 || DIST task delay: 0.0000 || RECV task delay: 0.0000 || Queueing delay: 0.0000 || MSG (from mid) Ave. delay: 0.0000 || Total cache delay: 0.0000 || Ave. cache delay: 0.0000
[R#666] CUMULATIVE_RUNTIME_SEC=23164.5279
Top Aggregator Timestamps: CACHE, CACHE_START_T: 0.0, CACHE_END_T: 0.0 || AGG, AGG_START_T: 0.0, AGG_END_T: 0.0 || EVAL, EVAL_START_T: 1765447783.000858, EVAL_END_T: 1765447783.6594014 || RECV, RECV_START_T: 0.0, RECV_END_T: 0.0 || DIST, DIST_START_T: 0.0, DIST_END_T: 0.0 || LOAD, LOAD_START_T: 1765447751.3728082, LOAD_END_T: 1765447757.8585737 || MSG_MTo, MSG_MTo_START_T: 0.0, MSG_MTo_END_T: 0.0
Loaded FEMNIST test split partition_id=43 with 330 samples
Wall-clock time: 1765447820.6550956 ||Test loss: 0.3471 || Test accuracy: 0.9152 || CPU time: 6.9940 || CPU utilization: 0.1890 || R#667's duration (s): 36.9957 || Cumulative runtime (s): 23201.5235 || Loading data delay (s): 6.6328 || Eval delay (s): 0.5428 || Agg delay (s): 0.0000 || Coordination delay (s): 0.0000 || DIST task delay: 0.0000 || RECV task delay: 0.0000 || Queueing delay: 0.0000 || MSG (from mid) Ave. delay: 0.0000 || Total cache delay: 0.0000 || Ave. cache delay: 0.0000
[R#667] CUMULATIVE_RUNTIME_SEC=23201.5235
Top Aggregator Timestamps: CACHE, CACHE_START_T: 0.0, CACHE_END_T: 0.0 || AGG, AGG_START_T: 0.0, AGG_END_T: 0.0 || EVAL, EVAL_START_T: 1765447820.1122875, EVAL_END_T: 1765447820.6550663 || RECV, RECV_START_T: 0.0, RECV_END_T: 0.0 || DIST, DIST_START_T: 0.0, DIST_END_T: 0.0 || LOAD, LOAD_START_T: 1765447783.6621802, LOAD_END_T: 1765447790.2949402 || MSG_MTo, MSG_MTo_START_T: 0.0, MSG_MTo_END_T: 0.0
Loaded FEMNIST test split partition_id=40 with 375 samples
Wall-clock time: 1765447853.140232 ||Test loss: 0.7177 || Test accuracy: 0.7840 || CPU time: 8.0517 || CPU utilization: 0.2479 || R#668's duration (s): 32.4851 || Cumulative runtime (s): 23234.0087 || Loading data delay (s): 7.0382 || Eval delay (s): 0.6183 || Agg delay (s): 0.0000 || Coordination delay (s): 0.0000 || DIST task delay: 0.0000 || RECV task delay: 0.0000 || Queueing delay: 0.0000 || MSG (from mid) Ave. delay: 0.0000 || Total cache delay: 0.0000 || Ave. cache delay: 0.0000
[R#668] CUMULATIVE_RUNTIME_SEC=23234.0087
Top Aggregator Timestamps: CACHE, CACHE_START_T: 0.0, CACHE_END_T: 0.0 || AGG, AGG_START_T: 0.0, AGG_END_T: 0.0 || EVAL, EVAL_START_T: 1765447852.521944, EVAL_END_T: 1765447853.140202 || RECV, RECV_START_T: 0.0, RECV_END_T: 0.0 || DIST, DIST_START_T: 0.0, DIST_END_T: 0.0 || LOAD, LOAD_START_T: 1765447820.657775, LOAD_END_T: 1765447827.6959908 || MSG_MTo, MSG_MTo_START_T: 0.0, MSG_MTo_END_T: 0.0
Loaded FEMNIST test split partition_id=63 with 413 samples
Wall-clock time: 1765447880.6423833 ||Test loss: 0.7917 || Test accuracy: 0.7433 || CPU time: 8.4454 || CPU utilization: 0.3071 || R#669's duration (s): 27.5022 || Cumulative runtime (s): 23261.5108 || Loading data delay (s): 6.4746 || Eval delay (s): 0.6584 || Agg delay (s): 0.0000 || Coordination delay (s): 0.0000 || DIST task delay: 0.0000 || RECV task delay: 0.0000 || Queueing delay: 0.0000 || MSG (from mid) Ave. delay: 0.0000 || Total cache delay: 0.0000 || Ave. cache delay: 0.0000
[R#669] CUMULATIVE_RUNTIME_SEC=23261.5108
Top Aggregator Timestamps: CACHE, CACHE_START_T: 0.0, CACHE_END_T: 0.0 || AGG, AGG_START_T: 0.0, AGG_END_T: 0.0 || EVAL, EVAL_START_T: 1765447879.9839606, EVAL_END_T: 1765447880.6423573 || RECV, RECV_START_T: 0.0, RECV_END_T: 0.0 || DIST, DIST_START_T: 0.0, DIST_END_T: 0.0 || LOAD, LOAD_START_T: 1765447853.1435099, LOAD_END_T: 1765447859.618069 || MSG_MTo, MSG_MTo_START_T: 0.0, MSG_MTo_END_T: 0.0
Loaded FEMNIST test split partition_id=39 with 373 samples
Wall-clock time: 1765447916.8503647 ||Test loss: 0.6637 || Test accuracy: 0.7748 || CPU time: 8.1529 || CPU utilization: 0.2252 || R#670's duration (s): 36.2080 || Cumulative runtime (s): 23297.7188 || Loading data delay (s): 6.7723 || Eval delay (s): 0.6253 || Agg delay (s): 0.0000 || Coordination delay (s): 0.0000 || DIST task delay: 0.0000 || RECV task delay: 0.0000 || Queueing delay: 0.0000 || MSG (from mid) Ave. delay: 0.0000 || Total cache delay: 0.0000 || Ave. cache delay: 0.0000
[R#670] CUMULATIVE_RUNTIME_SEC=23297.7188
Top Aggregator Timestamps: CACHE, CACHE_START_T: 0.0, CACHE_END_T: 0.0 || AGG, AGG_START_T: 0.0, AGG_END_T: 0.0 || EVAL, EVAL_START_T: 1765447916.2250628, EVAL_END_T: 1765447916.8503335 || RECV, RECV_START_T: 0.0, RECV_END_T: 0.0 || DIST, DIST_START_T: 0.0, DIST_END_T: 0.0 || LOAD, LOAD_START_T: 1765447880.6451638, LOAD_END_T: 1765447887.417438 || MSG_MTo, MSG_MTo_START_T: 0.0, MSG_MTo_END_T: 0.0
Loaded FEMNIST test split partition_id=64 with 355 samples
Wall-clock time: 1765447953.3623798 ||Test loss: 0.9112 || Test accuracy: 0.7380 || CPU time: 7.4498 || CPU utilization: 0.2040 || R#671's duration (s): 36.5120 || Cumulative runtime (s): 23334.2308 || Loading data delay (s): 6.4639 || Eval delay (s): 0.5767 || Agg delay (s): 0.0000 || Coordination delay (s): 0.0000 || DIST task delay: 0.0000 || RECV task delay: 0.0000 || Queueing delay: 0.0000 || MSG (from mid) Ave. delay: 0.0000 || Total cache delay: 0.0000 || Ave. cache delay: 0.0000
[R#671] CUMULATIVE_RUNTIME_SEC=23334.2308
Top Aggregator Timestamps: CACHE, CACHE_START_T: 0.0, CACHE_END_T: 0.0 || AGG, AGG_START_T: 0.0, AGG_END_T: 0.0 || EVAL, EVAL_START_T: 1765447952.78568, EVAL_END_T: 1765447953.362352 || RECV, RECV_START_T: 0.0, RECV_END_T: 0.0 || DIST, DIST_START_T: 0.0, DIST_END_T: 0.0 || LOAD, LOAD_START_T: 1765447916.8536143, LOAD_END_T: 1765447923.3174825 || MSG_MTo, MSG_MTo_START_T: 0.0, MSG_MTo_END_T: 0.0
Loaded FEMNIST test split partition_id=14 with 378 samples
Wall-clock time: 1765447983.5657651 ||Test loss: 0.6988 || Test accuracy: 0.7698 || CPU time: 8.0745 || CPU utilization: 0.2673 || R#672's duration (s): 30.2034 || Cumulative runtime (s): 23364.4342 || Loading data delay (s): 6.6602 || Eval delay (s): 0.6301 || Agg delay (s): 0.0000 || Coordination delay (s): 0.0000 || DIST task delay: 0.0000 || RECV task delay: 0.0000 || Queueing delay: 0.0000 || MSG (from mid) Ave. delay: 0.0000 || Total cache delay: 0.0000 || Ave. cache delay: 0.0000
[R#672] CUMULATIVE_RUNTIME_SEC=23364.4342
Top Aggregator Timestamps: CACHE, CACHE_START_T: 0.0, CACHE_END_T: 0.0 || AGG, AGG_START_T: 0.0, AGG_END_T: 0.0 || EVAL, EVAL_START_T: 1765447982.9356263, EVAL_END_T: 1765447983.5657136 || RECV, RECV_START_T: 0.0, RECV_END_T: 0.0 || DIST, DIST_START_T: 0.0, DIST_END_T: 0.0 || LOAD, LOAD_START_T: 1765447953.3650904, LOAD_END_T: 1765447960.0252502 || MSG_MTo, MSG_MTo_START_T: 0.0, MSG_MTo_END_T: 0.0
Loaded FEMNIST test split partition_id=6 with 380 samples
Wall-clock time: 1765448017.6463587 ||Test loss: 0.6676 || Test accuracy: 0.7974 || CPU time: 8.5781 || CPU utilization: 0.2517 || R#673's duration (s): 34.0806 || Cumulative runtime (s): 23398.5148 || Loading data delay (s): 6.9699 || Eval delay (s): 0.6850 || Agg delay (s): 0.0000 || Coordination delay (s): 0.0000 || DIST task delay: 0.0000 || RECV task delay: 0.0000 || Queueing delay: 0.0000 || MSG (from mid) Ave. delay: 0.0000 || Total cache delay: 0.0000 || Ave. cache delay: 0.0000
[R#673] CUMULATIVE_RUNTIME_SEC=23398.5148
Top Aggregator Timestamps: CACHE, CACHE_START_T: 0.0, CACHE_END_T: 0.0 || AGG, AGG_START_T: 0.0, AGG_END_T: 0.0 || EVAL, EVAL_START_T: 1765448016.9613376, EVAL_END_T: 1765448017.6463337 || RECV, RECV_START_T: 0.0, RECV_END_T: 0.0 || DIST, DIST_START_T: 0.0, DIST_END_T: 0.0 || LOAD, LOAD_START_T: 1765447983.5691361, LOAD_END_T: 1765447990.5390224 || MSG_MTo, MSG_MTo_START_T: 0.0, MSG_MTo_END_T: 0.0
Loaded FEMNIST test split partition_id=59 with 361 samples
Wall-clock time: 1765448049.5097833 ||Test loss: 0.7907 || Test accuracy: 0.7645 || CPU time: 7.5897 || CPU utilization: 0.2382 || R#674's duration (s): 31.8634 || Cumulative runtime (s): 23430.3782 || Loading data delay (s): 6.5198 || Eval delay (s): 0.5866 || Agg delay (s): 0.0000 || Coordination delay (s): 0.0000 || DIST task delay: 0.0000 || RECV task delay: 0.0000 || Queueing delay: 0.0000 || MSG (from mid) Ave. delay: 0.0000 || Total cache delay: 0.0000 || Ave. cache delay: 0.0000
[R#674] CUMULATIVE_RUNTIME_SEC=23430.3782
Top Aggregator Timestamps: CACHE, CACHE_START_T: 0.0, CACHE_END_T: 0.0 || AGG, AGG_START_T: 0.0, AGG_END_T: 0.0 || EVAL, EVAL_START_T: 1765448048.9231253, EVAL_END_T: 1765448049.5097547 || RECV, RECV_START_T: 0.0, RECV_END_T: 0.0 || DIST, DIST_START_T: 0.0, DIST_END_T: 0.0 || LOAD, LOAD_START_T: 1765448017.6491668, LOAD_END_T: 1765448024.1689186 || MSG_MTo, MSG_MTo_START_T: 0.0, MSG_MTo_END_T: 0.0
Loaded FEMNIST test split partition_id=45 with 327 samples
Wall-clock time: 1765448080.4815743 ||Test loss: 1.6440 || Test accuracy: 0.5596 || CPU time: 6.8807 || CPU utilization: 0.2222 || R#675's duration (s): 30.9718 || Cumulative runtime (s): 23461.3500 || Loading data delay (s): 6.6762 || Eval delay (s): 0.5328 || Agg delay (s): 0.0000 || Coordination delay (s): 0.0000 || DIST task delay: 0.0000 || RECV task delay: 0.0000 || Queueing delay: 0.0000 || MSG (from mid) Ave. delay: 0.0000 || Total cache delay: 0.0000 || Ave. cache delay: 0.0000
[R#675] CUMULATIVE_RUNTIME_SEC=23461.3500
Top Aggregator Timestamps: CACHE, CACHE_START_T: 0.0, CACHE_END_T: 0.0 || AGG, AGG_START_T: 0.0, AGG_END_T: 0.0 || EVAL, EVAL_START_T: 1765448079.9487402, EVAL_END_T: 1765448080.48155 || RECV, RECV_START_T: 0.0, RECV_END_T: 0.0 || DIST, DIST_START_T: 0.0, DIST_END_T: 0.0 || LOAD, LOAD_START_T: 1765448049.512525, LOAD_END_T: 1765448056.188696 || MSG_MTo, MSG_MTo_START_T: 0.0, MSG_MTo_END_T: 0.0
Loaded FEMNIST test split partition_id=52 with 218 samples
Wall-clock time: 1765448114.2139366 ||Test loss: 0.6538 || Test accuracy: 0.7752 || CPU time: 4.6947 || CPU utilization: 0.1392 || R#676's duration (s): 33.7324 || Cumulative runtime (s): 23495.0824 || Loading data delay (s): 6.4303 || Eval delay (s): 0.3604 || Agg delay (s): 0.0000 || Coordination delay (s): 0.0000 || DIST task delay: 0.0000 || RECV task delay: 0.0000 || Queueing delay: 0.0000 || MSG (from mid) Ave. delay: 0.0000 || Total cache delay: 0.0000 || Ave. cache delay: 0.0000
[R#676] CUMULATIVE_RUNTIME_SEC=23495.0824
Top Aggregator Timestamps: CACHE, CACHE_START_T: 0.0, CACHE_END_T: 0.0 || AGG, AGG_START_T: 0.0, AGG_END_T: 0.0 || EVAL, EVAL_START_T: 1765448113.8535578, EVAL_END_T: 1765448114.2139153 || RECV, RECV_START_T: 0.0, RECV_END_T: 0.0 || DIST, DIST_START_T: 0.0, DIST_END_T: 0.0 || LOAD, LOAD_START_T: 1765448080.4843922, LOAD_END_T: 1765448086.9146826 || MSG_MTo, MSG_MTo_START_T: 0.0, MSG_MTo_END_T: 0.0
Loaded FEMNIST test split partition_id=17 with 424 samples
Wall-clock time: 1765448149.9859118 ||Test loss: 0.5482 || Test accuracy: 0.8467 || CPU time: 8.8219 || CPU utilization: 0.2466 || R#677's duration (s): 35.7720 || Cumulative runtime (s): 23530.8544 || Loading data delay (s): 6.6716 || Eval delay (s): 0.6757 || Agg delay (s): 0.0000 || Coordination delay (s): 0.0000 || DIST task delay: 0.0000 || RECV task delay: 0.0000 || Queueing delay: 0.0000 || MSG (from mid) Ave. delay: 0.0000 || Total cache delay: 0.0000 || Ave. cache delay: 0.0000
[R#677] CUMULATIVE_RUNTIME_SEC=23530.8544
Top Aggregator Timestamps: CACHE, CACHE_START_T: 0.0, CACHE_END_T: 0.0 || AGG, AGG_START_T: 0.0, AGG_END_T: 0.0 || EVAL, EVAL_START_T: 1765448149.3102155, EVAL_END_T: 1765448149.985886 || RECV, RECV_START_T: 0.0, RECV_END_T: 0.0 || DIST, DIST_START_T: 0.0, DIST_END_T: 0.0 || LOAD, LOAD_START_T: 1765448114.2169669, LOAD_END_T: 1765448120.8885868 || MSG_MTo, MSG_MTo_START_T: 0.0, MSG_MTo_END_T: 0.0
Loaded FEMNIST test split partition_id=42 with 330 samples
Wall-clock time: 1765448176.5109375 ||Test loss: 0.6479 || Test accuracy: 0.8364 || CPU time: 6.9883 || CPU utilization: 0.2635 || R#678's duration (s): 26.5250 || Cumulative runtime (s): 23557.3794 || Loading data delay (s): 6.8833 || Eval delay (s): 0.5435 || Agg delay (s): 0.0000 || Coordination delay (s): 0.0000 || DIST task delay: 0.0000 || RECV task delay: 0.0000 || Queueing delay: 0.0000 || MSG (from mid) Ave. delay: 0.0000 || Total cache delay: 0.0000 || Ave. cache delay: 0.0000
[R#678] CUMULATIVE_RUNTIME_SEC=23557.3794
Top Aggregator Timestamps: CACHE, CACHE_START_T: 0.0, CACHE_END_T: 0.0 || AGG, AGG_START_T: 0.0, AGG_END_T: 0.0 || EVAL, EVAL_START_T: 1765448175.9673796, EVAL_END_T: 1765448176.5109022 || RECV, RECV_START_T: 0.0, RECV_END_T: 0.0 || DIST, DIST_START_T: 0.0, DIST_END_T: 0.0 || LOAD, LOAD_START_T: 1765448149.9886613, LOAD_END_T: 1765448156.8719418 || MSG_MTo, MSG_MTo_START_T: 0.0, MSG_MTo_END_T: 0.0
Loaded FEMNIST test split partition_id=52 with 218 samples
Wall-clock time: 1765448208.8304434 ||Test loss: 0.6952 || Test accuracy: 0.7661 || CPU time: 4.7488 || CPU utilization: 0.1469 || R#679's duration (s): 32.3195 || Cumulative runtime (s): 23589.6989 || Loading data delay (s): 6.4631 || Eval delay (s): 0.3639 || Agg delay (s): 0.0000 || Coordination delay (s): 0.0000 || DIST task delay: 0.0000 || RECV task delay: 0.0000 || Queueing delay: 0.0000 || MSG (from mid) Ave. delay: 0.0000 || Total cache delay: 0.0000 || Ave. cache delay: 0.0000
[R#679] CUMULATIVE_RUNTIME_SEC=23589.6989
Top Aggregator Timestamps: CACHE, CACHE_START_T: 0.0, CACHE_END_T: 0.0 || AGG, AGG_START_T: 0.0, AGG_END_T: 0.0 || EVAL, EVAL_START_T: 1765448208.46656, EVAL_END_T: 1765448208.8304172 || RECV, RECV_START_T: 0.0, RECV_END_T: 0.0 || DIST, DIST_START_T: 0.0, DIST_END_T: 0.0 || LOAD, LOAD_START_T: 1765448176.5139794, LOAD_END_T: 1765448182.9770374 || MSG_MTo, MSG_MTo_START_T: 0.0, MSG_MTo_END_T: 0.0
Loaded FEMNIST test split partition_id=32 with 278 samples
Wall-clock time: 1765448240.947737 ||Test loss: 0.7193 || Test accuracy: 0.7986 || CPU time: 5.6157 || CPU utilization: 0.1749 || R#680's duration (s): 32.1173 || Cumulative runtime (s): 23621.8162 || Loading data delay (s): 6.8318 || Eval delay (s): 0.4284 || Agg delay (s): 0.0000 || Coordination delay (s): 0.0000 || DIST task delay: 0.0000 || RECV task delay: 0.0000 || Queueing delay: 0.0000 || MSG (from mid) Ave. delay: 0.0000 || Total cache delay: 0.0000 || Ave. cache delay: 0.0000
[R#680] CUMULATIVE_RUNTIME_SEC=23621.8162
Top Aggregator Timestamps: CACHE, CACHE_START_T: 0.0, CACHE_END_T: 0.0 || AGG, AGG_START_T: 0.0, AGG_END_T: 0.0 || EVAL, EVAL_START_T: 1765448240.519352, EVAL_END_T: 1765448240.9477124 || RECV, RECV_START_T: 0.0, RECV_END_T: 0.0 || DIST, DIST_START_T: 0.0, DIST_END_T: 0.0 || LOAD, LOAD_START_T: 1765448208.8332446, LOAD_END_T: 1765448215.6650414 || MSG_MTo, MSG_MTo_START_T: 0.0, MSG_MTo_END_T: 0.0
Loaded FEMNIST test split partition_id=41 with 358 samples
Wall-clock time: 1765448278.4351144 ||Test loss: 0.7097 || Test accuracy: 0.7933 || CPU time: 7.5522 || CPU utilization: 0.2015 || R#681's duration (s): 37.4874 || Cumulative runtime (s): 23659.3036 || Loading data delay (s): 6.4125 || Eval delay (s): 0.5824 || Agg delay (s): 0.0000 || Coordination delay (s): 0.0000 || DIST task delay: 0.0000 || RECV task delay: 0.0000 || Queueing delay: 0.0000 || MSG (from mid) Ave. delay: 0.0000 || Total cache delay: 0.0000 || Ave. cache delay: 0.0000
[R#681] CUMULATIVE_RUNTIME_SEC=23659.3036
Top Aggregator Timestamps: CACHE, CACHE_START_T: 0.0, CACHE_END_T: 0.0 || AGG, AGG_START_T: 0.0, AGG_END_T: 0.0 || EVAL, EVAL_START_T: 1765448277.8526511, EVAL_END_T: 1765448278.4350905 || RECV, RECV_START_T: 0.0, RECV_END_T: 0.0 || DIST, DIST_START_T: 0.0, DIST_END_T: 0.0 || LOAD, LOAD_START_T: 1765448240.9504993, LOAD_END_T: 1765448247.3630395 || MSG_MTo, MSG_MTo_START_T: 0.0, MSG_MTo_END_T: 0.0
Loaded FEMNIST test split partition_id=35 with 416 samples
Wall-clock time: 1765448307.743678 ||Test loss: 0.7509 || Test accuracy: 0.7764 || CPU time: 8.2307 || CPU utilization: 0.2808 || R#682's duration (s): 29.3086 || Cumulative runtime (s): 23688.6121 || Loading data delay (s): 6.7368 || Eval delay (s): 0.6319 || Agg delay (s): 0.0000 || Coordination delay (s): 0.0000 || DIST task delay: 0.0000 || RECV task delay: 0.0000 || Queueing delay: 0.0000 || MSG (from mid) Ave. delay: 0.0000 || Total cache delay: 0.0000 || Ave. cache delay: 0.0000
[R#682] CUMULATIVE_RUNTIME_SEC=23688.6121
Top Aggregator Timestamps: CACHE, CACHE_START_T: 0.0, CACHE_END_T: 0.0 || AGG, AGG_START_T: 0.0, AGG_END_T: 0.0 || EVAL, EVAL_START_T: 1765448307.1117778, EVAL_END_T: 1765448307.7436533 || RECV, RECV_START_T: 0.0, RECV_END_T: 0.0 || DIST, DIST_START_T: 0.0, DIST_END_T: 0.0 || LOAD, LOAD_START_T: 1765448278.4381378, LOAD_END_T: 1765448285.1749399 || MSG_MTo, MSG_MTo_START_T: 0.0, MSG_MTo_END_T: 0.0
Loaded FEMNIST test split partition_id=49 with 393 samples
Wall-clock time: 1765448333.5641382 ||Test loss: 0.4838 || Test accuracy: 0.8473 || CPU time: 8.1565 || CPU utilization: 0.3159 || R#683's duration (s): 25.8205 || Cumulative runtime (s): 23714.4326 || Loading data delay (s): 6.9886 || Eval delay (s): 0.6325 || Agg delay (s): 0.0000 || Coordination delay (s): 0.0000 || DIST task delay: 0.0000 || RECV task delay: 0.0000 || Queueing delay: 0.0000 || MSG (from mid) Ave. delay: 0.0000 || Total cache delay: 0.0000 || Ave. cache delay: 0.0000
[R#683] CUMULATIVE_RUNTIME_SEC=23714.4326
Top Aggregator Timestamps: CACHE, CACHE_START_T: 0.0, CACHE_END_T: 0.0 || AGG, AGG_START_T: 0.0, AGG_END_T: 0.0 || EVAL, EVAL_START_T: 1765448332.9315915, EVAL_END_T: 1765448333.5641098 || RECV, RECV_START_T: 0.0, RECV_END_T: 0.0 || DIST, DIST_START_T: 0.0, DIST_END_T: 0.0 || LOAD, LOAD_START_T: 1765448307.746482, LOAD_END_T: 1765448314.735127 || MSG_MTo, MSG_MTo_START_T: 0.0, MSG_MTo_END_T: 0.0
Loaded FEMNIST test split partition_id=64 with 355 samples
Wall-clock time: 1765448369.2970288 ||Test loss: 0.9487 || Test accuracy: 0.7155 || CPU time: 7.9518 || CPU utilization: 0.2225 || R#684's duration (s): 35.7329 || Cumulative runtime (s): 23750.1655 || Loading data delay (s): 6.4930 || Eval delay (s): 0.5979 || Agg delay (s): 0.0000 || Coordination delay (s): 0.0000 || DIST task delay: 0.0000 || RECV task delay: 0.0000 || Queueing delay: 0.0000 || MSG (from mid) Ave. delay: 0.0000 || Total cache delay: 0.0000 || Ave. cache delay: 0.0000
[R#684] CUMULATIVE_RUNTIME_SEC=23750.1655
Top Aggregator Timestamps: CACHE, CACHE_START_T: 0.0, CACHE_END_T: 0.0 || AGG, AGG_START_T: 0.0, AGG_END_T: 0.0 || EVAL, EVAL_START_T: 1765448368.6990814, EVAL_END_T: 1765448369.2970104 || RECV, RECV_START_T: 0.0, RECV_END_T: 0.0 || DIST, DIST_START_T: 0.0, DIST_END_T: 0.0 || LOAD, LOAD_START_T: 1765448333.5669286, LOAD_END_T: 1765448340.0599723 || MSG_MTo, MSG_MTo_START_T: 0.0, MSG_MTo_END_T: 0.0
Loaded FEMNIST test split partition_id=55 with 373 samples
Wall-clock time: 1765448406.778571 ||Test loss: 1.3670 || Test accuracy: 0.6327 || CPU time: 7.4352 || CPU utilization: 0.1984 || R#685's duration (s): 37.4815 || Cumulative runtime (s): 23787.6470 || Loading data delay (s): 6.7526 || Eval delay (s): 0.5730 || Agg delay (s): 0.0000 || Coordination delay (s): 0.0000 || DIST task delay: 0.0000 || RECV task delay: 0.0000 || Queueing delay: 0.0000 || MSG (from mid) Ave. delay: 0.0000 || Total cache delay: 0.0000 || Ave. cache delay: 0.0000
[R#685] CUMULATIVE_RUNTIME_SEC=23787.6470
Top Aggregator Timestamps: CACHE, CACHE_START_T: 0.0, CACHE_END_T: 0.0 || AGG, AGG_START_T: 0.0, AGG_END_T: 0.0 || EVAL, EVAL_START_T: 1765448406.2055855, EVAL_END_T: 1765448406.7785463 || RECV, RECV_START_T: 0.0, RECV_END_T: 0.0 || DIST, DIST_START_T: 0.0, DIST_END_T: 0.0 || LOAD, LOAD_START_T: 1765448369.3000953, LOAD_END_T: 1765448376.0526595 || MSG_MTo, MSG_MTo_START_T: 0.0, MSG_MTo_END_T: 0.0
Loaded FEMNIST test split partition_id=60 with 303 samples
Wall-clock time: 1765448440.0229278 ||Test loss: 0.5493 || Test accuracy: 0.8515 || CPU time: 6.5037 || CPU utilization: 0.1956 || R#686's duration (s): 33.2444 || Cumulative runtime (s): 23820.8914 || Loading data delay (s): 6.5192 || Eval delay (s): 0.5129 || Agg delay (s): 0.0000 || Coordination delay (s): 0.0000 || DIST task delay: 0.0000 || RECV task delay: 0.0000 || Queueing delay: 0.0000 || MSG (from mid) Ave. delay: 0.0000 || Total cache delay: 0.0000 || Ave. cache delay: 0.0000
[R#686] CUMULATIVE_RUNTIME_SEC=23820.8914
Top Aggregator Timestamps: CACHE, CACHE_START_T: 0.0, CACHE_END_T: 0.0 || AGG, AGG_START_T: 0.0, AGG_END_T: 0.0 || EVAL, EVAL_START_T: 1765448439.5099688, EVAL_END_T: 1765448440.022898 || RECV, RECV_START_T: 0.0, RECV_END_T: 0.0 || DIST, DIST_START_T: 0.0, DIST_END_T: 0.0 || LOAD, LOAD_START_T: 1765448406.781401, LOAD_END_T: 1765448413.300625 || MSG_MTo, MSG_MTo_START_T: 0.0, MSG_MTo_END_T: 0.0
Loaded FEMNIST test split partition_id=3 with 397 samples
Wall-clock time: 1765448471.7717273 ||Test loss: 0.3805 || Test accuracy: 0.8841 || CPU time: 8.2874 || CPU utilization: 0.2610 || R#687's duration (s): 31.7488 || Cumulative runtime (s): 23852.6402 || Loading data delay (s): 6.7641 || Eval delay (s): 0.6437 || Agg delay (s): 0.0000 || Coordination delay (s): 0.0000 || DIST task delay: 0.0000 || RECV task delay: 0.0000 || Queueing delay: 0.0000 || MSG (from mid) Ave. delay: 0.0000 || Total cache delay: 0.0000 || Ave. cache delay: 0.0000
[R#687] CUMULATIVE_RUNTIME_SEC=23852.6402
Top Aggregator Timestamps: CACHE, CACHE_START_T: 0.0, CACHE_END_T: 0.0 || AGG, AGG_START_T: 0.0, AGG_END_T: 0.0 || EVAL, EVAL_START_T: 1765448471.1279836, EVAL_END_T: 1765448471.771697 || RECV, RECV_START_T: 0.0, RECV_END_T: 0.0 || DIST, DIST_START_T: 0.0, DIST_END_T: 0.0 || LOAD, LOAD_START_T: 1765448440.0259473, LOAD_END_T: 1765448446.790077 || MSG_MTo, MSG_MTo_START_T: 0.0, MSG_MTo_END_T: 0.0
Loaded FEMNIST test split partition_id=26 with 363 samples
Wall-clock time: 1765448506.9014146 ||Test loss: 0.4491 || Test accuracy: 0.8264 || CPU time: 7.4703 || CPU utilization: 0.2127 || R#688's duration (s): 35.1297 || Cumulative runtime (s): 23887.7699 || Loading data delay (s): 7.0176 || Eval delay (s): 0.5746 || Agg delay (s): 0.0000 || Coordination delay (s): 0.0000 || DIST task delay: 0.0000 || RECV task delay: 0.0000 || Queueing delay: 0.0000 || MSG (from mid) Ave. delay: 0.0000 || Total cache delay: 0.0000 || Ave. cache delay: 0.0000
[R#688] CUMULATIVE_RUNTIME_SEC=23887.7699
Top Aggregator Timestamps: CACHE, CACHE_START_T: 0.0, CACHE_END_T: 0.0 || AGG, AGG_START_T: 0.0, AGG_END_T: 0.0 || EVAL, EVAL_START_T: 1765448506.3267906, EVAL_END_T: 1765448506.901392 || RECV, RECV_START_T: 0.0, RECV_END_T: 0.0 || DIST, DIST_START_T: 0.0, DIST_END_T: 0.0 || LOAD, LOAD_START_T: 1765448471.7747881, LOAD_END_T: 1765448478.792436 || MSG_MTo, MSG_MTo_START_T: 0.0, MSG_MTo_END_T: 0.0
Loaded FEMNIST test split partition_id=43 with 330 samples
Wall-clock time: 1765448540.8196824 ||Test loss: 0.4778 || Test accuracy: 0.8636 || CPU time: 6.7909 || CPU utilization: 0.2002 || R#689's duration (s): 33.9183 || Cumulative runtime (s): 23921.6881 || Loading data delay (s): 6.4822 || Eval delay (s): 0.5157 || Agg delay (s): 0.0000 || Coordination delay (s): 0.0000 || DIST task delay: 0.0000 || RECV task delay: 0.0000 || Queueing delay: 0.0000 || MSG (from mid) Ave. delay: 0.0000 || Total cache delay: 0.0000 || Ave. cache delay: 0.0000
[R#689] CUMULATIVE_RUNTIME_SEC=23921.6881
Top Aggregator Timestamps: CACHE, CACHE_START_T: 0.0, CACHE_END_T: 0.0 || AGG, AGG_START_T: 0.0, AGG_END_T: 0.0 || EVAL, EVAL_START_T: 1765448540.3039577, EVAL_END_T: 1765448540.8196511 || RECV, RECV_START_T: 0.0, RECV_END_T: 0.0 || DIST, DIST_START_T: 0.0, DIST_END_T: 0.0 || LOAD, LOAD_START_T: 1765448506.9042313, LOAD_END_T: 1765448513.3864331 || MSG_MTo, MSG_MTo_START_T: 0.0, MSG_MTo_END_T: 0.0
Loaded FEMNIST test split partition_id=48 with 131 samples
Wall-clock time: 1765448565.4472342 ||Test loss: 4.4246 || Test accuracy: 0.2214 || CPU time: 3.1533 || CPU utilization: 0.1280 || R#690's duration (s): 24.6276 || Cumulative runtime (s): 23946.3157 || Loading data delay (s): 6.7468 || Eval delay (s): 0.2400 || Agg delay (s): 0.0000 || Coordination delay (s): 0.0000 || DIST task delay: 0.0000 || RECV task delay: 0.0000 || Queueing delay: 0.0000 || MSG (from mid) Ave. delay: 0.0000 || Total cache delay: 0.0000 || Ave. cache delay: 0.0000
[R#690] CUMULATIVE_RUNTIME_SEC=23946.3157
Top Aggregator Timestamps: CACHE, CACHE_START_T: 0.0, CACHE_END_T: 0.0 || AGG, AGG_START_T: 0.0, AGG_END_T: 0.0 || EVAL, EVAL_START_T: 1765448565.207208, EVAL_END_T: 1765448565.447198 || RECV, RECV_START_T: 0.0, RECV_END_T: 0.0 || DIST, DIST_START_T: 0.0, DIST_END_T: 0.0 || LOAD, LOAD_START_T: 1765448540.8224218, LOAD_END_T: 1765448547.5691993 || MSG_MTo, MSG_MTo_START_T: 0.0, MSG_MTo_END_T: 0.0
Loaded FEMNIST test split partition_id=18 with 383 samples
Wall-clock time: 1765448598.5891125 ||Test loss: 0.6403 || Test accuracy: 0.8016 || CPU time: 8.2247 || CPU utilization: 0.2482 || R#691's duration (s): 33.1419 || Cumulative runtime (s): 23979.4576 || Loading data delay (s): 6.4926 || Eval delay (s): 0.6411 || Agg delay (s): 0.0000 || Coordination delay (s): 0.0000 || DIST task delay: 0.0000 || RECV task delay: 0.0000 || Queueing delay: 0.0000 || MSG (from mid) Ave. delay: 0.0000 || Total cache delay: 0.0000 || Ave. cache delay: 0.0000
[R#691] CUMULATIVE_RUNTIME_SEC=23979.4576
Top Aggregator Timestamps: CACHE, CACHE_START_T: 0.0, CACHE_END_T: 0.0 || AGG, AGG_START_T: 0.0, AGG_END_T: 0.0 || EVAL, EVAL_START_T: 1765448597.9479513, EVAL_END_T: 1765448598.5890865 || RECV, RECV_START_T: 0.0, RECV_END_T: 0.0 || DIST, DIST_START_T: 0.0, DIST_END_T: 0.0 || LOAD, LOAD_START_T: 1765448565.4504154, LOAD_END_T: 1765448571.9430013 || MSG_MTo, MSG_MTo_START_T: 0.0, MSG_MTo_END_T: 0.0
Loaded FEMNIST test split partition_id=13 with 329 samples
Wall-clock time: 1765448634.6767628 ||Test loss: 0.7135 || Test accuracy: 0.8085 || CPU time: 6.9232 || CPU utilization: 0.1918 || R#692's duration (s): 36.0877 || Cumulative runtime (s): 24015.5452 || Loading data delay (s): 6.7729 || Eval delay (s): 0.5285 || Agg delay (s): 0.0000 || Coordination delay (s): 0.0000 || DIST task delay: 0.0000 || RECV task delay: 0.0000 || Queueing delay: 0.0000 || MSG (from mid) Ave. delay: 0.0000 || Total cache delay: 0.0000 || Ave. cache delay: 0.0000
[R#692] CUMULATIVE_RUNTIME_SEC=24015.5452
Top Aggregator Timestamps: CACHE, CACHE_START_T: 0.0, CACHE_END_T: 0.0 || AGG, AGG_START_T: 0.0, AGG_END_T: 0.0 || EVAL, EVAL_START_T: 1765448634.148269, EVAL_END_T: 1765448634.6767328 || RECV, RECV_START_T: 0.0, RECV_END_T: 0.0 || DIST, DIST_START_T: 0.0, DIST_END_T: 0.0 || LOAD, LOAD_START_T: 1765448598.592098, LOAD_END_T: 1765448605.3650453 || MSG_MTo, MSG_MTo_START_T: 0.0, MSG_MTo_END_T: 0.0
Loaded FEMNIST test split partition_id=41 with 358 samples
Wall-clock time: 1765448668.7312007 ||Test loss: 0.6671 || Test accuracy: 0.8324 || CPU time: 7.7066 || CPU utilization: 0.2263 || R#693's duration (s): 34.0544 || Cumulative runtime (s): 24049.5996 || Loading data delay (s): 6.9566 || Eval delay (s): 0.5980 || Agg delay (s): 0.0000 || Coordination delay (s): 0.0000 || DIST task delay: 0.0000 || RECV task delay: 0.0000 || Queueing delay: 0.0000 || MSG (from mid) Ave. delay: 0.0000 || Total cache delay: 0.0000 || Ave. cache delay: 0.0000
[R#693] CUMULATIVE_RUNTIME_SEC=24049.5996
Top Aggregator Timestamps: CACHE, CACHE_START_T: 0.0, CACHE_END_T: 0.0 || AGG, AGG_START_T: 0.0, AGG_END_T: 0.0 || EVAL, EVAL_START_T: 1765448668.1331384, EVAL_END_T: 1765448668.7311757 || RECV, RECV_START_T: 0.0, RECV_END_T: 0.0 || DIST, DIST_START_T: 0.0, DIST_END_T: 0.0 || LOAD, LOAD_START_T: 1765448634.6796684, LOAD_END_T: 1765448641.6362555 || MSG_MTo, MSG_MTo_START_T: 0.0, MSG_MTo_END_T: 0.0
Loaded FEMNIST test split partition_id=66 with 428 samples
Wall-clock time: 1765448697.9859912 ||Test loss: 0.8399 || Test accuracy: 0.7827 || CPU time: 8.8286 || CPU utilization: 0.3018 || R#694's duration (s): 29.2548 || Cumulative runtime (s): 24078.8544 || Loading data delay (s): 6.5896 || Eval delay (s): 0.6889 || Agg delay (s): 0.0000 || Coordination delay (s): 0.0000 || DIST task delay: 0.0000 || RECV task delay: 0.0000 || Queueing delay: 0.0000 || MSG (from mid) Ave. delay: 0.0000 || Total cache delay: 0.0000 || Ave. cache delay: 0.0000
[R#694] CUMULATIVE_RUNTIME_SEC=24078.8544
Top Aggregator Timestamps: CACHE, CACHE_START_T: 0.0, CACHE_END_T: 0.0 || AGG, AGG_START_T: 0.0, AGG_END_T: 0.0 || EVAL, EVAL_START_T: 1765448697.2970219, EVAL_END_T: 1765448697.9859636 || RECV, RECV_START_T: 0.0, RECV_END_T: 0.0 || DIST, DIST_START_T: 0.0, DIST_END_T: 0.0 || LOAD, LOAD_START_T: 1765448668.7339087, LOAD_END_T: 1765448675.323523 || MSG_MTo, MSG_MTo_START_T: 0.0, MSG_MTo_END_T: 0.0
Loaded FEMNIST test split partition_id=27 with 446 samples
Wall-clock time: 1765448730.4283106 ||Test loss: 0.5110 || Test accuracy: 0.8520 || CPU time: 9.1488 || CPU utilization: 0.2820 || R#695's duration (s): 32.4423 || Cumulative runtime (s): 24111.2968 || Loading data delay (s): 6.8691 || Eval delay (s): 0.7148 || Agg delay (s): 0.0000 || Coordination delay (s): 0.0000 || DIST task delay: 0.0000 || RECV task delay: 0.0000 || Queueing delay: 0.0000 || MSG (from mid) Ave. delay: 0.0000 || Total cache delay: 0.0000 || Ave. cache delay: 0.0000
[R#695] CUMULATIVE_RUNTIME_SEC=24111.2968
Top Aggregator Timestamps: CACHE, CACHE_START_T: 0.0, CACHE_END_T: 0.0 || AGG, AGG_START_T: 0.0, AGG_END_T: 0.0 || EVAL, EVAL_START_T: 1765448729.7135167, EVAL_END_T: 1765448730.4282782 || RECV, RECV_START_T: 0.0, RECV_END_T: 0.0 || DIST, DIST_START_T: 0.0, DIST_END_T: 0.0 || LOAD, LOAD_START_T: 1765448697.98877, LOAD_END_T: 1765448704.8578231 || MSG_MTo, MSG_MTo_START_T: 0.0, MSG_MTo_END_T: 0.0
Loaded FEMNIST test split partition_id=41 with 358 samples
Wall-clock time: 1765448757.163837 ||Test loss: 0.6061 || Test accuracy: 0.8296 || CPU time: 7.5935 || CPU utilization: 0.2840 || R#696's duration (s): 26.7355 || Cumulative runtime (s): 24138.0323 || Loading data delay (s): 6.5562 || Eval delay (s): 0.5876 || Agg delay (s): 0.0000 || Coordination delay (s): 0.0000 || DIST task delay: 0.0000 || RECV task delay: 0.0000 || Queueing delay: 0.0000 || MSG (from mid) Ave. delay: 0.0000 || Total cache delay: 0.0000 || Ave. cache delay: 0.0000
[R#696] CUMULATIVE_RUNTIME_SEC=24138.0323
Top Aggregator Timestamps: CACHE, CACHE_START_T: 0.0, CACHE_END_T: 0.0 || AGG, AGG_START_T: 0.0, AGG_END_T: 0.0 || EVAL, EVAL_START_T: 1765448756.57616, EVAL_END_T: 1765448757.1638072 || RECV, RECV_START_T: 0.0, RECV_END_T: 0.0 || DIST, DIST_START_T: 0.0, DIST_END_T: 0.0 || LOAD, LOAD_START_T: 1765448730.4312556, LOAD_END_T: 1765448736.9874654 || MSG_MTo, MSG_MTo_START_T: 0.0, MSG_MTo_END_T: 0.0
Loaded FEMNIST test split partition_id=21 with 292 samples
Wall-clock time: 1765448790.2947757 ||Test loss: 1.2170 || Test accuracy: 0.7021 || CPU time: 5.9853 || CPU utilization: 0.1807 || R#697's duration (s): 33.1309 || Cumulative runtime (s): 24171.1632 || Loading data delay (s): 6.7734 || Eval delay (s): 0.4518 || Agg delay (s): 0.0000 || Coordination delay (s): 0.0000 || DIST task delay: 0.0000 || RECV task delay: 0.0000 || Queueing delay: 0.0000 || MSG (from mid) Ave. delay: 0.0000 || Total cache delay: 0.0000 || Ave. cache delay: 0.0000
[R#697] CUMULATIVE_RUNTIME_SEC=24171.1632
Top Aggregator Timestamps: CACHE, CACHE_START_T: 0.0, CACHE_END_T: 0.0 || AGG, AGG_START_T: 0.0, AGG_END_T: 0.0 || EVAL, EVAL_START_T: 1765448789.8429866, EVAL_END_T: 1765448790.2947505 || RECV, RECV_START_T: 0.0, RECV_END_T: 0.0 || DIST, DIST_START_T: 0.0, DIST_END_T: 0.0 || LOAD, LOAD_START_T: 1765448757.166798, LOAD_END_T: 1765448763.9402072 || MSG_MTo, MSG_MTo_START_T: 0.0, MSG_MTo_END_T: 0.0
Loaded FEMNIST test split partition_id=12 with 308 samples
Wall-clock time: 1765448825.3177342 ||Test loss: 0.5969 || Test accuracy: 0.7955 || CPU time: 6.7690 || CPU utilization: 0.1933 || R#698's duration (s): 35.0230 || Cumulative runtime (s): 24206.1862 || Loading data delay (s): 6.9561 || Eval delay (s): 0.5219 || Agg delay (s): 0.0000 || Coordination delay (s): 0.0000 || DIST task delay: 0.0000 || RECV task delay: 0.0000 || Queueing delay: 0.0000 || MSG (from mid) Ave. delay: 0.0000 || Total cache delay: 0.0000 || Ave. cache delay: 0.0000
[R#698] CUMULATIVE_RUNTIME_SEC=24206.1862
Top Aggregator Timestamps: CACHE, CACHE_START_T: 0.0, CACHE_END_T: 0.0 || AGG, AGG_START_T: 0.0, AGG_END_T: 0.0 || EVAL, EVAL_START_T: 1765448824.795768, EVAL_END_T: 1765448825.317708 || RECV, RECV_START_T: 0.0, RECV_END_T: 0.0 || DIST, DIST_START_T: 0.0, DIST_END_T: 0.0 || LOAD, LOAD_START_T: 1765448790.2974918, LOAD_END_T: 1765448797.2536092 || MSG_MTo, MSG_MTo_START_T: 0.0, MSG_MTo_END_T: 0.0
Loaded FEMNIST test split partition_id=15 with 370 samples
Wall-clock time: 1765448864.5244198 ||Test loss: 0.4970 || Test accuracy: 0.8270 || CPU time: 8.0117 || CPU utilization: 0.2043 || R#699's duration (s): 39.2067 || Cumulative runtime (s): 24245.3929 || Loading data delay (s): 6.5295 || Eval delay (s): 0.6206 || Agg delay (s): 0.0000 || Coordination delay (s): 0.0000 || DIST task delay: 0.0000 || RECV task delay: 0.0000 || Queueing delay: 0.0000 || MSG (from mid) Ave. delay: 0.0000 || Total cache delay: 0.0000 || Ave. cache delay: 0.0000
[R#699] CUMULATIVE_RUNTIME_SEC=24245.3929
Top Aggregator Timestamps: CACHE, CACHE_START_T: 0.0, CACHE_END_T: 0.0 || AGG, AGG_START_T: 0.0, AGG_END_T: 0.0 || EVAL, EVAL_START_T: 1765448863.9038, EVAL_END_T: 1765448864.5243945 || RECV, RECV_START_T: 0.0, RECV_END_T: 0.0 || DIST, DIST_START_T: 0.0, DIST_END_T: 0.0 || LOAD, LOAD_START_T: 1765448825.320538, LOAD_END_T: 1765448831.8500106 || MSG_MTo, MSG_MTo_START_T: 0.0, MSG_MTo_END_T: 0.0
Loaded FEMNIST test split partition_id=24 with 374 samples
Wall-clock time: 1765448900.465745 ||Test loss: 0.5003 || Test accuracy: 0.8503 || CPU time: 8.0482 || CPU utilization: 0.2239 || R#700's duration (s): 35.9413 || Cumulative runtime (s): 24281.3342 || Loading data delay (s): 7.0339 || Eval delay (s): 0.6271 || Agg delay (s): 0.0000 || Coordination delay (s): 0.0000 || DIST task delay: 0.0000 || RECV task delay: 0.0000 || Queueing delay: 0.0000 || MSG (from mid) Ave. delay: 0.0000 || Total cache delay: 0.0000 || Ave. cache delay: 0.0000
[R#700] CUMULATIVE_RUNTIME_SEC=24281.3342
Top Aggregator Timestamps: CACHE, CACHE_START_T: 0.0, CACHE_END_T: 0.0 || AGG, AGG_START_T: 0.0, AGG_END_T: 0.0 || EVAL, EVAL_START_T: 1765448899.8386629, EVAL_END_T: 1765448900.4657233 || RECV, RECV_START_T: 0.0, RECV_END_T: 0.0 || DIST, DIST_START_T: 0.0, DIST_END_T: 0.0 || LOAD, LOAD_START_T: 1765448864.5271862, LOAD_END_T: 1765448871.5610383 || MSG_MTo, MSG_MTo_START_T: 0.0, MSG_MTo_END_T: 0.0
Loaded FEMNIST test split partition_id=64 with 355 samples
Wall-clock time: 1765448938.001105 ||Test loss: 0.8790 || Test accuracy: 0.7606 || CPU time: 7.1850 || CPU utilization: 0.1914 || R#701's duration (s): 37.5354 || Cumulative runtime (s): 24318.8696 || Loading data delay (s): 6.4647 || Eval delay (s): 0.5532 || Agg delay (s): 0.0000 || Coordination delay (s): 0.0000 || DIST task delay: 0.0000 || RECV task delay: 0.0000 || Queueing delay: 0.0000 || MSG (from mid) Ave. delay: 0.0000 || Total cache delay: 0.0000 || Ave. cache delay: 0.0000
[R#701] CUMULATIVE_RUNTIME_SEC=24318.8696
Top Aggregator Timestamps: CACHE, CACHE_START_T: 0.0, CACHE_END_T: 0.0 || AGG, AGG_START_T: 0.0, AGG_END_T: 0.0 || EVAL, EVAL_START_T: 1765448937.4479148, EVAL_END_T: 1765448938.0010798 || RECV, RECV_START_T: 0.0, RECV_END_T: 0.0 || DIST, DIST_START_T: 0.0, DIST_END_T: 0.0 || LOAD, LOAD_START_T: 1765448900.4687667, LOAD_END_T: 1765448906.9335127 || MSG_MTo, MSG_MTo_START_T: 0.0, MSG_MTo_END_T: 0.0
Loaded FEMNIST test split partition_id=49 with 393 samples
Wall-clock time: 1765448967.4506392 ||Test loss: 0.3749 || Test accuracy: 0.8499 || CPU time: 8.1619 || CPU utilization: 0.2771 || R#702's duration (s): 29.4495 || Cumulative runtime (s): 24348.3191 || Loading data delay (s): 6.7292 || Eval delay (s): 0.6374 || Agg delay (s): 0.0000 || Coordination delay (s): 0.0000 || DIST task delay: 0.0000 || RECV task delay: 0.0000 || Queueing delay: 0.0000 || MSG (from mid) Ave. delay: 0.0000 || Total cache delay: 0.0000 || Ave. cache delay: 0.0000
[R#702] CUMULATIVE_RUNTIME_SEC=24348.3191
Top Aggregator Timestamps: CACHE, CACHE_START_T: 0.0, CACHE_END_T: 0.0 || AGG, AGG_START_T: 0.0, AGG_END_T: 0.0 || EVAL, EVAL_START_T: 1765448966.8132112, EVAL_END_T: 1765448967.450606 || RECV, RECV_START_T: 0.0, RECV_END_T: 0.0 || DIST, DIST_START_T: 0.0, DIST_END_T: 0.0 || LOAD, LOAD_START_T: 1765448938.0038278, LOAD_END_T: 1765448944.7330475 || MSG_MTo, MSG_MTo_START_T: 0.0, MSG_MTo_END_T: 0.0
Loaded FEMNIST test split partition_id=37 with 403 samples
Wall-clock time: 1765448998.50899 ||Test loss: 0.7229 || Test accuracy: 0.8065 || CPU time: 8.3636 || CPU utilization: 0.2693 || R#703's duration (s): 31.0584 || Cumulative runtime (s): 24379.3774 || Loading data delay (s): 6.8877 || Eval delay (s): 0.6378 || Agg delay (s): 0.0000 || Coordination delay (s): 0.0000 || DIST task delay: 0.0000 || RECV task delay: 0.0000 || Queueing delay: 0.0000 || MSG (from mid) Ave. delay: 0.0000 || Total cache delay: 0.0000 || Ave. cache delay: 0.0000
[R#703] CUMULATIVE_RUNTIME_SEC=24379.3774
Top Aggregator Timestamps: CACHE, CACHE_START_T: 0.0, CACHE_END_T: 0.0 || AGG, AGG_START_T: 0.0, AGG_END_T: 0.0 || EVAL, EVAL_START_T: 1765448997.871138, EVAL_END_T: 1765448998.5089612 || RECV, RECV_START_T: 0.0, RECV_END_T: 0.0 || DIST, DIST_START_T: 0.0, DIST_END_T: 0.0 || LOAD, LOAD_START_T: 1765448967.453425, LOAD_END_T: 1765448974.3411024 || MSG_MTo, MSG_MTo_START_T: 0.0, MSG_MTo_END_T: 0.0
Loaded FEMNIST test split partition_id=38 with 347 samples
Wall-clock time: 1765449023.7882526 ||Test loss: 0.6889 || Test accuracy: 0.8156 || CPU time: 7.6663 || CPU utilization: 0.3033 || R#704's duration (s): 25.2793 || Cumulative runtime (s): 24404.6567 || Loading data delay (s): 6.9191 || Eval delay (s): 0.5894 || Agg delay (s): 0.0000 || Coordination delay (s): 0.0000 || DIST task delay: 0.0000 || RECV task delay: 0.0000 || Queueing delay: 0.0000 || MSG (from mid) Ave. delay: 0.0000 || Total cache delay: 0.0000 || Ave. cache delay: 0.0000
[R#704] CUMULATIVE_RUNTIME_SEC=24404.6567
Top Aggregator Timestamps: CACHE, CACHE_START_T: 0.0, CACHE_END_T: 0.0 || AGG, AGG_START_T: 0.0, AGG_END_T: 0.0 || EVAL, EVAL_START_T: 1765449023.1988134, EVAL_END_T: 1765449023.7882247 || RECV, RECV_START_T: 0.0, RECV_END_T: 0.0 || DIST, DIST_START_T: 0.0, DIST_END_T: 0.0 || LOAD, LOAD_START_T: 1765448998.5119193, LOAD_END_T: 1765449005.4310472 || MSG_MTo, MSG_MTo_START_T: 0.0, MSG_MTo_END_T: 0.0
Loaded FEMNIST test split partition_id=43 with 330 samples
Wall-clock time: 1765449062.5156677 ||Test loss: 0.4702 || Test accuracy: 0.8606 || CPU time: 6.9832 || CPU utilization: 0.1803 || R#705's duration (s): 38.7274 || Cumulative runtime (s): 24443.3841 || Loading data delay (s): 6.7092 || Eval delay (s): 0.5474 || Agg delay (s): 0.0000 || Coordination delay (s): 0.0000 || DIST task delay: 0.0000 || RECV task delay: 0.0000 || Queueing delay: 0.0000 || MSG (from mid) Ave. delay: 0.0000 || Total cache delay: 0.0000 || Ave. cache delay: 0.0000
[R#705] CUMULATIVE_RUNTIME_SEC=24443.3841
Top Aggregator Timestamps: CACHE, CACHE_START_T: 0.0, CACHE_END_T: 0.0 || AGG, AGG_START_T: 0.0, AGG_END_T: 0.0 || EVAL, EVAL_START_T: 1765449061.968192, EVAL_END_T: 1765449062.5156324 || RECV, RECV_START_T: 0.0, RECV_END_T: 0.0 || DIST, DIST_START_T: 0.0, DIST_END_T: 0.0 || LOAD, LOAD_START_T: 1765449023.7909796, LOAD_END_T: 1765449030.5002236 || MSG_MTo, MSG_MTo_START_T: 0.0, MSG_MTo_END_T: 0.0
Loaded FEMNIST test split partition_id=67 with 253 samples
Wall-clock time: 1765449089.1749437 ||Test loss: 1.3886 || Test accuracy: 0.6403 || CPU time: 5.0125 || CPU utilization: 0.1880 || R#706's duration (s): 26.6593 || Cumulative runtime (s): 24470.0434 || Loading data delay (s): 6.4861 || Eval delay (s): 0.3840 || Agg delay (s): 0.0000 || Coordination delay (s): 0.0000 || DIST task delay: 0.0000 || RECV task delay: 0.0000 || Queueing delay: 0.0000 || MSG (from mid) Ave. delay: 0.0000 || Total cache delay: 0.0000 || Ave. cache delay: 0.0000
[R#706] CUMULATIVE_RUNTIME_SEC=24470.0434
Top Aggregator Timestamps: CACHE, CACHE_START_T: 0.0, CACHE_END_T: 0.0 || AGG, AGG_START_T: 0.0, AGG_END_T: 0.0 || EVAL, EVAL_START_T: 1765449088.7908707, EVAL_END_T: 1765449089.174913 || RECV, RECV_START_T: 0.0, RECV_END_T: 0.0 || DIST, DIST_START_T: 0.0, DIST_END_T: 0.0 || LOAD, LOAD_START_T: 1765449062.5184731, LOAD_END_T: 1765449069.0045266 || MSG_MTo, MSG_MTo_START_T: 0.0, MSG_MTo_END_T: 0.0
Loaded FEMNIST test split partition_id=41 with 358 samples
Wall-clock time: 1765449119.081782 ||Test loss: 0.7873 || Test accuracy: 0.7765 || CPU time: 7.5314 || CPU utilization: 0.2518 || R#707's duration (s): 29.9068 || Cumulative runtime (s): 24499.9502 || Loading data delay (s): 6.7265 || Eval delay (s): 0.5850 || Agg delay (s): 0.0000 || Coordination delay (s): 0.0000 || DIST task delay: 0.0000 || RECV task delay: 0.0000 || Queueing delay: 0.0000 || MSG (from mid) Ave. delay: 0.0000 || Total cache delay: 0.0000 || Ave. cache delay: 0.0000
[R#707] CUMULATIVE_RUNTIME_SEC=24499.9502
Top Aggregator Timestamps: CACHE, CACHE_START_T: 0.0, CACHE_END_T: 0.0 || AGG, AGG_START_T: 0.0, AGG_END_T: 0.0 || EVAL, EVAL_START_T: 1765449118.4967115, EVAL_END_T: 1765449119.0817533 || RECV, RECV_START_T: 0.0, RECV_END_T: 0.0 || DIST, DIST_START_T: 0.0, DIST_END_T: 0.0 || LOAD, LOAD_START_T: 1765449089.1780064, LOAD_END_T: 1765449095.9045262 || MSG_MTo, MSG_MTo_START_T: 0.0, MSG_MTo_END_T: 0.0
Loaded FEMNIST test split partition_id=42 with 330 samples
Wall-clock time: 1765449151.0786955 ||Test loss: 1.2357 || Test accuracy: 0.6818 || CPU time: 7.0477 || CPU utilization: 0.2203 || R#708's duration (s): 31.9969 || Cumulative runtime (s): 24531.9471 || Loading data delay (s): 6.9512 || Eval delay (s): 0.5496 || Agg delay (s): 0.0000 || Coordination delay (s): 0.0000 || DIST task delay: 0.0000 || RECV task delay: 0.0000 || Queueing delay: 0.0000 || MSG (from mid) Ave. delay: 0.0000 || Total cache delay: 0.0000 || Ave. cache delay: 0.0000
[R#708] CUMULATIVE_RUNTIME_SEC=24531.9471
Top Aggregator Timestamps: CACHE, CACHE_START_T: 0.0, CACHE_END_T: 0.0 || AGG, AGG_START_T: 0.0, AGG_END_T: 0.0 || EVAL, EVAL_START_T: 1765449150.5290723, EVAL_END_T: 1765449151.0786633 || RECV, RECV_START_T: 0.0, RECV_END_T: 0.0 || DIST, DIST_START_T: 0.0, DIST_END_T: 0.0 || LOAD, LOAD_START_T: 1765449119.0845995, LOAD_END_T: 1765449126.0358207 || MSG_MTo, MSG_MTo_START_T: 0.0, MSG_MTo_END_T: 0.0
Loaded FEMNIST test split partition_id=42 with 330 samples
Wall-clock time: 1765449181.7360008 ||Test loss: 1.0834 || Test accuracy: 0.7545 || CPU time: 7.0724 || CPU utilization: 0.2307 || R#709's duration (s): 30.6573 || Cumulative runtime (s): 24562.6044 || Loading data delay (s): 6.5613 || Eval delay (s): 0.5466 || Agg delay (s): 0.0000 || Coordination delay (s): 0.0000 || DIST task delay: 0.0000 || RECV task delay: 0.0000 || Queueing delay: 0.0000 || MSG (from mid) Ave. delay: 0.0000 || Total cache delay: 0.0000 || Ave. cache delay: 0.0000
[R#709] CUMULATIVE_RUNTIME_SEC=24562.6044
Top Aggregator Timestamps: CACHE, CACHE_START_T: 0.0, CACHE_END_T: 0.0 || AGG, AGG_START_T: 0.0, AGG_END_T: 0.0 || EVAL, EVAL_START_T: 1765449181.1893678, EVAL_END_T: 1765449181.7359743 || RECV, RECV_START_T: 0.0, RECV_END_T: 0.0 || DIST, DIST_START_T: 0.0, DIST_END_T: 0.0 || LOAD, LOAD_START_T: 1765449151.0815, LOAD_END_T: 1765449157.6428208 || MSG_MTo, MSG_MTo_START_T: 0.0, MSG_MTo_END_T: 0.0
Loaded FEMNIST test split partition_id=23 with 418 samples
Wall-clock time: 1765449216.4186394 ||Test loss: 0.4449 || Test accuracy: 0.8469 || CPU time: 8.7628 || CPU utilization: 0.2527 || R#710's duration (s): 34.6826 || Cumulative runtime (s): 24597.2871 || Loading data delay (s): 6.9132 || Eval delay (s): 0.6771 || Agg delay (s): 0.0000 || Coordination delay (s): 0.0000 || DIST task delay: 0.0000 || RECV task delay: 0.0000 || Queueing delay: 0.0000 || MSG (from mid) Ave. delay: 0.0000 || Total cache delay: 0.0000 || Ave. cache delay: 0.0000
[R#710] CUMULATIVE_RUNTIME_SEC=24597.2871
Top Aggregator Timestamps: CACHE, CACHE_START_T: 0.0, CACHE_END_T: 0.0 || AGG, AGG_START_T: 0.0, AGG_END_T: 0.0 || EVAL, EVAL_START_T: 1765449215.7414582, EVAL_END_T: 1765449216.418608 || RECV, RECV_START_T: 0.0, RECV_END_T: 0.0 || DIST, DIST_START_T: 0.0, DIST_END_T: 0.0 || LOAD, LOAD_START_T: 1765449181.7387795, LOAD_END_T: 1765449188.652006 || MSG_MTo, MSG_MTo_START_T: 0.0, MSG_MTo_END_T: 0.0
Loaded FEMNIST test split partition_id=4 with 315 samples
Wall-clock time: 1765449248.798117 ||Test loss: 1.0868 || Test accuracy: 0.6730 || CPU time: 6.6489 || CPU utilization: 0.2053 || R#711's duration (s): 32.3795 || Cumulative runtime (s): 24629.6666 || Loading data delay (s): 6.5282 || Eval delay (s): 0.5200 || Agg delay (s): 0.0000 || Coordination delay (s): 0.0000 || DIST task delay: 0.0000 || RECV task delay: 0.0000 || Queueing delay: 0.0000 || MSG (from mid) Ave. delay: 0.0000 || Total cache delay: 0.0000 || Ave. cache delay: 0.0000
[R#711] CUMULATIVE_RUNTIME_SEC=24629.6666
Top Aggregator Timestamps: CACHE, CACHE_START_T: 0.0, CACHE_END_T: 0.0 || AGG, AGG_START_T: 0.0, AGG_END_T: 0.0 || EVAL, EVAL_START_T: 1765449248.278074, EVAL_END_T: 1765449248.798092 || RECV, RECV_START_T: 0.0, RECV_END_T: 0.0 || DIST, DIST_START_T: 0.0, DIST_END_T: 0.0 || LOAD, LOAD_START_T: 1765449216.421869, LOAD_END_T: 1765449222.9500985 || MSG_MTo, MSG_MTo_START_T: 0.0, MSG_MTo_END_T: 0.0
Loaded FEMNIST test split partition_id=55 with 373 samples
Wall-clock time: 1765449282.8995848 ||Test loss: 1.0454 || Test accuracy: 0.6944 || CPU time: 8.2260 || CPU utilization: 0.2412 || R#712's duration (s): 34.1015 || Cumulative runtime (s): 24663.7680 || Loading data delay (s): 6.6122 || Eval delay (s): 0.6228 || Agg delay (s): 0.0000 || Coordination delay (s): 0.0000 || DIST task delay: 0.0000 || RECV task delay: 0.0000 || Queueing delay: 0.0000 || MSG (from mid) Ave. delay: 0.0000 || Total cache delay: 0.0000 || Ave. cache delay: 0.0000
[R#712] CUMULATIVE_RUNTIME_SEC=24663.7680
Top Aggregator Timestamps: CACHE, CACHE_START_T: 0.0, CACHE_END_T: 0.0 || AGG, AGG_START_T: 0.0, AGG_END_T: 0.0 || EVAL, EVAL_START_T: 1765449282.2767491, EVAL_END_T: 1765449282.899539 || RECV, RECV_START_T: 0.0, RECV_END_T: 0.0 || DIST, DIST_START_T: 0.0, DIST_END_T: 0.0 || LOAD, LOAD_START_T: 1765449248.8009207, LOAD_END_T: 1765449255.4131238 || MSG_MTo, MSG_MTo_START_T: 0.0, MSG_MTo_END_T: 0.0
Loaded FEMNIST test split partition_id=55 with 373 samples
Wall-clock time: 1765449309.7141047 ||Test loss: 1.4707 || Test accuracy: 0.6381 || CPU time: 8.1689 || CPU utilization: 0.3046 || R#713's duration (s): 26.8145 || Cumulative runtime (s): 24690.5826 || Loading data delay (s): 7.0722 || Eval delay (s): 0.6331 || Agg delay (s): 0.0000 || Coordination delay (s): 0.0000 || DIST task delay: 0.0000 || RECV task delay: 0.0000 || Queueing delay: 0.0000 || MSG (from mid) Ave. delay: 0.0000 || Total cache delay: 0.0000 || Ave. cache delay: 0.0000
[R#713] CUMULATIVE_RUNTIME_SEC=24690.5826
Top Aggregator Timestamps: CACHE, CACHE_START_T: 0.0, CACHE_END_T: 0.0 || AGG, AGG_START_T: 0.0, AGG_END_T: 0.0 || EVAL, EVAL_START_T: 1765449309.0809884, EVAL_END_T: 1765449309.7140808 || RECV, RECV_START_T: 0.0, RECV_END_T: 0.0 || DIST, DIST_START_T: 0.0, DIST_END_T: 0.0 || LOAD, LOAD_START_T: 1765449282.9029167, LOAD_END_T: 1765449289.9751222 || MSG_MTo, MSG_MTo_START_T: 0.0, MSG_MTo_END_T: 0.0
Loaded FEMNIST test split partition_id=30 with 284 samples
Wall-clock time: 1765449346.3039806 ||Test loss: 0.5793 || Test accuracy: 0.8239 || CPU time: 6.2835 || CPU utilization: 0.1717 || R#714's duration (s): 36.5899 || Cumulative runtime (s): 24727.1724 || Loading data delay (s): 6.6928 || Eval delay (s): 0.4882 || Agg delay (s): 0.0000 || Coordination delay (s): 0.0000 || DIST task delay: 0.0000 || RECV task delay: 0.0000 || Queueing delay: 0.0000 || MSG (from mid) Ave. delay: 0.0000 || Total cache delay: 0.0000 || Ave. cache delay: 0.0000
[R#714] CUMULATIVE_RUNTIME_SEC=24727.1724
Top Aggregator Timestamps: CACHE, CACHE_START_T: 0.0, CACHE_END_T: 0.0 || AGG, AGG_START_T: 0.0, AGG_END_T: 0.0 || EVAL, EVAL_START_T: 1765449345.8157465, EVAL_END_T: 1765449346.3039439 || RECV, RECV_START_T: 0.0, RECV_END_T: 0.0 || DIST, DIST_START_T: 0.0, DIST_END_T: 0.0 || LOAD, LOAD_START_T: 1765449309.7169113, LOAD_END_T: 1765449316.4096804 || MSG_MTo, MSG_MTo_START_T: 0.0, MSG_MTo_END_T: 0.0
Loaded FEMNIST test split partition_id=56 with 343 samples
Wall-clock time: 1765449378.705222 ||Test loss: 0.4721 || Test accuracy: 0.8513 || CPU time: 7.7430 || CPU utilization: 0.2390 || R#715's duration (s): 32.4012 || Cumulative runtime (s): 24759.5737 || Loading data delay (s): 6.7830 || Eval delay (s): 0.6009 || Agg delay (s): 0.0000 || Coordination delay (s): 0.0000 || DIST task delay: 0.0000 || RECV task delay: 0.0000 || Queueing delay: 0.0000 || MSG (from mid) Ave. delay: 0.0000 || Total cache delay: 0.0000 || Ave. cache delay: 0.0000
[R#715] CUMULATIVE_RUNTIME_SEC=24759.5737
Top Aggregator Timestamps: CACHE, CACHE_START_T: 0.0, CACHE_END_T: 0.0 || AGG, AGG_START_T: 0.0, AGG_END_T: 0.0 || EVAL, EVAL_START_T: 1765449378.1042476, EVAL_END_T: 1765449378.7051818 || RECV, RECV_START_T: 0.0, RECV_END_T: 0.0 || DIST, DIST_START_T: 0.0, DIST_END_T: 0.0 || LOAD, LOAD_START_T: 1765449346.3067753, LOAD_END_T: 1765449353.0897365 || MSG_MTo, MSG_MTo_START_T: 0.0, MSG_MTo_END_T: 0.0
Loaded FEMNIST test split partition_id=28 with 399 samples
Wall-clock time: 1765449416.1952705 ||Test loss: 0.4665 || Test accuracy: 0.8622 || CPU time: 8.7714 || CPU utilization: 0.2340 || R#716's duration (s): 37.4900 || Cumulative runtime (s): 24797.0637 || Loading data delay (s): 6.4489 || Eval delay (s): 0.6694 || Agg delay (s): 0.0000 || Coordination delay (s): 0.0000 || DIST task delay: 0.0000 || RECV task delay: 0.0000 || Queueing delay: 0.0000 || MSG (from mid) Ave. delay: 0.0000 || Total cache delay: 0.0000 || Ave. cache delay: 0.0000
[R#716] CUMULATIVE_RUNTIME_SEC=24797.0637
Top Aggregator Timestamps: CACHE, CACHE_START_T: 0.0, CACHE_END_T: 0.0 || AGG, AGG_START_T: 0.0, AGG_END_T: 0.0 || EVAL, EVAL_START_T: 1765449415.525867, EVAL_END_T: 1765449416.195231 || RECV, RECV_START_T: 0.0, RECV_END_T: 0.0 || DIST, DIST_START_T: 0.0, DIST_END_T: 0.0 || LOAD, LOAD_START_T: 1765449378.7086387, LOAD_END_T: 1765449385.157569 || MSG_MTo, MSG_MTo_START_T: 0.0, MSG_MTo_END_T: 0.0
Loaded FEMNIST test split partition_id=30 with 284 samples
Wall-clock time: 1765449452.8044124 ||Test loss: 0.4836 || Test accuracy: 0.8486 || CPU time: 6.1988 || CPU utilization: 0.1693 || R#717's duration (s): 36.6091 || Cumulative runtime (s): 24833.6729 || Loading data delay (s): 6.7870 || Eval delay (s): 0.4814 || Agg delay (s): 0.0000 || Coordination delay (s): 0.0000 || DIST task delay: 0.0000 || RECV task delay: 0.0000 || Queueing delay: 0.0000 || MSG (from mid) Ave. delay: 0.0000 || Total cache delay: 0.0000 || Ave. cache delay: 0.0000
[R#717] CUMULATIVE_RUNTIME_SEC=24833.6729
Top Aggregator Timestamps: CACHE, CACHE_START_T: 0.0, CACHE_END_T: 0.0 || AGG, AGG_START_T: 0.0, AGG_END_T: 0.0 || EVAL, EVAL_START_T: 1765449452.323029, EVAL_END_T: 1765449452.8043864 || RECV, RECV_START_T: 0.0, RECV_END_T: 0.0 || DIST, DIST_START_T: 0.0, DIST_END_T: 0.0 || LOAD, LOAD_START_T: 1765449416.1981792, LOAD_END_T: 1765449422.9852076 || MSG_MTo, MSG_MTo_START_T: 0.0, MSG_MTo_END_T: 0.0
Loaded FEMNIST test split partition_id=7 with 375 samples
Wall-clock time: 1765449487.4017088 ||Test loss: 0.5936 || Test accuracy: 0.7813 || CPU time: 7.8723 || CPU utilization: 0.2275 || R#718's duration (s): 34.5973 || Cumulative runtime (s): 24868.2702 || Loading data delay (s): 7.0825 || Eval delay (s): 0.6102 || Agg delay (s): 0.0000 || Coordination delay (s): 0.0000 || DIST task delay: 0.0000 || RECV task delay: 0.0000 || Queueing delay: 0.0000 || MSG (from mid) Ave. delay: 0.0000 || Total cache delay: 0.0000 || Ave. cache delay: 0.0000
[R#718] CUMULATIVE_RUNTIME_SEC=24868.2702
Top Aggregator Timestamps: CACHE, CACHE_START_T: 0.0, CACHE_END_T: 0.0 || AGG, AGG_START_T: 0.0, AGG_END_T: 0.0 || EVAL, EVAL_START_T: 1765449486.7914717, EVAL_END_T: 1765449487.4016874 || RECV, RECV_START_T: 0.0, RECV_END_T: 0.0 || DIST, DIST_START_T: 0.0, DIST_END_T: 0.0 || LOAD, LOAD_START_T: 1765449452.8074634, LOAD_END_T: 1765449459.8899603 || MSG_MTo, MSG_MTo_START_T: 0.0, MSG_MTo_END_T: 0.0
Loaded FEMNIST test split partition_id=2 with 404 samples
Wall-clock time: 1765449521.8318174 ||Test loss: 0.4404 || Test accuracy: 0.8837 || CPU time: 8.6159 || CPU utilization: 0.2502 || R#719's duration (s): 34.4301 || Cumulative runtime (s): 24902.7003 || Loading data delay (s): 6.4387 || Eval delay (s): 0.6610 || Agg delay (s): 0.0000 || Coordination delay (s): 0.0000 || DIST task delay: 0.0000 || RECV task delay: 0.0000 || Queueing delay: 0.0000 || MSG (from mid) Ave. delay: 0.0000 || Total cache delay: 0.0000 || Ave. cache delay: 0.0000
[R#719] CUMULATIVE_RUNTIME_SEC=24902.7003
Top Aggregator Timestamps: CACHE, CACHE_START_T: 0.0, CACHE_END_T: 0.0 || AGG, AGG_START_T: 0.0, AGG_END_T: 0.0 || EVAL, EVAL_START_T: 1765449521.1708186, EVAL_END_T: 1765449521.8317769 || RECV, RECV_START_T: 0.0, RECV_END_T: 0.0 || DIST, DIST_START_T: 0.0, DIST_END_T: 0.0 || LOAD, LOAD_START_T: 1765449487.4044034, LOAD_END_T: 1765449493.843065 || MSG_MTo, MSG_MTo_START_T: 0.0, MSG_MTo_END_T: 0.0
Loaded FEMNIST test split partition_id=1 with 413 samples
Wall-clock time: 1765449556.996829 ||Test loss: 0.2935 || Test accuracy: 0.9031 || CPU time: 8.6259 || CPU utilization: 0.2453 || R#720's duration (s): 35.1650 || Cumulative runtime (s): 24937.8653 || Loading data delay (s): 6.8608 || Eval delay (s): 0.6663 || Agg delay (s): 0.0000 || Coordination delay (s): 0.0000 || DIST task delay: 0.0000 || RECV task delay: 0.0000 || Queueing delay: 0.0000 || MSG (from mid) Ave. delay: 0.0000 || Total cache delay: 0.0000 || Ave. cache delay: 0.0000
[R#720] CUMULATIVE_RUNTIME_SEC=24937.8653
Top Aggregator Timestamps: CACHE, CACHE_START_T: 0.0, CACHE_END_T: 0.0 || AGG, AGG_START_T: 0.0, AGG_END_T: 0.0 || EVAL, EVAL_START_T: 1765449556.3304539, EVAL_END_T: 1765449556.9968016 || RECV, RECV_START_T: 0.0, RECV_END_T: 0.0 || DIST, DIST_START_T: 0.0, DIST_END_T: 0.0 || LOAD, LOAD_START_T: 1765449521.834669, LOAD_END_T: 1765449528.6954985 || MSG_MTo, MSG_MTo_START_T: 0.0, MSG_MTo_END_T: 0.0
Loaded FEMNIST test split partition_id=3 with 397 samples
Wall-clock time: 1765449601.466969 ||Test loss: 0.3111 || Test accuracy: 0.8917 || CPU time: 8.4459 || CPU utilization: 0.1899 || R#721's duration (s): 44.4701 || Cumulative runtime (s): 24982.3354 || Loading data delay (s): 6.4672 || Eval delay (s): 0.6588 || Agg delay (s): 0.0000 || Coordination delay (s): 0.0000 || DIST task delay: 0.0000 || RECV task delay: 0.0000 || Queueing delay: 0.0000 || MSG (from mid) Ave. delay: 0.0000 || Total cache delay: 0.0000 || Ave. cache delay: 0.0000
[R#721] CUMULATIVE_RUNTIME_SEC=24982.3354
Top Aggregator Timestamps: CACHE, CACHE_START_T: 0.0, CACHE_END_T: 0.0 || AGG, AGG_START_T: 0.0, AGG_END_T: 0.0 || EVAL, EVAL_START_T: 1765449600.8081625, EVAL_END_T: 1765449601.466938 || RECV, RECV_START_T: 0.0, RECV_END_T: 0.0 || DIST, DIST_START_T: 0.0, DIST_END_T: 0.0 || LOAD, LOAD_START_T: 1765449556.999916, LOAD_END_T: 1765449563.4671218 || MSG_MTo, MSG_MTo_START_T: 0.0, MSG_MTo_END_T: 0.0
Loaded FEMNIST test split partition_id=39 with 373 samples
Wall-clock time: 1765449630.63318 ||Test loss: 0.4192 || Test accuracy: 0.8767 || CPU time: 8.0638 || CPU utilization: 0.2765 || R#722's duration (s): 29.1662 || Cumulative runtime (s): 25011.5016 || Loading data delay (s): 6.6773 || Eval delay (s): 0.6186 || Agg delay (s): 0.0000 || Coordination delay (s): 0.0000 || DIST task delay: 0.0000 || RECV task delay: 0.0000 || Queueing delay: 0.0000 || MSG (from mid) Ave. delay: 0.0000 || Total cache delay: 0.0000 || Ave. cache delay: 0.0000
[R#722] CUMULATIVE_RUNTIME_SEC=25011.5016
Top Aggregator Timestamps: CACHE, CACHE_START_T: 0.0, CACHE_END_T: 0.0 || AGG, AGG_START_T: 0.0, AGG_END_T: 0.0 || EVAL, EVAL_START_T: 1765449630.0145638, EVAL_END_T: 1765449630.6331518 || RECV, RECV_START_T: 0.0, RECV_END_T: 0.0 || DIST, DIST_START_T: 0.0, DIST_END_T: 0.0 || LOAD, LOAD_START_T: 1765449601.4698226, LOAD_END_T: 1765449608.1471627 || MSG_MTo, MSG_MTo_START_T: 0.0, MSG_MTo_END_T: 0.0
Loaded FEMNIST test split partition_id=48 with 131 samples
Wall-clock time: 1765449675.555471 ||Test loss: 3.4425 || Test accuracy: 0.3282 || CPU time: 3.1943 || CPU utilization: 0.0711 || R#723's duration (s): 44.9223 || Cumulative runtime (s): 25056.4239 || Loading data delay (s): 6.9068 || Eval delay (s): 0.2417 || Agg delay (s): 0.0000 || Coordination delay (s): 0.0000 || DIST task delay: 0.0000 || RECV task delay: 0.0000 || Queueing delay: 0.0000 || MSG (from mid) Ave. delay: 0.0000 || Total cache delay: 0.0000 || Ave. cache delay: 0.0000
[R#723] CUMULATIVE_RUNTIME_SEC=25056.4239
Top Aggregator Timestamps: CACHE, CACHE_START_T: 0.0, CACHE_END_T: 0.0 || AGG, AGG_START_T: 0.0, AGG_END_T: 0.0 || EVAL, EVAL_START_T: 1765449675.3137298, EVAL_END_T: 1765449675.5554383 || RECV, RECV_START_T: 0.0, RECV_END_T: 0.0 || DIST, DIST_START_T: 0.0, DIST_END_T: 0.0 || LOAD, LOAD_START_T: 1765449630.6360495, LOAD_END_T: 1765449637.5428543 || MSG_MTo, MSG_MTo_START_T: 0.0, MSG_MTo_END_T: 0.0
Loaded FEMNIST test split partition_id=65 with 379 samples
Wall-clock time: 1765449712.2606208 ||Test loss: 0.2040 || Test accuracy: 0.9340 || CPU time: 8.1000 || CPU utilization: 0.2207 || R#724's duration (s): 36.7051 || Cumulative runtime (s): 25093.1291 || Loading data delay (s): 6.5094 || Eval delay (s): 0.6218 || Agg delay (s): 0.0000 || Coordination delay (s): 0.0000 || DIST task delay: 0.0000 || RECV task delay: 0.0000 || Queueing delay: 0.0000 || MSG (from mid) Ave. delay: 0.0000 || Total cache delay: 0.0000 || Ave. cache delay: 0.0000
[R#724] CUMULATIVE_RUNTIME_SEC=25093.1291
Top Aggregator Timestamps: CACHE, CACHE_START_T: 0.0, CACHE_END_T: 0.0 || AGG, AGG_START_T: 0.0, AGG_END_T: 0.0 || EVAL, EVAL_START_T: 1765449711.6388452, EVAL_END_T: 1765449712.2605956 || RECV, RECV_START_T: 0.0, RECV_END_T: 0.0 || DIST, DIST_START_T: 0.0, DIST_END_T: 0.0 || LOAD, LOAD_START_T: 1765449675.5589364, LOAD_END_T: 1765449682.0683324 || MSG_MTo, MSG_MTo_START_T: 0.0, MSG_MTo_END_T: 0.0
Loaded FEMNIST test split partition_id=33 with 337 samples
Wall-clock time: 1765449740.4730446 ||Test loss: 0.8009 || Test accuracy: 0.7359 || CPU time: 7.1548 || CPU utilization: 0.2536 || R#725's duration (s): 28.2124 || Cumulative runtime (s): 25121.3415 || Loading data delay (s): 6.7539 || Eval delay (s): 0.5557 || Agg delay (s): 0.0000 || Coordination delay (s): 0.0000 || DIST task delay: 0.0000 || RECV task delay: 0.0000 || Queueing delay: 0.0000 || MSG (from mid) Ave. delay: 0.0000 || Total cache delay: 0.0000 || Ave. cache delay: 0.0000
[R#725] CUMULATIVE_RUNTIME_SEC=25121.3415
Top Aggregator Timestamps: CACHE, CACHE_START_T: 0.0, CACHE_END_T: 0.0 || AGG, AGG_START_T: 0.0, AGG_END_T: 0.0 || EVAL, EVAL_START_T: 1765449739.9173648, EVAL_END_T: 1765449740.4730222 || RECV, RECV_START_T: 0.0, RECV_END_T: 0.0 || DIST, DIST_START_T: 0.0, DIST_END_T: 0.0 || LOAD, LOAD_START_T: 1765449712.263488, LOAD_END_T: 1765449719.0174172 || MSG_MTo, MSG_MTo_START_T: 0.0, MSG_MTo_END_T: 0.0
Loaded FEMNIST test split partition_id=36 with 384 samples
Wall-clock time: 1765449774.909045 ||Test loss: 0.6734 || Test accuracy: 0.7917 || CPU time: 8.6662 || CPU utilization: 0.2517 || R#726's duration (s): 34.4360 || Cumulative runtime (s): 25155.7775 || Loading data delay (s): 6.3445 || Eval delay (s): 0.6717 || Agg delay (s): 0.0000 || Coordination delay (s): 0.0000 || DIST task delay: 0.0000 || RECV task delay: 0.0000 || Queueing delay: 0.0000 || MSG (from mid) Ave. delay: 0.0000 || Total cache delay: 0.0000 || Ave. cache delay: 0.0000
[R#726] CUMULATIVE_RUNTIME_SEC=25155.7775
Top Aggregator Timestamps: CACHE, CACHE_START_T: 0.0, CACHE_END_T: 0.0 || AGG, AGG_START_T: 0.0, AGG_END_T: 0.0 || EVAL, EVAL_START_T: 1765449774.23732, EVAL_END_T: 1765449774.909019 || RECV, RECV_START_T: 0.0, RECV_END_T: 0.0 || DIST, DIST_START_T: 0.0, DIST_END_T: 0.0 || LOAD, LOAD_START_T: 1765449740.4757535, LOAD_END_T: 1765449746.82023 || MSG_MTo, MSG_MTo_START_T: 0.0, MSG_MTo_END_T: 0.0
