Loaded FEMNIST test split partition_id=29 with 247 samples
Wall-clock time: 1765402572.3118224 ||Test loss: 3.8929 || Test accuracy: 0.0526 || CPU time: 5.7970 || CPU utilization: 0.0844 || R#1's duration (s): 68.6573 || Cumulative runtime (s): 68.6573 || Loading data delay (s): 7.0632 || Eval delay (s): 0.4179 || Agg delay (s): 0.0000 || Coordination delay (s): 0.0000 || DIST task delay: 0.0000 || RECV task delay: 0.0000 || Queueing delay: 0.0000 || MSG (from mid) Ave. delay: 0.0000 || Total cache delay: 0.0000 || Ave. cache delay: 0.0000
[R#1] CUMULATIVE_RUNTIME_SEC=68.6573
Top Aggregator Timestamps: CACHE, CACHE_START_T: 0.0, CACHE_END_T: 0.0 || AGG, AGG_START_T: 0.0, AGG_END_T: 0.0 || EVAL, EVAL_START_T: 1765402571.8939426, EVAL_END_T: 1765402572.3117998 || RECV, RECV_START_T: 0.0, RECV_END_T: 0.0 || DIST, DIST_START_T: 0.0, DIST_END_T: 0.0 || LOAD, LOAD_START_T: 1765402504.0900564, LOAD_END_T: 1765402511.1532547 || MSG_MTo, MSG_MTo_START_T: 0.0, MSG_MTo_END_T: 0.0
Loaded FEMNIST test split partition_id=21 with 292 samples
Wall-clock time: 1765402653.8656418 ||Test loss: 3.7656 || Test accuracy: 0.0445 || CPU time: 6.8785 || CPU utilization: 0.0843 || R#2's duration (s): 81.5538 || Cumulative runtime (s): 150.2111 || Loading data delay (s): 5.9868 || Eval delay (s): 0.4915 || Agg delay (s): 0.0000 || Coordination delay (s): 0.0000 || DIST task delay: 0.0000 || RECV task delay: 0.0000 || Queueing delay: 0.0000 || MSG (from mid) Ave. delay: 0.0000 || Total cache delay: 0.0000 || Ave. cache delay: 0.0000
[R#2] CUMULATIVE_RUNTIME_SEC=150.2111
Top Aggregator Timestamps: CACHE, CACHE_START_T: 0.0, CACHE_END_T: 0.0 || AGG, AGG_START_T: 0.0, AGG_END_T: 0.0 || EVAL, EVAL_START_T: 1765402653.3741198, EVAL_END_T: 1765402653.8656228 || RECV, RECV_START_T: 0.0, RECV_END_T: 0.0 || DIST, DIST_START_T: 0.0, DIST_END_T: 0.0 || LOAD, LOAD_START_T: 1765402572.3155234, LOAD_END_T: 1765402578.302332 || MSG_MTo, MSG_MTo_START_T: 0.0, MSG_MTo_END_T: 0.0
Loaded FEMNIST test split partition_id=27 with 446 samples
Wall-clock time: 1765402743.5099401 ||Test loss: 3.9867 || Test accuracy: 0.0291 || CPU time: 9.7791 || CPU utilization: 0.1091 || R#3's duration (s): 89.6443 || Cumulative runtime (s): 239.8554 || Loading data delay (s): 6.6011 || Eval delay (s): 0.7141 || Agg delay (s): 0.0000 || Coordination delay (s): 0.0000 || DIST task delay: 0.0000 || RECV task delay: 0.0000 || Queueing delay: 0.0000 || MSG (from mid) Ave. delay: 0.0000 || Total cache delay: 0.0000 || Ave. cache delay: 0.0000
[R#3] CUMULATIVE_RUNTIME_SEC=239.8554
Top Aggregator Timestamps: CACHE, CACHE_START_T: 0.0, CACHE_END_T: 0.0 || AGG, AGG_START_T: 0.0, AGG_END_T: 0.0 || EVAL, EVAL_START_T: 1765402742.795796, EVAL_END_T: 1765402743.5099194 || RECV, RECV_START_T: 0.0, RECV_END_T: 0.0 || DIST, DIST_START_T: 0.0, DIST_END_T: 0.0 || LOAD, LOAD_START_T: 1765402653.8691611, LOAD_END_T: 1765402660.4702582 || MSG_MTo, MSG_MTo_START_T: 0.0, MSG_MTo_END_T: 0.0
Loaded FEMNIST test split partition_id=9 with 377 samples
Wall-clock time: 1765402811.799855 ||Test loss: 4.0016 || Test accuracy: 0.0318 || CPU time: 8.6141 || CPU utilization: 0.1261 || R#4's duration (s): 68.2899 || Cumulative runtime (s): 308.1453 || Loading data delay (s): 6.3024 || Eval delay (s): 0.6262 || Agg delay (s): 0.0000 || Coordination delay (s): 0.0000 || DIST task delay: 0.0000 || RECV task delay: 0.0000 || Queueing delay: 0.0000 || MSG (from mid) Ave. delay: 0.0000 || Total cache delay: 0.0000 || Ave. cache delay: 0.0000
[R#4] CUMULATIVE_RUNTIME_SEC=308.1453
Top Aggregator Timestamps: CACHE, CACHE_START_T: 0.0, CACHE_END_T: 0.0 || AGG, AGG_START_T: 0.0, AGG_END_T: 0.0 || EVAL, EVAL_START_T: 1765402811.1736553, EVAL_END_T: 1765402811.7998288 || RECV, RECV_START_T: 0.0, RECV_END_T: 0.0 || DIST, DIST_START_T: 0.0, DIST_END_T: 0.0 || LOAD, LOAD_START_T: 1765402743.5135145, LOAD_END_T: 1765402749.8158894 || MSG_MTo, MSG_MTo_START_T: 0.0, MSG_MTo_END_T: 0.0
Loaded FEMNIST test split partition_id=61 with 356 samples
Wall-clock time: 1765402875.2882853 ||Test loss: 4.2785 || Test accuracy: 0.0365 || CPU time: 8.3261 || CPU utilization: 0.1311 || R#5's duration (s): 63.4884 || Cumulative runtime (s): 371.6338 || Loading data delay (s): 6.6446 || Eval delay (s): 0.6036 || Agg delay (s): 0.0000 || Coordination delay (s): 0.0000 || DIST task delay: 0.0000 || RECV task delay: 0.0000 || Queueing delay: 0.0000 || MSG (from mid) Ave. delay: 0.0000 || Total cache delay: 0.0000 || Ave. cache delay: 0.0000
[R#5] CUMULATIVE_RUNTIME_SEC=371.6338
Top Aggregator Timestamps: CACHE, CACHE_START_T: 0.0, CACHE_END_T: 0.0 || AGG, AGG_START_T: 0.0, AGG_END_T: 0.0 || EVAL, EVAL_START_T: 1765402874.6846888, EVAL_END_T: 1765402875.288257 || RECV, RECV_START_T: 0.0, RECV_END_T: 0.0 || DIST, DIST_START_T: 0.0, DIST_END_T: 0.0 || LOAD, LOAD_START_T: 1765402811.8034604, LOAD_END_T: 1765402818.4481015 || MSG_MTo, MSG_MTo_START_T: 0.0, MSG_MTo_END_T: 0.0
Loaded FEMNIST test split partition_id=30 with 284 samples
Wall-clock time: 1765402947.588679 ||Test loss: 3.9723 || Test accuracy: 0.0458 || CPU time: 6.8073 || CPU utilization: 0.0942 || R#6's duration (s): 72.3004 || Cumulative runtime (s): 443.9342 || Loading data delay (s): 6.3371 || Eval delay (s): 0.5029 || Agg delay (s): 0.0000 || Coordination delay (s): 0.0000 || DIST task delay: 0.0000 || RECV task delay: 0.0000 || Queueing delay: 0.0000 || MSG (from mid) Ave. delay: 0.0000 || Total cache delay: 0.0000 || Ave. cache delay: 0.0000
[R#6] CUMULATIVE_RUNTIME_SEC=443.9342
Top Aggregator Timestamps: CACHE, CACHE_START_T: 0.0, CACHE_END_T: 0.0 || AGG, AGG_START_T: 0.0, AGG_END_T: 0.0 || EVAL, EVAL_START_T: 1765402947.085769, EVAL_END_T: 1765402947.5886545 || RECV, RECV_START_T: 0.0, RECV_END_T: 0.0 || DIST, DIST_START_T: 0.0, DIST_END_T: 0.0 || LOAD, LOAD_START_T: 1765402875.291887, LOAD_END_T: 1765402881.6289465 || MSG_MTo, MSG_MTo_START_T: 0.0, MSG_MTo_END_T: 0.0
Loaded FEMNIST test split partition_id=64 with 355 samples
Wall-clock time: 1765403025.4231918 ||Test loss: 4.1133 || Test accuracy: 0.0479 || CPU time: 8.4019 || CPU utilization: 0.1079 || R#7's duration (s): 77.8345 || Cumulative runtime (s): 521.7687 || Loading data delay (s): 6.8094 || Eval delay (s): 0.6139 || Agg delay (s): 0.0000 || Coordination delay (s): 0.0000 || DIST task delay: 0.0000 || RECV task delay: 0.0000 || Queueing delay: 0.0000 || MSG (from mid) Ave. delay: 0.0000 || Total cache delay: 0.0000 || Ave. cache delay: 0.0000
[R#7] CUMULATIVE_RUNTIME_SEC=521.7687
Top Aggregator Timestamps: CACHE, CACHE_START_T: 0.0, CACHE_END_T: 0.0 || AGG, AGG_START_T: 0.0, AGG_END_T: 0.0 || EVAL, EVAL_START_T: 1765403024.8092356, EVAL_END_T: 1765403025.4231536 || RECV, RECV_START_T: 0.0, RECV_END_T: 0.0 || DIST, DIST_START_T: 0.0, DIST_END_T: 0.0 || LOAD, LOAD_START_T: 1765402947.592052, LOAD_END_T: 1765402954.4014826 || MSG_MTo, MSG_MTo_START_T: 0.0, MSG_MTo_END_T: 0.0
Loaded FEMNIST test split partition_id=19 with 377 samples
Wall-clock time: 1765403099.051448 ||Test loss: 3.6165 || Test accuracy: 0.0557 || CPU time: 7.9384 || CPU utilization: 0.1078 || R#8's duration (s): 73.6283 || Cumulative runtime (s): 595.3969 || Loading data delay (s): 6.4642 || Eval delay (s): 0.6054 || Agg delay (s): 0.0000 || Coordination delay (s): 0.0000 || DIST task delay: 0.0000 || RECV task delay: 0.0000 || Queueing delay: 0.0000 || MSG (from mid) Ave. delay: 0.0000 || Total cache delay: 0.0000 || Ave. cache delay: 0.0000
[R#8] CUMULATIVE_RUNTIME_SEC=595.3969
Top Aggregator Timestamps: CACHE, CACHE_START_T: 0.0, CACHE_END_T: 0.0 || AGG, AGG_START_T: 0.0, AGG_END_T: 0.0 || EVAL, EVAL_START_T: 1765403098.4460268, EVAL_END_T: 1765403099.0514126 || RECV, RECV_START_T: 0.0, RECV_END_T: 0.0 || DIST, DIST_START_T: 0.0, DIST_END_T: 0.0 || LOAD, LOAD_START_T: 1765403025.4270065, LOAD_END_T: 1765403031.8911877 || MSG_MTo, MSG_MTo_START_T: 0.0, MSG_MTo_END_T: 0.0
Loaded FEMNIST test split partition_id=67 with 253 samples
Wall-clock time: 1765403167.5647924 ||Test loss: 2.9552 || Test accuracy: 0.2569 || CPU time: 5.4341 || CPU utilization: 0.0793 || R#9's duration (s): 68.5133 || Cumulative runtime (s): 663.9103 || Loading data delay (s): 6.2403 || Eval delay (s): 0.3970 || Agg delay (s): 0.0000 || Coordination delay (s): 0.0000 || DIST task delay: 0.0000 || RECV task delay: 0.0000 || Queueing delay: 0.0000 || MSG (from mid) Ave. delay: 0.0000 || Total cache delay: 0.0000 || Ave. cache delay: 0.0000
[R#9] CUMULATIVE_RUNTIME_SEC=663.9103
Top Aggregator Timestamps: CACHE, CACHE_START_T: 0.0, CACHE_END_T: 0.0 || AGG, AGG_START_T: 0.0, AGG_END_T: 0.0 || EVAL, EVAL_START_T: 1765403167.1678145, EVAL_END_T: 1765403167.5647733 || RECV, RECV_START_T: 0.0, RECV_END_T: 0.0 || DIST, DIST_START_T: 0.0, DIST_END_T: 0.0 || LOAD, LOAD_START_T: 1765403099.0552046, LOAD_END_T: 1765403105.295508 || MSG_MTo, MSG_MTo_START_T: 0.0, MSG_MTo_END_T: 0.0
Loaded FEMNIST test split partition_id=60 with 303 samples
Wall-clock time: 1765403231.8123925 ||Test loss: 2.7388 || Test accuracy: 0.2772 || CPU time: 6.5422 || CPU utilization: 0.1018 || R#10's duration (s): 64.2476 || Cumulative runtime (s): 728.1579 || Loading data delay (s): 6.3574 || Eval delay (s): 0.4842 || Agg delay (s): 0.0000 || Coordination delay (s): 0.0000 || DIST task delay: 0.0000 || RECV task delay: 0.0000 || Queueing delay: 0.0000 || MSG (from mid) Ave. delay: 0.0000 || Total cache delay: 0.0000 || Ave. cache delay: 0.0000
[R#10] CUMULATIVE_RUNTIME_SEC=728.1579
Top Aggregator Timestamps: CACHE, CACHE_START_T: 0.0, CACHE_END_T: 0.0 || AGG, AGG_START_T: 0.0, AGG_END_T: 0.0 || EVAL, EVAL_START_T: 1765403231.3281348, EVAL_END_T: 1765403231.812367 || RECV, RECV_START_T: 0.0, RECV_END_T: 0.0 || DIST, DIST_START_T: 0.0, DIST_END_T: 0.0 || LOAD, LOAD_START_T: 1765403167.5677085, LOAD_END_T: 1765403173.9250946 || MSG_MTo, MSG_MTo_START_T: 0.0, MSG_MTo_END_T: 0.0
Loaded FEMNIST test split partition_id=66 with 428 samples
Wall-clock time: 1765403297.8841295 ||Test loss: 3.0814 || Test accuracy: 0.2664 || CPU time: 9.3371 || CPU utilization: 0.1413 || R#11's duration (s): 66.0717 || Cumulative runtime (s): 794.2296 || Loading data delay (s): 6.3828 || Eval delay (s): 0.6995 || Agg delay (s): 0.0000 || Coordination delay (s): 0.0000 || DIST task delay: 0.0000 || RECV task delay: 0.0000 || Queueing delay: 0.0000 || MSG (from mid) Ave. delay: 0.0000 || Total cache delay: 0.0000 || Ave. cache delay: 0.0000
[R#11] CUMULATIVE_RUNTIME_SEC=794.2296
Top Aggregator Timestamps: CACHE, CACHE_START_T: 0.0, CACHE_END_T: 0.0 || AGG, AGG_START_T: 0.0, AGG_END_T: 0.0 || EVAL, EVAL_START_T: 1765403297.1845691, EVAL_END_T: 1765403297.884102 || RECV, RECV_START_T: 0.0, RECV_END_T: 0.0 || DIST, DIST_START_T: 0.0, DIST_END_T: 0.0 || LOAD, LOAD_START_T: 1765403231.815793, LOAD_END_T: 1765403238.1985955 || MSG_MTo, MSG_MTo_START_T: 0.0, MSG_MTo_END_T: 0.0
Loaded FEMNIST test split partition_id=35 with 416 samples
Wall-clock time: 1765403372.1795993 ||Test loss: 2.0966 || Test accuracy: 0.3894 || CPU time: 8.7409 || CPU utilization: 0.1177 || R#12's duration (s): 74.2955 || Cumulative runtime (s): 868.5251 || Loading data delay (s): 6.5146 || Eval delay (s): 0.6580 || Agg delay (s): 0.0000 || Coordination delay (s): 0.0000 || DIST task delay: 0.0000 || RECV task delay: 0.0000 || Queueing delay: 0.0000 || MSG (from mid) Ave. delay: 0.0000 || Total cache delay: 0.0000 || Ave. cache delay: 0.0000
[R#12] CUMULATIVE_RUNTIME_SEC=868.5251
Top Aggregator Timestamps: CACHE, CACHE_START_T: 0.0, CACHE_END_T: 0.0 || AGG, AGG_START_T: 0.0, AGG_END_T: 0.0 || EVAL, EVAL_START_T: 1765403371.521566, EVAL_END_T: 1765403372.17958 || RECV, RECV_START_T: 0.0, RECV_END_T: 0.0 || DIST, DIST_START_T: 0.0, DIST_END_T: 0.0 || LOAD, LOAD_START_T: 1765403297.8877003, LOAD_END_T: 1765403304.4023147 || MSG_MTo, MSG_MTo_START_T: 0.0, MSG_MTo_END_T: 0.0
Loaded FEMNIST test split partition_id=2 with 404 samples
Wall-clock time: 1765403448.320425 ||Test loss: 2.0218 || Test accuracy: 0.4208 || CPU time: 8.5812 || CPU utilization: 0.1127 || R#13's duration (s): 76.1408 || Cumulative runtime (s): 944.6659 || Loading data delay (s): 6.4518 || Eval delay (s): 0.6389 || Agg delay (s): 0.0000 || Coordination delay (s): 0.0000 || DIST task delay: 0.0000 || RECV task delay: 0.0000 || Queueing delay: 0.0000 || MSG (from mid) Ave. delay: 0.0000 || Total cache delay: 0.0000 || Ave. cache delay: 0.0000
[R#13] CUMULATIVE_RUNTIME_SEC=944.6659
Top Aggregator Timestamps: CACHE, CACHE_START_T: 0.0, CACHE_END_T: 0.0 || AGG, AGG_START_T: 0.0, AGG_END_T: 0.0 || EVAL, EVAL_START_T: 1765403447.6815405, EVAL_END_T: 1765403448.3203921 || RECV, RECV_START_T: 0.0, RECV_END_T: 0.0 || DIST, DIST_START_T: 0.0, DIST_END_T: 0.0 || LOAD, LOAD_START_T: 1765403372.1829371, LOAD_END_T: 1765403378.6347287 || MSG_MTo, MSG_MTo_START_T: 0.0, MSG_MTo_END_T: 0.0
Loaded FEMNIST test split partition_id=10 with 436 samples
Wall-clock time: 1765403514.1424851 ||Test loss: 2.3682 || Test accuracy: 0.3486 || CPU time: 9.2699 || CPU utilization: 0.1408 || R#14's duration (s): 65.8221 || Cumulative runtime (s): 1010.4880 || Loading data delay (s): 6.8998 || Eval delay (s): 0.6932 || Agg delay (s): 0.0000 || Coordination delay (s): 0.0000 || DIST task delay: 0.0000 || RECV task delay: 0.0000 || Queueing delay: 0.0000 || MSG (from mid) Ave. delay: 0.0000 || Total cache delay: 0.0000 || Ave. cache delay: 0.0000
[R#14] CUMULATIVE_RUNTIME_SEC=1010.4880
Top Aggregator Timestamps: CACHE, CACHE_START_T: 0.0, CACHE_END_T: 0.0 || AGG, AGG_START_T: 0.0, AGG_END_T: 0.0 || EVAL, EVAL_START_T: 1765403513.4492888, EVAL_END_T: 1765403514.1424575 || RECV, RECV_START_T: 0.0, RECV_END_T: 0.0 || DIST, DIST_START_T: 0.0, DIST_END_T: 0.0 || LOAD, LOAD_START_T: 1765403448.3235118, LOAD_END_T: 1765403455.2233293 || MSG_MTo, MSG_MTo_START_T: 0.0, MSG_MTo_END_T: 0.0
Loaded FEMNIST test split partition_id=51 with 396 samples
Wall-clock time: 1765403587.224498 ||Test loss: 1.7454 || Test accuracy: 0.4798 || CPU time: 8.2859 || CPU utilization: 0.1134 || R#15's duration (s): 73.0820 || Cumulative runtime (s): 1083.5700 || Loading data delay (s): 6.7620 || Eval delay (s): 0.6164 || Agg delay (s): 0.0000 || Coordination delay (s): 0.0000 || DIST task delay: 0.0000 || RECV task delay: 0.0000 || Queueing delay: 0.0000 || MSG (from mid) Ave. delay: 0.0000 || Total cache delay: 0.0000 || Ave. cache delay: 0.0000
[R#15] CUMULATIVE_RUNTIME_SEC=1083.5700
Top Aggregator Timestamps: CACHE, CACHE_START_T: 0.0, CACHE_END_T: 0.0 || AGG, AGG_START_T: 0.0, AGG_END_T: 0.0 || EVAL, EVAL_START_T: 1765403586.6080303, EVAL_END_T: 1765403587.2244768 || RECV, RECV_START_T: 0.0, RECV_END_T: 0.0 || DIST, DIST_START_T: 0.0, DIST_END_T: 0.0 || LOAD, LOAD_START_T: 1765403514.1460905, LOAD_END_T: 1765403520.9080472 || MSG_MTo, MSG_MTo_START_T: 0.0, MSG_MTo_END_T: 0.0
Loaded FEMNIST test split partition_id=67 with 253 samples
Wall-clock time: 1765403650.3611226 ||Test loss: 2.4069 || Test accuracy: 0.2964 || CPU time: 5.5977 || CPU utilization: 0.0887 || R#16's duration (s): 63.1366 || Cumulative runtime (s): 1146.7066 || Loading data delay (s): 6.3542 || Eval delay (s): 0.4174 || Agg delay (s): 0.0000 || Coordination delay (s): 0.0000 || DIST task delay: 0.0000 || RECV task delay: 0.0000 || Queueing delay: 0.0000 || MSG (from mid) Ave. delay: 0.0000 || Total cache delay: 0.0000 || Ave. cache delay: 0.0000
[R#16] CUMULATIVE_RUNTIME_SEC=1146.7066
Top Aggregator Timestamps: CACHE, CACHE_START_T: 0.0, CACHE_END_T: 0.0 || AGG, AGG_START_T: 0.0, AGG_END_T: 0.0 || EVAL, EVAL_START_T: 1765403649.9437234, EVAL_END_T: 1765403650.361093 || RECV, RECV_START_T: 0.0, RECV_END_T: 0.0 || DIST, DIST_START_T: 0.0, DIST_END_T: 0.0 || LOAD, LOAD_START_T: 1765403587.2274003, LOAD_END_T: 1765403593.5815957 || MSG_MTo, MSG_MTo_START_T: 0.0, MSG_MTo_END_T: 0.0
Loaded FEMNIST test split partition_id=18 with 383 samples
Wall-clock time: 1765403718.545104 ||Test loss: 2.1423 || Test accuracy: 0.4073 || CPU time: 7.6816 || CPU utilization: 0.1127 || R#17's duration (s): 68.1840 || Cumulative runtime (s): 1214.8906 || Loading data delay (s): 6.4059 || Eval delay (s): 0.5923 || Agg delay (s): 0.0000 || Coordination delay (s): 0.0000 || DIST task delay: 0.0000 || RECV task delay: 0.0000 || Queueing delay: 0.0000 || MSG (from mid) Ave. delay: 0.0000 || Total cache delay: 0.0000 || Ave. cache delay: 0.0000
[R#17] CUMULATIVE_RUNTIME_SEC=1214.8906
Top Aggregator Timestamps: CACHE, CACHE_START_T: 0.0, CACHE_END_T: 0.0 || AGG, AGG_START_T: 0.0, AGG_END_T: 0.0 || EVAL, EVAL_START_T: 1765403717.9528046, EVAL_END_T: 1765403718.5450814 || RECV, RECV_START_T: 0.0, RECV_END_T: 0.0 || DIST, DIST_START_T: 0.0, DIST_END_T: 0.0 || LOAD, LOAD_START_T: 1765403650.3647778, LOAD_END_T: 1765403656.7707062 || MSG_MTo, MSG_MTo_START_T: 0.0, MSG_MTo_END_T: 0.0
Loaded FEMNIST test split partition_id=44 with 343 samples
Wall-clock time: 1765403800.0844166 ||Test loss: 2.2373 || Test accuracy: 0.3294 || CPU time: 6.9591 || CPU utilization: 0.0853 || R#18's duration (s): 81.5393 || Cumulative runtime (s): 1296.4299 || Loading data delay (s): 6.8973 || Eval delay (s): 0.5184 || Agg delay (s): 0.0000 || Coordination delay (s): 0.0000 || DIST task delay: 0.0000 || RECV task delay: 0.0000 || Queueing delay: 0.0000 || MSG (from mid) Ave. delay: 0.0000 || Total cache delay: 0.0000 || Ave. cache delay: 0.0000
[R#18] CUMULATIVE_RUNTIME_SEC=1296.4299
Top Aggregator Timestamps: CACHE, CACHE_START_T: 0.0, CACHE_END_T: 0.0 || AGG, AGG_START_T: 0.0, AGG_END_T: 0.0 || EVAL, EVAL_START_T: 1765403799.5659933, EVAL_END_T: 1765403800.0843906 || RECV, RECV_START_T: 0.0, RECV_END_T: 0.0 || DIST, DIST_START_T: 0.0, DIST_END_T: 0.0 || LOAD, LOAD_START_T: 1765403718.5483646, LOAD_END_T: 1765403725.4456546 || MSG_MTo, MSG_MTo_START_T: 0.0, MSG_MTo_END_T: 0.0
Loaded FEMNIST test split partition_id=19 with 377 samples
Wall-clock time: 1765403878.2409449 ||Test loss: 1.7470 || Test accuracy: 0.5013 || CPU time: 8.0197 || CPU utilization: 0.1026 || R#19's duration (s): 78.1565 || Cumulative runtime (s): 1374.5864 || Loading data delay (s): 6.6555 || Eval delay (s): 0.5848 || Agg delay (s): 0.0000 || Coordination delay (s): 0.0000 || DIST task delay: 0.0000 || RECV task delay: 0.0000 || Queueing delay: 0.0000 || MSG (from mid) Ave. delay: 0.0000 || Total cache delay: 0.0000 || Ave. cache delay: 0.0000
[R#19] CUMULATIVE_RUNTIME_SEC=1374.5864
Top Aggregator Timestamps: CACHE, CACHE_START_T: 0.0, CACHE_END_T: 0.0 || AGG, AGG_START_T: 0.0, AGG_END_T: 0.0 || EVAL, EVAL_START_T: 1765403877.6561275, EVAL_END_T: 1765403878.2409084 || RECV, RECV_START_T: 0.0, RECV_END_T: 0.0 || DIST, DIST_START_T: 0.0, DIST_END_T: 0.0 || LOAD, LOAD_START_T: 1765403800.0878768, LOAD_END_T: 1765403806.743362 || MSG_MTo, MSG_MTo_START_T: 0.0, MSG_MTo_END_T: 0.0
Loaded FEMNIST test split partition_id=58 with 346 samples
Wall-clock time: 1765403956.4541948 ||Test loss: 1.6334 || Test accuracy: 0.5116 || CPU time: 7.2351 || CPU utilization: 0.0925 || R#20's duration (s): 78.2132 || Cumulative runtime (s): 1452.7997 || Loading data delay (s): 6.6430 || Eval delay (s): 0.5366 || Agg delay (s): 0.0000 || Coordination delay (s): 0.0000 || DIST task delay: 0.0000 || RECV task delay: 0.0000 || Queueing delay: 0.0000 || MSG (from mid) Ave. delay: 0.0000 || Total cache delay: 0.0000 || Ave. cache delay: 0.0000
[R#20] CUMULATIVE_RUNTIME_SEC=1452.7997
Top Aggregator Timestamps: CACHE, CACHE_START_T: 0.0, CACHE_END_T: 0.0 || AGG, AGG_START_T: 0.0, AGG_END_T: 0.0 || EVAL, EVAL_START_T: 1765403955.9175267, EVAL_END_T: 1765403956.4541686 || RECV, RECV_START_T: 0.0, RECV_END_T: 0.0 || DIST, DIST_START_T: 0.0, DIST_END_T: 0.0 || LOAD, LOAD_START_T: 1765403878.243762, LOAD_END_T: 1765403884.8867595 || MSG_MTo, MSG_MTo_START_T: 0.0, MSG_MTo_END_T: 0.0
Loaded FEMNIST test split partition_id=7 with 375 samples
Wall-clock time: 1765404025.2141788 ||Test loss: 2.2745 || Test accuracy: 0.3707 || CPU time: 7.8265 || CPU utilization: 0.1138 || R#21's duration (s): 68.7600 || Cumulative runtime (s): 1521.5597 || Loading data delay (s): 6.6520 || Eval delay (s): 0.5760 || Agg delay (s): 0.0000 || Coordination delay (s): 0.0000 || DIST task delay: 0.0000 || RECV task delay: 0.0000 || Queueing delay: 0.0000 || MSG (from mid) Ave. delay: 0.0000 || Total cache delay: 0.0000 || Ave. cache delay: 0.0000
[R#21] CUMULATIVE_RUNTIME_SEC=1521.5597
Top Aggregator Timestamps: CACHE, CACHE_START_T: 0.0, CACHE_END_T: 0.0 || AGG, AGG_START_T: 0.0, AGG_END_T: 0.0 || EVAL, EVAL_START_T: 1765404024.6381998, EVAL_END_T: 1765404025.2141562 || RECV, RECV_START_T: 0.0, RECV_END_T: 0.0 || DIST, DIST_START_T: 0.0, DIST_END_T: 0.0 || LOAD, LOAD_START_T: 1765403956.457562, LOAD_END_T: 1765403963.1095893 || MSG_MTo, MSG_MTo_START_T: 0.0, MSG_MTo_END_T: 0.0
Loaded FEMNIST test split partition_id=33 with 337 samples
Wall-clock time: 1765404103.6790557 ||Test loss: 1.3214 || Test accuracy: 0.6261 || CPU time: 6.9940 || CPU utilization: 0.0891 || R#22's duration (s): 78.4649 || Cumulative runtime (s): 1600.0245 || Loading data delay (s): 6.4637 || Eval delay (s): 0.5283 || Agg delay (s): 0.0000 || Coordination delay (s): 0.0000 || DIST task delay: 0.0000 || RECV task delay: 0.0000 || Queueing delay: 0.0000 || MSG (from mid) Ave. delay: 0.0000 || Total cache delay: 0.0000 || Ave. cache delay: 0.0000
[R#22] CUMULATIVE_RUNTIME_SEC=1600.0245
Top Aggregator Timestamps: CACHE, CACHE_START_T: 0.0, CACHE_END_T: 0.0 || AGG, AGG_START_T: 0.0, AGG_END_T: 0.0 || EVAL, EVAL_START_T: 1765404103.1507397, EVAL_END_T: 1765404103.6790297 || RECV, RECV_START_T: 0.0, RECV_END_T: 0.0 || DIST, DIST_START_T: 0.0, DIST_END_T: 0.0 || LOAD, LOAD_START_T: 1765404025.2170882, LOAD_END_T: 1765404031.6807487 || MSG_MTo, MSG_MTo_START_T: 0.0, MSG_MTo_END_T: 0.0
Loaded FEMNIST test split partition_id=1 with 413 samples
Wall-clock time: 1765404162.7515094 ||Test loss: 1.5283 || Test accuracy: 0.5085 || CPU time: 9.0784 || CPU utilization: 0.1537 || R#23's duration (s): 59.0725 || Cumulative runtime (s): 1659.0970 || Loading data delay (s): 6.6501 || Eval delay (s): 0.6683 || Agg delay (s): 0.0000 || Coordination delay (s): 0.0000 || DIST task delay: 0.0000 || RECV task delay: 0.0000 || Queueing delay: 0.0000 || MSG (from mid) Ave. delay: 0.0000 || Total cache delay: 0.0000 || Ave. cache delay: 0.0000
[R#23] CUMULATIVE_RUNTIME_SEC=1659.0970
Top Aggregator Timestamps: CACHE, CACHE_START_T: 0.0, CACHE_END_T: 0.0 || AGG, AGG_START_T: 0.0, AGG_END_T: 0.0 || EVAL, EVAL_START_T: 1765404162.0832062, EVAL_END_T: 1765404162.7514827 || RECV, RECV_START_T: 0.0, RECV_END_T: 0.0 || DIST, DIST_START_T: 0.0, DIST_END_T: 0.0 || LOAD, LOAD_START_T: 1765404103.682802, LOAD_END_T: 1765404110.3328762 || MSG_MTo, MSG_MTo_START_T: 0.0, MSG_MTo_END_T: 0.0
Loaded FEMNIST test split partition_id=48 with 131 samples
Wall-clock time: 1765404232.0907848 ||Test loss: 5.9241 || Test accuracy: 0.0840 || CPU time: 3.3010 || CPU utilization: 0.0476 || R#24's duration (s): 69.3393 || Cumulative runtime (s): 1728.4363 || Loading data delay (s): 6.7574 || Eval delay (s): 0.2266 || Agg delay (s): 0.0000 || Coordination delay (s): 0.0000 || DIST task delay: 0.0000 || RECV task delay: 0.0000 || Queueing delay: 0.0000 || MSG (from mid) Ave. delay: 0.0000 || Total cache delay: 0.0000 || Ave. cache delay: 0.0000
[R#24] CUMULATIVE_RUNTIME_SEC=1728.4363
Top Aggregator Timestamps: CACHE, CACHE_START_T: 0.0, CACHE_END_T: 0.0 || AGG, AGG_START_T: 0.0, AGG_END_T: 0.0 || EVAL, EVAL_START_T: 1765404231.8642075, EVAL_END_T: 1765404232.0907588 || RECV, RECV_START_T: 0.0, RECV_END_T: 0.0 || DIST, DIST_START_T: 0.0, DIST_END_T: 0.0 || LOAD, LOAD_START_T: 1765404162.7548761, LOAD_END_T: 1765404169.5123208 || MSG_MTo, MSG_MTo_START_T: 0.0, MSG_MTo_END_T: 0.0
Loaded FEMNIST test split partition_id=42 with 330 samples
Wall-clock time: 1765404306.034606 ||Test loss: 1.4497 || Test accuracy: 0.5303 || CPU time: 7.2831 || CPU utilization: 0.0985 || R#25's duration (s): 73.9438 || Cumulative runtime (s): 1802.3801 || Loading data delay (s): 6.5044 || Eval delay (s): 0.5463 || Agg delay (s): 0.0000 || Coordination delay (s): 0.0000 || DIST task delay: 0.0000 || RECV task delay: 0.0000 || Queueing delay: 0.0000 || MSG (from mid) Ave. delay: 0.0000 || Total cache delay: 0.0000 || Ave. cache delay: 0.0000
[R#25] CUMULATIVE_RUNTIME_SEC=1802.3801
Top Aggregator Timestamps: CACHE, CACHE_START_T: 0.0, CACHE_END_T: 0.0 || AGG, AGG_START_T: 0.0, AGG_END_T: 0.0 || EVAL, EVAL_START_T: 1765404305.4882698, EVAL_END_T: 1765404306.034574 || RECV, RECV_START_T: 0.0, RECV_END_T: 0.0 || DIST, DIST_START_T: 0.0, DIST_END_T: 0.0 || LOAD, LOAD_START_T: 1765404232.0940652, LOAD_END_T: 1765404238.598509 || MSG_MTo, MSG_MTo_START_T: 0.0, MSG_MTo_END_T: 0.0
Loaded FEMNIST test split partition_id=33 with 337 samples
Wall-clock time: 1765404371.8596985 ||Test loss: 1.2327 || Test accuracy: 0.6528 || CPU time: 6.9413 || CPU utilization: 0.1055 || R#26's duration (s): 65.8251 || Cumulative runtime (s): 1868.2052 || Loading data delay (s): 6.9371 || Eval delay (s): 0.5202 || Agg delay (s): 0.0000 || Coordination delay (s): 0.0000 || DIST task delay: 0.0000 || RECV task delay: 0.0000 || Queueing delay: 0.0000 || MSG (from mid) Ave. delay: 0.0000 || Total cache delay: 0.0000 || Ave. cache delay: 0.0000
[R#26] CUMULATIVE_RUNTIME_SEC=1868.2052
Top Aggregator Timestamps: CACHE, CACHE_START_T: 0.0, CACHE_END_T: 0.0 || AGG, AGG_START_T: 0.0, AGG_END_T: 0.0 || EVAL, EVAL_START_T: 1765404371.3394718, EVAL_END_T: 1765404371.8596783 || RECV, RECV_START_T: 0.0, RECV_END_T: 0.0 || DIST, DIST_START_T: 0.0, DIST_END_T: 0.0 || LOAD, LOAD_START_T: 1765404306.0380769, LOAD_END_T: 1765404312.975174 || MSG_MTo, MSG_MTo_START_T: 0.0, MSG_MTo_END_T: 0.0
Loaded FEMNIST test split partition_id=42 with 330 samples
Wall-clock time: 1765404460.106686 ||Test loss: 1.4797 || Test accuracy: 0.5333 || CPU time: 7.5228 || CPU utilization: 0.0852 || R#27's duration (s): 88.2470 || Cumulative runtime (s): 1956.4522 || Loading data delay (s): 6.6887 || Eval delay (s): 0.5542 || Agg delay (s): 0.0000 || Coordination delay (s): 0.0000 || DIST task delay: 0.0000 || RECV task delay: 0.0000 || Queueing delay: 0.0000 || MSG (from mid) Ave. delay: 0.0000 || Total cache delay: 0.0000 || Ave. cache delay: 0.0000
[R#27] CUMULATIVE_RUNTIME_SEC=1956.4522
Top Aggregator Timestamps: CACHE, CACHE_START_T: 0.0, CACHE_END_T: 0.0 || AGG, AGG_START_T: 0.0, AGG_END_T: 0.0 || EVAL, EVAL_START_T: 1765404459.552455, EVAL_END_T: 1765404460.106639 || RECV, RECV_START_T: 0.0, RECV_END_T: 0.0 || DIST, DIST_START_T: 0.0, DIST_END_T: 0.0 || LOAD, LOAD_START_T: 1765404371.863103, LOAD_END_T: 1765404378.5517557 || MSG_MTo, MSG_MTo_START_T: 0.0, MSG_MTo_END_T: 0.0
Loaded FEMNIST test split partition_id=57 with 388 samples
Wall-clock time: 1765404532.0391977 ||Test loss: 1.1740 || Test accuracy: 0.6727 || CPU time: 8.0083 || CPU utilization: 0.1113 || R#28's duration (s): 71.9325 || Cumulative runtime (s): 2028.3847 || Loading data delay (s): 6.7769 || Eval delay (s): 0.5956 || Agg delay (s): 0.0000 || Coordination delay (s): 0.0000 || DIST task delay: 0.0000 || RECV task delay: 0.0000 || Queueing delay: 0.0000 || MSG (from mid) Ave. delay: 0.0000 || Total cache delay: 0.0000 || Ave. cache delay: 0.0000
[R#28] CUMULATIVE_RUNTIME_SEC=2028.3847
Top Aggregator Timestamps: CACHE, CACHE_START_T: 0.0, CACHE_END_T: 0.0 || AGG, AGG_START_T: 0.0, AGG_END_T: 0.0 || EVAL, EVAL_START_T: 1765404531.443553, EVAL_END_T: 1765404532.039166 || RECV, RECV_START_T: 0.0, RECV_END_T: 0.0 || DIST, DIST_START_T: 0.0, DIST_END_T: 0.0 || LOAD, LOAD_START_T: 1765404460.1107793, LOAD_END_T: 1765404466.887651 || MSG_MTo, MSG_MTo_START_T: 0.0, MSG_MTo_END_T: 0.0
Loaded FEMNIST test split partition_id=31 with 407 samples
Wall-clock time: 1765404602.6737568 ||Test loss: 1.3508 || Test accuracy: 0.5504 || CPU time: 8.5508 || CPU utilization: 0.1211 || R#29's duration (s): 70.6346 || Cumulative runtime (s): 2099.0192 || Loading data delay (s): 6.6898 || Eval delay (s): 0.6316 || Agg delay (s): 0.0000 || Coordination delay (s): 0.0000 || DIST task delay: 0.0000 || RECV task delay: 0.0000 || Queueing delay: 0.0000 || MSG (from mid) Ave. delay: 0.0000 || Total cache delay: 0.0000 || Ave. cache delay: 0.0000
[R#29] CUMULATIVE_RUNTIME_SEC=2099.0192
Top Aggregator Timestamps: CACHE, CACHE_START_T: 0.0, CACHE_END_T: 0.0 || AGG, AGG_START_T: 0.0, AGG_END_T: 0.0 || EVAL, EVAL_START_T: 1765404602.0420823, EVAL_END_T: 1765404602.6737323 || RECV, RECV_START_T: 0.0, RECV_END_T: 0.0 || DIST, DIST_START_T: 0.0, DIST_END_T: 0.0 || LOAD, LOAD_START_T: 1765404532.0425277, LOAD_END_T: 1765404538.7323544 || MSG_MTo, MSG_MTo_START_T: 0.0, MSG_MTo_END_T: 0.0
Loaded FEMNIST test split partition_id=2 with 404 samples
Wall-clock time: 1765404666.6656368 ||Test loss: 1.1457 || Test accuracy: 0.6386 || CPU time: 8.3835 || CPU utilization: 0.1310 || R#30's duration (s): 63.9919 || Cumulative runtime (s): 2163.0111 || Loading data delay (s): 6.5139 || Eval delay (s): 0.6181 || Agg delay (s): 0.0000 || Coordination delay (s): 0.0000 || DIST task delay: 0.0000 || RECV task delay: 0.0000 || Queueing delay: 0.0000 || MSG (from mid) Ave. delay: 0.0000 || Total cache delay: 0.0000 || Ave. cache delay: 0.0000
[R#30] CUMULATIVE_RUNTIME_SEC=2163.0111
Top Aggregator Timestamps: CACHE, CACHE_START_T: 0.0, CACHE_END_T: 0.0 || AGG, AGG_START_T: 0.0, AGG_END_T: 0.0 || EVAL, EVAL_START_T: 1765404666.0474885, EVAL_END_T: 1765404666.6655989 || RECV, RECV_START_T: 0.0, RECV_END_T: 0.0 || DIST, DIST_START_T: 0.0, DIST_END_T: 0.0 || LOAD, LOAD_START_T: 1765404602.6770592, LOAD_END_T: 1765404609.1909244 || MSG_MTo, MSG_MTo_START_T: 0.0, MSG_MTo_END_T: 0.0
Loaded FEMNIST test split partition_id=47 with 395 samples
Wall-clock time: 1765404751.458871 ||Test loss: 1.3191 || Test accuracy: 0.6000 || CPU time: 7.7589 || CPU utilization: 0.0915 || R#31's duration (s): 84.7932 || Cumulative runtime (s): 2247.8044 || Loading data delay (s): 6.6945 || Eval delay (s): 0.5888 || Agg delay (s): 0.0000 || Coordination delay (s): 0.0000 || DIST task delay: 0.0000 || RECV task delay: 0.0000 || Queueing delay: 0.0000 || MSG (from mid) Ave. delay: 0.0000 || Total cache delay: 0.0000 || Ave. cache delay: 0.0000
[R#31] CUMULATIVE_RUNTIME_SEC=2247.8044
Top Aggregator Timestamps: CACHE, CACHE_START_T: 0.0, CACHE_END_T: 0.0 || AGG, AGG_START_T: 0.0, AGG_END_T: 0.0 || EVAL, EVAL_START_T: 1765404750.8700166, EVAL_END_T: 1765404751.4588482 || RECV, RECV_START_T: 0.0, RECV_END_T: 0.0 || DIST, DIST_START_T: 0.0, DIST_END_T: 0.0 || LOAD, LOAD_START_T: 1765404666.6690488, LOAD_END_T: 1765404673.363511 || MSG_MTo, MSG_MTo_START_T: 0.0, MSG_MTo_END_T: 0.0
Loaded FEMNIST test split partition_id=55 with 373 samples
Wall-clock time: 1765404840.216604 ||Test loss: 1.9377 || Test accuracy: 0.4692 || CPU time: 7.5940 || CPU utilization: 0.0856 || R#32's duration (s): 88.7577 || Cumulative runtime (s): 2336.5621 || Loading data delay (s): 6.9446 || Eval delay (s): 0.5661 || Agg delay (s): 0.0000 || Coordination delay (s): 0.0000 || DIST task delay: 0.0000 || RECV task delay: 0.0000 || Queueing delay: 0.0000 || MSG (from mid) Ave. delay: 0.0000 || Total cache delay: 0.0000 || Ave. cache delay: 0.0000
[R#32] CUMULATIVE_RUNTIME_SEC=2336.5621
Top Aggregator Timestamps: CACHE, CACHE_START_T: 0.0, CACHE_END_T: 0.0 || AGG, AGG_START_T: 0.0, AGG_END_T: 0.0 || EVAL, EVAL_START_T: 1765404839.6504471, EVAL_END_T: 1765404840.2165737 || RECV, RECV_START_T: 0.0, RECV_END_T: 0.0 || DIST, DIST_START_T: 0.0, DIST_END_T: 0.0 || LOAD, LOAD_START_T: 1765404751.462251, LOAD_END_T: 1765404758.4068809 || MSG_MTo, MSG_MTo_START_T: 0.0, MSG_MTo_END_T: 0.0
Loaded FEMNIST test split partition_id=26 with 363 samples
Wall-clock time: 1765404923.0204418 ||Test loss: 1.5774 || Test accuracy: 0.5124 || CPU time: 7.6296 || CPU utilization: 0.0921 || R#33's duration (s): 82.8038 || Cumulative runtime (s): 2419.3659 || Loading data delay (s): 6.4242 || Eval delay (s): 0.5674 || Agg delay (s): 0.0000 || Coordination delay (s): 0.0000 || DIST task delay: 0.0000 || RECV task delay: 0.0000 || Queueing delay: 0.0000 || MSG (from mid) Ave. delay: 0.0000 || Total cache delay: 0.0000 || Ave. cache delay: 0.0000
[R#33] CUMULATIVE_RUNTIME_SEC=2419.3659
Top Aggregator Timestamps: CACHE, CACHE_START_T: 0.0, CACHE_END_T: 0.0 || AGG, AGG_START_T: 0.0, AGG_END_T: 0.0 || EVAL, EVAL_START_T: 1765404922.453025, EVAL_END_T: 1765404923.020406 || RECV, RECV_START_T: 0.0, RECV_END_T: 0.0 || DIST, DIST_START_T: 0.0, DIST_END_T: 0.0 || LOAD, LOAD_START_T: 1765404840.219907, LOAD_END_T: 1765404846.6441145 || MSG_MTo, MSG_MTo_START_T: 0.0, MSG_MTo_END_T: 0.0
Loaded FEMNIST test split partition_id=9 with 377 samples
Wall-clock time: 1765404988.1675858 ||Test loss: 1.5624 || Test accuracy: 0.5517 || CPU time: 7.8318 || CPU utilization: 0.1202 || R#34's duration (s): 65.1471 || Cumulative runtime (s): 2484.5131 || Loading data delay (s): 6.8423 || Eval delay (s): 0.5807 || Agg delay (s): 0.0000 || Coordination delay (s): 0.0000 || DIST task delay: 0.0000 || RECV task delay: 0.0000 || Queueing delay: 0.0000 || MSG (from mid) Ave. delay: 0.0000 || Total cache delay: 0.0000 || Ave. cache delay: 0.0000
[R#34] CUMULATIVE_RUNTIME_SEC=2484.5131
Top Aggregator Timestamps: CACHE, CACHE_START_T: 0.0, CACHE_END_T: 0.0 || AGG, AGG_START_T: 0.0, AGG_END_T: 0.0 || EVAL, EVAL_START_T: 1765404987.5867975, EVAL_END_T: 1765404988.1675282 || RECV, RECV_START_T: 0.0, RECV_END_T: 0.0 || DIST, DIST_START_T: 0.0, DIST_END_T: 0.0 || LOAD, LOAD_START_T: 1765404923.023921, LOAD_END_T: 1765404929.866247 || MSG_MTo, MSG_MTo_START_T: 0.0, MSG_MTo_END_T: 0.0
Loaded FEMNIST test split partition_id=41 with 358 samples
Wall-clock time: 1765405062.6526866 ||Test loss: 1.6385 || Test accuracy: 0.4972 || CPU time: 7.4830 || CPU utilization: 0.1005 || R#35's duration (s): 74.4851 || Cumulative runtime (s): 2558.9982 || Loading data delay (s): 6.4180 || Eval delay (s): 0.5624 || Agg delay (s): 0.0000 || Coordination delay (s): 0.0000 || DIST task delay: 0.0000 || RECV task delay: 0.0000 || Queueing delay: 0.0000 || MSG (from mid) Ave. delay: 0.0000 || Total cache delay: 0.0000 || Ave. cache delay: 0.0000
[R#35] CUMULATIVE_RUNTIME_SEC=2558.9982
Top Aggregator Timestamps: CACHE, CACHE_START_T: 0.0, CACHE_END_T: 0.0 || AGG, AGG_START_T: 0.0, AGG_END_T: 0.0 || EVAL, EVAL_START_T: 1765405062.0902739, EVAL_END_T: 1765405062.652654 || RECV, RECV_START_T: 0.0, RECV_END_T: 0.0 || DIST, DIST_START_T: 0.0, DIST_END_T: 0.0 || LOAD, LOAD_START_T: 1765404988.1710508, LOAD_END_T: 1765404994.5890813 || MSG_MTo, MSG_MTo_START_T: 0.0, MSG_MTo_END_T: 0.0
Loaded FEMNIST test split partition_id=6 with 380 samples
Wall-clock time: 1765405122.7335224 ||Test loss: 1.3393 || Test accuracy: 0.5868 || CPU time: 7.8062 || CPU utilization: 0.1299 || R#36's duration (s): 60.0808 || Cumulative runtime (s): 2619.0790 || Loading data delay (s): 6.5353 || Eval delay (s): 0.6043 || Agg delay (s): 0.0000 || Coordination delay (s): 0.0000 || DIST task delay: 0.0000 || RECV task delay: 0.0000 || Queueing delay: 0.0000 || MSG (from mid) Ave. delay: 0.0000 || Total cache delay: 0.0000 || Ave. cache delay: 0.0000
[R#36] CUMULATIVE_RUNTIME_SEC=2619.0790
Top Aggregator Timestamps: CACHE, CACHE_START_T: 0.0, CACHE_END_T: 0.0 || AGG, AGG_START_T: 0.0, AGG_END_T: 0.0 || EVAL, EVAL_START_T: 1765405122.129178, EVAL_END_T: 1765405122.7335002 || RECV, RECV_START_T: 0.0, RECV_END_T: 0.0 || DIST, DIST_START_T: 0.0, DIST_END_T: 0.0 || LOAD, LOAD_START_T: 1765405062.6559446, LOAD_END_T: 1765405069.191282 || MSG_MTo, MSG_MTo_START_T: 0.0, MSG_MTo_END_T: 0.0
Loaded FEMNIST test split partition_id=44 with 343 samples
Wall-clock time: 1765405179.885655 ||Test loss: 1.6498 || Test accuracy: 0.4985 || CPU time: 7.1637 || CPU utilization: 0.1253 || R#37's duration (s): 57.1521 || Cumulative runtime (s): 2676.2311 || Loading data delay (s): 6.9726 || Eval delay (s): 0.5436 || Agg delay (s): 0.0000 || Coordination delay (s): 0.0000 || DIST task delay: 0.0000 || RECV task delay: 0.0000 || Queueing delay: 0.0000 || MSG (from mid) Ave. delay: 0.0000 || Total cache delay: 0.0000 || Ave. cache delay: 0.0000
[R#37] CUMULATIVE_RUNTIME_SEC=2676.2311
Top Aggregator Timestamps: CACHE, CACHE_START_T: 0.0, CACHE_END_T: 0.0 || AGG, AGG_START_T: 0.0, AGG_END_T: 0.0 || EVAL, EVAL_START_T: 1765405179.3420365, EVAL_END_T: 1765405179.8856194 || RECV, RECV_START_T: 0.0, RECV_END_T: 0.0 || DIST, DIST_START_T: 0.0, DIST_END_T: 0.0 || LOAD, LOAD_START_T: 1765405122.7365623, LOAD_END_T: 1765405129.7091496 || MSG_MTo, MSG_MTo_START_T: 0.0, MSG_MTo_END_T: 0.0
Loaded FEMNIST test split partition_id=36 with 384 samples
Wall-clock time: 1765405257.8029456 ||Test loss: 1.2460 || Test accuracy: 0.6146 || CPU time: 7.7348 || CPU utilization: 0.0993 || R#38's duration (s): 77.9173 || Cumulative runtime (s): 2754.1484 || Loading data delay (s): 6.4321 || Eval delay (s): 0.5870 || Agg delay (s): 0.0000 || Coordination delay (s): 0.0000 || DIST task delay: 0.0000 || RECV task delay: 0.0000 || Queueing delay: 0.0000 || MSG (from mid) Ave. delay: 0.0000 || Total cache delay: 0.0000 || Ave. cache delay: 0.0000
[R#38] CUMULATIVE_RUNTIME_SEC=2754.1484
Top Aggregator Timestamps: CACHE, CACHE_START_T: 0.0, CACHE_END_T: 0.0 || AGG, AGG_START_T: 0.0, AGG_END_T: 0.0 || EVAL, EVAL_START_T: 1765405257.215884, EVAL_END_T: 1765405257.8029072 || RECV, RECV_START_T: 0.0, RECV_END_T: 0.0 || DIST, DIST_START_T: 0.0, DIST_END_T: 0.0 || LOAD, LOAD_START_T: 1765405179.8891551, LOAD_END_T: 1765405186.3212538 || MSG_MTo, MSG_MTo_START_T: 0.0, MSG_MTo_END_T: 0.0
Loaded FEMNIST test split partition_id=55 with 373 samples
Wall-clock time: 1765405320.78416 ||Test loss: 1.9315 || Test accuracy: 0.4611 || CPU time: 7.6922 || CPU utilization: 0.1221 || R#39's duration (s): 62.9812 || Cumulative runtime (s): 2817.1296 || Loading data delay (s): 6.6422 || Eval delay (s): 0.5770 || Agg delay (s): 0.0000 || Coordination delay (s): 0.0000 || DIST task delay: 0.0000 || RECV task delay: 0.0000 || Queueing delay: 0.0000 || MSG (from mid) Ave. delay: 0.0000 || Total cache delay: 0.0000 || Ave. cache delay: 0.0000
[R#39] CUMULATIVE_RUNTIME_SEC=2817.1296
Top Aggregator Timestamps: CACHE, CACHE_START_T: 0.0, CACHE_END_T: 0.0 || AGG, AGG_START_T: 0.0, AGG_END_T: 0.0 || EVAL, EVAL_START_T: 1765405320.2071466, EVAL_END_T: 1765405320.7841356 || RECV, RECV_START_T: 0.0, RECV_END_T: 0.0 || DIST, DIST_START_T: 0.0, DIST_END_T: 0.0 || LOAD, LOAD_START_T: 1765405257.8063357, LOAD_END_T: 1765405264.4485037 || MSG_MTo, MSG_MTo_START_T: 0.0, MSG_MTo_END_T: 0.0
Loaded FEMNIST test split partition_id=3 with 397 samples
Wall-clock time: 1765405418.8717256 ||Test loss: 0.8204 || Test accuracy: 0.7758 || CPU time: 8.0029 || CPU utilization: 0.0816 || R#40's duration (s): 98.0876 || Cumulative runtime (s): 2915.2172 || Loading data delay (s): 6.4271 || Eval delay (s): 0.6140 || Agg delay (s): 0.0000 || Coordination delay (s): 0.0000 || DIST task delay: 0.0000 || RECV task delay: 0.0000 || Queueing delay: 0.0000 || MSG (from mid) Ave. delay: 0.0000 || Total cache delay: 0.0000 || Ave. cache delay: 0.0000
[R#40] CUMULATIVE_RUNTIME_SEC=2915.2172
Top Aggregator Timestamps: CACHE, CACHE_START_T: 0.0, CACHE_END_T: 0.0 || AGG, AGG_START_T: 0.0, AGG_END_T: 0.0 || EVAL, EVAL_START_T: 1765405418.2577355, EVAL_END_T: 1765405418.8716946 || RECV, RECV_START_T: 0.0, RECV_END_T: 0.0 || DIST, DIST_START_T: 0.0, DIST_END_T: 0.0 || LOAD, LOAD_START_T: 1765405320.7874398, LOAD_END_T: 1765405327.2145076 || MSG_MTo, MSG_MTo_START_T: 0.0, MSG_MTo_END_T: 0.0
Loaded FEMNIST test split partition_id=1 with 413 samples
Wall-clock time: 1765405491.5439708 ||Test loss: 0.9779 || Test accuracy: 0.7022 || CPU time: 8.2741 || CPU utilization: 0.1139 || R#41's duration (s): 72.6722 || Cumulative runtime (s): 2987.8895 || Loading data delay (s): 6.6465 || Eval delay (s): 0.6203 || Agg delay (s): 0.0000 || Coordination delay (s): 0.0000 || DIST task delay: 0.0000 || RECV task delay: 0.0000 || Queueing delay: 0.0000 || MSG (from mid) Ave. delay: 0.0000 || Total cache delay: 0.0000 || Ave. cache delay: 0.0000
[R#41] CUMULATIVE_RUNTIME_SEC=2987.8895
Top Aggregator Timestamps: CACHE, CACHE_START_T: 0.0, CACHE_END_T: 0.0 || AGG, AGG_START_T: 0.0, AGG_END_T: 0.0 || EVAL, EVAL_START_T: 1765405490.9236774, EVAL_END_T: 1765405491.543949 || RECV, RECV_START_T: 0.0, RECV_END_T: 0.0 || DIST, DIST_START_T: 0.0, DIST_END_T: 0.0 || LOAD, LOAD_START_T: 1765405418.8752253, LOAD_END_T: 1765405425.5217183 || MSG_MTo, MSG_MTo_START_T: 0.0, MSG_MTo_END_T: 0.0
Loaded FEMNIST test split partition_id=52 with 218 samples
Wall-clock time: 1765405553.814191 ||Test loss: 1.4237 || Test accuracy: 0.5550 || CPU time: 4.5078 || CPU utilization: 0.0724 || R#42's duration (s): 62.2702 || Cumulative runtime (s): 3050.1597 || Loading data delay (s): 6.5200 || Eval delay (s): 0.3407 || Agg delay (s): 0.0000 || Coordination delay (s): 0.0000 || DIST task delay: 0.0000 || RECV task delay: 0.0000 || Queueing delay: 0.0000 || MSG (from mid) Ave. delay: 0.0000 || Total cache delay: 0.0000 || Ave. cache delay: 0.0000
[R#42] CUMULATIVE_RUNTIME_SEC=3050.1597
Top Aggregator Timestamps: CACHE, CACHE_START_T: 0.0, CACHE_END_T: 0.0 || AGG, AGG_START_T: 0.0, AGG_END_T: 0.0 || EVAL, EVAL_START_T: 1765405553.4734592, EVAL_END_T: 1765405553.8141656 || RECV, RECV_START_T: 0.0, RECV_END_T: 0.0 || DIST, DIST_START_T: 0.0, DIST_END_T: 0.0 || LOAD, LOAD_START_T: 1765405491.5468125, LOAD_END_T: 1765405498.0668507 || MSG_MTo, MSG_MTo_START_T: 0.0, MSG_MTo_END_T: 0.0
Loaded FEMNIST test split partition_id=53 with 326 samples
Wall-clock time: 1765405622.5186715 ||Test loss: 1.3525 || Test accuracy: 0.6012 || CPU time: 6.7938 || CPU utilization: 0.0989 || R#43's duration (s): 68.7045 || Cumulative runtime (s): 3118.8642 || Loading data delay (s): 6.7073 || Eval delay (s): 0.4986 || Agg delay (s): 0.0000 || Coordination delay (s): 0.0000 || DIST task delay: 0.0000 || RECV task delay: 0.0000 || Queueing delay: 0.0000 || MSG (from mid) Ave. delay: 0.0000 || Total cache delay: 0.0000 || Ave. cache delay: 0.0000
[R#43] CUMULATIVE_RUNTIME_SEC=3118.8642
Top Aggregator Timestamps: CACHE, CACHE_START_T: 0.0, CACHE_END_T: 0.0 || AGG, AGG_START_T: 0.0, AGG_END_T: 0.0 || EVAL, EVAL_START_T: 1765405622.0200295, EVAL_END_T: 1765405622.5186493 || RECV, RECV_START_T: 0.0, RECV_END_T: 0.0 || DIST, DIST_START_T: 0.0, DIST_END_T: 0.0 || LOAD, LOAD_START_T: 1765405553.8175397, LOAD_END_T: 1765405560.5248601 || MSG_MTo, MSG_MTo_START_T: 0.0, MSG_MTo_END_T: 0.0
Loaded FEMNIST test split partition_id=15 with 370 samples
Wall-clock time: 1765405690.8684433 ||Test loss: 1.1894 || Test accuracy: 0.6838 || CPU time: 8.1604 || CPU utilization: 0.1194 || R#44's duration (s): 68.3498 || Cumulative runtime (s): 3187.2139 || Loading data delay (s): 6.8939 || Eval delay (s): 0.6045 || Agg delay (s): 0.0000 || Coordination delay (s): 0.0000 || DIST task delay: 0.0000 || RECV task delay: 0.0000 || Queueing delay: 0.0000 || MSG (from mid) Ave. delay: 0.0000 || Total cache delay: 0.0000 || Ave. cache delay: 0.0000
[R#44] CUMULATIVE_RUNTIME_SEC=3187.2139
Top Aggregator Timestamps: CACHE, CACHE_START_T: 0.0, CACHE_END_T: 0.0 || AGG, AGG_START_T: 0.0, AGG_END_T: 0.0 || EVAL, EVAL_START_T: 1765405690.2639616, EVAL_END_T: 1765405690.8684158 || RECV, RECV_START_T: 0.0, RECV_END_T: 0.0 || DIST, DIST_START_T: 0.0, DIST_END_T: 0.0 || LOAD, LOAD_START_T: 1765405622.5216587, LOAD_END_T: 1765405629.415605 || MSG_MTo, MSG_MTo_START_T: 0.0, MSG_MTo_END_T: 0.0
Loaded FEMNIST test split partition_id=42 with 330 samples
Wall-clock time: 1765405758.1977823 ||Test loss: 1.3206 || Test accuracy: 0.6000 || CPU time: 7.0231 || CPU utilization: 0.1043 || R#45's duration (s): 67.3293 || Cumulative runtime (s): 3254.5433 || Loading data delay (s): 7.0773 || Eval delay (s): 0.5203 || Agg delay (s): 0.0000 || Coordination delay (s): 0.0000 || DIST task delay: 0.0000 || RECV task delay: 0.0000 || Queueing delay: 0.0000 || MSG (from mid) Ave. delay: 0.0000 || Total cache delay: 0.0000 || Ave. cache delay: 0.0000
[R#45] CUMULATIVE_RUNTIME_SEC=3254.5433
Top Aggregator Timestamps: CACHE, CACHE_START_T: 0.0, CACHE_END_T: 0.0 || AGG, AGG_START_T: 0.0, AGG_END_T: 0.0 || EVAL, EVAL_START_T: 1765405757.6774426, EVAL_END_T: 1765405758.197761 || RECV, RECV_START_T: 0.0, RECV_END_T: 0.0 || DIST, DIST_START_T: 0.0, DIST_END_T: 0.0 || LOAD, LOAD_START_T: 1765405690.8718114, LOAD_END_T: 1765405697.9490645 || MSG_MTo, MSG_MTo_START_T: 0.0, MSG_MTo_END_T: 0.0
Loaded FEMNIST test split partition_id=24 with 374 samples
Wall-clock time: 1765405834.0959306 ||Test loss: 1.0046 || Test accuracy: 0.7139 || CPU time: 7.8310 || CPU utilization: 0.1032 || R#46's duration (s): 75.8981 || Cumulative runtime (s): 3330.4414 || Loading data delay (s): 6.6336 || Eval delay (s): 0.5834 || Agg delay (s): 0.0000 || Coordination delay (s): 0.0000 || DIST task delay: 0.0000 || RECV task delay: 0.0000 || Queueing delay: 0.0000 || MSG (from mid) Ave. delay: 0.0000 || Total cache delay: 0.0000 || Ave. cache delay: 0.0000
[R#46] CUMULATIVE_RUNTIME_SEC=3330.4414
Top Aggregator Timestamps: CACHE, CACHE_START_T: 0.0, CACHE_END_T: 0.0 || AGG, AGG_START_T: 0.0, AGG_END_T: 0.0 || EVAL, EVAL_START_T: 1765405833.5124671, EVAL_END_T: 1765405834.0958714 || RECV, RECV_START_T: 0.0, RECV_END_T: 0.0 || DIST, DIST_START_T: 0.0, DIST_END_T: 0.0 || LOAD, LOAD_START_T: 1765405758.2006607, LOAD_END_T: 1765405764.8343081 || MSG_MTo, MSG_MTo_START_T: 0.0, MSG_MTo_END_T: 0.0
Loaded FEMNIST test split partition_id=8 with 418 samples
Wall-clock time: 1765405910.0830255 ||Test loss: 0.5714 || Test accuracy: 0.7943 || CPU time: 8.7226 || CPU utilization: 0.1148 || R#47's duration (s): 75.9871 || Cumulative runtime (s): 3406.4285 || Loading data delay (s): 6.6823 || Eval delay (s): 0.6530 || Agg delay (s): 0.0000 || Coordination delay (s): 0.0000 || DIST task delay: 0.0000 || RECV task delay: 0.0000 || Queueing delay: 0.0000 || MSG (from mid) Ave. delay: 0.0000 || Total cache delay: 0.0000 || Ave. cache delay: 0.0000
[R#47] CUMULATIVE_RUNTIME_SEC=3406.4285
Top Aggregator Timestamps: CACHE, CACHE_START_T: 0.0, CACHE_END_T: 0.0 || AGG, AGG_START_T: 0.0, AGG_END_T: 0.0 || EVAL, EVAL_START_T: 1765405909.430013, EVAL_END_T: 1765405910.0830028 || RECV, RECV_START_T: 0.0, RECV_END_T: 0.0 || DIST, DIST_START_T: 0.0, DIST_END_T: 0.0 || LOAD, LOAD_START_T: 1765405834.0993085, LOAD_END_T: 1765405840.781614 || MSG_MTo, MSG_MTo_START_T: 0.0, MSG_MTo_END_T: 0.0
Loaded FEMNIST test split partition_id=55 with 373 samples
Wall-clock time: 1765405997.9294584 ||Test loss: 1.7320 || Test accuracy: 0.5121 || CPU time: 8.8495 || CPU utilization: 0.1007 || R#48's duration (s): 87.8464 || Cumulative runtime (s): 3494.2749 || Loading data delay (s): 6.6314 || Eval delay (s): 0.6461 || Agg delay (s): 0.0000 || Coordination delay (s): 0.0000 || DIST task delay: 0.0000 || RECV task delay: 0.0000 || Queueing delay: 0.0000 || MSG (from mid) Ave. delay: 0.0000 || Total cache delay: 0.0000 || Ave. cache delay: 0.0000
[R#48] CUMULATIVE_RUNTIME_SEC=3494.2749
Top Aggregator Timestamps: CACHE, CACHE_START_T: 0.0, CACHE_END_T: 0.0 || AGG, AGG_START_T: 0.0, AGG_END_T: 0.0 || EVAL, EVAL_START_T: 1765405997.283284, EVAL_END_T: 1765405997.9294243 || RECV, RECV_START_T: 0.0, RECV_END_T: 0.0 || DIST, DIST_START_T: 0.0, DIST_END_T: 0.0 || LOAD, LOAD_START_T: 1765405910.0858817, LOAD_END_T: 1765405916.7172542 || MSG_MTo, MSG_MTo_START_T: 0.0, MSG_MTo_END_T: 0.0
Loaded FEMNIST test split partition_id=47 with 395 samples
Wall-clock time: 1765406067.9587307 ||Test loss: 1.0348 || Test accuracy: 0.7013 || CPU time: 8.7875 || CPU utilization: 0.1255 || R#49's duration (s): 70.0293 || Cumulative runtime (s): 3564.3042 || Loading data delay (s): 6.7165 || Eval delay (s): 0.6439 || Agg delay (s): 0.0000 || Coordination delay (s): 0.0000 || DIST task delay: 0.0000 || RECV task delay: 0.0000 || Queueing delay: 0.0000 || MSG (from mid) Ave. delay: 0.0000 || Total cache delay: 0.0000 || Ave. cache delay: 0.0000
[R#49] CUMULATIVE_RUNTIME_SEC=3564.3042
Top Aggregator Timestamps: CACHE, CACHE_START_T: 0.0, CACHE_END_T: 0.0 || AGG, AGG_START_T: 0.0, AGG_END_T: 0.0 || EVAL, EVAL_START_T: 1765406067.314848, EVAL_END_T: 1765406067.9587066 || RECV, RECV_START_T: 0.0, RECV_END_T: 0.0 || DIST, DIST_START_T: 0.0, DIST_END_T: 0.0 || LOAD, LOAD_START_T: 1765405997.933156, LOAD_END_T: 1765406004.64965 || MSG_MTo, MSG_MTo_START_T: 0.0, MSG_MTo_END_T: 0.0
Loaded FEMNIST test split partition_id=24 with 374 samples
Wall-clock time: 1765406137.705252 ||Test loss: 1.0698 || Test accuracy: 0.6898 || CPU time: 8.9502 || CPU utilization: 0.1283 || R#50's duration (s): 69.7465 || Cumulative runtime (s): 3634.0507 || Loading data delay (s): 6.9166 || Eval delay (s): 0.6584 || Agg delay (s): 0.0000 || Coordination delay (s): 0.0000 || DIST task delay: 0.0000 || RECV task delay: 0.0000 || Queueing delay: 0.0000 || MSG (from mid) Ave. delay: 0.0000 || Total cache delay: 0.0000 || Ave. cache delay: 0.0000
[R#50] CUMULATIVE_RUNTIME_SEC=3634.0507
Top Aggregator Timestamps: CACHE, CACHE_START_T: 0.0, CACHE_END_T: 0.0 || AGG, AGG_START_T: 0.0, AGG_END_T: 0.0 || EVAL, EVAL_START_T: 1765406137.0468428, EVAL_END_T: 1765406137.7052267 || RECV, RECV_START_T: 0.0, RECV_END_T: 0.0 || DIST, DIST_START_T: 0.0, DIST_END_T: 0.0 || LOAD, LOAD_START_T: 1765406067.9622304, LOAD_END_T: 1765406074.8788006 || MSG_MTo, MSG_MTo_START_T: 0.0, MSG_MTo_END_T: 0.0
Loaded FEMNIST test split partition_id=67 with 253 samples
Wall-clock time: 1765406203.6609914 ||Test loss: 1.7760 || Test accuracy: 0.4862 || CPU time: 5.6063 || CPU utilization: 0.0850 || R#51's duration (s): 65.9557 || Cumulative runtime (s): 3700.0065 || Loading data delay (s): 6.5984 || Eval delay (s): 0.3981 || Agg delay (s): 0.0000 || Coordination delay (s): 0.0000 || DIST task delay: 0.0000 || RECV task delay: 0.0000 || Queueing delay: 0.0000 || MSG (from mid) Ave. delay: 0.0000 || Total cache delay: 0.0000 || Ave. cache delay: 0.0000
[R#51] CUMULATIVE_RUNTIME_SEC=3700.0065
Top Aggregator Timestamps: CACHE, CACHE_START_T: 0.0, CACHE_END_T: 0.0 || AGG, AGG_START_T: 0.0, AGG_END_T: 0.0 || EVAL, EVAL_START_T: 1765406203.262834, EVAL_END_T: 1765406203.6609695 || RECV, RECV_START_T: 0.0, RECV_END_T: 0.0 || DIST, DIST_START_T: 0.0, DIST_END_T: 0.0 || LOAD, LOAD_START_T: 1765406137.7101176, LOAD_END_T: 1765406144.3085244 || MSG_MTo, MSG_MTo_START_T: 0.0, MSG_MTo_END_T: 0.0
Loaded FEMNIST test split partition_id=50 with 313 samples
Wall-clock time: 1765406271.8578064 ||Test loss: 1.0904 || Test accuracy: 0.7220 || CPU time: 7.2679 || CPU utilization: 0.1066 || R#52's duration (s): 68.1968 || Cumulative runtime (s): 3768.2033 || Loading data delay (s): 6.4253 || Eval delay (s): 0.5271 || Agg delay (s): 0.0000 || Coordination delay (s): 0.0000 || DIST task delay: 0.0000 || RECV task delay: 0.0000 || Queueing delay: 0.0000 || MSG (from mid) Ave. delay: 0.0000 || Total cache delay: 0.0000 || Ave. cache delay: 0.0000
[R#52] CUMULATIVE_RUNTIME_SEC=3768.2033
Top Aggregator Timestamps: CACHE, CACHE_START_T: 0.0, CACHE_END_T: 0.0 || AGG, AGG_START_T: 0.0, AGG_END_T: 0.0 || EVAL, EVAL_START_T: 1765406271.330635, EVAL_END_T: 1765406271.8577776 || RECV, RECV_START_T: 0.0, RECV_END_T: 0.0 || DIST, DIST_START_T: 0.0, DIST_END_T: 0.0 || LOAD, LOAD_START_T: 1765406203.6643069, LOAD_END_T: 1765406210.0896397 || MSG_MTo, MSG_MTo_START_T: 0.0, MSG_MTo_END_T: 0.0
Loaded FEMNIST test split partition_id=34 with 376 samples
Wall-clock time: 1765406345.612392 ||Test loss: 1.6519 || Test accuracy: 0.4947 || CPU time: 8.6985 || CPU utilization: 0.1179 || R#53's duration (s): 73.7546 || Cumulative runtime (s): 3841.9579 || Loading data delay (s): 6.6423 || Eval delay (s): 0.6315 || Agg delay (s): 0.0000 || Coordination delay (s): 0.0000 || DIST task delay: 0.0000 || RECV task delay: 0.0000 || Queueing delay: 0.0000 || MSG (from mid) Ave. delay: 0.0000 || Total cache delay: 0.0000 || Ave. cache delay: 0.0000
[R#53] CUMULATIVE_RUNTIME_SEC=3841.9579
Top Aggregator Timestamps: CACHE, CACHE_START_T: 0.0, CACHE_END_T: 0.0 || AGG, AGG_START_T: 0.0, AGG_END_T: 0.0 || EVAL, EVAL_START_T: 1765406344.9807947, EVAL_END_T: 1765406345.6123443 || RECV, RECV_START_T: 0.0, RECV_END_T: 0.0 || DIST, DIST_START_T: 0.0, DIST_END_T: 0.0 || LOAD, LOAD_START_T: 1765406271.8617163, LOAD_END_T: 1765406278.5040586 || MSG_MTo, MSG_MTo_START_T: 0.0, MSG_MTo_END_T: 0.0
Loaded FEMNIST test split partition_id=31 with 407 samples
Wall-clock time: 1765406414.1689556 ||Test loss: 1.1137 || Test accuracy: 0.6486 || CPU time: 9.6104 || CPU utilization: 0.1402 || R#54's duration (s): 68.5566 || Cumulative runtime (s): 3910.5144 || Loading data delay (s): 6.5826 || Eval delay (s): 0.7158 || Agg delay (s): 0.0000 || Coordination delay (s): 0.0000 || DIST task delay: 0.0000 || RECV task delay: 0.0000 || Queueing delay: 0.0000 || MSG (from mid) Ave. delay: 0.0000 || Total cache delay: 0.0000 || Ave. cache delay: 0.0000
[R#54] CUMULATIVE_RUNTIME_SEC=3910.5144
Top Aggregator Timestamps: CACHE, CACHE_START_T: 0.0, CACHE_END_T: 0.0 || AGG, AGG_START_T: 0.0, AGG_END_T: 0.0 || EVAL, EVAL_START_T: 1765406413.453133, EVAL_END_T: 1765406414.1689298 || RECV, RECV_START_T: 0.0, RECV_END_T: 0.0 || DIST, DIST_START_T: 0.0, DIST_END_T: 0.0 || LOAD, LOAD_START_T: 1765406345.6161983, LOAD_END_T: 1765406352.1988397 || MSG_MTo, MSG_MTo_START_T: 0.0, MSG_MTo_END_T: 0.0
Loaded FEMNIST test split partition_id=18 with 383 samples
Wall-clock time: 1765406487.332148 ||Test loss: 1.4224 || Test accuracy: 0.5796 || CPU time: 8.4464 || CPU utilization: 0.1154 || R#55's duration (s): 73.1632 || Cumulative runtime (s): 3983.6776 || Loading data delay (s): 6.6379 || Eval delay (s): 0.6261 || Agg delay (s): 0.0000 || Coordination delay (s): 0.0000 || DIST task delay: 0.0000 || RECV task delay: 0.0000 || Queueing delay: 0.0000 || MSG (from mid) Ave. delay: 0.0000 || Total cache delay: 0.0000 || Ave. cache delay: 0.0000
[R#55] CUMULATIVE_RUNTIME_SEC=3983.6776
Top Aggregator Timestamps: CACHE, CACHE_START_T: 0.0, CACHE_END_T: 0.0 || AGG, AGG_START_T: 0.0, AGG_END_T: 0.0 || EVAL, EVAL_START_T: 1765406486.706026, EVAL_END_T: 1765406487.3320878 || RECV, RECV_START_T: 0.0, RECV_END_T: 0.0 || DIST, DIST_START_T: 0.0, DIST_END_T: 0.0 || LOAD, LOAD_START_T: 1765406414.1721165, LOAD_END_T: 1765406420.8100245 || MSG_MTo, MSG_MTo_START_T: 0.0, MSG_MTo_END_T: 0.0
Loaded FEMNIST test split partition_id=17 with 424 samples
Wall-clock time: 1765406576.1624362 ||Test loss: 0.9427 || Test accuracy: 0.7453 || CPU time: 8.8882 || CPU utilization: 0.1001 || R#56's duration (s): 88.8303 || Cumulative runtime (s): 4072.5079 || Loading data delay (s): 6.8857 || Eval delay (s): 0.6573 || Agg delay (s): 0.0000 || Coordination delay (s): 0.0000 || DIST task delay: 0.0000 || RECV task delay: 0.0000 || Queueing delay: 0.0000 || MSG (from mid) Ave. delay: 0.0000 || Total cache delay: 0.0000 || Ave. cache delay: 0.0000
[R#56] CUMULATIVE_RUNTIME_SEC=4072.5079
Top Aggregator Timestamps: CACHE, CACHE_START_T: 0.0, CACHE_END_T: 0.0 || AGG, AGG_START_T: 0.0, AGG_END_T: 0.0 || EVAL, EVAL_START_T: 1765406575.5051386, EVAL_END_T: 1765406576.1624067 || RECV, RECV_START_T: 0.0, RECV_END_T: 0.0 || DIST, DIST_START_T: 0.0, DIST_END_T: 0.0 || LOAD, LOAD_START_T: 1765406487.3356423, LOAD_END_T: 1765406494.2213678 || MSG_MTo, MSG_MTo_START_T: 0.0, MSG_MTo_END_T: 0.0
Loaded FEMNIST test split partition_id=66 with 428 samples
Wall-clock time: 1765406652.7629197 ||Test loss: 1.4727 || Test accuracy: 0.5888 || CPU time: 8.8646 || CPU utilization: 0.1157 || R#57's duration (s): 76.6005 || Cumulative runtime (s): 4149.1084 || Loading data delay (s): 6.4844 || Eval delay (s): 0.6558 || Agg delay (s): 0.0000 || Coordination delay (s): 0.0000 || DIST task delay: 0.0000 || RECV task delay: 0.0000 || Queueing delay: 0.0000 || MSG (from mid) Ave. delay: 0.0000 || Total cache delay: 0.0000 || Ave. cache delay: 0.0000
[R#57] CUMULATIVE_RUNTIME_SEC=4149.1084
Top Aggregator Timestamps: CACHE, CACHE_START_T: 0.0, CACHE_END_T: 0.0 || AGG, AGG_START_T: 0.0, AGG_END_T: 0.0 || EVAL, EVAL_START_T: 1765406652.107116, EVAL_END_T: 1765406652.762898 || RECV, RECV_START_T: 0.0, RECV_END_T: 0.0 || DIST, DIST_START_T: 0.0, DIST_END_T: 0.0 || LOAD, LOAD_START_T: 1765406576.1661246, LOAD_END_T: 1765406582.6505105 || MSG_MTo, MSG_MTo_START_T: 0.0, MSG_MTo_END_T: 0.0
Loaded FEMNIST test split partition_id=55 with 373 samples
Wall-clock time: 1765406711.2925444 ||Test loss: 1.7054 || Test accuracy: 0.5255 || CPU time: 7.9114 || CPU utilization: 0.1352 || R#58's duration (s): 58.5296 || Cumulative runtime (s): 4207.6380 || Loading data delay (s): 6.5860 || Eval delay (s): 0.5823 || Agg delay (s): 0.0000 || Coordination delay (s): 0.0000 || DIST task delay: 0.0000 || RECV task delay: 0.0000 || Queueing delay: 0.0000 || MSG (from mid) Ave. delay: 0.0000 || Total cache delay: 0.0000 || Ave. cache delay: 0.0000
[R#58] CUMULATIVE_RUNTIME_SEC=4207.6380
Top Aggregator Timestamps: CACHE, CACHE_START_T: 0.0, CACHE_END_T: 0.0 || AGG, AGG_START_T: 0.0, AGG_END_T: 0.0 || EVAL, EVAL_START_T: 1765406710.7101836, EVAL_END_T: 1765406711.2925222 || RECV, RECV_START_T: 0.0, RECV_END_T: 0.0 || DIST, DIST_START_T: 0.0, DIST_END_T: 0.0 || LOAD, LOAD_START_T: 1765406652.7662544, LOAD_END_T: 1765406659.3522806 || MSG_MTo, MSG_MTo_START_T: 0.0, MSG_MTo_END_T: 0.0
Loaded FEMNIST test split partition_id=41 with 358 samples
Wall-clock time: 1765406783.1619995 ||Test loss: 1.1167 || Test accuracy: 0.6480 || CPU time: 8.0979 || CPU utilization: 0.1127 || R#59's duration (s): 71.8695 || Cumulative runtime (s): 4279.5075 || Loading data delay (s): 6.5176 || Eval delay (s): 0.5932 || Agg delay (s): 0.0000 || Coordination delay (s): 0.0000 || DIST task delay: 0.0000 || RECV task delay: 0.0000 || Queueing delay: 0.0000 || MSG (from mid) Ave. delay: 0.0000 || Total cache delay: 0.0000 || Ave. cache delay: 0.0000
[R#59] CUMULATIVE_RUNTIME_SEC=4279.5075
Top Aggregator Timestamps: CACHE, CACHE_START_T: 0.0, CACHE_END_T: 0.0 || AGG, AGG_START_T: 0.0, AGG_END_T: 0.0 || EVAL, EVAL_START_T: 1765406782.56872, EVAL_END_T: 1765406783.1619656 || RECV, RECV_START_T: 0.0, RECV_END_T: 0.0 || DIST, DIST_START_T: 0.0, DIST_END_T: 0.0 || LOAD, LOAD_START_T: 1765406711.295855, LOAD_END_T: 1765406717.8134933 || MSG_MTo, MSG_MTo_START_T: 0.0, MSG_MTo_END_T: 0.0
Loaded FEMNIST test split partition_id=36 with 384 samples
Wall-clock time: 1765406854.9553854 ||Test loss: 1.0044 || Test accuracy: 0.7005 || CPU time: 8.1244 || CPU utilization: 0.1132 || R#60's duration (s): 71.7934 || Cumulative runtime (s): 4351.3009 || Loading data delay (s): 6.6370 || Eval delay (s): 0.6099 || Agg delay (s): 0.0000 || Coordination delay (s): 0.0000 || DIST task delay: 0.0000 || RECV task delay: 0.0000 || Queueing delay: 0.0000 || MSG (from mid) Ave. delay: 0.0000 || Total cache delay: 0.0000 || Ave. cache delay: 0.0000
[R#60] CUMULATIVE_RUNTIME_SEC=4351.3009
Top Aggregator Timestamps: CACHE, CACHE_START_T: 0.0, CACHE_END_T: 0.0 || AGG, AGG_START_T: 0.0, AGG_END_T: 0.0 || EVAL, EVAL_START_T: 1765406854.3454707, EVAL_END_T: 1765406854.9553587 || RECV, RECV_START_T: 0.0, RECV_END_T: 0.0 || DIST, DIST_START_T: 0.0, DIST_END_T: 0.0 || LOAD, LOAD_START_T: 1765406783.1655927, LOAD_END_T: 1765406789.802557 || MSG_MTo, MSG_MTo_START_T: 0.0, MSG_MTo_END_T: 0.0
Loaded FEMNIST test split partition_id=27 with 446 samples
Wall-clock time: 1765406933.5636864 ||Test loss: 0.9523 || Test accuracy: 0.7063 || CPU time: 9.1880 || CPU utilization: 0.1169 || R#61's duration (s): 78.6083 || Cumulative runtime (s): 4429.9092 || Loading data delay (s): 7.0547 || Eval delay (s): 0.6860 || Agg delay (s): 0.0000 || Coordination delay (s): 0.0000 || DIST task delay: 0.0000 || RECV task delay: 0.0000 || Queueing delay: 0.0000 || MSG (from mid) Ave. delay: 0.0000 || Total cache delay: 0.0000 || Ave. cache delay: 0.0000
[R#61] CUMULATIVE_RUNTIME_SEC=4429.9092
Top Aggregator Timestamps: CACHE, CACHE_START_T: 0.0, CACHE_END_T: 0.0 || AGG, AGG_START_T: 0.0, AGG_END_T: 0.0 || EVAL, EVAL_START_T: 1765406932.8776226, EVAL_END_T: 1765406933.5636604 || RECV, RECV_START_T: 0.0, RECV_END_T: 0.0 || DIST, DIST_START_T: 0.0, DIST_END_T: 0.0 || LOAD, LOAD_START_T: 1765406854.958904, LOAD_END_T: 1765406862.0136118 || MSG_MTo, MSG_MTo_START_T: 0.0, MSG_MTo_END_T: 0.0
Loaded FEMNIST test split partition_id=24 with 374 samples
Wall-clock time: 1765406999.1242564 ||Test loss: 0.9411 || Test accuracy: 0.7193 || CPU time: 8.3673 || CPU utilization: 0.1276 || R#62's duration (s): 65.5606 || Cumulative runtime (s): 4495.4697 || Loading data delay (s): 6.5872 || Eval delay (s): 0.6246 || Agg delay (s): 0.0000 || Coordination delay (s): 0.0000 || DIST task delay: 0.0000 || RECV task delay: 0.0000 || Queueing delay: 0.0000 || MSG (from mid) Ave. delay: 0.0000 || Total cache delay: 0.0000 || Ave. cache delay: 0.0000
[R#62] CUMULATIVE_RUNTIME_SEC=4495.4697
Top Aggregator Timestamps: CACHE, CACHE_START_T: 0.0, CACHE_END_T: 0.0 || AGG, AGG_START_T: 0.0, AGG_END_T: 0.0 || EVAL, EVAL_START_T: 1765406998.4995875, EVAL_END_T: 1765406999.124226 || RECV, RECV_START_T: 0.0, RECV_END_T: 0.0 || DIST, DIST_START_T: 0.0, DIST_END_T: 0.0 || LOAD, LOAD_START_T: 1765406933.5670893, LOAD_END_T: 1765406940.154302 || MSG_MTo, MSG_MTo_START_T: 0.0, MSG_MTo_END_T: 0.0
Loaded FEMNIST test split partition_id=47 with 395 samples
Wall-clock time: 1765407069.749368 ||Test loss: 0.9523 || Test accuracy: 0.7089 || CPU time: 8.4757 || CPU utilization: 0.1200 || R#63's duration (s): 70.6251 || Cumulative runtime (s): 4566.0949 || Loading data delay (s): 6.7845 || Eval delay (s): 0.6288 || Agg delay (s): 0.0000 || Coordination delay (s): 0.0000 || DIST task delay: 0.0000 || RECV task delay: 0.0000 || Queueing delay: 0.0000 || MSG (from mid) Ave. delay: 0.0000 || Total cache delay: 0.0000 || Ave. cache delay: 0.0000
[R#63] CUMULATIVE_RUNTIME_SEC=4566.0949
Top Aggregator Timestamps: CACHE, CACHE_START_T: 0.0, CACHE_END_T: 0.0 || AGG, AGG_START_T: 0.0, AGG_END_T: 0.0 || EVAL, EVAL_START_T: 1765407069.120506, EVAL_END_T: 1765407069.7493415 || RECV, RECV_START_T: 0.0, RECV_END_T: 0.0 || DIST, DIST_START_T: 0.0, DIST_END_T: 0.0 || LOAD, LOAD_START_T: 1765406999.12781, LOAD_END_T: 1765407005.9123106 || MSG_MTo, MSG_MTo_START_T: 0.0, MSG_MTo_END_T: 0.0
Loaded FEMNIST test split partition_id=53 with 326 samples
Wall-clock time: 1765407137.4854248 ||Test loss: 1.2746 || Test accuracy: 0.6258 || CPU time: 6.9510 || CPU utilization: 0.1026 || R#64's duration (s): 67.7361 || Cumulative runtime (s): 4633.8309 || Loading data delay (s): 6.7509 || Eval delay (s): 0.5088 || Agg delay (s): 0.0000 || Coordination delay (s): 0.0000 || DIST task delay: 0.0000 || RECV task delay: 0.0000 || Queueing delay: 0.0000 || MSG (from mid) Ave. delay: 0.0000 || Total cache delay: 0.0000 || Ave. cache delay: 0.0000
[R#64] CUMULATIVE_RUNTIME_SEC=4633.8309
Top Aggregator Timestamps: CACHE, CACHE_START_T: 0.0, CACHE_END_T: 0.0 || AGG, AGG_START_T: 0.0, AGG_END_T: 0.0 || EVAL, EVAL_START_T: 1765407136.9765565, EVAL_END_T: 1765407137.4853954 || RECV, RECV_START_T: 0.0, RECV_END_T: 0.0 || DIST, DIST_START_T: 0.0, DIST_END_T: 0.0 || LOAD, LOAD_START_T: 1765407069.7529018, LOAD_END_T: 1765407076.503844 || MSG_MTo, MSG_MTo_START_T: 0.0, MSG_MTo_END_T: 0.0
Loaded FEMNIST test split partition_id=17 with 424 samples
Wall-clock time: 1765407214.262278 ||Test loss: 1.0566 || Test accuracy: 0.6745 || CPU time: 8.7390 || CPU utilization: 0.1138 || R#65's duration (s): 76.7769 || Cumulative runtime (s): 4710.6078 || Loading data delay (s): 6.7406 || Eval delay (s): 0.6457 || Agg delay (s): 0.0000 || Coordination delay (s): 0.0000 || DIST task delay: 0.0000 || RECV task delay: 0.0000 || Queueing delay: 0.0000 || MSG (from mid) Ave. delay: 0.0000 || Total cache delay: 0.0000 || Ave. cache delay: 0.0000
[R#65] CUMULATIVE_RUNTIME_SEC=4710.6078
Top Aggregator Timestamps: CACHE, CACHE_START_T: 0.0, CACHE_END_T: 0.0 || AGG, AGG_START_T: 0.0, AGG_END_T: 0.0 || EVAL, EVAL_START_T: 1765407213.6165245, EVAL_END_T: 1765407214.2622535 || RECV, RECV_START_T: 0.0, RECV_END_T: 0.0 || DIST, DIST_START_T: 0.0, DIST_END_T: 0.0 || LOAD, LOAD_START_T: 1765407137.4886804, LOAD_END_T: 1765407144.229305 || MSG_MTo, MSG_MTo_START_T: 0.0, MSG_MTo_END_T: 0.0
Loaded FEMNIST test split partition_id=44 with 343 samples
Wall-clock time: 1765407273.513223 ||Test loss: 1.4242 || Test accuracy: 0.5685 || CPU time: 7.3851 || CPU utilization: 0.1246 || R#66's duration (s): 59.2509 || Cumulative runtime (s): 4769.8587 || Loading data delay (s): 6.6241 || Eval delay (s): 0.5397 || Agg delay (s): 0.0000 || Coordination delay (s): 0.0000 || DIST task delay: 0.0000 || RECV task delay: 0.0000 || Queueing delay: 0.0000 || MSG (from mid) Ave. delay: 0.0000 || Total cache delay: 0.0000 || Ave. cache delay: 0.0000
[R#66] CUMULATIVE_RUNTIME_SEC=4769.8587
Top Aggregator Timestamps: CACHE, CACHE_START_T: 0.0, CACHE_END_T: 0.0 || AGG, AGG_START_T: 0.0, AGG_END_T: 0.0 || EVAL, EVAL_START_T: 1765407272.9734936, EVAL_END_T: 1765407273.513197 || RECV, RECV_START_T: 0.0, RECV_END_T: 0.0 || DIST, DIST_START_T: 0.0, DIST_END_T: 0.0 || LOAD, LOAD_START_T: 1765407214.2655683, LOAD_END_T: 1765407220.8897178 || MSG_MTo, MSG_MTo_START_T: 0.0, MSG_MTo_END_T: 0.0
Loaded FEMNIST test split partition_id=57 with 388 samples
Wall-clock time: 1765407339.681461 ||Test loss: 0.6784 || Test accuracy: 0.7964 || CPU time: 8.2498 || CPU utilization: 0.1247 || R#67's duration (s): 66.1682 || Cumulative runtime (s): 4836.0270 || Loading data delay (s): 6.5189 || Eval delay (s): 0.5994 || Agg delay (s): 0.0000 || Coordination delay (s): 0.0000 || DIST task delay: 0.0000 || RECV task delay: 0.0000 || Queueing delay: 0.0000 || MSG (from mid) Ave. delay: 0.0000 || Total cache delay: 0.0000 || Ave. cache delay: 0.0000
[R#67] CUMULATIVE_RUNTIME_SEC=4836.0270
Top Aggregator Timestamps: CACHE, CACHE_START_T: 0.0, CACHE_END_T: 0.0 || AGG, AGG_START_T: 0.0, AGG_END_T: 0.0 || EVAL, EVAL_START_T: 1765407339.0820234, EVAL_END_T: 1765407339.6814332 || RECV, RECV_START_T: 0.0, RECV_END_T: 0.0 || DIST, DIST_START_T: 0.0, DIST_END_T: 0.0 || LOAD, LOAD_START_T: 1765407273.51651, LOAD_END_T: 1765407280.0354295 || MSG_MTo, MSG_MTo_START_T: 0.0, MSG_MTo_END_T: 0.0
Loaded FEMNIST test split partition_id=56 with 343 samples
Wall-clock time: 1765407415.8128388 ||Test loss: 0.9586 || Test accuracy: 0.7259 || CPU time: 7.3665 || CPU utilization: 0.0968 || R#68's duration (s): 76.1314 || Cumulative runtime (s): 4912.1583 || Loading data delay (s): 6.5107 || Eval delay (s): 0.5370 || Agg delay (s): 0.0000 || Coordination delay (s): 0.0000 || DIST task delay: 0.0000 || RECV task delay: 0.0000 || Queueing delay: 0.0000 || MSG (from mid) Ave. delay: 0.0000 || Total cache delay: 0.0000 || Ave. cache delay: 0.0000
[R#68] CUMULATIVE_RUNTIME_SEC=4912.1583
Top Aggregator Timestamps: CACHE, CACHE_START_T: 0.0, CACHE_END_T: 0.0 || AGG, AGG_START_T: 0.0, AGG_END_T: 0.0 || EVAL, EVAL_START_T: 1765407415.2758498, EVAL_END_T: 1765407415.8128097 || RECV, RECV_START_T: 0.0, RECV_END_T: 0.0 || DIST, DIST_START_T: 0.0, DIST_END_T: 0.0 || LOAD, LOAD_START_T: 1765407339.6845431, LOAD_END_T: 1765407346.1952431 || MSG_MTo, MSG_MTo_START_T: 0.0, MSG_MTo_END_T: 0.0
Loaded FEMNIST test split partition_id=23 with 418 samples
Wall-clock time: 1765407478.2136424 ||Test loss: 0.7030 || Test accuracy: 0.8086 || CPU time: 9.1687 || CPU utilization: 0.1469 || R#69's duration (s): 62.4008 || Cumulative runtime (s): 4974.5591 || Loading data delay (s): 6.4471 || Eval delay (s): 0.6732 || Agg delay (s): 0.0000 || Coordination delay (s): 0.0000 || DIST task delay: 0.0000 || RECV task delay: 0.0000 || Queueing delay: 0.0000 || MSG (from mid) Ave. delay: 0.0000 || Total cache delay: 0.0000 || Ave. cache delay: 0.0000
[R#69] CUMULATIVE_RUNTIME_SEC=4974.5591
Top Aggregator Timestamps: CACHE, CACHE_START_T: 0.0, CACHE_END_T: 0.0 || AGG, AGG_START_T: 0.0, AGG_END_T: 0.0 || EVAL, EVAL_START_T: 1765407477.5404208, EVAL_END_T: 1765407478.2135906 || RECV, RECV_START_T: 0.0, RECV_END_T: 0.0 || DIST, DIST_START_T: 0.0, DIST_END_T: 0.0 || LOAD, LOAD_START_T: 1765407415.8157656, LOAD_END_T: 1765407422.2629113 || MSG_MTo, MSG_MTo_START_T: 0.0, MSG_MTo_END_T: 0.0
Loaded FEMNIST test split partition_id=27 with 446 samples
Wall-clock time: 1765407545.4079194 ||Test loss: 0.9328 || Test accuracy: 0.7108 || CPU time: 9.3505 || CPU utilization: 0.1392 || R#70's duration (s): 67.1943 || Cumulative runtime (s): 5041.7534 || Loading data delay (s): 6.5362 || Eval delay (s): 0.7024 || Agg delay (s): 0.0000 || Coordination delay (s): 0.0000 || DIST task delay: 0.0000 || RECV task delay: 0.0000 || Queueing delay: 0.0000 || MSG (from mid) Ave. delay: 0.0000 || Total cache delay: 0.0000 || Ave. cache delay: 0.0000
[R#70] CUMULATIVE_RUNTIME_SEC=5041.7534
Top Aggregator Timestamps: CACHE, CACHE_START_T: 0.0, CACHE_END_T: 0.0 || AGG, AGG_START_T: 0.0, AGG_END_T: 0.0 || EVAL, EVAL_START_T: 1765407544.705515, EVAL_END_T: 1765407545.4078858 || RECV, RECV_START_T: 0.0, RECV_END_T: 0.0 || DIST, DIST_START_T: 0.0, DIST_END_T: 0.0 || LOAD, LOAD_START_T: 1765407478.2171373, LOAD_END_T: 1765407484.753344 || MSG_MTo, MSG_MTo_START_T: 0.0, MSG_MTo_END_T: 0.0
Loaded FEMNIST test split partition_id=40 with 375 samples
Wall-clock time: 1765407623.1622033 ||Test loss: 0.8590 || Test accuracy: 0.7573 || CPU time: 7.9455 || CPU utilization: 0.1022 || R#71's duration (s): 77.7543 || Cumulative runtime (s): 5119.5077 || Loading data delay (s): 6.6764 || Eval delay (s): 0.5786 || Agg delay (s): 0.0000 || Coordination delay (s): 0.0000 || DIST task delay: 0.0000 || RECV task delay: 0.0000 || Queueing delay: 0.0000 || MSG (from mid) Ave. delay: 0.0000 || Total cache delay: 0.0000 || Ave. cache delay: 0.0000
[R#71] CUMULATIVE_RUNTIME_SEC=5119.5077
Top Aggregator Timestamps: CACHE, CACHE_START_T: 0.0, CACHE_END_T: 0.0 || AGG, AGG_START_T: 0.0, AGG_END_T: 0.0 || EVAL, EVAL_START_T: 1765407622.5835726, EVAL_END_T: 1765407623.162182 || RECV, RECV_START_T: 0.0, RECV_END_T: 0.0 || DIST, DIST_START_T: 0.0, DIST_END_T: 0.0 || LOAD, LOAD_START_T: 1765407545.411364, LOAD_END_T: 1765407552.0877762 || MSG_MTo, MSG_MTo_START_T: 0.0, MSG_MTo_END_T: 0.0
Loaded FEMNIST test split partition_id=19 with 377 samples
Wall-clock time: 1765407698.0004694 ||Test loss: 0.9986 || Test accuracy: 0.7003 || CPU time: 8.0726 || CPU utilization: 0.1079 || R#72's duration (s): 74.8383 || Cumulative runtime (s): 5194.3460 || Loading data delay (s): 6.4734 || Eval delay (s): 0.5934 || Agg delay (s): 0.0000 || Coordination delay (s): 0.0000 || DIST task delay: 0.0000 || RECV task delay: 0.0000 || Queueing delay: 0.0000 || MSG (from mid) Ave. delay: 0.0000 || Total cache delay: 0.0000 || Ave. cache delay: 0.0000
[R#72] CUMULATIVE_RUNTIME_SEC=5194.3460
Top Aggregator Timestamps: CACHE, CACHE_START_T: 0.0, CACHE_END_T: 0.0 || AGG, AGG_START_T: 0.0, AGG_END_T: 0.0 || EVAL, EVAL_START_T: 1765407697.407012, EVAL_END_T: 1765407698.0004187 || RECV, RECV_START_T: 0.0, RECV_END_T: 0.0 || DIST, DIST_START_T: 0.0, DIST_END_T: 0.0 || LOAD, LOAD_START_T: 1765407623.1650317, LOAD_END_T: 1765407629.638389 || MSG_MTo, MSG_MTo_START_T: 0.0, MSG_MTo_END_T: 0.0
Loaded FEMNIST test split partition_id=35 with 416 samples
Wall-clock time: 1765407763.6867406 ||Test loss: 0.9578 || Test accuracy: 0.6587 || CPU time: 8.4944 || CPU utilization: 0.1293 || R#73's duration (s): 65.6863 || Cumulative runtime (s): 5260.0322 || Loading data delay (s): 6.7561 || Eval delay (s): 0.6314 || Agg delay (s): 0.0000 || Coordination delay (s): 0.0000 || DIST task delay: 0.0000 || RECV task delay: 0.0000 || Queueing delay: 0.0000 || MSG (from mid) Ave. delay: 0.0000 || Total cache delay: 0.0000 || Ave. cache delay: 0.0000
[R#73] CUMULATIVE_RUNTIME_SEC=5260.0322
Top Aggregator Timestamps: CACHE, CACHE_START_T: 0.0, CACHE_END_T: 0.0 || AGG, AGG_START_T: 0.0, AGG_END_T: 0.0 || EVAL, EVAL_START_T: 1765407763.0552819, EVAL_END_T: 1765407763.6867154 || RECV, RECV_START_T: 0.0, RECV_END_T: 0.0 || DIST, DIST_START_T: 0.0, DIST_END_T: 0.0 || LOAD, LOAD_START_T: 1765407698.0039725, LOAD_END_T: 1765407704.7600346 || MSG_MTo, MSG_MTo_START_T: 0.0, MSG_MTo_END_T: 0.0
Loaded FEMNIST test split partition_id=16 with 312 samples
Wall-clock time: 1765407828.7910714 ||Test loss: 1.2121 || Test accuracy: 0.6410 || CPU time: 6.5927 || CPU utilization: 0.1013 || R#74's duration (s): 65.1043 || Cumulative runtime (s): 5325.1366 || Loading data delay (s): 6.5148 || Eval delay (s): 0.5019 || Agg delay (s): 0.0000 || Coordination delay (s): 0.0000 || DIST task delay: 0.0000 || RECV task delay: 0.0000 || Queueing delay: 0.0000 || MSG (from mid) Ave. delay: 0.0000 || Total cache delay: 0.0000 || Ave. cache delay: 0.0000
[R#74] CUMULATIVE_RUNTIME_SEC=5325.1366
Top Aggregator Timestamps: CACHE, CACHE_START_T: 0.0, CACHE_END_T: 0.0 || AGG, AGG_START_T: 0.0, AGG_END_T: 0.0 || EVAL, EVAL_START_T: 1765407828.289103, EVAL_END_T: 1765407828.7910452 || RECV, RECV_START_T: 0.0, RECV_END_T: 0.0 || DIST, DIST_START_T: 0.0, DIST_END_T: 0.0 || LOAD, LOAD_START_T: 1765407763.6898434, LOAD_END_T: 1765407770.2046385 || MSG_MTo, MSG_MTo_START_T: 0.0, MSG_MTo_END_T: 0.0
Loaded FEMNIST test split partition_id=61 with 356 samples
Wall-clock time: 1765407900.1372516 ||Test loss: 2.4864 || Test accuracy: 0.2865 || CPU time: 7.5604 || CPU utilization: 0.1060 || R#75's duration (s): 71.3462 || Cumulative runtime (s): 5396.4827 || Loading data delay (s): 6.6318 || Eval delay (s): 0.5576 || Agg delay (s): 0.0000 || Coordination delay (s): 0.0000 || DIST task delay: 0.0000 || RECV task delay: 0.0000 || Queueing delay: 0.0000 || MSG (from mid) Ave. delay: 0.0000 || Total cache delay: 0.0000 || Ave. cache delay: 0.0000
[R#75] CUMULATIVE_RUNTIME_SEC=5396.4827
Top Aggregator Timestamps: CACHE, CACHE_START_T: 0.0, CACHE_END_T: 0.0 || AGG, AGG_START_T: 0.0, AGG_END_T: 0.0 || EVAL, EVAL_START_T: 1765407899.5796337, EVAL_END_T: 1765407900.1372266 || RECV, RECV_START_T: 0.0, RECV_END_T: 0.0 || DIST, DIST_START_T: 0.0, DIST_END_T: 0.0 || LOAD, LOAD_START_T: 1765407828.794508, LOAD_END_T: 1765407835.4263344 || MSG_MTo, MSG_MTo_START_T: 0.0, MSG_MTo_END_T: 0.0
Loaded FEMNIST test split partition_id=61 with 356 samples
Wall-clock time: 1765407962.3277166 ||Test loss: 2.5709 || Test accuracy: 0.3006 || CPU time: 7.1050 || CPU utilization: 0.1142 || R#76's duration (s): 62.1905 || Cumulative runtime (s): 5458.6732 || Loading data delay (s): 6.5640 || Eval delay (s): 0.5245 || Agg delay (s): 0.0000 || Coordination delay (s): 0.0000 || DIST task delay: 0.0000 || RECV task delay: 0.0000 || Queueing delay: 0.0000 || MSG (from mid) Ave. delay: 0.0000 || Total cache delay: 0.0000 || Ave. cache delay: 0.0000
[R#76] CUMULATIVE_RUNTIME_SEC=5458.6732
Top Aggregator Timestamps: CACHE, CACHE_START_T: 0.0, CACHE_END_T: 0.0 || AGG, AGG_START_T: 0.0, AGG_END_T: 0.0 || EVAL, EVAL_START_T: 1765407961.8031468, EVAL_END_T: 1765407962.3276956 || RECV, RECV_START_T: 0.0, RECV_END_T: 0.0 || DIST, DIST_START_T: 0.0, DIST_END_T: 0.0 || LOAD, LOAD_START_T: 1765407900.1401732, LOAD_END_T: 1765407906.704214 || MSG_MTo, MSG_MTo_START_T: 0.0, MSG_MTo_END_T: 0.0
Loaded FEMNIST test split partition_id=20 with 371 samples
Wall-clock time: 1765408036.6076965 ||Test loss: 0.5885 || Test accuracy: 0.7978 || CPU time: 7.8389 || CPU utilization: 0.1055 || R#77's duration (s): 74.2800 || Cumulative runtime (s): 5532.9532 || Loading data delay (s): 6.7912 || Eval delay (s): 0.5928 || Agg delay (s): 0.0000 || Coordination delay (s): 0.0000 || DIST task delay: 0.0000 || RECV task delay: 0.0000 || Queueing delay: 0.0000 || MSG (from mid) Ave. delay: 0.0000 || Total cache delay: 0.0000 || Ave. cache delay: 0.0000
[R#77] CUMULATIVE_RUNTIME_SEC=5532.9532
Top Aggregator Timestamps: CACHE, CACHE_START_T: 0.0, CACHE_END_T: 0.0 || AGG, AGG_START_T: 0.0, AGG_END_T: 0.0 || EVAL, EVAL_START_T: 1765408036.0149243, EVAL_END_T: 1765408036.6076746 || RECV, RECV_START_T: 0.0, RECV_END_T: 0.0 || DIST, DIST_START_T: 0.0, DIST_END_T: 0.0 || LOAD, LOAD_START_T: 1765407962.33098, LOAD_END_T: 1765407969.1221898 || MSG_MTo, MSG_MTo_START_T: 0.0, MSG_MTo_END_T: 0.0
Loaded FEMNIST test split partition_id=28 with 399 samples
Wall-clock time: 1765408105.6192617 ||Test loss: 1.0870 || Test accuracy: 0.7043 || CPU time: 8.1629 || CPU utilization: 0.1183 || R#78's duration (s): 69.0116 || Cumulative runtime (s): 5601.9648 || Loading data delay (s): 6.5992 || Eval delay (s): 0.6083 || Agg delay (s): 0.0000 || Coordination delay (s): 0.0000 || DIST task delay: 0.0000 || RECV task delay: 0.0000 || Queueing delay: 0.0000 || MSG (from mid) Ave. delay: 0.0000 || Total cache delay: 0.0000 || Ave. cache delay: 0.0000
[R#78] CUMULATIVE_RUNTIME_SEC=5601.9648
Top Aggregator Timestamps: CACHE, CACHE_START_T: 0.0, CACHE_END_T: 0.0 || AGG, AGG_START_T: 0.0, AGG_END_T: 0.0 || EVAL, EVAL_START_T: 1765408105.0109167, EVAL_END_T: 1765408105.6192183 || RECV, RECV_START_T: 0.0, RECV_END_T: 0.0 || DIST, DIST_START_T: 0.0, DIST_END_T: 0.0 || LOAD, LOAD_START_T: 1765408036.6108634, LOAD_END_T: 1765408043.2100646 || MSG_MTo, MSG_MTo_START_T: 0.0, MSG_MTo_END_T: 0.0
Loaded FEMNIST test split partition_id=35 with 416 samples
Wall-clock time: 1765408180.1219091 ||Test loss: 0.8327 || Test accuracy: 0.7115 || CPU time: 8.5470 || CPU utilization: 0.1147 || R#79's duration (s): 74.5026 || Cumulative runtime (s): 5676.4674 || Loading data delay (s): 6.5929 || Eval delay (s): 0.6362 || Agg delay (s): 0.0000 || Coordination delay (s): 0.0000 || DIST task delay: 0.0000 || RECV task delay: 0.0000 || Queueing delay: 0.0000 || MSG (from mid) Ave. delay: 0.0000 || Total cache delay: 0.0000 || Ave. cache delay: 0.0000
[R#79] CUMULATIVE_RUNTIME_SEC=5676.4674
Top Aggregator Timestamps: CACHE, CACHE_START_T: 0.0, CACHE_END_T: 0.0 || AGG, AGG_START_T: 0.0, AGG_END_T: 0.0 || EVAL, EVAL_START_T: 1765408179.4856493, EVAL_END_T: 1765408180.1218762 || RECV, RECV_START_T: 0.0, RECV_END_T: 0.0 || DIST, DIST_START_T: 0.0, DIST_END_T: 0.0 || LOAD, LOAD_START_T: 1765408105.622865, LOAD_END_T: 1765408112.2157326 || MSG_MTo, MSG_MTo_START_T: 0.0, MSG_MTo_END_T: 0.0
Loaded FEMNIST test split partition_id=47 with 395 samples
Wall-clock time: 1765408239.4545543 ||Test loss: 0.8676 || Test accuracy: 0.7468 || CPU time: 8.0131 || CPU utilization: 0.1351 || R#80's duration (s): 59.3326 || Cumulative runtime (s): 5735.8000 || Loading data delay (s): 6.5472 || Eval delay (s): 0.5987 || Agg delay (s): 0.0000 || Coordination delay (s): 0.0000 || DIST task delay: 0.0000 || RECV task delay: 0.0000 || Queueing delay: 0.0000 || MSG (from mid) Ave. delay: 0.0000 || Total cache delay: 0.0000 || Ave. cache delay: 0.0000
[R#80] CUMULATIVE_RUNTIME_SEC=5735.8000
Top Aggregator Timestamps: CACHE, CACHE_START_T: 0.0, CACHE_END_T: 0.0 || AGG, AGG_START_T: 0.0, AGG_END_T: 0.0 || EVAL, EVAL_START_T: 1765408238.8558269, EVAL_END_T: 1765408239.454525 || RECV, RECV_START_T: 0.0, RECV_END_T: 0.0 || DIST, DIST_START_T: 0.0, DIST_END_T: 0.0 || LOAD, LOAD_START_T: 1765408180.1251123, LOAD_END_T: 1765408186.6723287 || MSG_MTo, MSG_MTo_START_T: 0.0, MSG_MTo_END_T: 0.0
Loaded FEMNIST test split partition_id=25 with 317 samples
Wall-clock time: 1765408304.6471877 ||Test loss: 0.7579 || Test accuracy: 0.7666 || CPU time: 6.4135 || CPU utilization: 0.0984 || R#81's duration (s): 65.1926 || Cumulative runtime (s): 5800.9927 || Loading data delay (s): 7.0836 || Eval delay (s): 0.4770 || Agg delay (s): 0.0000 || Coordination delay (s): 0.0000 || DIST task delay: 0.0000 || RECV task delay: 0.0000 || Queueing delay: 0.0000 || MSG (from mid) Ave. delay: 0.0000 || Total cache delay: 0.0000 || Ave. cache delay: 0.0000
[R#81] CUMULATIVE_RUNTIME_SEC=5800.9927
Top Aggregator Timestamps: CACHE, CACHE_START_T: 0.0, CACHE_END_T: 0.0 || AGG, AGG_START_T: 0.0, AGG_END_T: 0.0 || EVAL, EVAL_START_T: 1765408304.1701496, EVAL_END_T: 1765408304.6471598 || RECV, RECV_START_T: 0.0, RECV_END_T: 0.0 || DIST, DIST_START_T: 0.0, DIST_END_T: 0.0 || LOAD, LOAD_START_T: 1765408239.4580476, LOAD_END_T: 1765408246.5416148 || MSG_MTo, MSG_MTo_START_T: 0.0, MSG_MTo_END_T: 0.0
Loaded FEMNIST test split partition_id=19 with 377 samples
Wall-clock time: 1765408389.0030746 ||Test loss: 0.7730 || Test accuracy: 0.7639 || CPU time: 8.2950 || CPU utilization: 0.0983 || R#82's duration (s): 84.3559 || Cumulative runtime (s): 5885.3486 || Loading data delay (s): 6.6179 || Eval delay (s): 0.6246 || Agg delay (s): 0.0000 || Coordination delay (s): 0.0000 || DIST task delay: 0.0000 || RECV task delay: 0.0000 || Queueing delay: 0.0000 || MSG (from mid) Ave. delay: 0.0000 || Total cache delay: 0.0000 || Ave. cache delay: 0.0000
[R#82] CUMULATIVE_RUNTIME_SEC=5885.3486
Top Aggregator Timestamps: CACHE, CACHE_START_T: 0.0, CACHE_END_T: 0.0 || AGG, AGG_START_T: 0.0, AGG_END_T: 0.0 || EVAL, EVAL_START_T: 1765408388.3784177, EVAL_END_T: 1765408389.003039 || RECV, RECV_START_T: 0.0, RECV_END_T: 0.0 || DIST, DIST_START_T: 0.0, DIST_END_T: 0.0 || LOAD, LOAD_START_T: 1765408304.6501603, LOAD_END_T: 1765408311.2680423 || MSG_MTo, MSG_MTo_START_T: 0.0, MSG_MTo_END_T: 0.0
Loaded FEMNIST test split partition_id=49 with 393 samples
Wall-clock time: 1765408458.6657054 ||Test loss: 0.6626 || Test accuracy: 0.7735 || CPU time: 8.2463 || CPU utilization: 0.1184 || R#83's duration (s): 69.6626 || Cumulative runtime (s): 5955.0112 || Loading data delay (s): 6.7596 || Eval delay (s): 0.6136 || Agg delay (s): 0.0000 || Coordination delay (s): 0.0000 || DIST task delay: 0.0000 || RECV task delay: 0.0000 || Queueing delay: 0.0000 || MSG (from mid) Ave. delay: 0.0000 || Total cache delay: 0.0000 || Ave. cache delay: 0.0000
[R#83] CUMULATIVE_RUNTIME_SEC=5955.0112
Top Aggregator Timestamps: CACHE, CACHE_START_T: 0.0, CACHE_END_T: 0.0 || AGG, AGG_START_T: 0.0, AGG_END_T: 0.0 || EVAL, EVAL_START_T: 1765408458.052056, EVAL_END_T: 1765408458.6656833 || RECV, RECV_START_T: 0.0, RECV_END_T: 0.0 || DIST, DIST_START_T: 0.0, DIST_END_T: 0.0 || LOAD, LOAD_START_T: 1765408389.0065298, LOAD_END_T: 1765408395.7661343 || MSG_MTo, MSG_MTo_START_T: 0.0, MSG_MTo_END_T: 0.0
Loaded FEMNIST test split partition_id=19 with 377 samples
Wall-clock time: 1765408534.2867448 ||Test loss: 0.8499 || Test accuracy: 0.7427 || CPU time: 7.8751 || CPU utilization: 0.1041 || R#84's duration (s): 75.6210 || Cumulative runtime (s): 6030.6322 || Loading data delay (s): 6.8750 || Eval delay (s): 0.5905 || Agg delay (s): 0.0000 || Coordination delay (s): 0.0000 || DIST task delay: 0.0000 || RECV task delay: 0.0000 || Queueing delay: 0.0000 || MSG (from mid) Ave. delay: 0.0000 || Total cache delay: 0.0000 || Ave. cache delay: 0.0000
[R#84] CUMULATIVE_RUNTIME_SEC=6030.6322
Top Aggregator Timestamps: CACHE, CACHE_START_T: 0.0, CACHE_END_T: 0.0 || AGG, AGG_START_T: 0.0, AGG_END_T: 0.0 || EVAL, EVAL_START_T: 1765408533.6962712, EVAL_END_T: 1765408534.286723 || RECV, RECV_START_T: 0.0, RECV_END_T: 0.0 || DIST, DIST_START_T: 0.0, DIST_END_T: 0.0 || LOAD, LOAD_START_T: 1765408458.6687288, LOAD_END_T: 1765408465.543708 || MSG_MTo, MSG_MTo_START_T: 0.0, MSG_MTo_END_T: 0.0
Loaded FEMNIST test split partition_id=27 with 446 samples
Wall-clock time: 1765408608.1755857 ||Test loss: 0.7766 || Test accuracy: 0.7489 || CPU time: 9.6353 || CPU utilization: 0.1304 || R#85's duration (s): 73.8888 || Cumulative runtime (s): 6104.5211 || Loading data delay (s): 6.5228 || Eval delay (s): 0.7471 || Agg delay (s): 0.0000 || Coordination delay (s): 0.0000 || DIST task delay: 0.0000 || RECV task delay: 0.0000 || Queueing delay: 0.0000 || MSG (from mid) Ave. delay: 0.0000 || Total cache delay: 0.0000 || Ave. cache delay: 0.0000
[R#85] CUMULATIVE_RUNTIME_SEC=6104.5211
Top Aggregator Timestamps: CACHE, CACHE_START_T: 0.0, CACHE_END_T: 0.0 || AGG, AGG_START_T: 0.0, AGG_END_T: 0.0 || EVAL, EVAL_START_T: 1765408607.428433, EVAL_END_T: 1765408608.1755633 || RECV, RECV_START_T: 0.0, RECV_END_T: 0.0 || DIST, DIST_START_T: 0.0, DIST_END_T: 0.0 || LOAD, LOAD_START_T: 1765408534.2902849, LOAD_END_T: 1765408540.8130589 || MSG_MTo, MSG_MTo_START_T: 0.0, MSG_MTo_END_T: 0.0
Loaded FEMNIST test split partition_id=9 with 377 samples
Wall-clock time: 1765408669.7770197 ||Test loss: 1.3424 || Test accuracy: 0.6101 || CPU time: 8.0441 || CPU utilization: 0.1306 || R#86's duration (s): 61.6014 || Cumulative runtime (s): 6166.1225 || Loading data delay (s): 7.0706 || Eval delay (s): 0.6029 || Agg delay (s): 0.0000 || Coordination delay (s): 0.0000 || DIST task delay: 0.0000 || RECV task delay: 0.0000 || Queueing delay: 0.0000 || MSG (from mid) Ave. delay: 0.0000 || Total cache delay: 0.0000 || Ave. cache delay: 0.0000
[R#86] CUMULATIVE_RUNTIME_SEC=6166.1225
Top Aggregator Timestamps: CACHE, CACHE_START_T: 0.0, CACHE_END_T: 0.0 || AGG, AGG_START_T: 0.0, AGG_END_T: 0.0 || EVAL, EVAL_START_T: 1765408669.1740692, EVAL_END_T: 1765408669.7769926 || RECV, RECV_START_T: 0.0, RECV_END_T: 0.0 || DIST, DIST_START_T: 0.0, DIST_END_T: 0.0 || LOAD, LOAD_START_T: 1765408608.1789217, LOAD_END_T: 1765408615.2495391 || MSG_MTo, MSG_MTo_START_T: 0.0, MSG_MTo_END_T: 0.0
Loaded FEMNIST test split partition_id=21 with 292 samples
Wall-clock time: 1765408735.1211138 ||Test loss: 1.2392 || Test accuracy: 0.6884 || CPU time: 6.4459 || CPU utilization: 0.0986 || R#87's duration (s): 65.3441 || Cumulative runtime (s): 6231.4666 || Loading data delay (s): 6.6713 || Eval delay (s): 0.4654 || Agg delay (s): 0.0000 || Coordination delay (s): 0.0000 || DIST task delay: 0.0000 || RECV task delay: 0.0000 || Queueing delay: 0.0000 || MSG (from mid) Ave. delay: 0.0000 || Total cache delay: 0.0000 || Ave. cache delay: 0.0000
[R#87] CUMULATIVE_RUNTIME_SEC=6231.4666
Top Aggregator Timestamps: CACHE, CACHE_START_T: 0.0, CACHE_END_T: 0.0 || AGG, AGG_START_T: 0.0, AGG_END_T: 0.0 || EVAL, EVAL_START_T: 1765408734.6557374, EVAL_END_T: 1765408735.1210916 || RECV, RECV_START_T: 0.0, RECV_END_T: 0.0 || DIST, DIST_START_T: 0.0, DIST_END_T: 0.0 || LOAD, LOAD_START_T: 1765408669.7803605, LOAD_END_T: 1765408676.451615 || MSG_MTo, MSG_MTo_START_T: 0.0, MSG_MTo_END_T: 0.0
Loaded FEMNIST test split partition_id=9 with 377 samples
Wall-clock time: 1765408793.3408942 ||Test loss: 1.3675 || Test accuracy: 0.5889 || CPU time: 7.8576 || CPU utilization: 0.1350 || R#88's duration (s): 58.2198 || Cumulative runtime (s): 6289.6864 || Loading data delay (s): 6.9651 || Eval delay (s): 0.5845 || Agg delay (s): 0.0000 || Coordination delay (s): 0.0000 || DIST task delay: 0.0000 || RECV task delay: 0.0000 || Queueing delay: 0.0000 || MSG (from mid) Ave. delay: 0.0000 || Total cache delay: 0.0000 || Ave. cache delay: 0.0000
[R#88] CUMULATIVE_RUNTIME_SEC=6289.6864
Top Aggregator Timestamps: CACHE, CACHE_START_T: 0.0, CACHE_END_T: 0.0 || AGG, AGG_START_T: 0.0, AGG_END_T: 0.0 || EVAL, EVAL_START_T: 1765408792.7564044, EVAL_END_T: 1765408793.3408744 || RECV, RECV_START_T: 0.0, RECV_END_T: 0.0 || DIST, DIST_START_T: 0.0, DIST_END_T: 0.0 || LOAD, LOAD_START_T: 1765408735.1244037, LOAD_END_T: 1765408742.0894585 || MSG_MTo, MSG_MTo_START_T: 0.0, MSG_MTo_END_T: 0.0
Loaded FEMNIST test split partition_id=30 with 284 samples
Wall-clock time: 1765408862.4573104 ||Test loss: 0.6912 || Test accuracy: 0.8063 || CPU time: 6.0612 || CPU utilization: 0.0877 || R#89's duration (s): 69.1164 || Cumulative runtime (s): 6358.8028 || Loading data delay (s): 6.5269 || Eval delay (s): 0.4455 || Agg delay (s): 0.0000 || Coordination delay (s): 0.0000 || DIST task delay: 0.0000 || RECV task delay: 0.0000 || Queueing delay: 0.0000 || MSG (from mid) Ave. delay: 0.0000 || Total cache delay: 0.0000 || Ave. cache delay: 0.0000
[R#89] CUMULATIVE_RUNTIME_SEC=6358.8028
Top Aggregator Timestamps: CACHE, CACHE_START_T: 0.0, CACHE_END_T: 0.0 || AGG, AGG_START_T: 0.0, AGG_END_T: 0.0 || EVAL, EVAL_START_T: 1765408862.0118036, EVAL_END_T: 1765408862.4572873 || RECV, RECV_START_T: 0.0, RECV_END_T: 0.0 || DIST, DIST_START_T: 0.0, DIST_END_T: 0.0 || LOAD, LOAD_START_T: 1765408793.344239, LOAD_END_T: 1765408799.8711102 || MSG_MTo, MSG_MTo_START_T: 0.0, MSG_MTo_END_T: 0.0
Loaded FEMNIST test split partition_id=55 with 373 samples
Wall-clock time: 1765408953.3871822 ||Test loss: 1.7416 || Test accuracy: 0.5764 || CPU time: 7.7716 || CPU utilization: 0.0855 || R#90's duration (s): 90.9299 || Cumulative runtime (s): 6449.7327 || Loading data delay (s): 6.9309 || Eval delay (s): 0.5749 || Agg delay (s): 0.0000 || Coordination delay (s): 0.0000 || DIST task delay: 0.0000 || RECV task delay: 0.0000 || Queueing delay: 0.0000 || MSG (from mid) Ave. delay: 0.0000 || Total cache delay: 0.0000 || Ave. cache delay: 0.0000
[R#90] CUMULATIVE_RUNTIME_SEC=6449.7327
Top Aggregator Timestamps: CACHE, CACHE_START_T: 0.0, CACHE_END_T: 0.0 || AGG, AGG_START_T: 0.0, AGG_END_T: 0.0 || EVAL, EVAL_START_T: 1765408952.8122628, EVAL_END_T: 1765408953.3871586 || RECV, RECV_START_T: 0.0, RECV_END_T: 0.0 || DIST, DIST_START_T: 0.0, DIST_END_T: 0.0 || LOAD, LOAD_START_T: 1765408862.4610753, LOAD_END_T: 1765408869.3920026 || MSG_MTo, MSG_MTo_START_T: 0.0, MSG_MTo_END_T: 0.0
Loaded FEMNIST test split partition_id=34 with 376 samples
Wall-clock time: 1765409043.4430377 ||Test loss: 1.2030 || Test accuracy: 0.6064 || CPU time: 8.1631 || CPU utilization: 0.0906 || R#91's duration (s): 90.0559 || Cumulative runtime (s): 6539.7885 || Loading data delay (s): 6.4751 || Eval delay (s): 0.6038 || Agg delay (s): 0.0000 || Coordination delay (s): 0.0000 || DIST task delay: 0.0000 || RECV task delay: 0.0000 || Queueing delay: 0.0000 || MSG (from mid) Ave. delay: 0.0000 || Total cache delay: 0.0000 || Ave. cache delay: 0.0000
[R#91] CUMULATIVE_RUNTIME_SEC=6539.7885
Top Aggregator Timestamps: CACHE, CACHE_START_T: 0.0, CACHE_END_T: 0.0 || AGG, AGG_START_T: 0.0, AGG_END_T: 0.0 || EVAL, EVAL_START_T: 1765409042.8391716, EVAL_END_T: 1765409043.4430106 || RECV, RECV_START_T: 0.0, RECV_END_T: 0.0 || DIST, DIST_START_T: 0.0, DIST_END_T: 0.0 || LOAD, LOAD_START_T: 1765408953.390544, LOAD_END_T: 1765408959.8656123 || MSG_MTo, MSG_MTo_START_T: 0.0, MSG_MTo_END_T: 0.0
Loaded FEMNIST test split partition_id=43 with 330 samples
Wall-clock time: 1765409103.737252 ||Test loss: 0.6995 || Test accuracy: 0.8030 || CPU time: 6.8907 || CPU utilization: 0.1143 || R#92's duration (s): 60.2942 || Cumulative runtime (s): 6600.0827 || Loading data delay (s): 7.1070 || Eval delay (s): 0.5099 || Agg delay (s): 0.0000 || Coordination delay (s): 0.0000 || DIST task delay: 0.0000 || RECV task delay: 0.0000 || Queueing delay: 0.0000 || MSG (from mid) Ave. delay: 0.0000 || Total cache delay: 0.0000 || Ave. cache delay: 0.0000
[R#92] CUMULATIVE_RUNTIME_SEC=6600.0827
Top Aggregator Timestamps: CACHE, CACHE_START_T: 0.0, CACHE_END_T: 0.0 || AGG, AGG_START_T: 0.0, AGG_END_T: 0.0 || EVAL, EVAL_START_T: 1765409103.2272944, EVAL_END_T: 1765409103.7372267 || RECV, RECV_START_T: 0.0, RECV_END_T: 0.0 || DIST, DIST_START_T: 0.0, DIST_END_T: 0.0 || LOAD, LOAD_START_T: 1765409043.4464731, LOAD_END_T: 1765409050.553468 || MSG_MTo, MSG_MTo_START_T: 0.0, MSG_MTo_END_T: 0.0
Loaded FEMNIST test split partition_id=23 with 418 samples
Wall-clock time: 1765409178.5295486 ||Test loss: 0.5582 || Test accuracy: 0.8158 || CPU time: 8.7035 || CPU utilization: 0.1164 || R#93's duration (s): 74.7923 || Cumulative runtime (s): 6674.8750 || Loading data delay (s): 6.5748 || Eval delay (s): 0.6492 || Agg delay (s): 0.0000 || Coordination delay (s): 0.0000 || DIST task delay: 0.0000 || RECV task delay: 0.0000 || Queueing delay: 0.0000 || MSG (from mid) Ave. delay: 0.0000 || Total cache delay: 0.0000 || Ave. cache delay: 0.0000
[R#93] CUMULATIVE_RUNTIME_SEC=6674.8750
Top Aggregator Timestamps: CACHE, CACHE_START_T: 0.0, CACHE_END_T: 0.0 || AGG, AGG_START_T: 0.0, AGG_END_T: 0.0 || EVAL, EVAL_START_T: 1765409177.8803682, EVAL_END_T: 1765409178.529526 || RECV, RECV_START_T: 0.0, RECV_END_T: 0.0 || DIST, DIST_START_T: 0.0, DIST_END_T: 0.0 || LOAD, LOAD_START_T: 1765409103.7405634, LOAD_END_T: 1765409110.3153903 || MSG_MTo, MSG_MTo_START_T: 0.0, MSG_MTo_END_T: 0.0
Loaded FEMNIST test split partition_id=33 with 337 samples
Wall-clock time: 1765409261.792329 ||Test loss: 0.9640 || Test accuracy: 0.7715 || CPU time: 6.8013 || CPU utilization: 0.0817 || R#94's duration (s): 83.2628 || Cumulative runtime (s): 6758.1378 || Loading data delay (s): 6.8313 || Eval delay (s): 0.5169 || Agg delay (s): 0.0000 || Coordination delay (s): 0.0000 || DIST task delay: 0.0000 || RECV task delay: 0.0000 || Queueing delay: 0.0000 || MSG (from mid) Ave. delay: 0.0000 || Total cache delay: 0.0000 || Ave. cache delay: 0.0000
[R#94] CUMULATIVE_RUNTIME_SEC=6758.1378
Top Aggregator Timestamps: CACHE, CACHE_START_T: 0.0, CACHE_END_T: 0.0 || AGG, AGG_START_T: 0.0, AGG_END_T: 0.0 || EVAL, EVAL_START_T: 1765409261.2753696, EVAL_END_T: 1765409261.7923083 || RECV, RECV_START_T: 0.0, RECV_END_T: 0.0 || DIST, DIST_START_T: 0.0, DIST_END_T: 0.0 || LOAD, LOAD_START_T: 1765409178.532906, LOAD_END_T: 1765409185.3642294 || MSG_MTo, MSG_MTo_START_T: 0.0, MSG_MTo_END_T: 0.0
Loaded FEMNIST test split partition_id=18 with 383 samples
Wall-clock time: 1765409329.0129557 ||Test loss: 1.1619 || Test accuracy: 0.6449 || CPU time: 8.1046 || CPU utilization: 0.1206 || R#95's duration (s): 67.2206 || Cumulative runtime (s): 6825.3584 || Loading data delay (s): 6.5625 || Eval delay (s): 0.5985 || Agg delay (s): 0.0000 || Coordination delay (s): 0.0000 || DIST task delay: 0.0000 || RECV task delay: 0.0000 || Queueing delay: 0.0000 || MSG (from mid) Ave. delay: 0.0000 || Total cache delay: 0.0000 || Ave. cache delay: 0.0000
[R#95] CUMULATIVE_RUNTIME_SEC=6825.3584
Top Aggregator Timestamps: CACHE, CACHE_START_T: 0.0, CACHE_END_T: 0.0 || AGG, AGG_START_T: 0.0, AGG_END_T: 0.0 || EVAL, EVAL_START_T: 1765409328.414408, EVAL_END_T: 1765409329.0129292 || RECV, RECV_START_T: 0.0, RECV_END_T: 0.0 || DIST, DIST_START_T: 0.0, DIST_END_T: 0.0 || LOAD, LOAD_START_T: 1765409261.7956731, LOAD_END_T: 1765409268.3581734 || MSG_MTo, MSG_MTo_START_T: 0.0, MSG_MTo_END_T: 0.0
Loaded FEMNIST test split partition_id=2 with 404 samples
Wall-clock time: 1765409391.7019234 ||Test loss: 0.8332 || Test accuracy: 0.7426 || CPU time: 8.6698 || CPU utilization: 0.1383 || R#96's duration (s): 62.6890 || Cumulative runtime (s): 6888.0474 || Loading data delay (s): 6.7232 || Eval delay (s): 0.6383 || Agg delay (s): 0.0000 || Coordination delay (s): 0.0000 || DIST task delay: 0.0000 || RECV task delay: 0.0000 || Queueing delay: 0.0000 || MSG (from mid) Ave. delay: 0.0000 || Total cache delay: 0.0000 || Ave. cache delay: 0.0000
[R#96] CUMULATIVE_RUNTIME_SEC=6888.0474
Top Aggregator Timestamps: CACHE, CACHE_START_T: 0.0, CACHE_END_T: 0.0 || AGG, AGG_START_T: 0.0, AGG_END_T: 0.0 || EVAL, EVAL_START_T: 1765409391.063564, EVAL_END_T: 1765409391.7018757 || RECV, RECV_START_T: 0.0, RECV_END_T: 0.0 || DIST, DIST_START_T: 0.0, DIST_END_T: 0.0 || LOAD, LOAD_START_T: 1765409329.016314, LOAD_END_T: 1765409335.7395496 || MSG_MTo, MSG_MTo_START_T: 0.0, MSG_MTo_END_T: 0.0
Loaded FEMNIST test split partition_id=13 with 329 samples
Wall-clock time: 1765409465.6132128 ||Test loss: 0.8852 || Test accuracy: 0.7508 || CPU time: 7.5128 || CPU utilization: 0.1016 || R#97's duration (s): 73.9113 || Cumulative runtime (s): 6961.9587 || Loading data delay (s): 6.7945 || Eval delay (s): 0.5619 || Agg delay (s): 0.0000 || Coordination delay (s): 0.0000 || DIST task delay: 0.0000 || RECV task delay: 0.0000 || Queueing delay: 0.0000 || MSG (from mid) Ave. delay: 0.0000 || Total cache delay: 0.0000 || Ave. cache delay: 0.0000
[R#97] CUMULATIVE_RUNTIME_SEC=6961.9587
Top Aggregator Timestamps: CACHE, CACHE_START_T: 0.0, CACHE_END_T: 0.0 || AGG, AGG_START_T: 0.0, AGG_END_T: 0.0 || EVAL, EVAL_START_T: 1765409465.0512424, EVAL_END_T: 1765409465.6131835 || RECV, RECV_START_T: 0.0, RECV_END_T: 0.0 || DIST, DIST_START_T: 0.0, DIST_END_T: 0.0 || LOAD, LOAD_START_T: 1765409391.7054749, LOAD_END_T: 1765409398.500011 || MSG_MTo, MSG_MTo_START_T: 0.0, MSG_MTo_END_T: 0.0
Loaded FEMNIST test split partition_id=18 with 383 samples
Wall-clock time: 1765409535.9475803 ||Test loss: 1.0476 || Test accuracy: 0.6554 || CPU time: 8.8126 || CPU utilization: 0.1253 || R#98's duration (s): 70.3344 || Cumulative runtime (s): 7032.2931 || Loading data delay (s): 7.3042 || Eval delay (s): 0.6723 || Agg delay (s): 0.0000 || Coordination delay (s): 0.0000 || DIST task delay: 0.0000 || RECV task delay: 0.0000 || Queueing delay: 0.0000 || MSG (from mid) Ave. delay: 0.0000 || Total cache delay: 0.0000 || Ave. cache delay: 0.0000
[R#98] CUMULATIVE_RUNTIME_SEC=7032.2931
Top Aggregator Timestamps: CACHE, CACHE_START_T: 0.0, CACHE_END_T: 0.0 || AGG, AGG_START_T: 0.0, AGG_END_T: 0.0 || EVAL, EVAL_START_T: 1765409535.2752643, EVAL_END_T: 1765409535.947554 || RECV, RECV_START_T: 0.0, RECV_END_T: 0.0 || DIST, DIST_START_T: 0.0, DIST_END_T: 0.0 || LOAD, LOAD_START_T: 1765409465.618118, LOAD_END_T: 1765409472.9222853 || MSG_MTo, MSG_MTo_START_T: 0.0, MSG_MTo_END_T: 0.0
Loaded FEMNIST test split partition_id=48 with 131 samples
Wall-clock time: 1765409604.6059148 ||Test loss: 5.7450 || Test accuracy: 0.1527 || CPU time: 3.6166 || CPU utilization: 0.0527 || R#99's duration (s): 68.6583 || Cumulative runtime (s): 7100.9514 || Loading data delay (s): 7.0202 || Eval delay (s): 0.2611 || Agg delay (s): 0.0000 || Coordination delay (s): 0.0000 || DIST task delay: 0.0000 || RECV task delay: 0.0000 || Queueing delay: 0.0000 || MSG (from mid) Ave. delay: 0.0000 || Total cache delay: 0.0000 || Ave. cache delay: 0.0000
[R#99] CUMULATIVE_RUNTIME_SEC=7100.9514
Top Aggregator Timestamps: CACHE, CACHE_START_T: 0.0, CACHE_END_T: 0.0 || AGG, AGG_START_T: 0.0, AGG_END_T: 0.0 || EVAL, EVAL_START_T: 1765409604.3447697, EVAL_END_T: 1765409604.6058893 || RECV, RECV_START_T: 0.0, RECV_END_T: 0.0 || DIST, DIST_START_T: 0.0, DIST_END_T: 0.0 || LOAD, LOAD_START_T: 1765409535.9514613, LOAD_END_T: 1765409542.9716277 || MSG_MTo, MSG_MTo_START_T: 0.0, MSG_MTo_END_T: 0.0
Loaded FEMNIST test split partition_id=4 with 315 samples
Wall-clock time: 1765409677.570224 ||Test loss: 1.0990 || Test accuracy: 0.6984 || CPU time: 7.6654 || CPU utilization: 0.1051 || R#100's duration (s): 72.9643 || Cumulative runtime (s): 7173.9157 || Loading data delay (s): 7.0709 || Eval delay (s): 0.6010 || Agg delay (s): 0.0000 || Coordination delay (s): 0.0000 || DIST task delay: 0.0000 || RECV task delay: 0.0000 || Queueing delay: 0.0000 || MSG (from mid) Ave. delay: 0.0000 || Total cache delay: 0.0000 || Ave. cache delay: 0.0000
[R#100] CUMULATIVE_RUNTIME_SEC=7173.9157
Top Aggregator Timestamps: CACHE, CACHE_START_T: 0.0, CACHE_END_T: 0.0 || AGG, AGG_START_T: 0.0, AGG_END_T: 0.0 || EVAL, EVAL_START_T: 1765409676.969199, EVAL_END_T: 1765409677.5701995 || RECV, RECV_START_T: 0.0, RECV_END_T: 0.0 || DIST, DIST_START_T: 0.0, DIST_END_T: 0.0 || LOAD, LOAD_START_T: 1765409604.6106763, LOAD_END_T: 1765409611.6815379 || MSG_MTo, MSG_MTo_START_T: 0.0, MSG_MTo_END_T: 0.0
Loaded FEMNIST test split partition_id=53 with 326 samples
Wall-clock time: 1765409751.4276154 ||Test loss: 1.1403 || Test accuracy: 0.6595 || CPU time: 7.5881 || CPU utilization: 0.1027 || R#101's duration (s): 73.8574 || Cumulative runtime (s): 7247.7731 || Loading data delay (s): 7.0820 || Eval delay (s): 0.5822 || Agg delay (s): 0.0000 || Coordination delay (s): 0.0000 || DIST task delay: 0.0000 || RECV task delay: 0.0000 || Queueing delay: 0.0000 || MSG (from mid) Ave. delay: 0.0000 || Total cache delay: 0.0000 || Ave. cache delay: 0.0000
[R#101] CUMULATIVE_RUNTIME_SEC=7247.7731
Top Aggregator Timestamps: CACHE, CACHE_START_T: 0.0, CACHE_END_T: 0.0 || AGG, AGG_START_T: 0.0, AGG_END_T: 0.0 || EVAL, EVAL_START_T: 1765409750.8453457, EVAL_END_T: 1765409751.4275696 || RECV, RECV_START_T: 0.0, RECV_END_T: 0.0 || DIST, DIST_START_T: 0.0, DIST_END_T: 0.0 || LOAD, LOAD_START_T: 1765409677.5748663, LOAD_END_T: 1765409684.656826 || MSG_MTo, MSG_MTo_START_T: 0.0, MSG_MTo_END_T: 0.0
Loaded FEMNIST test split partition_id=66 with 428 samples
Wall-clock time: 1765409827.3623106 ||Test loss: 1.5494 || Test accuracy: 0.6472 || CPU time: 9.3505 || CPU utilization: 0.1231 || R#102's duration (s): 75.9347 || Cumulative runtime (s): 7323.7078 || Loading data delay (s): 7.5092 || Eval delay (s): 0.7222 || Agg delay (s): 0.0000 || Coordination delay (s): 0.0000 || DIST task delay: 0.0000 || RECV task delay: 0.0000 || Queueing delay: 0.0000 || MSG (from mid) Ave. delay: 0.0000 || Total cache delay: 0.0000 || Ave. cache delay: 0.0000
[R#102] CUMULATIVE_RUNTIME_SEC=7323.7078
Top Aggregator Timestamps: CACHE, CACHE_START_T: 0.0, CACHE_END_T: 0.0 || AGG, AGG_START_T: 0.0, AGG_END_T: 0.0 || EVAL, EVAL_START_T: 1765409826.6400502, EVAL_END_T: 1765409827.3622556 || RECV, RECV_START_T: 0.0, RECV_END_T: 0.0 || DIST, DIST_START_T: 0.0, DIST_END_T: 0.0 || LOAD, LOAD_START_T: 1765409751.431474, LOAD_END_T: 1765409758.9407036 || MSG_MTo, MSG_MTo_START_T: 0.0, MSG_MTo_END_T: 0.0
Loaded FEMNIST test split partition_id=52 with 218 samples
Wall-clock time: 1765409911.2105706 ||Test loss: 0.8662 || Test accuracy: 0.7385 || CPU time: 4.8388 || CPU utilization: 0.0577 || R#103's duration (s): 83.8483 || Cumulative runtime (s): 7407.5561 || Loading data delay (s): 7.0297 || Eval delay (s): 0.3502 || Agg delay (s): 0.0000 || Coordination delay (s): 0.0000 || DIST task delay: 0.0000 || RECV task delay: 0.0000 || Queueing delay: 0.0000 || MSG (from mid) Ave. delay: 0.0000 || Total cache delay: 0.0000 || Ave. cache delay: 0.0000
[R#103] CUMULATIVE_RUNTIME_SEC=7407.5561
Top Aggregator Timestamps: CACHE, CACHE_START_T: 0.0, CACHE_END_T: 0.0 || AGG, AGG_START_T: 0.0, AGG_END_T: 0.0 || EVAL, EVAL_START_T: 1765409910.860293, EVAL_END_T: 1765409911.2105322 || RECV, RECV_START_T: 0.0, RECV_END_T: 0.0 || DIST, DIST_START_T: 0.0, DIST_END_T: 0.0 || LOAD, LOAD_START_T: 1765409827.366861, LOAD_END_T: 1765409834.396558 || MSG_MTo, MSG_MTo_START_T: 0.0, MSG_MTo_END_T: 0.0
Loaded FEMNIST test split partition_id=16 with 312 samples
Wall-clock time: 1765409976.1863272 ||Test loss: 0.9888 || Test accuracy: 0.6731 || CPU time: 7.1306 || CPU utilization: 0.1097 || R#104's duration (s): 64.9758 || Cumulative runtime (s): 7472.5318 || Loading data delay (s): 6.5959 || Eval delay (s): 0.5406 || Agg delay (s): 0.0000 || Coordination delay (s): 0.0000 || DIST task delay: 0.0000 || RECV task delay: 0.0000 || Queueing delay: 0.0000 || MSG (from mid) Ave. delay: 0.0000 || Total cache delay: 0.0000 || Ave. cache delay: 0.0000
[R#104] CUMULATIVE_RUNTIME_SEC=7472.5318
Top Aggregator Timestamps: CACHE, CACHE_START_T: 0.0, CACHE_END_T: 0.0 || AGG, AGG_START_T: 0.0, AGG_END_T: 0.0 || EVAL, EVAL_START_T: 1765409975.645662, EVAL_END_T: 1765409976.1862876 || RECV, RECV_START_T: 0.0, RECV_END_T: 0.0 || DIST, DIST_START_T: 0.0, DIST_END_T: 0.0 || LOAD, LOAD_START_T: 1765409911.2143073, LOAD_END_T: 1765409917.8102043 || MSG_MTo, MSG_MTo_START_T: 0.0, MSG_MTo_END_T: 0.0
Loaded FEMNIST test split partition_id=52 with 218 samples
Wall-clock time: 1765410047.3100066 ||Test loss: 0.7774 || Test accuracy: 0.7661 || CPU time: 4.8850 || CPU utilization: 0.0687 || R#105's duration (s): 71.1237 || Cumulative runtime (s): 7543.6555 || Loading data delay (s): 7.4536 || Eval delay (s): 0.3551 || Agg delay (s): 0.0000 || Coordination delay (s): 0.0000 || DIST task delay: 0.0000 || RECV task delay: 0.0000 || Queueing delay: 0.0000 || MSG (from mid) Ave. delay: 0.0000 || Total cache delay: 0.0000 || Ave. cache delay: 0.0000
[R#105] CUMULATIVE_RUNTIME_SEC=7543.6555
Top Aggregator Timestamps: CACHE, CACHE_START_T: 0.0, CACHE_END_T: 0.0 || AGG, AGG_START_T: 0.0, AGG_END_T: 0.0 || EVAL, EVAL_START_T: 1765410046.9549248, EVAL_END_T: 1765410047.3099837 || RECV, RECV_START_T: 0.0, RECV_END_T: 0.0 || DIST, DIST_START_T: 0.0, DIST_END_T: 0.0 || LOAD, LOAD_START_T: 1765409976.1914916, LOAD_END_T: 1765409983.6450434 || MSG_MTo, MSG_MTo_START_T: 0.0, MSG_MTo_END_T: 0.0
Loaded FEMNIST test split partition_id=40 with 375 samples
Wall-clock time: 1765410111.107169 ||Test loss: 0.7446 || Test accuracy: 0.7893 || CPU time: 7.6022 || CPU utilization: 0.1192 || R#106's duration (s): 63.7972 || Cumulative runtime (s): 7607.4527 || Loading data delay (s): 6.8064 || Eval delay (s): 0.5611 || Agg delay (s): 0.0000 || Coordination delay (s): 0.0000 || DIST task delay: 0.0000 || RECV task delay: 0.0000 || Queueing delay: 0.0000 || MSG (from mid) Ave. delay: 0.0000 || Total cache delay: 0.0000 || Ave. cache delay: 0.0000
[R#106] CUMULATIVE_RUNTIME_SEC=7607.4527
Top Aggregator Timestamps: CACHE, CACHE_START_T: 0.0, CACHE_END_T: 0.0 || AGG, AGG_START_T: 0.0, AGG_END_T: 0.0 || EVAL, EVAL_START_T: 1765410110.5460122, EVAL_END_T: 1765410111.1071491 || RECV, RECV_START_T: 0.0, RECV_END_T: 0.0 || DIST, DIST_START_T: 0.0, DIST_END_T: 0.0 || LOAD, LOAD_START_T: 1765410047.3135433, LOAD_END_T: 1765410054.11999 || MSG_MTo, MSG_MTo_START_T: 0.0, MSG_MTo_END_T: 0.0
Loaded FEMNIST test split partition_id=46 with 430 samples
Wall-clock time: 1765410187.0524411 ||Test loss: 0.3562 || Test accuracy: 0.8651 || CPU time: 8.3563 || CPU utilization: 0.1100 || R#107's duration (s): 75.9453 || Cumulative runtime (s): 7683.3979 || Loading data delay (s): 6.7214 || Eval delay (s): 0.6259 || Agg delay (s): 0.0000 || Coordination delay (s): 0.0000 || DIST task delay: 0.0000 || RECV task delay: 0.0000 || Queueing delay: 0.0000 || MSG (from mid) Ave. delay: 0.0000 || Total cache delay: 0.0000 || Ave. cache delay: 0.0000
[R#107] CUMULATIVE_RUNTIME_SEC=7683.3979
Top Aggregator Timestamps: CACHE, CACHE_START_T: 0.0, CACHE_END_T: 0.0 || AGG, AGG_START_T: 0.0, AGG_END_T: 0.0 || EVAL, EVAL_START_T: 1765410186.426522, EVAL_END_T: 1765410187.0524166 || RECV, RECV_START_T: 0.0, RECV_END_T: 0.0 || DIST, DIST_START_T: 0.0, DIST_END_T: 0.0 || LOAD, LOAD_START_T: 1765410111.1106892, LOAD_END_T: 1765410117.832066 || MSG_MTo, MSG_MTo_START_T: 0.0, MSG_MTo_END_T: 0.0
Loaded FEMNIST test split partition_id=62 with 390 samples
Wall-clock time: 1765410246.3265357 ||Test loss: 0.8463 || Test accuracy: 0.7385 || CPU time: 7.9376 || CPU utilization: 0.1339 || R#108's duration (s): 59.2741 || Cumulative runtime (s): 7742.6720 || Loading data delay (s): 6.5734 || Eval delay (s): 0.5867 || Agg delay (s): 0.0000 || Coordination delay (s): 0.0000 || DIST task delay: 0.0000 || RECV task delay: 0.0000 || Queueing delay: 0.0000 || MSG (from mid) Ave. delay: 0.0000 || Total cache delay: 0.0000 || Ave. cache delay: 0.0000
[R#108] CUMULATIVE_RUNTIME_SEC=7742.6720
Top Aggregator Timestamps: CACHE, CACHE_START_T: 0.0, CACHE_END_T: 0.0 || AGG, AGG_START_T: 0.0, AGG_END_T: 0.0 || EVAL, EVAL_START_T: 1765410245.7398407, EVAL_END_T: 1765410246.3265073 || RECV, RECV_START_T: 0.0, RECV_END_T: 0.0 || DIST, DIST_START_T: 0.0, DIST_END_T: 0.0 || LOAD, LOAD_START_T: 1765410187.0557745, LOAD_END_T: 1765410193.6291625 || MSG_MTo, MSG_MTo_START_T: 0.0, MSG_MTo_END_T: 0.0
Loaded FEMNIST test split partition_id=7 with 375 samples
Wall-clock time: 1765410319.793824 ||Test loss: 1.1847 || Test accuracy: 0.6613 || CPU time: 7.7387 || CPU utilization: 0.1053 || R#109's duration (s): 73.4673 || Cumulative runtime (s): 7816.1393 || Loading data delay (s): 6.7034 || Eval delay (s): 0.5733 || Agg delay (s): 0.0000 || Coordination delay (s): 0.0000 || DIST task delay: 0.0000 || RECV task delay: 0.0000 || Queueing delay: 0.0000 || MSG (from mid) Ave. delay: 0.0000 || Total cache delay: 0.0000 || Ave. cache delay: 0.0000
[R#109] CUMULATIVE_RUNTIME_SEC=7816.1393
Top Aggregator Timestamps: CACHE, CACHE_START_T: 0.0, CACHE_END_T: 0.0 || AGG, AGG_START_T: 0.0, AGG_END_T: 0.0 || EVAL, EVAL_START_T: 1765410319.2205315, EVAL_END_T: 1765410319.793795 || RECV, RECV_START_T: 0.0, RECV_END_T: 0.0 || DIST, DIST_START_T: 0.0, DIST_END_T: 0.0 || LOAD, LOAD_START_T: 1765410246.3299072, LOAD_END_T: 1765410253.0333412 || MSG_MTo, MSG_MTo_START_T: 0.0, MSG_MTo_END_T: 0.0
Loaded FEMNIST test split partition_id=30 with 284 samples
Wall-clock time: 1765410399.582001 ||Test loss: 0.6075 || Test accuracy: 0.8169 || CPU time: 6.0409 || CPU utilization: 0.0757 || R#110's duration (s): 79.7882 || Cumulative runtime (s): 7895.9275 || Loading data delay (s): 7.1747 || Eval delay (s): 0.4375 || Agg delay (s): 0.0000 || Coordination delay (s): 0.0000 || DIST task delay: 0.0000 || RECV task delay: 0.0000 || Queueing delay: 0.0000 || MSG (from mid) Ave. delay: 0.0000 || Total cache delay: 0.0000 || Ave. cache delay: 0.0000
[R#110] CUMULATIVE_RUNTIME_SEC=7895.9275
Top Aggregator Timestamps: CACHE, CACHE_START_T: 0.0, CACHE_END_T: 0.0 || AGG, AGG_START_T: 0.0, AGG_END_T: 0.0 || EVAL, EVAL_START_T: 1765410399.1444733, EVAL_END_T: 1765410399.5819802 || RECV, RECV_START_T: 0.0, RECV_END_T: 0.0 || DIST, DIST_START_T: 0.0, DIST_END_T: 0.0 || LOAD, LOAD_START_T: 1765410319.7970471, LOAD_END_T: 1765410326.9717238 || MSG_MTo, MSG_MTo_START_T: 0.0, MSG_MTo_END_T: 0.0
Loaded FEMNIST test split partition_id=44 with 343 samples
Wall-clock time: 1765410484.2760942 ||Test loss: 1.1124 || Test accuracy: 0.6501 || CPU time: 7.1109 || CPU utilization: 0.0840 || R#111's duration (s): 84.6941 || Cumulative runtime (s): 7980.6216 || Loading data delay (s): 6.9859 || Eval delay (s): 0.5192 || Agg delay (s): 0.0000 || Coordination delay (s): 0.0000 || DIST task delay: 0.0000 || RECV task delay: 0.0000 || Queueing delay: 0.0000 || MSG (from mid) Ave. delay: 0.0000 || Total cache delay: 0.0000 || Ave. cache delay: 0.0000
[R#111] CUMULATIVE_RUNTIME_SEC=7980.6216
Top Aggregator Timestamps: CACHE, CACHE_START_T: 0.0, CACHE_END_T: 0.0 || AGG, AGG_START_T: 0.0, AGG_END_T: 0.0 || EVAL, EVAL_START_T: 1765410483.7569098, EVAL_END_T: 1765410484.2760692 || RECV, RECV_START_T: 0.0, RECV_END_T: 0.0 || DIST, DIST_START_T: 0.0, DIST_END_T: 0.0 || LOAD, LOAD_START_T: 1765410399.5849679, LOAD_END_T: 1765410406.5708542 || MSG_MTo, MSG_MTo_START_T: 0.0, MSG_MTo_END_T: 0.0
Loaded FEMNIST test split partition_id=5 with 351 samples
Wall-clock time: 1765410555.145408 ||Test loss: 1.2378 || Test accuracy: 0.6439 || CPU time: 7.0310 || CPU utilization: 0.0992 || R#112's duration (s): 70.8693 || Cumulative runtime (s): 8051.4909 || Loading data delay (s): 6.4048 || Eval delay (s): 0.5179 || Agg delay (s): 0.0000 || Coordination delay (s): 0.0000 || DIST task delay: 0.0000 || RECV task delay: 0.0000 || Queueing delay: 0.0000 || MSG (from mid) Ave. delay: 0.0000 || Total cache delay: 0.0000 || Ave. cache delay: 0.0000
[R#112] CUMULATIVE_RUNTIME_SEC=8051.4909
Top Aggregator Timestamps: CACHE, CACHE_START_T: 0.0, CACHE_END_T: 0.0 || AGG, AGG_START_T: 0.0, AGG_END_T: 0.0 || EVAL, EVAL_START_T: 1765410554.6275003, EVAL_END_T: 1765410555.145381 || RECV, RECV_START_T: 0.0, RECV_END_T: 0.0 || DIST, DIST_START_T: 0.0, DIST_END_T: 0.0 || LOAD, LOAD_START_T: 1765410484.2790272, LOAD_END_T: 1765410490.6838322 || MSG_MTo, MSG_MTo_START_T: 0.0, MSG_MTo_END_T: 0.0
Loaded FEMNIST test split partition_id=61 with 356 samples
Wall-clock time: 1765410632.045945 ||Test loss: 2.4281 || Test accuracy: 0.3736 || CPU time: 6.8822 || CPU utilization: 0.0895 || R#113's duration (s): 76.9005 || Cumulative runtime (s): 8128.3914 || Loading data delay (s): 6.4628 || Eval delay (s): 0.5200 || Agg delay (s): 0.0000 || Coordination delay (s): 0.0000 || DIST task delay: 0.0000 || RECV task delay: 0.0000 || Queueing delay: 0.0000 || MSG (from mid) Ave. delay: 0.0000 || Total cache delay: 0.0000 || Ave. cache delay: 0.0000
[R#113] CUMULATIVE_RUNTIME_SEC=8128.3914
Top Aggregator Timestamps: CACHE, CACHE_START_T: 0.0, CACHE_END_T: 0.0 || AGG, AGG_START_T: 0.0, AGG_END_T: 0.0 || EVAL, EVAL_START_T: 1765410631.5259216, EVAL_END_T: 1765410632.0459096 || RECV, RECV_START_T: 0.0, RECV_END_T: 0.0 || DIST, DIST_START_T: 0.0, DIST_END_T: 0.0 || LOAD, LOAD_START_T: 1765410555.1490254, LOAD_END_T: 1765410561.6118412 || MSG_MTo, MSG_MTo_START_T: 0.0, MSG_MTo_END_T: 0.0
Loaded FEMNIST test split partition_id=47 with 395 samples
Wall-clock time: 1765410696.6172693 ||Test loss: 0.7364 || Test accuracy: 0.7797 || CPU time: 8.5488 || CPU utilization: 0.1324 || R#114's duration (s): 64.5713 || Cumulative runtime (s): 8192.9628 || Loading data delay (s): 6.5493 || Eval delay (s): 0.6558 || Agg delay (s): 0.0000 || Coordination delay (s): 0.0000 || DIST task delay: 0.0000 || RECV task delay: 0.0000 || Queueing delay: 0.0000 || MSG (from mid) Ave. delay: 0.0000 || Total cache delay: 0.0000 || Ave. cache delay: 0.0000
[R#114] CUMULATIVE_RUNTIME_SEC=8192.9628
Top Aggregator Timestamps: CACHE, CACHE_START_T: 0.0, CACHE_END_T: 0.0 || AGG, AGG_START_T: 0.0, AGG_END_T: 0.0 || EVAL, EVAL_START_T: 1765410695.9614546, EVAL_END_T: 1765410696.6172476 || RECV, RECV_START_T: 0.0, RECV_END_T: 0.0 || DIST, DIST_START_T: 0.0, DIST_END_T: 0.0 || LOAD, LOAD_START_T: 1765410632.048852, LOAD_END_T: 1765410638.5981166 || MSG_MTo, MSG_MTo_START_T: 0.0, MSG_MTo_END_T: 0.0
Loaded FEMNIST test split partition_id=31 with 407 samples
Wall-clock time: 1765410759.4822483 ||Test loss: 0.7603 || Test accuracy: 0.7690 || CPU time: 8.1987 || CPU utilization: 0.1304 || R#115's duration (s): 62.8650 || Cumulative runtime (s): 8255.8277 || Loading data delay (s): 6.9878 || Eval delay (s): 0.6086 || Agg delay (s): 0.0000 || Coordination delay (s): 0.0000 || DIST task delay: 0.0000 || RECV task delay: 0.0000 || Queueing delay: 0.0000 || MSG (from mid) Ave. delay: 0.0000 || Total cache delay: 0.0000 || Ave. cache delay: 0.0000
[R#115] CUMULATIVE_RUNTIME_SEC=8255.8277
Top Aggregator Timestamps: CACHE, CACHE_START_T: 0.0, CACHE_END_T: 0.0 || AGG, AGG_START_T: 0.0, AGG_END_T: 0.0 || EVAL, EVAL_START_T: 1765410758.8736224, EVAL_END_T: 1765410759.482222 || RECV, RECV_START_T: 0.0, RECV_END_T: 0.0 || DIST, DIST_START_T: 0.0, DIST_END_T: 0.0 || LOAD, LOAD_START_T: 1765410696.6203232, LOAD_END_T: 1765410703.6081533 || MSG_MTo, MSG_MTo_START_T: 0.0, MSG_MTo_END_T: 0.0
Loaded FEMNIST test split partition_id=30 with 284 samples
Wall-clock time: 1765410851.5900345 ||Test loss: 0.5601 || Test accuracy: 0.8275 || CPU time: 5.9144 || CPU utilization: 0.0642 || R#116's duration (s): 92.1078 || Cumulative runtime (s): 8347.9355 || Loading data delay (s): 6.3371 || Eval delay (s): 0.4307 || Agg delay (s): 0.0000 || Coordination delay (s): 0.0000 || DIST task delay: 0.0000 || RECV task delay: 0.0000 || Queueing delay: 0.0000 || MSG (from mid) Ave. delay: 0.0000 || Total cache delay: 0.0000 || Ave. cache delay: 0.0000
[R#116] CUMULATIVE_RUNTIME_SEC=8347.9355
Top Aggregator Timestamps: CACHE, CACHE_START_T: 0.0, CACHE_END_T: 0.0 || AGG, AGG_START_T: 0.0, AGG_END_T: 0.0 || EVAL, EVAL_START_T: 1765410851.1592846, EVAL_END_T: 1765410851.5900147 || RECV, RECV_START_T: 0.0, RECV_END_T: 0.0 || DIST, DIST_START_T: 0.0, DIST_END_T: 0.0 || LOAD, LOAD_START_T: 1765410759.4853947, LOAD_END_T: 1765410765.8225331 || MSG_MTo, MSG_MTo_START_T: 0.0, MSG_MTo_END_T: 0.0
Loaded FEMNIST test split partition_id=8 with 418 samples
Wall-clock time: 1765410919.0465913 ||Test loss: 0.2981 || Test accuracy: 0.8947 || CPU time: 8.6225 || CPU utilization: 0.1278 || R#117's duration (s): 67.4566 || Cumulative runtime (s): 8415.3921 || Loading data delay (s): 6.3798 || Eval delay (s): 0.6341 || Agg delay (s): 0.0000 || Coordination delay (s): 0.0000 || DIST task delay: 0.0000 || RECV task delay: 0.0000 || Queueing delay: 0.0000 || MSG (from mid) Ave. delay: 0.0000 || Total cache delay: 0.0000 || Ave. cache delay: 0.0000
[R#117] CUMULATIVE_RUNTIME_SEC=8415.3921
Top Aggregator Timestamps: CACHE, CACHE_START_T: 0.0, CACHE_END_T: 0.0 || AGG, AGG_START_T: 0.0, AGG_END_T: 0.0 || EVAL, EVAL_START_T: 1765410918.412423, EVAL_END_T: 1765410919.0465696 || RECV, RECV_START_T: 0.0, RECV_END_T: 0.0 || DIST, DIST_START_T: 0.0, DIST_END_T: 0.0 || LOAD, LOAD_START_T: 1765410851.5930445, LOAD_END_T: 1765410857.972813 || MSG_MTo, MSG_MTo_START_T: 0.0, MSG_MTo_END_T: 0.0
Loaded FEMNIST test split partition_id=44 with 343 samples
Wall-clock time: 1765410977.7289045 ||Test loss: 1.0798 || Test accuracy: 0.6793 || CPU time: 7.5142 || CPU utilization: 0.1280 || R#118's duration (s): 58.6823 || Cumulative runtime (s): 8474.0744 || Loading data delay (s): 6.6684 || Eval delay (s): 0.5534 || Agg delay (s): 0.0000 || Coordination delay (s): 0.0000 || DIST task delay: 0.0000 || RECV task delay: 0.0000 || Queueing delay: 0.0000 || MSG (from mid) Ave. delay: 0.0000 || Total cache delay: 0.0000 || Ave. cache delay: 0.0000
[R#118] CUMULATIVE_RUNTIME_SEC=8474.0744
Top Aggregator Timestamps: CACHE, CACHE_START_T: 0.0, CACHE_END_T: 0.0 || AGG, AGG_START_T: 0.0, AGG_END_T: 0.0 || EVAL, EVAL_START_T: 1765410977.1755297, EVAL_END_T: 1765410977.7288814 || RECV, RECV_START_T: 0.0, RECV_END_T: 0.0 || DIST, DIST_START_T: 0.0, DIST_END_T: 0.0 || LOAD, LOAD_START_T: 1765410919.0499132, LOAD_END_T: 1765410925.718361 || MSG_MTo, MSG_MTo_START_T: 0.0, MSG_MTo_END_T: 0.0
Loaded FEMNIST test split partition_id=10 with 436 samples
Wall-clock time: 1765411043.0512035 ||Test loss: 0.6905 || Test accuracy: 0.7729 || CPU time: 9.5924 || CPU utilization: 0.1468 || R#119's duration (s): 65.3223 || Cumulative runtime (s): 8539.3967 || Loading data delay (s): 6.2513 || Eval delay (s): 0.7352 || Agg delay (s): 0.0000 || Coordination delay (s): 0.0000 || DIST task delay: 0.0000 || RECV task delay: 0.0000 || Queueing delay: 0.0000 || MSG (from mid) Ave. delay: 0.0000 || Total cache delay: 0.0000 || Ave. cache delay: 0.0000
[R#119] CUMULATIVE_RUNTIME_SEC=8539.3967
Top Aggregator Timestamps: CACHE, CACHE_START_T: 0.0, CACHE_END_T: 0.0 || AGG, AGG_START_T: 0.0, AGG_END_T: 0.0 || EVAL, EVAL_START_T: 1765411042.316009, EVAL_END_T: 1765411043.051185 || RECV, RECV_START_T: 0.0, RECV_END_T: 0.0 || DIST, DIST_START_T: 0.0, DIST_END_T: 0.0 || LOAD, LOAD_START_T: 1765410977.731992, LOAD_END_T: 1765410983.9832952 || MSG_MTo, MSG_MTo_START_T: 0.0, MSG_MTo_END_T: 0.0
Loaded FEMNIST test split partition_id=36 with 384 samples
Wall-clock time: 1765411116.3111913 ||Test loss: 0.7909 || Test accuracy: 0.7656 || CPU time: 8.3822 || CPU utilization: 0.1144 || R#120's duration (s): 73.2600 || Cumulative runtime (s): 8612.6567 || Loading data delay (s): 6.4616 || Eval delay (s): 0.6235 || Agg delay (s): 0.0000 || Coordination delay (s): 0.0000 || DIST task delay: 0.0000 || RECV task delay: 0.0000 || Queueing delay: 0.0000 || MSG (from mid) Ave. delay: 0.0000 || Total cache delay: 0.0000 || Ave. cache delay: 0.0000
[R#120] CUMULATIVE_RUNTIME_SEC=8612.6567
Top Aggregator Timestamps: CACHE, CACHE_START_T: 0.0, CACHE_END_T: 0.0 || AGG, AGG_START_T: 0.0, AGG_END_T: 0.0 || EVAL, EVAL_START_T: 1765411115.6876554, EVAL_END_T: 1765411116.311158 || RECV, RECV_START_T: 0.0, RECV_END_T: 0.0 || DIST, DIST_START_T: 0.0, DIST_END_T: 0.0 || LOAD, LOAD_START_T: 1765411043.0547094, LOAD_END_T: 1765411049.5163374 || MSG_MTo, MSG_MTo_START_T: 0.0, MSG_MTo_END_T: 0.0
Loaded FEMNIST test split partition_id=18 with 383 samples
Wall-clock time: 1765411177.391981 ||Test loss: 0.8881 || Test accuracy: 0.7154 || CPU time: 7.9938 || CPU utilization: 0.1309 || R#121's duration (s): 61.0808 || Cumulative runtime (s): 8673.7375 || Loading data delay (s): 6.5158 || Eval delay (s): 0.6063 || Agg delay (s): 0.0000 || Coordination delay (s): 0.0000 || DIST task delay: 0.0000 || RECV task delay: 0.0000 || Queueing delay: 0.0000 || MSG (from mid) Ave. delay: 0.0000 || Total cache delay: 0.0000 || Ave. cache delay: 0.0000
[R#121] CUMULATIVE_RUNTIME_SEC=8673.7375
Top Aggregator Timestamps: CACHE, CACHE_START_T: 0.0, CACHE_END_T: 0.0 || AGG, AGG_START_T: 0.0, AGG_END_T: 0.0 || EVAL, EVAL_START_T: 1765411176.785671, EVAL_END_T: 1765411177.3919423 || RECV, RECV_START_T: 0.0, RECV_END_T: 0.0 || DIST, DIST_START_T: 0.0, DIST_END_T: 0.0 || LOAD, LOAD_START_T: 1765411116.3147929, LOAD_END_T: 1765411122.8306267 || MSG_MTo, MSG_MTo_START_T: 0.0, MSG_MTo_END_T: 0.0
Loaded FEMNIST test split partition_id=64 with 355 samples
Wall-clock time: 1765411245.1000068 ||Test loss: 1.2674 || Test accuracy: 0.6423 || CPU time: 7.5967 || CPU utilization: 0.1122 || R#122's duration (s): 67.7080 || Cumulative runtime (s): 8741.4455 || Loading data delay (s): 6.7078 || Eval delay (s): 0.5612 || Agg delay (s): 0.0000 || Coordination delay (s): 0.0000 || DIST task delay: 0.0000 || RECV task delay: 0.0000 || Queueing delay: 0.0000 || MSG (from mid) Ave. delay: 0.0000 || Total cache delay: 0.0000 || Ave. cache delay: 0.0000
[R#122] CUMULATIVE_RUNTIME_SEC=8741.4455
Top Aggregator Timestamps: CACHE, CACHE_START_T: 0.0, CACHE_END_T: 0.0 || AGG, AGG_START_T: 0.0, AGG_END_T: 0.0 || EVAL, EVAL_START_T: 1765411244.538835, EVAL_END_T: 1765411245.099987 || RECV, RECV_START_T: 0.0, RECV_END_T: 0.0 || DIST, DIST_START_T: 0.0, DIST_END_T: 0.0 || LOAD, LOAD_START_T: 1765411177.3954387, LOAD_END_T: 1765411184.1032565 || MSG_MTo, MSG_MTo_START_T: 0.0, MSG_MTo_END_T: 0.0
Loaded FEMNIST test split partition_id=35 with 416 samples
Wall-clock time: 1765411320.0626974 ||Test loss: 0.6323 || Test accuracy: 0.7909 || CPU time: 8.6644 || CPU utilization: 0.1156 || R#123's duration (s): 74.9627 || Cumulative runtime (s): 8816.4082 || Loading data delay (s): 6.4779 || Eval delay (s): 0.6345 || Agg delay (s): 0.0000 || Coordination delay (s): 0.0000 || DIST task delay: 0.0000 || RECV task delay: 0.0000 || Queueing delay: 0.0000 || MSG (from mid) Ave. delay: 0.0000 || Total cache delay: 0.0000 || Ave. cache delay: 0.0000
[R#123] CUMULATIVE_RUNTIME_SEC=8816.4082
Top Aggregator Timestamps: CACHE, CACHE_START_T: 0.0, CACHE_END_T: 0.0 || AGG, AGG_START_T: 0.0, AGG_END_T: 0.0 || EVAL, EVAL_START_T: 1765411319.428146, EVAL_END_T: 1765411320.062668 || RECV, RECV_START_T: 0.0, RECV_END_T: 0.0 || DIST, DIST_START_T: 0.0, DIST_END_T: 0.0 || LOAD, LOAD_START_T: 1765411245.1028025, LOAD_END_T: 1765411251.5807114 || MSG_MTo, MSG_MTo_START_T: 0.0, MSG_MTo_END_T: 0.0
Loaded FEMNIST test split partition_id=67 with 253 samples
Wall-clock time: 1765411392.0628333 ||Test loss: 1.4325 || Test accuracy: 0.5771 || CPU time: 5.5370 || CPU utilization: 0.0769 || R#124's duration (s): 72.0001 || Cumulative runtime (s): 8888.4083 || Loading data delay (s): 6.3900 || Eval delay (s): 0.3941 || Agg delay (s): 0.0000 || Coordination delay (s): 0.0000 || DIST task delay: 0.0000 || RECV task delay: 0.0000 || Queueing delay: 0.0000 || MSG (from mid) Ave. delay: 0.0000 || Total cache delay: 0.0000 || Ave. cache delay: 0.0000
[R#124] CUMULATIVE_RUNTIME_SEC=8888.4083
Top Aggregator Timestamps: CACHE, CACHE_START_T: 0.0, CACHE_END_T: 0.0 || AGG, AGG_START_T: 0.0, AGG_END_T: 0.0 || EVAL, EVAL_START_T: 1765411391.6687582, EVAL_END_T: 1765411392.062814 || RECV, RECV_START_T: 0.0, RECV_END_T: 0.0 || DIST, DIST_START_T: 0.0, DIST_END_T: 0.0 || LOAD, LOAD_START_T: 1765411320.065697, LOAD_END_T: 1765411326.455682 || MSG_MTo, MSG_MTo_START_T: 0.0, MSG_MTo_END_T: 0.0
Loaded FEMNIST test split partition_id=26 with 363 samples
Wall-clock time: 1765411472.8535366 ||Test loss: 0.6871 || Test accuracy: 0.7741 || CPU time: 7.4688 || CPU utilization: 0.0924 || R#125's duration (s): 80.7907 || Cumulative runtime (s): 8969.1990 || Loading data delay (s): 6.3945 || Eval delay (s): 0.5513 || Agg delay (s): 0.0000 || Coordination delay (s): 0.0000 || DIST task delay: 0.0000 || RECV task delay: 0.0000 || Queueing delay: 0.0000 || MSG (from mid) Ave. delay: 0.0000 || Total cache delay: 0.0000 || Ave. cache delay: 0.0000
[R#125] CUMULATIVE_RUNTIME_SEC=8969.1990
Top Aggregator Timestamps: CACHE, CACHE_START_T: 0.0, CACHE_END_T: 0.0 || AGG, AGG_START_T: 0.0, AGG_END_T: 0.0 || EVAL, EVAL_START_T: 1765411472.3021872, EVAL_END_T: 1765411472.8535168 || RECV, RECV_START_T: 0.0, RECV_END_T: 0.0 || DIST, DIST_START_T: 0.0, DIST_END_T: 0.0 || LOAD, LOAD_START_T: 1765411392.0655992, LOAD_END_T: 1765411398.4601398 || MSG_MTo, MSG_MTo_START_T: 0.0, MSG_MTo_END_T: 0.0
Loaded FEMNIST test split partition_id=66 with 428 samples
Wall-clock time: 1765411544.9938402 ||Test loss: 1.1992 || Test accuracy: 0.6682 || CPU time: 8.7968 || CPU utilization: 0.1219 || R#126's duration (s): 72.1403 || Cumulative runtime (s): 9041.3393 || Loading data delay (s): 6.6139 || Eval delay (s): 0.6455 || Agg delay (s): 0.0000 || Coordination delay (s): 0.0000 || DIST task delay: 0.0000 || RECV task delay: 0.0000 || Queueing delay: 0.0000 || MSG (from mid) Ave. delay: 0.0000 || Total cache delay: 0.0000 || Ave. cache delay: 0.0000
[R#126] CUMULATIVE_RUNTIME_SEC=9041.3393
Top Aggregator Timestamps: CACHE, CACHE_START_T: 0.0, CACHE_END_T: 0.0 || AGG, AGG_START_T: 0.0, AGG_END_T: 0.0 || EVAL, EVAL_START_T: 1765411544.348337, EVAL_END_T: 1765411544.993821 || RECV, RECV_START_T: 0.0, RECV_END_T: 0.0 || DIST, DIST_START_T: 0.0, DIST_END_T: 0.0 || LOAD, LOAD_START_T: 1765411472.8567176, LOAD_END_T: 1765411479.470628 || MSG_MTo, MSG_MTo_START_T: 0.0, MSG_MTo_END_T: 0.0
Loaded FEMNIST test split partition_id=38 with 347 samples
Wall-clock time: 1765411621.7324717 ||Test loss: 0.7547 || Test accuracy: 0.7983 || CPU time: 7.2872 || CPU utilization: 0.0950 || R#127's duration (s): 76.7386 || Cumulative runtime (s): 9118.0780 || Loading data delay (s): 6.4635 || Eval delay (s): 0.5319 || Agg delay (s): 0.0000 || Coordination delay (s): 0.0000 || DIST task delay: 0.0000 || RECV task delay: 0.0000 || Queueing delay: 0.0000 || MSG (from mid) Ave. delay: 0.0000 || Total cache delay: 0.0000 || Ave. cache delay: 0.0000
[R#127] CUMULATIVE_RUNTIME_SEC=9118.0780
Top Aggregator Timestamps: CACHE, CACHE_START_T: 0.0, CACHE_END_T: 0.0 || AGG, AGG_START_T: 0.0, AGG_END_T: 0.0 || EVAL, EVAL_START_T: 1765411621.2005258, EVAL_END_T: 1765411621.7324495 || RECV, RECV_START_T: 0.0, RECV_END_T: 0.0 || DIST, DIST_START_T: 0.0, DIST_END_T: 0.0 || LOAD, LOAD_START_T: 1765411544.9966233, LOAD_END_T: 1765411551.460154 || MSG_MTo, MSG_MTo_START_T: 0.0, MSG_MTo_END_T: 0.0
Loaded FEMNIST test split partition_id=64 with 355 samples
Wall-clock time: 1765411705.4088368 ||Test loss: 1.2495 || Test accuracy: 0.6535 || CPU time: 7.5545 || CPU utilization: 0.0903 || R#128's duration (s): 83.6764 || Cumulative runtime (s): 9201.7543 || Loading data delay (s): 6.2563 || Eval delay (s): 0.5495 || Agg delay (s): 0.0000 || Coordination delay (s): 0.0000 || DIST task delay: 0.0000 || RECV task delay: 0.0000 || Queueing delay: 0.0000 || MSG (from mid) Ave. delay: 0.0000 || Total cache delay: 0.0000 || Ave. cache delay: 0.0000
[R#128] CUMULATIVE_RUNTIME_SEC=9201.7543
Top Aggregator Timestamps: CACHE, CACHE_START_T: 0.0, CACHE_END_T: 0.0 || AGG, AGG_START_T: 0.0, AGG_END_T: 0.0 || EVAL, EVAL_START_T: 1765411704.859359, EVAL_END_T: 1765411705.4088154 || RECV, RECV_START_T: 0.0, RECV_END_T: 0.0 || DIST, DIST_START_T: 0.0, DIST_END_T: 0.0 || LOAD, LOAD_START_T: 1765411621.735642, LOAD_END_T: 1765411627.9919045 || MSG_MTo, MSG_MTo_START_T: 0.0, MSG_MTo_END_T: 0.0
Loaded FEMNIST test split partition_id=6 with 380 samples
Wall-clock time: 1765411785.167201 ||Test loss: 0.6801 || Test accuracy: 0.8105 || CPU time: 7.8769 || CPU utilization: 0.0988 || R#129's duration (s): 79.7584 || Cumulative runtime (s): 9281.5127 || Loading data delay (s): 6.4940 || Eval delay (s): 0.5770 || Agg delay (s): 0.0000 || Coordination delay (s): 0.0000 || DIST task delay: 0.0000 || RECV task delay: 0.0000 || Queueing delay: 0.0000 || MSG (from mid) Ave. delay: 0.0000 || Total cache delay: 0.0000 || Ave. cache delay: 0.0000
[R#129] CUMULATIVE_RUNTIME_SEC=9281.5127
Top Aggregator Timestamps: CACHE, CACHE_START_T: 0.0, CACHE_END_T: 0.0 || AGG, AGG_START_T: 0.0, AGG_END_T: 0.0 || EVAL, EVAL_START_T: 1765411784.5902176, EVAL_END_T: 1765411785.1671767 || RECV, RECV_START_T: 0.0, RECV_END_T: 0.0 || DIST, DIST_START_T: 0.0, DIST_END_T: 0.0 || LOAD, LOAD_START_T: 1765411705.4116728, LOAD_END_T: 1765411711.90572 || MSG_MTo, MSG_MTo_START_T: 0.0, MSG_MTo_END_T: 0.0
Loaded FEMNIST test split partition_id=36 with 384 samples
Wall-clock time: 1765411849.1959667 ||Test loss: 0.7604 || Test accuracy: 0.7734 || CPU time: 8.3460 || CPU utilization: 0.1303 || R#130's duration (s): 64.0288 || Cumulative runtime (s): 9345.5415 || Loading data delay (s): 6.6411 || Eval delay (s): 0.6140 || Agg delay (s): 0.0000 || Coordination delay (s): 0.0000 || DIST task delay: 0.0000 || RECV task delay: 0.0000 || Queueing delay: 0.0000 || MSG (from mid) Ave. delay: 0.0000 || Total cache delay: 0.0000 || Ave. cache delay: 0.0000
[R#130] CUMULATIVE_RUNTIME_SEC=9345.5415
Top Aggregator Timestamps: CACHE, CACHE_START_T: 0.0, CACHE_END_T: 0.0 || AGG, AGG_START_T: 0.0, AGG_END_T: 0.0 || EVAL, EVAL_START_T: 1765411848.5819914, EVAL_END_T: 1765411849.195943 || RECV, RECV_START_T: 0.0, RECV_END_T: 0.0 || DIST, DIST_START_T: 0.0, DIST_END_T: 0.0 || LOAD, LOAD_START_T: 1765411785.1703465, LOAD_END_T: 1765411791.8114083 || MSG_MTo, MSG_MTo_START_T: 0.0, MSG_MTo_END_T: 0.0
Loaded FEMNIST test split partition_id=39 with 373 samples
Wall-clock time: 1765411926.5214632 ||Test loss: 0.6270 || Test accuracy: 0.7668 || CPU time: 8.3628 || CPU utilization: 0.1082 || R#131's duration (s): 77.3255 || Cumulative runtime (s): 9422.8670 || Loading data delay (s): 6.9365 || Eval delay (s): 0.6072 || Agg delay (s): 0.0000 || Coordination delay (s): 0.0000 || DIST task delay: 0.0000 || RECV task delay: 0.0000 || Queueing delay: 0.0000 || MSG (from mid) Ave. delay: 0.0000 || Total cache delay: 0.0000 || Ave. cache delay: 0.0000
[R#131] CUMULATIVE_RUNTIME_SEC=9422.8670
Top Aggregator Timestamps: CACHE, CACHE_START_T: 0.0, CACHE_END_T: 0.0 || AGG, AGG_START_T: 0.0, AGG_END_T: 0.0 || EVAL, EVAL_START_T: 1765411925.914211, EVAL_END_T: 1765411926.521437 || RECV, RECV_START_T: 0.0, RECV_END_T: 0.0 || DIST, DIST_START_T: 0.0, DIST_END_T: 0.0 || LOAD, LOAD_START_T: 1765411849.1988823, LOAD_END_T: 1765411856.1353574 || MSG_MTo, MSG_MTo_START_T: 0.0, MSG_MTo_END_T: 0.0
Loaded FEMNIST test split partition_id=59 with 361 samples
Wall-clock time: 1765412017.2703927 ||Test loss: 1.1694 || Test accuracy: 0.6316 || CPU time: 7.5500 || CPU utilization: 0.0832 || R#132's duration (s): 90.7489 || Cumulative runtime (s): 9513.6159 || Loading data delay (s): 7.0626 || Eval delay (s): 0.5506 || Agg delay (s): 0.0000 || Coordination delay (s): 0.0000 || DIST task delay: 0.0000 || RECV task delay: 0.0000 || Queueing delay: 0.0000 || MSG (from mid) Ave. delay: 0.0000 || Total cache delay: 0.0000 || Ave. cache delay: 0.0000
[R#132] CUMULATIVE_RUNTIME_SEC=9513.6159
Top Aggregator Timestamps: CACHE, CACHE_START_T: 0.0, CACHE_END_T: 0.0 || AGG, AGG_START_T: 0.0, AGG_END_T: 0.0 || EVAL, EVAL_START_T: 1765412016.7197206, EVAL_END_T: 1765412017.2703693 || RECV, RECV_START_T: 0.0, RECV_END_T: 0.0 || DIST, DIST_START_T: 0.0, DIST_END_T: 0.0 || LOAD, LOAD_START_T: 1765411926.5246782, LOAD_END_T: 1765411933.5872712 || MSG_MTo, MSG_MTo_START_T: 0.0, MSG_MTo_END_T: 0.0
Loaded FEMNIST test split partition_id=32 with 278 samples
Wall-clock time: 1765412077.8739874 ||Test loss: 0.6202 || Test accuracy: 0.7806 || CPU time: 6.1280 || CPU utilization: 0.1011 || R#133's duration (s): 60.6036 || Cumulative runtime (s): 9574.2195 || Loading data delay (s): 6.5667 || Eval delay (s): 0.4428 || Agg delay (s): 0.0000 || Coordination delay (s): 0.0000 || DIST task delay: 0.0000 || RECV task delay: 0.0000 || Queueing delay: 0.0000 || MSG (from mid) Ave. delay: 0.0000 || Total cache delay: 0.0000 || Ave. cache delay: 0.0000
[R#133] CUMULATIVE_RUNTIME_SEC=9574.2195
Top Aggregator Timestamps: CACHE, CACHE_START_T: 0.0, CACHE_END_T: 0.0 || AGG, AGG_START_T: 0.0, AGG_END_T: 0.0 || EVAL, EVAL_START_T: 1765412077.431197, EVAL_END_T: 1765412077.8739624 || RECV, RECV_START_T: 0.0, RECV_END_T: 0.0 || DIST, DIST_START_T: 0.0, DIST_END_T: 0.0 || LOAD, LOAD_START_T: 1765412017.273674, LOAD_END_T: 1765412023.8403487 || MSG_MTo, MSG_MTo_START_T: 0.0, MSG_MTo_END_T: 0.0
Loaded FEMNIST test split partition_id=51 with 396 samples
Wall-clock time: 1765412153.2190723 ||Test loss: 0.4960 || Test accuracy: 0.8485 || CPU time: 8.2615 || CPU utilization: 0.1096 || R#134's duration (s): 75.3451 || Cumulative runtime (s): 9649.5646 || Loading data delay (s): 6.2060 || Eval delay (s): 0.6065 || Agg delay (s): 0.0000 || Coordination delay (s): 0.0000 || DIST task delay: 0.0000 || RECV task delay: 0.0000 || Queueing delay: 0.0000 || MSG (from mid) Ave. delay: 0.0000 || Total cache delay: 0.0000 || Ave. cache delay: 0.0000
[R#134] CUMULATIVE_RUNTIME_SEC=9649.5646
Top Aggregator Timestamps: CACHE, CACHE_START_T: 0.0, CACHE_END_T: 0.0 || AGG, AGG_START_T: 0.0, AGG_END_T: 0.0 || EVAL, EVAL_START_T: 1765412152.612496, EVAL_END_T: 1765412153.2190247 || RECV, RECV_START_T: 0.0, RECV_END_T: 0.0 || DIST, DIST_START_T: 0.0, DIST_END_T: 0.0 || LOAD, LOAD_START_T: 1765412077.8771713, LOAD_END_T: 1765412084.0831728 || MSG_MTo, MSG_MTo_START_T: 0.0, MSG_MTo_END_T: 0.0
Loaded FEMNIST test split partition_id=56 with 343 samples
Wall-clock time: 1765412247.9717097 ||Test loss: 0.8317 || Test accuracy: 0.7638 || CPU time: 7.9036 || CPU utilization: 0.0834 || R#135's duration (s): 94.7526 || Cumulative runtime (s): 9744.3172 || Loading data delay (s): 6.6720 || Eval delay (s): 0.5991 || Agg delay (s): 0.0000 || Coordination delay (s): 0.0000 || DIST task delay: 0.0000 || RECV task delay: 0.0000 || Queueing delay: 0.0000 || MSG (from mid) Ave. delay: 0.0000 || Total cache delay: 0.0000 || Ave. cache delay: 0.0000
[R#135] CUMULATIVE_RUNTIME_SEC=9744.3172
Top Aggregator Timestamps: CACHE, CACHE_START_T: 0.0, CACHE_END_T: 0.0 || AGG, AGG_START_T: 0.0, AGG_END_T: 0.0 || EVAL, EVAL_START_T: 1765412247.3725429, EVAL_END_T: 1765412247.9716775 || RECV, RECV_START_T: 0.0, RECV_END_T: 0.0 || DIST, DIST_START_T: 0.0, DIST_END_T: 0.0 || LOAD, LOAD_START_T: 1765412153.2226136, LOAD_END_T: 1765412159.8946483 || MSG_MTo, MSG_MTo_START_T: 0.0, MSG_MTo_END_T: 0.0
Loaded FEMNIST test split partition_id=39 with 373 samples
Wall-clock time: 1765412316.1730032 ||Test loss: 0.6983 || Test accuracy: 0.7668 || CPU time: 7.5248 || CPU utilization: 0.1103 || R#136's duration (s): 68.2013 || Cumulative runtime (s): 9812.5185 || Loading data delay (s): 6.5612 || Eval delay (s): 0.5496 || Agg delay (s): 0.0000 || Coordination delay (s): 0.0000 || DIST task delay: 0.0000 || RECV task delay: 0.0000 || Queueing delay: 0.0000 || MSG (from mid) Ave. delay: 0.0000 || Total cache delay: 0.0000 || Ave. cache delay: 0.0000
[R#136] CUMULATIVE_RUNTIME_SEC=9812.5185
Top Aggregator Timestamps: CACHE, CACHE_START_T: 0.0, CACHE_END_T: 0.0 || AGG, AGG_START_T: 0.0, AGG_END_T: 0.0 || EVAL, EVAL_START_T: 1765412315.623426, EVAL_END_T: 1765412316.17298 || RECV, RECV_START_T: 0.0, RECV_END_T: 0.0 || DIST, DIST_START_T: 0.0, DIST_END_T: 0.0 || LOAD, LOAD_START_T: 1765412247.975374, LOAD_END_T: 1765412254.5365474 || MSG_MTo, MSG_MTo_START_T: 0.0, MSG_MTo_END_T: 0.0
Loaded FEMNIST test split partition_id=16 with 312 samples
Wall-clock time: 1765412381.9069285 ||Test loss: 1.0224 || Test accuracy: 0.6763 || CPU time: 6.3922 || CPU utilization: 0.0972 || R#137's duration (s): 65.7339 || Cumulative runtime (s): 9878.2524 || Loading data delay (s): 6.4796 || Eval delay (s): 0.4661 || Agg delay (s): 0.0000 || Coordination delay (s): 0.0000 || DIST task delay: 0.0000 || RECV task delay: 0.0000 || Queueing delay: 0.0000 || MSG (from mid) Ave. delay: 0.0000 || Total cache delay: 0.0000 || Ave. cache delay: 0.0000
[R#137] CUMULATIVE_RUNTIME_SEC=9878.2524
Top Aggregator Timestamps: CACHE, CACHE_START_T: 0.0, CACHE_END_T: 0.0 || AGG, AGG_START_T: 0.0, AGG_END_T: 0.0 || EVAL, EVAL_START_T: 1765412381.4407897, EVAL_END_T: 1765412381.906909 || RECV, RECV_START_T: 0.0, RECV_END_T: 0.0 || DIST, DIST_START_T: 0.0, DIST_END_T: 0.0 || LOAD, LOAD_START_T: 1765412316.1759183, LOAD_END_T: 1765412322.6555128 || MSG_MTo, MSG_MTo_START_T: 0.0, MSG_MTo_END_T: 0.0
Loaded FEMNIST test split partition_id=64 with 355 samples
Wall-clock time: 1765412452.0409539 ||Test loss: 1.2944 || Test accuracy: 0.6169 || CPU time: 7.5311 || CPU utilization: 0.1074 || R#138's duration (s): 70.1340 || Cumulative runtime (s): 9948.3864 || Loading data delay (s): 7.3923 || Eval delay (s): 0.5493 || Agg delay (s): 0.0000 || Coordination delay (s): 0.0000 || DIST task delay: 0.0000 || RECV task delay: 0.0000 || Queueing delay: 0.0000 || MSG (from mid) Ave. delay: 0.0000 || Total cache delay: 0.0000 || Ave. cache delay: 0.0000
[R#138] CUMULATIVE_RUNTIME_SEC=9948.3864
Top Aggregator Timestamps: CACHE, CACHE_START_T: 0.0, CACHE_END_T: 0.0 || AGG, AGG_START_T: 0.0, AGG_END_T: 0.0 || EVAL, EVAL_START_T: 1765412451.4915895, EVAL_END_T: 1765412452.040917 || RECV, RECV_START_T: 0.0, RECV_END_T: 0.0 || DIST, DIST_START_T: 0.0, DIST_END_T: 0.0 || LOAD, LOAD_START_T: 1765412381.9101167, LOAD_END_T: 1765412389.3024516 || MSG_MTo, MSG_MTo_START_T: 0.0, MSG_MTo_END_T: 0.0
Loaded FEMNIST test split partition_id=49 with 393 samples
Wall-clock time: 1765412525.8110423 ||Test loss: 0.4157 || Test accuracy: 0.8448 || CPU time: 8.1714 || CPU utilization: 0.1108 || R#139's duration (s): 73.7701 || Cumulative runtime (s): 10022.1565 || Loading data delay (s): 6.2921 || Eval delay (s): 0.6033 || Agg delay (s): 0.0000 || Coordination delay (s): 0.0000 || DIST task delay: 0.0000 || RECV task delay: 0.0000 || Queueing delay: 0.0000 || MSG (from mid) Ave. delay: 0.0000 || Total cache delay: 0.0000 || Ave. cache delay: 0.0000
[R#139] CUMULATIVE_RUNTIME_SEC=10022.1565
Top Aggregator Timestamps: CACHE, CACHE_START_T: 0.0, CACHE_END_T: 0.0 || AGG, AGG_START_T: 0.0, AGG_END_T: 0.0 || EVAL, EVAL_START_T: 1765412525.2077115, EVAL_END_T: 1765412525.811021 || RECV, RECV_START_T: 0.0, RECV_END_T: 0.0 || DIST, DIST_START_T: 0.0, DIST_END_T: 0.0 || LOAD, LOAD_START_T: 1765412452.043915, LOAD_END_T: 1765412458.336038 || MSG_MTo, MSG_MTo_START_T: 0.0, MSG_MTo_END_T: 0.0
Loaded FEMNIST test split partition_id=15 with 370 samples
Wall-clock time: 1765412608.1063614 ||Test loss: 0.6680 || Test accuracy: 0.7892 || CPU time: 7.6399 || CPU utilization: 0.0928 || R#140's duration (s): 82.2953 || Cumulative runtime (s): 10104.4519 || Loading data delay (s): 6.3774 || Eval delay (s): 0.5630 || Agg delay (s): 0.0000 || Coordination delay (s): 0.0000 || DIST task delay: 0.0000 || RECV task delay: 0.0000 || Queueing delay: 0.0000 || MSG (from mid) Ave. delay: 0.0000 || Total cache delay: 0.0000 || Ave. cache delay: 0.0000
[R#140] CUMULATIVE_RUNTIME_SEC=10104.4519
Top Aggregator Timestamps: CACHE, CACHE_START_T: 0.0, CACHE_END_T: 0.0 || AGG, AGG_START_T: 0.0, AGG_END_T: 0.0 || EVAL, EVAL_START_T: 1765412607.5433238, EVAL_END_T: 1765412608.1063366 || RECV, RECV_START_T: 0.0, RECV_END_T: 0.0 || DIST, DIST_START_T: 0.0, DIST_END_T: 0.0 || LOAD, LOAD_START_T: 1765412525.8138556, LOAD_END_T: 1765412532.1913054 || MSG_MTo, MSG_MTo_START_T: 0.0, MSG_MTo_END_T: 0.0
Loaded FEMNIST test split partition_id=13 with 329 samples
Wall-clock time: 1765412682.40226 ||Test loss: 0.8650 || Test accuracy: 0.7416 || CPU time: 6.6622 || CPU utilization: 0.0897 || R#141's duration (s): 74.2959 || Cumulative runtime (s): 10178.7477 || Loading data delay (s): 6.3591 || Eval delay (s): 0.4860 || Agg delay (s): 0.0000 || Coordination delay (s): 0.0000 || DIST task delay: 0.0000 || RECV task delay: 0.0000 || Queueing delay: 0.0000 || MSG (from mid) Ave. delay: 0.0000 || Total cache delay: 0.0000 || Ave. cache delay: 0.0000
[R#141] CUMULATIVE_RUNTIME_SEC=10178.7477
Top Aggregator Timestamps: CACHE, CACHE_START_T: 0.0, CACHE_END_T: 0.0 || AGG, AGG_START_T: 0.0, AGG_END_T: 0.0 || EVAL, EVAL_START_T: 1765412681.9162283, EVAL_END_T: 1765412682.4022381 || RECV, RECV_START_T: 0.0, RECV_END_T: 0.0 || DIST, DIST_START_T: 0.0, DIST_END_T: 0.0 || LOAD, LOAD_START_T: 1765412608.1096232, LOAD_END_T: 1765412614.468721 || MSG_MTo, MSG_MTo_START_T: 0.0, MSG_MTo_END_T: 0.0
Loaded FEMNIST test split partition_id=56 with 343 samples
Wall-clock time: 1765412743.984443 ||Test loss: 1.0590 || Test accuracy: 0.7347 || CPU time: 7.0376 || CPU utilization: 0.1143 || R#142's duration (s): 61.5822 || Cumulative runtime (s): 10240.3299 || Loading data delay (s): 6.3646 || Eval delay (s): 0.5256 || Agg delay (s): 0.0000 || Coordination delay (s): 0.0000 || DIST task delay: 0.0000 || RECV task delay: 0.0000 || Queueing delay: 0.0000 || MSG (from mid) Ave. delay: 0.0000 || Total cache delay: 0.0000 || Ave. cache delay: 0.0000
[R#142] CUMULATIVE_RUNTIME_SEC=10240.3299
Top Aggregator Timestamps: CACHE, CACHE_START_T: 0.0, CACHE_END_T: 0.0 || AGG, AGG_START_T: 0.0, AGG_END_T: 0.0 || EVAL, EVAL_START_T: 1765412743.4588084, EVAL_END_T: 1765412743.9844148 || RECV, RECV_START_T: 0.0, RECV_END_T: 0.0 || DIST, DIST_START_T: 0.0, DIST_END_T: 0.0 || LOAD, LOAD_START_T: 1765412682.405501, LOAD_END_T: 1765412688.7700734 || MSG_MTo, MSG_MTo_START_T: 0.0, MSG_MTo_END_T: 0.0
Loaded FEMNIST test split partition_id=63 with 413 samples
Wall-clock time: 1765412806.393809 ||Test loss: 0.4407 || Test accuracy: 0.8644 || CPU time: 8.4751 || CPU utilization: 0.1358 || R#143's duration (s): 62.4094 || Cumulative runtime (s): 10302.7393 || Loading data delay (s): 6.6098 || Eval delay (s): 0.6396 || Agg delay (s): 0.0000 || Coordination delay (s): 0.0000 || DIST task delay: 0.0000 || RECV task delay: 0.0000 || Queueing delay: 0.0000 || MSG (from mid) Ave. delay: 0.0000 || Total cache delay: 0.0000 || Ave. cache delay: 0.0000
[R#143] CUMULATIVE_RUNTIME_SEC=10302.7393
Top Aggregator Timestamps: CACHE, CACHE_START_T: 0.0, CACHE_END_T: 0.0 || AGG, AGG_START_T: 0.0, AGG_END_T: 0.0 || EVAL, EVAL_START_T: 1765412805.7542098, EVAL_END_T: 1765412806.3937898 || RECV, RECV_START_T: 0.0, RECV_END_T: 0.0 || DIST, DIST_START_T: 0.0, DIST_END_T: 0.0 || LOAD, LOAD_START_T: 1765412743.9879367, LOAD_END_T: 1765412750.5977526 || MSG_MTo, MSG_MTo_START_T: 0.0, MSG_MTo_END_T: 0.0
Loaded FEMNIST test split partition_id=45 with 327 samples
Wall-clock time: 1765412872.6429348 ||Test loss: 1.1485 || Test accuracy: 0.6330 || CPU time: 6.5905 || CPU utilization: 0.0995 || R#144's duration (s): 66.2491 || Cumulative runtime (s): 10368.9884 || Loading data delay (s): 6.1928 || Eval delay (s): 0.4823 || Agg delay (s): 0.0000 || Coordination delay (s): 0.0000 || DIST task delay: 0.0000 || RECV task delay: 0.0000 || Queueing delay: 0.0000 || MSG (from mid) Ave. delay: 0.0000 || Total cache delay: 0.0000 || Ave. cache delay: 0.0000
[R#144] CUMULATIVE_RUNTIME_SEC=10368.9884
Top Aggregator Timestamps: CACHE, CACHE_START_T: 0.0, CACHE_END_T: 0.0 || AGG, AGG_START_T: 0.0, AGG_END_T: 0.0 || EVAL, EVAL_START_T: 1765412872.160564, EVAL_END_T: 1765412872.6429105 || RECV, RECV_START_T: 0.0, RECV_END_T: 0.0 || DIST, DIST_START_T: 0.0, DIST_END_T: 0.0 || LOAD, LOAD_START_T: 1765412806.3966851, LOAD_END_T: 1765412812.5894473 || MSG_MTo, MSG_MTo_START_T: 0.0, MSG_MTo_END_T: 0.0
Loaded FEMNIST test split partition_id=41 with 358 samples
Wall-clock time: 1765412952.401538 ||Test loss: 0.9254 || Test accuracy: 0.6983 || CPU time: 7.6960 || CPU utilization: 0.0965 || R#145's duration (s): 79.7586 || Cumulative runtime (s): 10448.7470 || Loading data delay (s): 7.4241 || Eval delay (s): 0.5595 || Agg delay (s): 0.0000 || Coordination delay (s): 0.0000 || DIST task delay: 0.0000 || RECV task delay: 0.0000 || Queueing delay: 0.0000 || MSG (from mid) Ave. delay: 0.0000 || Total cache delay: 0.0000 || Ave. cache delay: 0.0000
[R#145] CUMULATIVE_RUNTIME_SEC=10448.7470
Top Aggregator Timestamps: CACHE, CACHE_START_T: 0.0, CACHE_END_T: 0.0 || AGG, AGG_START_T: 0.0, AGG_END_T: 0.0 || EVAL, EVAL_START_T: 1765412951.84198, EVAL_END_T: 1765412952.4015176 || RECV, RECV_START_T: 0.0, RECV_END_T: 0.0 || DIST, DIST_START_T: 0.0, DIST_END_T: 0.0 || LOAD, LOAD_START_T: 1765412872.6462445, LOAD_END_T: 1765412880.0703378 || MSG_MTo, MSG_MTo_START_T: 0.0, MSG_MTo_END_T: 0.0
Loaded FEMNIST test split partition_id=17 with 424 samples
Wall-clock time: 1765413014.473809 ||Test loss: 0.5611 || Test accuracy: 0.8443 || CPU time: 9.0763 || CPU utilization: 0.1462 || R#146's duration (s): 62.0723 || Cumulative runtime (s): 10510.8193 || Loading data delay (s): 6.2360 || Eval delay (s): 0.6764 || Agg delay (s): 0.0000 || Coordination delay (s): 0.0000 || DIST task delay: 0.0000 || RECV task delay: 0.0000 || Queueing delay: 0.0000 || MSG (from mid) Ave. delay: 0.0000 || Total cache delay: 0.0000 || Ave. cache delay: 0.0000
[R#146] CUMULATIVE_RUNTIME_SEC=10510.8193
Top Aggregator Timestamps: CACHE, CACHE_START_T: 0.0, CACHE_END_T: 0.0 || AGG, AGG_START_T: 0.0, AGG_END_T: 0.0 || EVAL, EVAL_START_T: 1765413013.7974231, EVAL_END_T: 1765413014.4737856 || RECV, RECV_START_T: 0.0, RECV_END_T: 0.0 || DIST, DIST_START_T: 0.0, DIST_END_T: 0.0 || LOAD, LOAD_START_T: 1765412952.4047217, LOAD_END_T: 1765412958.6406956 || MSG_MTo, MSG_MTo_START_T: 0.0, MSG_MTo_END_T: 0.0
Loaded FEMNIST test split partition_id=42 with 330 samples
Wall-clock time: 1765413089.1572723 ||Test loss: 0.8545 || Test accuracy: 0.7636 || CPU time: 7.1648 || CPU utilization: 0.0959 || R#147's duration (s): 74.6835 || Cumulative runtime (s): 10585.5028 || Loading data delay (s): 6.6115 || Eval delay (s): 0.5278 || Agg delay (s): 0.0000 || Coordination delay (s): 0.0000 || DIST task delay: 0.0000 || RECV task delay: 0.0000 || Queueing delay: 0.0000 || MSG (from mid) Ave. delay: 0.0000 || Total cache delay: 0.0000 || Ave. cache delay: 0.0000
[R#147] CUMULATIVE_RUNTIME_SEC=10585.5028
Top Aggregator Timestamps: CACHE, CACHE_START_T: 0.0, CACHE_END_T: 0.0 || AGG, AGG_START_T: 0.0, AGG_END_T: 0.0 || EVAL, EVAL_START_T: 1765413088.629483, EVAL_END_T: 1765413089.1572523 || RECV, RECV_START_T: 0.0, RECV_END_T: 0.0 || DIST, DIST_START_T: 0.0, DIST_END_T: 0.0 || LOAD, LOAD_START_T: 1765413014.4773026, LOAD_END_T: 1765413021.088753 || MSG_MTo, MSG_MTo_START_T: 0.0, MSG_MTo_END_T: 0.0
Loaded FEMNIST test split partition_id=51 with 396 samples
Wall-clock time: 1765413177.9184427 ||Test loss: 0.4956 || Test accuracy: 0.8485 || CPU time: 7.9694 || CPU utilization: 0.0898 || R#148's duration (s): 88.7612 || Cumulative runtime (s): 10674.2639 || Loading data delay (s): 6.6671 || Eval delay (s): 0.5896 || Agg delay (s): 0.0000 || Coordination delay (s): 0.0000 || DIST task delay: 0.0000 || RECV task delay: 0.0000 || Queueing delay: 0.0000 || MSG (from mid) Ave. delay: 0.0000 || Total cache delay: 0.0000 || Ave. cache delay: 0.0000
[R#148] CUMULATIVE_RUNTIME_SEC=10674.2639
Top Aggregator Timestamps: CACHE, CACHE_START_T: 0.0, CACHE_END_T: 0.0 || AGG, AGG_START_T: 0.0, AGG_END_T: 0.0 || EVAL, EVAL_START_T: 1765413177.3287866, EVAL_END_T: 1765413177.918418 || RECV, RECV_START_T: 0.0, RECV_END_T: 0.0 || DIST, DIST_START_T: 0.0, DIST_END_T: 0.0 || LOAD, LOAD_START_T: 1765413089.1604624, LOAD_END_T: 1765413095.8275995 || MSG_MTo, MSG_MTo_START_T: 0.0, MSG_MTo_END_T: 0.0
Loaded FEMNIST test split partition_id=14 with 378 samples
Wall-clock time: 1765413236.580114 ||Test loss: 0.3472 || Test accuracy: 0.8757 || CPU time: 7.5620 || CPU utilization: 0.1289 || R#149's duration (s): 58.6617 || Cumulative runtime (s): 10732.9256 || Loading data delay (s): 6.2890 || Eval delay (s): 0.5618 || Agg delay (s): 0.0000 || Coordination delay (s): 0.0000 || DIST task delay: 0.0000 || RECV task delay: 0.0000 || Queueing delay: 0.0000 || MSG (from mid) Ave. delay: 0.0000 || Total cache delay: 0.0000 || Ave. cache delay: 0.0000
[R#149] CUMULATIVE_RUNTIME_SEC=10732.9256
Top Aggregator Timestamps: CACHE, CACHE_START_T: 0.0, CACHE_END_T: 0.0 || AGG, AGG_START_T: 0.0, AGG_END_T: 0.0 || EVAL, EVAL_START_T: 1765413236.0183249, EVAL_END_T: 1765413236.5800915 || RECV, RECV_START_T: 0.0, RECV_END_T: 0.0 || DIST, DIST_START_T: 0.0, DIST_END_T: 0.0 || LOAD, LOAD_START_T: 1765413177.9215124, LOAD_END_T: 1765413184.2104957 || MSG_MTo, MSG_MTo_START_T: 0.0, MSG_MTo_END_T: 0.0
Loaded FEMNIST test split partition_id=56 with 343 samples
Wall-clock time: 1765413308.3134646 ||Test loss: 0.7116 || Test accuracy: 0.8105 || CPU time: 6.8544 || CPU utilization: 0.0956 || R#150's duration (s): 71.7334 || Cumulative runtime (s): 10804.6590 || Loading data delay (s): 6.5912 || Eval delay (s): 0.5032 || Agg delay (s): 0.0000 || Coordination delay (s): 0.0000 || DIST task delay: 0.0000 || RECV task delay: 0.0000 || Queueing delay: 0.0000 || MSG (from mid) Ave. delay: 0.0000 || Total cache delay: 0.0000 || Ave. cache delay: 0.0000
[R#150] CUMULATIVE_RUNTIME_SEC=10804.6590
Top Aggregator Timestamps: CACHE, CACHE_START_T: 0.0, CACHE_END_T: 0.0 || AGG, AGG_START_T: 0.0, AGG_END_T: 0.0 || EVAL, EVAL_START_T: 1765413307.8101978, EVAL_END_T: 1765413308.3134363 || RECV, RECV_START_T: 0.0, RECV_END_T: 0.0 || DIST, DIST_START_T: 0.0, DIST_END_T: 0.0 || LOAD, LOAD_START_T: 1765413236.583345, LOAD_END_T: 1765413243.1745505 || MSG_MTo, MSG_MTo_START_T: 0.0, MSG_MTo_END_T: 0.0
Loaded FEMNIST test split partition_id=17 with 424 samples
Wall-clock time: 1765413376.425992 ||Test loss: 0.5907 || Test accuracy: 0.8278 || CPU time: 8.3634 || CPU utilization: 0.1228 || R#151's duration (s): 68.1125 || Cumulative runtime (s): 10872.7715 || Loading data delay (s): 6.9869 || Eval delay (s): 0.6248 || Agg delay (s): 0.0000 || Coordination delay (s): 0.0000 || DIST task delay: 0.0000 || RECV task delay: 0.0000 || Queueing delay: 0.0000 || MSG (from mid) Ave. delay: 0.0000 || Total cache delay: 0.0000 || Ave. cache delay: 0.0000
[R#151] CUMULATIVE_RUNTIME_SEC=10872.7715
Top Aggregator Timestamps: CACHE, CACHE_START_T: 0.0, CACHE_END_T: 0.0 || AGG, AGG_START_T: 0.0, AGG_END_T: 0.0 || EVAL, EVAL_START_T: 1765413375.8011935, EVAL_END_T: 1765413376.4259684 || RECV, RECV_START_T: 0.0, RECV_END_T: 0.0 || DIST, DIST_START_T: 0.0, DIST_END_T: 0.0 || LOAD, LOAD_START_T: 1765413308.316368, LOAD_END_T: 1765413315.3032603 || MSG_MTo, MSG_MTo_START_T: 0.0, MSG_MTo_END_T: 0.0
Loaded FEMNIST test split partition_id=36 with 384 samples
Wall-clock time: 1765413480.3459926 ||Test loss: 0.7078 || Test accuracy: 0.7839 || CPU time: 7.5928 || CPU utilization: 0.0731 || R#152's duration (s): 103.9200 || Cumulative runtime (s): 10976.6915 || Loading data delay (s): 6.5691 || Eval delay (s): 0.5615 || Agg delay (s): 0.0000 || Coordination delay (s): 0.0000 || DIST task delay: 0.0000 || RECV task delay: 0.0000 || Queueing delay: 0.0000 || MSG (from mid) Ave. delay: 0.0000 || Total cache delay: 0.0000 || Ave. cache delay: 0.0000
[R#152] CUMULATIVE_RUNTIME_SEC=10976.6915
Top Aggregator Timestamps: CACHE, CACHE_START_T: 0.0, CACHE_END_T: 0.0 || AGG, AGG_START_T: 0.0, AGG_END_T: 0.0 || EVAL, EVAL_START_T: 1765413479.7844975, EVAL_END_T: 1765413480.3459706 || RECV, RECV_START_T: 0.0, RECV_END_T: 0.0 || DIST, DIST_START_T: 0.0, DIST_END_T: 0.0 || LOAD, LOAD_START_T: 1765413376.4292123, LOAD_END_T: 1765413382.9983068 || MSG_MTo, MSG_MTo_START_T: 0.0, MSG_MTo_END_T: 0.0
Loaded FEMNIST test split partition_id=57 with 388 samples
Wall-clock time: 1765413559.846333 ||Test loss: 0.4655 || Test accuracy: 0.8814 || CPU time: 7.7088 || CPU utilization: 0.0970 || R#153's duration (s): 79.5003 || Cumulative runtime (s): 11056.1918 || Loading data delay (s): 6.7937 || Eval delay (s): 0.5779 || Agg delay (s): 0.0000 || Coordination delay (s): 0.0000 || DIST task delay: 0.0000 || RECV task delay: 0.0000 || Queueing delay: 0.0000 || MSG (from mid) Ave. delay: 0.0000 || Total cache delay: 0.0000 || Ave. cache delay: 0.0000
[R#153] CUMULATIVE_RUNTIME_SEC=11056.1918
Top Aggregator Timestamps: CACHE, CACHE_START_T: 0.0, CACHE_END_T: 0.0 || AGG, AGG_START_T: 0.0, AGG_END_T: 0.0 || EVAL, EVAL_START_T: 1765413559.2683682, EVAL_END_T: 1765413559.846313 || RECV, RECV_START_T: 0.0, RECV_END_T: 0.0 || DIST, DIST_START_T: 0.0, DIST_END_T: 0.0 || LOAD, LOAD_START_T: 1765413480.3489382, LOAD_END_T: 1765413487.142602 || MSG_MTo, MSG_MTo_START_T: 0.0, MSG_MTo_END_T: 0.0
Loaded FEMNIST test split partition_id=25 with 317 samples
Wall-clock time: 1765413628.176705 ||Test loss: 0.5568 || Test accuracy: 0.8170 || CPU time: 6.4122 || CPU utilization: 0.0938 || R#154's duration (s): 68.3304 || Cumulative runtime (s): 11124.5222 || Loading data delay (s): 6.2091 || Eval delay (s): 0.4734 || Agg delay (s): 0.0000 || Coordination delay (s): 0.0000 || DIST task delay: 0.0000 || RECV task delay: 0.0000 || Queueing delay: 0.0000 || MSG (from mid) Ave. delay: 0.0000 || Total cache delay: 0.0000 || Ave. cache delay: 0.0000
[R#154] CUMULATIVE_RUNTIME_SEC=11124.5222
Top Aggregator Timestamps: CACHE, CACHE_START_T: 0.0, CACHE_END_T: 0.0 || AGG, AGG_START_T: 0.0, AGG_END_T: 0.0 || EVAL, EVAL_START_T: 1765413627.7032464, EVAL_END_T: 1765413628.1766858 || RECV, RECV_START_T: 0.0, RECV_END_T: 0.0 || DIST, DIST_START_T: 0.0, DIST_END_T: 0.0 || LOAD, LOAD_START_T: 1765413559.8495736, LOAD_END_T: 1765413566.0586834 || MSG_MTo, MSG_MTo_START_T: 0.0, MSG_MTo_END_T: 0.0
Loaded FEMNIST test split partition_id=58 with 346 samples
Wall-clock time: 1765413684.056186 ||Test loss: 0.7718 || Test accuracy: 0.7717 || CPU time: 7.0842 || CPU utilization: 0.1268 || R#155's duration (s): 55.8795 || Cumulative runtime (s): 11180.4017 || Loading data delay (s): 6.2862 || Eval delay (s): 0.5235 || Agg delay (s): 0.0000 || Coordination delay (s): 0.0000 || DIST task delay: 0.0000 || RECV task delay: 0.0000 || Queueing delay: 0.0000 || MSG (from mid) Ave. delay: 0.0000 || Total cache delay: 0.0000 || Ave. cache delay: 0.0000
[R#155] CUMULATIVE_RUNTIME_SEC=11180.4017
Top Aggregator Timestamps: CACHE, CACHE_START_T: 0.0, CACHE_END_T: 0.0 || AGG, AGG_START_T: 0.0, AGG_END_T: 0.0 || EVAL, EVAL_START_T: 1765413683.5326617, EVAL_END_T: 1765413684.0561662 || RECV, RECV_START_T: 0.0, RECV_END_T: 0.0 || DIST, DIST_START_T: 0.0, DIST_END_T: 0.0 || LOAD, LOAD_START_T: 1765413628.179633, LOAD_END_T: 1765413634.4658046 || MSG_MTo, MSG_MTo_START_T: 0.0, MSG_MTo_END_T: 0.0
Loaded FEMNIST test split partition_id=31 with 407 samples
Wall-clock time: 1765413742.6153214 ||Test loss: 0.7139 || Test accuracy: 0.7887 || CPU time: 8.3365 || CPU utilization: 0.1424 || R#156's duration (s): 58.5591 || Cumulative runtime (s): 11238.9608 || Loading data delay (s): 6.1743 || Eval delay (s): 0.6160 || Agg delay (s): 0.0000 || Coordination delay (s): 0.0000 || DIST task delay: 0.0000 || RECV task delay: 0.0000 || Queueing delay: 0.0000 || MSG (from mid) Ave. delay: 0.0000 || Total cache delay: 0.0000 || Ave. cache delay: 0.0000
[R#156] CUMULATIVE_RUNTIME_SEC=11238.9608
Top Aggregator Timestamps: CACHE, CACHE_START_T: 0.0, CACHE_END_T: 0.0 || AGG, AGG_START_T: 0.0, AGG_END_T: 0.0 || EVAL, EVAL_START_T: 1765413741.9993298, EVAL_END_T: 1765413742.6152985 || RECV, RECV_START_T: 0.0, RECV_END_T: 0.0 || DIST, DIST_START_T: 0.0, DIST_END_T: 0.0 || LOAD, LOAD_START_T: 1765413684.0595846, LOAD_END_T: 1765413690.2338488 || MSG_MTo, MSG_MTo_START_T: 0.0, MSG_MTo_END_T: 0.0
Loaded FEMNIST test split partition_id=47 with 395 samples
Wall-clock time: 1765413801.8902671 ||Test loss: 0.6808 || Test accuracy: 0.7949 || CPU time: 8.0955 || CPU utilization: 0.1366 || R#157's duration (s): 59.2749 || Cumulative runtime (s): 11298.2358 || Loading data delay (s): 6.3645 || Eval delay (s): 0.6009 || Agg delay (s): 0.0000 || Coordination delay (s): 0.0000 || DIST task delay: 0.0000 || RECV task delay: 0.0000 || Queueing delay: 0.0000 || MSG (from mid) Ave. delay: 0.0000 || Total cache delay: 0.0000 || Ave. cache delay: 0.0000
[R#157] CUMULATIVE_RUNTIME_SEC=11298.2358
Top Aggregator Timestamps: CACHE, CACHE_START_T: 0.0, CACHE_END_T: 0.0 || AGG, AGG_START_T: 0.0, AGG_END_T: 0.0 || EVAL, EVAL_START_T: 1765413801.2893775, EVAL_END_T: 1765413801.890247 || RECV, RECV_START_T: 0.0, RECV_END_T: 0.0 || DIST, DIST_START_T: 0.0, DIST_END_T: 0.0 || LOAD, LOAD_START_T: 1765413742.6182895, LOAD_END_T: 1765413748.9828155 || MSG_MTo, MSG_MTo_START_T: 0.0, MSG_MTo_END_T: 0.0
Loaded FEMNIST test split partition_id=56 with 343 samples
Wall-clock time: 1765413867.672727 ||Test loss: 0.6900 || Test accuracy: 0.7872 || CPU time: 7.2672 || CPU utilization: 0.1105 || R#158's duration (s): 65.7825 || Cumulative runtime (s): 11364.0182 || Loading data delay (s): 6.5436 || Eval delay (s): 0.5386 || Agg delay (s): 0.0000 || Coordination delay (s): 0.0000 || DIST task delay: 0.0000 || RECV task delay: 0.0000 || Queueing delay: 0.0000 || MSG (from mid) Ave. delay: 0.0000 || Total cache delay: 0.0000 || Ave. cache delay: 0.0000
[R#158] CUMULATIVE_RUNTIME_SEC=11364.0182
Top Aggregator Timestamps: CACHE, CACHE_START_T: 0.0, CACHE_END_T: 0.0 || AGG, AGG_START_T: 0.0, AGG_END_T: 0.0 || EVAL, EVAL_START_T: 1765413867.134077, EVAL_END_T: 1765413867.6727042 || RECV, RECV_START_T: 0.0, RECV_END_T: 0.0 || DIST, DIST_START_T: 0.0, DIST_END_T: 0.0 || LOAD, LOAD_START_T: 1765413801.8935502, LOAD_END_T: 1765413808.4371774 || MSG_MTo, MSG_MTo_START_T: 0.0, MSG_MTo_END_T: 0.0
Loaded FEMNIST test split partition_id=30 with 284 samples
Wall-clock time: 1765413944.6188812 ||Test loss: 0.4898 || Test accuracy: 0.8556 || CPU time: 6.1059 || CPU utilization: 0.0794 || R#159's duration (s): 76.9462 || Cumulative runtime (s): 11440.9644 || Loading data delay (s): 6.1919 || Eval delay (s): 0.4424 || Agg delay (s): 0.0000 || Coordination delay (s): 0.0000 || DIST task delay: 0.0000 || RECV task delay: 0.0000 || Queueing delay: 0.0000 || MSG (from mid) Ave. delay: 0.0000 || Total cache delay: 0.0000 || Ave. cache delay: 0.0000
[R#159] CUMULATIVE_RUNTIME_SEC=11440.9644
Top Aggregator Timestamps: CACHE, CACHE_START_T: 0.0, CACHE_END_T: 0.0 || AGG, AGG_START_T: 0.0, AGG_END_T: 0.0 || EVAL, EVAL_START_T: 1765413944.1764603, EVAL_END_T: 1765413944.61886 || RECV, RECV_START_T: 0.0, RECV_END_T: 0.0 || DIST, DIST_START_T: 0.0, DIST_END_T: 0.0 || LOAD, LOAD_START_T: 1765413867.6756063, LOAD_END_T: 1765413873.867551 || MSG_MTo, MSG_MTo_START_T: 0.0, MSG_MTo_END_T: 0.0
Loaded FEMNIST test split partition_id=17 with 424 samples
Wall-clock time: 1765414004.9175992 ||Test loss: 0.6718 || Test accuracy: 0.7736 || CPU time: 8.7376 || CPU utilization: 0.1449 || R#160's duration (s): 60.2987 || Cumulative runtime (s): 11501.2631 || Loading data delay (s): 6.3400 || Eval delay (s): 0.6418 || Agg delay (s): 0.0000 || Coordination delay (s): 0.0000 || DIST task delay: 0.0000 || RECV task delay: 0.0000 || Queueing delay: 0.0000 || MSG (from mid) Ave. delay: 0.0000 || Total cache delay: 0.0000 || Ave. cache delay: 0.0000
[R#160] CUMULATIVE_RUNTIME_SEC=11501.2631
Top Aggregator Timestamps: CACHE, CACHE_START_T: 0.0, CACHE_END_T: 0.0 || AGG, AGG_START_T: 0.0, AGG_END_T: 0.0 || EVAL, EVAL_START_T: 1765414004.2757401, EVAL_END_T: 1765414004.9175782 || RECV, RECV_START_T: 0.0, RECV_END_T: 0.0 || DIST, DIST_START_T: 0.0, DIST_END_T: 0.0 || LOAD, LOAD_START_T: 1765413944.622151, LOAD_END_T: 1765413950.962139 || MSG_MTo, MSG_MTo_START_T: 0.0, MSG_MTo_END_T: 0.0
Loaded FEMNIST test split partition_id=18 with 383 samples
Wall-clock time: 1765414066.0752668 ||Test loss: 0.9130 || Test accuracy: 0.7311 || CPU time: 7.6064 || CPU utilization: 0.1244 || R#161's duration (s): 61.1577 || Cumulative runtime (s): 11562.4208 || Loading data delay (s): 6.0750 || Eval delay (s): 0.5744 || Agg delay (s): 0.0000 || Coordination delay (s): 0.0000 || DIST task delay: 0.0000 || RECV task delay: 0.0000 || Queueing delay: 0.0000 || MSG (from mid) Ave. delay: 0.0000 || Total cache delay: 0.0000 || Ave. cache delay: 0.0000
[R#161] CUMULATIVE_RUNTIME_SEC=11562.4208
Top Aggregator Timestamps: CACHE, CACHE_START_T: 0.0, CACHE_END_T: 0.0 || AGG, AGG_START_T: 0.0, AGG_END_T: 0.0 || EVAL, EVAL_START_T: 1765414065.5008352, EVAL_END_T: 1765414066.0752435 || RECV, RECV_START_T: 0.0, RECV_END_T: 0.0 || DIST, DIST_START_T: 0.0, DIST_END_T: 0.0 || LOAD, LOAD_START_T: 1765414004.9207618, LOAD_END_T: 1765414010.9957614 || MSG_MTo, MSG_MTo_START_T: 0.0, MSG_MTo_END_T: 0.0
Loaded FEMNIST test split partition_id=5 with 351 samples
Wall-clock time: 1765414132.334894 ||Test loss: 1.0164 || Test accuracy: 0.7293 || CPU time: 7.2124 || CPU utilization: 0.1089 || R#162's duration (s): 66.2596 || Cumulative runtime (s): 11628.6804 || Loading data delay (s): 7.0942 || Eval delay (s): 0.5354 || Agg delay (s): 0.0000 || Coordination delay (s): 0.0000 || DIST task delay: 0.0000 || RECV task delay: 0.0000 || Queueing delay: 0.0000 || MSG (from mid) Ave. delay: 0.0000 || Total cache delay: 0.0000 || Ave. cache delay: 0.0000
[R#162] CUMULATIVE_RUNTIME_SEC=11628.6804
Top Aggregator Timestamps: CACHE, CACHE_START_T: 0.0, CACHE_END_T: 0.0 || AGG, AGG_START_T: 0.0, AGG_END_T: 0.0 || EVAL, EVAL_START_T: 1765414131.7994962, EVAL_END_T: 1765414132.3348753 || RECV, RECV_START_T: 0.0, RECV_END_T: 0.0 || DIST, DIST_START_T: 0.0, DIST_END_T: 0.0 || LOAD, LOAD_START_T: 1765414066.078227, LOAD_END_T: 1765414073.172392 || MSG_MTo, MSG_MTo_START_T: 0.0, MSG_MTo_END_T: 0.0
Loaded FEMNIST test split partition_id=43 with 330 samples
Wall-clock time: 1765414194.7302039 ||Test loss: 0.5611 || Test accuracy: 0.8152 || CPU time: 6.8518 || CPU utilization: 0.1098 || R#163's duration (s): 62.3953 || Cumulative runtime (s): 11691.0757 || Loading data delay (s): 6.7869 || Eval delay (s): 0.5052 || Agg delay (s): 0.0000 || Coordination delay (s): 0.0000 || DIST task delay: 0.0000 || RECV task delay: 0.0000 || Queueing delay: 0.0000 || MSG (from mid) Ave. delay: 0.0000 || Total cache delay: 0.0000 || Ave. cache delay: 0.0000
[R#163] CUMULATIVE_RUNTIME_SEC=11691.0757
Top Aggregator Timestamps: CACHE, CACHE_START_T: 0.0, CACHE_END_T: 0.0 || AGG, AGG_START_T: 0.0, AGG_END_T: 0.0 || EVAL, EVAL_START_T: 1765414194.224961, EVAL_END_T: 1765414194.7301784 || RECV, RECV_START_T: 0.0, RECV_END_T: 0.0 || DIST, DIST_START_T: 0.0, DIST_END_T: 0.0 || LOAD, LOAD_START_T: 1765414132.3383284, LOAD_END_T: 1765414139.1252189 || MSG_MTo, MSG_MTo_START_T: 0.0, MSG_MTo_END_T: 0.0
Loaded FEMNIST test split partition_id=9 with 377 samples
Wall-clock time: 1765414254.2694705 ||Test loss: 1.0595 || Test accuracy: 0.7082 || CPU time: 7.6952 || CPU utilization: 0.1292 || R#164's duration (s): 59.5393 || Cumulative runtime (s): 11750.6150 || Loading data delay (s): 6.1258 || Eval delay (s): 0.5667 || Agg delay (s): 0.0000 || Coordination delay (s): 0.0000 || DIST task delay: 0.0000 || RECV task delay: 0.0000 || Queueing delay: 0.0000 || MSG (from mid) Ave. delay: 0.0000 || Total cache delay: 0.0000 || Ave. cache delay: 0.0000
[R#164] CUMULATIVE_RUNTIME_SEC=11750.6150
Top Aggregator Timestamps: CACHE, CACHE_START_T: 0.0, CACHE_END_T: 0.0 || AGG, AGG_START_T: 0.0, AGG_END_T: 0.0 || EVAL, EVAL_START_T: 1765414253.7026978, EVAL_END_T: 1765414254.269446 || RECV, RECV_START_T: 0.0, RECV_END_T: 0.0 || DIST, DIST_START_T: 0.0, DIST_END_T: 0.0 || LOAD, LOAD_START_T: 1765414194.733459, LOAD_END_T: 1765414200.8592882 || MSG_MTo, MSG_MTo_START_T: 0.0, MSG_MTo_END_T: 0.0
Loaded FEMNIST test split partition_id=1 with 413 samples
Wall-clock time: 1765414315.2407842 ||Test loss: 0.4594 || Test accuracy: 0.8571 || CPU time: 7.9154 || CPU utilization: 0.1298 || R#165's duration (s): 60.9713 || Cumulative runtime (s): 11811.5863 || Loading data delay (s): 6.5223 || Eval delay (s): 0.6075 || Agg delay (s): 0.0000 || Coordination delay (s): 0.0000 || DIST task delay: 0.0000 || RECV task delay: 0.0000 || Queueing delay: 0.0000 || MSG (from mid) Ave. delay: 0.0000 || Total cache delay: 0.0000 || Ave. cache delay: 0.0000
[R#165] CUMULATIVE_RUNTIME_SEC=11811.5863
Top Aggregator Timestamps: CACHE, CACHE_START_T: 0.0, CACHE_END_T: 0.0 || AGG, AGG_START_T: 0.0, AGG_END_T: 0.0 || EVAL, EVAL_START_T: 1765414314.633253, EVAL_END_T: 1765414315.2407637 || RECV, RECV_START_T: 0.0, RECV_END_T: 0.0 || DIST, DIST_START_T: 0.0, DIST_END_T: 0.0 || LOAD, LOAD_START_T: 1765414254.2727556, LOAD_END_T: 1765414260.795069 || MSG_MTo, MSG_MTo_START_T: 0.0, MSG_MTo_END_T: 0.0
Loaded FEMNIST test split partition_id=66 with 428 samples
Wall-clock time: 1765414395.5269032 ||Test loss: 1.0912 || Test accuracy: 0.7079 || CPU time: 8.4811 || CPU utilization: 0.1056 || R#166's duration (s): 80.2861 || Cumulative runtime (s): 11891.8724 || Loading data delay (s): 6.2282 || Eval delay (s): 0.6275 || Agg delay (s): 0.0000 || Coordination delay (s): 0.0000 || DIST task delay: 0.0000 || RECV task delay: 0.0000 || Queueing delay: 0.0000 || MSG (from mid) Ave. delay: 0.0000 || Total cache delay: 0.0000 || Ave. cache delay: 0.0000
[R#166] CUMULATIVE_RUNTIME_SEC=11891.8724
Top Aggregator Timestamps: CACHE, CACHE_START_T: 0.0, CACHE_END_T: 0.0 || AGG, AGG_START_T: 0.0, AGG_END_T: 0.0 || EVAL, EVAL_START_T: 1765414394.899358, EVAL_END_T: 1765414395.5268788 || RECV, RECV_START_T: 0.0, RECV_END_T: 0.0 || DIST, DIST_START_T: 0.0, DIST_END_T: 0.0 || LOAD, LOAD_START_T: 1765414315.24413, LOAD_END_T: 1765414321.4723563 || MSG_MTo, MSG_MTo_START_T: 0.0, MSG_MTo_END_T: 0.0
Loaded FEMNIST test split partition_id=20 with 371 samples
Wall-clock time: 1765414485.3149772 ||Test loss: 0.4085 || Test accuracy: 0.8652 || CPU time: 7.9613 || CPU utilization: 0.0887 || R#167's duration (s): 89.7881 || Cumulative runtime (s): 11981.6605 || Loading data delay (s): 6.2583 || Eval delay (s): 0.5956 || Agg delay (s): 0.0000 || Coordination delay (s): 0.0000 || DIST task delay: 0.0000 || RECV task delay: 0.0000 || Queueing delay: 0.0000 || MSG (from mid) Ave. delay: 0.0000 || Total cache delay: 0.0000 || Ave. cache delay: 0.0000
[R#167] CUMULATIVE_RUNTIME_SEC=11981.6605
Top Aggregator Timestamps: CACHE, CACHE_START_T: 0.0, CACHE_END_T: 0.0 || AGG, AGG_START_T: 0.0, AGG_END_T: 0.0 || EVAL, EVAL_START_T: 1765414484.7193754, EVAL_END_T: 1765414485.3149562 || RECV, RECV_START_T: 0.0, RECV_END_T: 0.0 || DIST, DIST_START_T: 0.0, DIST_END_T: 0.0 || LOAD, LOAD_START_T: 1765414395.5299304, LOAD_END_T: 1765414401.7882352 || MSG_MTo, MSG_MTo_START_T: 0.0, MSG_MTo_END_T: 0.0
Loaded FEMNIST test split partition_id=63 with 413 samples
Wall-clock time: 1765414561.4300117 ||Test loss: 0.4110 || Test accuracy: 0.8741 || CPU time: 8.0964 || CPU utilization: 0.1064 || R#168's duration (s): 76.1150 || Cumulative runtime (s): 12057.7755 || Loading data delay (s): 6.7790 || Eval delay (s): 0.6052 || Agg delay (s): 0.0000 || Coordination delay (s): 0.0000 || DIST task delay: 0.0000 || RECV task delay: 0.0000 || Queueing delay: 0.0000 || MSG (from mid) Ave. delay: 0.0000 || Total cache delay: 0.0000 || Ave. cache delay: 0.0000
[R#168] CUMULATIVE_RUNTIME_SEC=12057.7755
Top Aggregator Timestamps: CACHE, CACHE_START_T: 0.0, CACHE_END_T: 0.0 || AGG, AGG_START_T: 0.0, AGG_END_T: 0.0 || EVAL, EVAL_START_T: 1765414560.82479, EVAL_END_T: 1765414561.429989 || RECV, RECV_START_T: 0.0, RECV_END_T: 0.0 || DIST, DIST_START_T: 0.0, DIST_END_T: 0.0 || LOAD, LOAD_START_T: 1765414485.318358, LOAD_END_T: 1765414492.0973625 || MSG_MTo, MSG_MTo_START_T: 0.0, MSG_MTo_END_T: 0.0
Loaded FEMNIST test split partition_id=14 with 378 samples
Wall-clock time: 1765414656.2628157 ||Test loss: 0.3250 || Test accuracy: 0.8836 || CPU time: 8.4011 || CPU utilization: 0.0886 || R#169's duration (s): 94.8328 || Cumulative runtime (s): 12152.6083 || Loading data delay (s): 6.3150 || Eval delay (s): 0.6285 || Agg delay (s): 0.0000 || Coordination delay (s): 0.0000 || DIST task delay: 0.0000 || RECV task delay: 0.0000 || Queueing delay: 0.0000 || MSG (from mid) Ave. delay: 0.0000 || Total cache delay: 0.0000 || Ave. cache delay: 0.0000
[R#169] CUMULATIVE_RUNTIME_SEC=12152.6083
Top Aggregator Timestamps: CACHE, CACHE_START_T: 0.0, CACHE_END_T: 0.0 || AGG, AGG_START_T: 0.0, AGG_END_T: 0.0 || EVAL, EVAL_START_T: 1765414655.6343215, EVAL_END_T: 1765414656.2627757 || RECV, RECV_START_T: 0.0, RECV_END_T: 0.0 || DIST, DIST_START_T: 0.0, DIST_END_T: 0.0 || LOAD, LOAD_START_T: 1765414561.4332986, LOAD_END_T: 1765414567.748259 || MSG_MTo, MSG_MTo_START_T: 0.0, MSG_MTo_END_T: 0.0
Loaded FEMNIST test split partition_id=21 with 292 samples
Wall-clock time: 1765414724.2981799 ||Test loss: 1.1256 || Test accuracy: 0.7295 || CPU time: 6.6259 || CPU utilization: 0.0974 || R#170's duration (s): 68.0354 || Cumulative runtime (s): 12220.6437 || Loading data delay (s): 14.5998 || Eval delay (s): 0.4784 || Agg delay (s): 0.0000 || Coordination delay (s): 0.0000 || DIST task delay: 0.0000 || RECV task delay: 0.0000 || Queueing delay: 0.0000 || MSG (from mid) Ave. delay: 0.0000 || Total cache delay: 0.0000 || Ave. cache delay: 0.0000
[R#170] CUMULATIVE_RUNTIME_SEC=12220.6437
Top Aggregator Timestamps: CACHE, CACHE_START_T: 0.0, CACHE_END_T: 0.0 || AGG, AGG_START_T: 0.0, AGG_END_T: 0.0 || EVAL, EVAL_START_T: 1765414723.8197796, EVAL_END_T: 1765414724.2981522 || RECV, RECV_START_T: 0.0, RECV_END_T: 0.0 || DIST, DIST_START_T: 0.0, DIST_END_T: 0.0 || LOAD, LOAD_START_T: 1765414656.2664192, LOAD_END_T: 1765414670.8662674 || MSG_MTo, MSG_MTo_START_T: 0.0, MSG_MTo_END_T: 0.0
Loaded FEMNIST test split partition_id=60 with 303 samples
Wall-clock time: 1765414801.3355682 ||Test loss: 0.5825 || Test accuracy: 0.7987 || CPU time: 6.5335 || CPU utilization: 0.0848 || R#171's duration (s): 77.0374 || Cumulative runtime (s): 12297.6811 || Loading data delay (s): 6.2077 || Eval delay (s): 0.4769 || Agg delay (s): 0.0000 || Coordination delay (s): 0.0000 || DIST task delay: 0.0000 || RECV task delay: 0.0000 || Queueing delay: 0.0000 || MSG (from mid) Ave. delay: 0.0000 || Total cache delay: 0.0000 || Ave. cache delay: 0.0000
[R#171] CUMULATIVE_RUNTIME_SEC=12297.6811
Top Aggregator Timestamps: CACHE, CACHE_START_T: 0.0, CACHE_END_T: 0.0 || AGG, AGG_START_T: 0.0, AGG_END_T: 0.0 || EVAL, EVAL_START_T: 1765414800.858672, EVAL_END_T: 1765414801.3355458 || RECV, RECV_START_T: 0.0, RECV_END_T: 0.0 || DIST, DIST_START_T: 0.0, DIST_END_T: 0.0 || LOAD, LOAD_START_T: 1765414724.3013043, LOAD_END_T: 1765414730.5089622 || MSG_MTo, MSG_MTo_START_T: 0.0, MSG_MTo_END_T: 0.0
Loaded FEMNIST test split partition_id=10 with 436 samples
Wall-clock time: 1765414868.5204308 ||Test loss: 0.4364 || Test accuracy: 0.8624 || CPU time: 9.3290 || CPU utilization: 0.1389 || R#172's duration (s): 67.1849 || Cumulative runtime (s): 12364.8659 || Loading data delay (s): 6.3582 || Eval delay (s): 0.6921 || Agg delay (s): 0.0000 || Coordination delay (s): 0.0000 || DIST task delay: 0.0000 || RECV task delay: 0.0000 || Queueing delay: 0.0000 || MSG (from mid) Ave. delay: 0.0000 || Total cache delay: 0.0000 || Ave. cache delay: 0.0000
[R#172] CUMULATIVE_RUNTIME_SEC=12364.8659
Top Aggregator Timestamps: CACHE, CACHE_START_T: 0.0, CACHE_END_T: 0.0 || AGG, AGG_START_T: 0.0, AGG_END_T: 0.0 || EVAL, EVAL_START_T: 1765414867.8282893, EVAL_END_T: 1765414868.5203955 || RECV, RECV_START_T: 0.0, RECV_END_T: 0.0 || DIST, DIST_START_T: 0.0, DIST_END_T: 0.0 || LOAD, LOAD_START_T: 1765414801.3388612, LOAD_END_T: 1765414807.6970634 || MSG_MTo, MSG_MTo_START_T: 0.0, MSG_MTo_END_T: 0.0
Loaded FEMNIST test split partition_id=15 with 370 samples
Wall-clock time: 1765414957.5842414 ||Test loss: 0.7483 || Test accuracy: 0.7622 || CPU time: 7.9660 || CPU utilization: 0.0894 || R#173's duration (s): 89.0638 || Cumulative runtime (s): 12453.9297 || Loading data delay (s): 6.7161 || Eval delay (s): 0.5866 || Agg delay (s): 0.0000 || Coordination delay (s): 0.0000 || DIST task delay: 0.0000 || RECV task delay: 0.0000 || Queueing delay: 0.0000 || MSG (from mid) Ave. delay: 0.0000 || Total cache delay: 0.0000 || Ave. cache delay: 0.0000
[R#173] CUMULATIVE_RUNTIME_SEC=12453.9297
Top Aggregator Timestamps: CACHE, CACHE_START_T: 0.0, CACHE_END_T: 0.0 || AGG, AGG_START_T: 0.0, AGG_END_T: 0.0 || EVAL, EVAL_START_T: 1765414956.9976482, EVAL_END_T: 1765414957.58421 || RECV, RECV_START_T: 0.0, RECV_END_T: 0.0 || DIST, DIST_START_T: 0.0, DIST_END_T: 0.0 || LOAD, LOAD_START_T: 1765414868.5238361, LOAD_END_T: 1765414875.2399302 || MSG_MTo, MSG_MTo_START_T: 0.0, MSG_MTo_END_T: 0.0
Loaded FEMNIST test split partition_id=14 with 378 samples
Wall-clock time: 1765415032.0621362 ||Test loss: 0.3425 || Test accuracy: 0.8757 || CPU time: 7.9914 || CPU utilization: 0.1073 || R#174's duration (s): 74.4779 || Cumulative runtime (s): 12528.4076 || Loading data delay (s): 6.3019 || Eval delay (s): 0.5860 || Agg delay (s): 0.0000 || Coordination delay (s): 0.0000 || DIST task delay: 0.0000 || RECV task delay: 0.0000 || Queueing delay: 0.0000 || MSG (from mid) Ave. delay: 0.0000 || Total cache delay: 0.0000 || Ave. cache delay: 0.0000
[R#174] CUMULATIVE_RUNTIME_SEC=12528.4076
Top Aggregator Timestamps: CACHE, CACHE_START_T: 0.0, CACHE_END_T: 0.0 || AGG, AGG_START_T: 0.0, AGG_END_T: 0.0 || EVAL, EVAL_START_T: 1765415031.4761503, EVAL_END_T: 1765415032.0621138 || RECV, RECV_START_T: 0.0, RECV_END_T: 0.0 || DIST, DIST_START_T: 0.0, DIST_END_T: 0.0 || LOAD, LOAD_START_T: 1765414957.587729, LOAD_END_T: 1765414963.889606 || MSG_MTo, MSG_MTo_START_T: 0.0, MSG_MTo_END_T: 0.0
Loaded FEMNIST test split partition_id=44 with 343 samples
Wall-clock time: 1765415115.3696265 ||Test loss: 0.8211 || Test accuracy: 0.7755 || CPU time: 7.3573 || CPU utilization: 0.0883 || R#175's duration (s): 83.3075 || Cumulative runtime (s): 12611.7151 || Loading data delay (s): 6.4660 || Eval delay (s): 0.5353 || Agg delay (s): 0.0000 || Coordination delay (s): 0.0000 || DIST task delay: 0.0000 || RECV task delay: 0.0000 || Queueing delay: 0.0000 || MSG (from mid) Ave. delay: 0.0000 || Total cache delay: 0.0000 || Ave. cache delay: 0.0000
[R#175] CUMULATIVE_RUNTIME_SEC=12611.7151
Top Aggregator Timestamps: CACHE, CACHE_START_T: 0.0, CACHE_END_T: 0.0 || AGG, AGG_START_T: 0.0, AGG_END_T: 0.0 || EVAL, EVAL_START_T: 1765415114.834332, EVAL_END_T: 1765415115.3695905 || RECV, RECV_START_T: 0.0, RECV_END_T: 0.0 || DIST, DIST_START_T: 0.0, DIST_END_T: 0.0 || LOAD, LOAD_START_T: 1765415032.0650954, LOAD_END_T: 1765415038.531069 || MSG_MTo, MSG_MTo_START_T: 0.0, MSG_MTo_END_T: 0.0
Loaded FEMNIST test split partition_id=8 with 418 samples
Wall-clock time: 1765415203.4542322 ||Test loss: 0.2199 || Test accuracy: 0.9211 || CPU time: 8.7159 || CPU utilization: 0.0989 || R#176's duration (s): 88.0846 || Cumulative runtime (s): 12699.7997 || Loading data delay (s): 6.1442 || Eval delay (s): 0.6364 || Agg delay (s): 0.0000 || Coordination delay (s): 0.0000 || DIST task delay: 0.0000 || RECV task delay: 0.0000 || Queueing delay: 0.0000 || MSG (from mid) Ave. delay: 0.0000 || Total cache delay: 0.0000 || Ave. cache delay: 0.0000
[R#176] CUMULATIVE_RUNTIME_SEC=12699.7997
Top Aggregator Timestamps: CACHE, CACHE_START_T: 0.0, CACHE_END_T: 0.0 || AGG, AGG_START_T: 0.0, AGG_END_T: 0.0 || EVAL, EVAL_START_T: 1765415202.8177977, EVAL_END_T: 1765415203.4542086 || RECV, RECV_START_T: 0.0, RECV_END_T: 0.0 || DIST, DIST_START_T: 0.0, DIST_END_T: 0.0 || LOAD, LOAD_START_T: 1765415115.3730934, LOAD_END_T: 1765415121.5172436 || MSG_MTo, MSG_MTo_START_T: 0.0, MSG_MTo_END_T: 0.0
Loaded FEMNIST test split partition_id=19 with 377 samples
Wall-clock time: 1765415263.7791991 ||Test loss: 0.6897 || Test accuracy: 0.7878 || CPU time: 7.8870 || CPU utilization: 0.1307 || R#177's duration (s): 60.3250 || Cumulative runtime (s): 12760.1247 || Loading data delay (s): 6.2773 || Eval delay (s): 0.5798 || Agg delay (s): 0.0000 || Coordination delay (s): 0.0000 || DIST task delay: 0.0000 || RECV task delay: 0.0000 || Queueing delay: 0.0000 || MSG (from mid) Ave. delay: 0.0000 || Total cache delay: 0.0000 || Ave. cache delay: 0.0000
[R#177] CUMULATIVE_RUNTIME_SEC=12760.1247
Top Aggregator Timestamps: CACHE, CACHE_START_T: 0.0, CACHE_END_T: 0.0 || AGG, AGG_START_T: 0.0, AGG_END_T: 0.0 || EVAL, EVAL_START_T: 1765415263.199318, EVAL_END_T: 1765415263.779165 || RECV, RECV_START_T: 0.0, RECV_END_T: 0.0 || DIST, DIST_START_T: 0.0, DIST_END_T: 0.0 || LOAD, LOAD_START_T: 1765415203.4571397, LOAD_END_T: 1765415209.7344542 || MSG_MTo, MSG_MTo_START_T: 0.0, MSG_MTo_END_T: 0.0
Loaded FEMNIST test split partition_id=64 with 355 samples
Wall-clock time: 1765415337.6112697 ||Test loss: 1.0575 || Test accuracy: 0.6873 || CPU time: 7.5696 || CPU utilization: 0.1025 || R#178's duration (s): 73.8321 || Cumulative runtime (s): 12833.9568 || Loading data delay (s): 6.7076 || Eval delay (s): 0.5480 || Agg delay (s): 0.0000 || Coordination delay (s): 0.0000 || DIST task delay: 0.0000 || RECV task delay: 0.0000 || Queueing delay: 0.0000 || MSG (from mid) Ave. delay: 0.0000 || Total cache delay: 0.0000 || Ave. cache delay: 0.0000
[R#178] CUMULATIVE_RUNTIME_SEC=12833.9568
Top Aggregator Timestamps: CACHE, CACHE_START_T: 0.0, CACHE_END_T: 0.0 || AGG, AGG_START_T: 0.0, AGG_END_T: 0.0 || EVAL, EVAL_START_T: 1765415337.063239, EVAL_END_T: 1765415337.6112504 || RECV, RECV_START_T: 0.0, RECV_END_T: 0.0 || DIST, DIST_START_T: 0.0, DIST_END_T: 0.0 || LOAD, LOAD_START_T: 1765415263.7826447, LOAD_END_T: 1765415270.4902344 || MSG_MTo, MSG_MTo_START_T: 0.0, MSG_MTo_END_T: 0.0
Loaded FEMNIST test split partition_id=34 with 376 samples
Wall-clock time: 1765415418.8387003 ||Test loss: 0.8091 || Test accuracy: 0.7420 || CPU time: 8.0112 || CPU utilization: 0.0986 || R#179's duration (s): 81.2274 || Cumulative runtime (s): 12915.1842 || Loading data delay (s): 6.1910 || Eval delay (s): 0.5796 || Agg delay (s): 0.0000 || Coordination delay (s): 0.0000 || DIST task delay: 0.0000 || RECV task delay: 0.0000 || Queueing delay: 0.0000 || MSG (from mid) Ave. delay: 0.0000 || Total cache delay: 0.0000 || Ave. cache delay: 0.0000
[R#179] CUMULATIVE_RUNTIME_SEC=12915.1842
Top Aggregator Timestamps: CACHE, CACHE_START_T: 0.0, CACHE_END_T: 0.0 || AGG, AGG_START_T: 0.0, AGG_END_T: 0.0 || EVAL, EVAL_START_T: 1765415418.259075, EVAL_END_T: 1765415418.8386805 || RECV, RECV_START_T: 0.0, RECV_END_T: 0.0 || DIST, DIST_START_T: 0.0, DIST_END_T: 0.0 || LOAD, LOAD_START_T: 1765415337.6142316, LOAD_END_T: 1765415343.8052647 || MSG_MTo, MSG_MTo_START_T: 0.0, MSG_MTo_END_T: 0.0
Loaded FEMNIST test split partition_id=64 with 355 samples
Wall-clock time: 1765415485.3848686 ||Test loss: 1.5683 || Test accuracy: 0.5662 || CPU time: 7.5280 || CPU utilization: 0.1131 || R#180's duration (s): 66.5462 || Cumulative runtime (s): 12981.7304 || Loading data delay (s): 6.2451 || Eval delay (s): 0.5475 || Agg delay (s): 0.0000 || Coordination delay (s): 0.0000 || DIST task delay: 0.0000 || RECV task delay: 0.0000 || Queueing delay: 0.0000 || MSG (from mid) Ave. delay: 0.0000 || Total cache delay: 0.0000 || Ave. cache delay: 0.0000
[R#180] CUMULATIVE_RUNTIME_SEC=12981.7304
Top Aggregator Timestamps: CACHE, CACHE_START_T: 0.0, CACHE_END_T: 0.0 || AGG, AGG_START_T: 0.0, AGG_END_T: 0.0 || EVAL, EVAL_START_T: 1765415484.8373117, EVAL_END_T: 1765415485.384842 || RECV, RECV_START_T: 0.0, RECV_END_T: 0.0 || DIST, DIST_START_T: 0.0, DIST_END_T: 0.0 || LOAD, LOAD_START_T: 1765415418.8422008, LOAD_END_T: 1765415425.0873318 || MSG_MTo, MSG_MTo_START_T: 0.0, MSG_MTo_END_T: 0.0
Loaded FEMNIST test split partition_id=19 with 377 samples
Wall-clock time: 1765415560.2776349 ||Test loss: 0.6244 || Test accuracy: 0.8117 || CPU time: 7.9195 || CPU utilization: 0.1057 || R#181's duration (s): 74.8928 || Cumulative runtime (s): 13056.6231 || Loading data delay (s): 6.3222 || Eval delay (s): 0.5750 || Agg delay (s): 0.0000 || Coordination delay (s): 0.0000 || DIST task delay: 0.0000 || RECV task delay: 0.0000 || Queueing delay: 0.0000 || MSG (from mid) Ave. delay: 0.0000 || Total cache delay: 0.0000 || Ave. cache delay: 0.0000
[R#181] CUMULATIVE_RUNTIME_SEC=13056.6231
Top Aggregator Timestamps: CACHE, CACHE_START_T: 0.0, CACHE_END_T: 0.0 || AGG, AGG_START_T: 0.0, AGG_END_T: 0.0 || EVAL, EVAL_START_T: 1765415559.702594, EVAL_END_T: 1765415560.2776124 || RECV, RECV_START_T: 0.0, RECV_END_T: 0.0 || DIST, DIST_START_T: 0.0, DIST_END_T: 0.0 || LOAD, LOAD_START_T: 1765415485.3879657, LOAD_END_T: 1765415491.710142 || MSG_MTo, MSG_MTo_START_T: 0.0, MSG_MTo_END_T: 0.0
Loaded FEMNIST test split partition_id=25 with 317 samples
Wall-clock time: 1765415624.2992003 ||Test loss: 0.5505 || Test accuracy: 0.8044 || CPU time: 7.1371 || CPU utilization: 0.1115 || R#182's duration (s): 64.0216 || Cumulative runtime (s): 13120.6447 || Loading data delay (s): 6.4942 || Eval delay (s): 0.5162 || Agg delay (s): 0.0000 || Coordination delay (s): 0.0000 || DIST task delay: 0.0000 || RECV task delay: 0.0000 || Queueing delay: 0.0000 || MSG (from mid) Ave. delay: 0.0000 || Total cache delay: 0.0000 || Ave. cache delay: 0.0000
[R#182] CUMULATIVE_RUNTIME_SEC=13120.6447
Top Aggregator Timestamps: CACHE, CACHE_START_T: 0.0, CACHE_END_T: 0.0 || AGG, AGG_START_T: 0.0, AGG_END_T: 0.0 || EVAL, EVAL_START_T: 1765415623.782944, EVAL_END_T: 1765415624.2991734 || RECV, RECV_START_T: 0.0, RECV_END_T: 0.0 || DIST, DIST_START_T: 0.0, DIST_END_T: 0.0 || LOAD, LOAD_START_T: 1765415560.2810361, LOAD_END_T: 1765415566.7752423 || MSG_MTo, MSG_MTo_START_T: 0.0, MSG_MTo_END_T: 0.0
Loaded FEMNIST test split partition_id=5 with 351 samples
Wall-clock time: 1765415695.1705687 ||Test loss: 0.9290 || Test accuracy: 0.7407 || CPU time: 7.6760 || CPU utilization: 0.1083 || R#183's duration (s): 70.8714 || Cumulative runtime (s): 13191.5161 || Loading data delay (s): 6.6235 || Eval delay (s): 0.5763 || Agg delay (s): 0.0000 || Coordination delay (s): 0.0000 || DIST task delay: 0.0000 || RECV task delay: 0.0000 || Queueing delay: 0.0000 || MSG (from mid) Ave. delay: 0.0000 || Total cache delay: 0.0000 || Ave. cache delay: 0.0000
[R#183] CUMULATIVE_RUNTIME_SEC=13191.5161
Top Aggregator Timestamps: CACHE, CACHE_START_T: 0.0, CACHE_END_T: 0.0 || AGG, AGG_START_T: 0.0, AGG_END_T: 0.0 || EVAL, EVAL_START_T: 1765415694.5941975, EVAL_END_T: 1765415695.170538 || RECV, RECV_START_T: 0.0, RECV_END_T: 0.0 || DIST, DIST_START_T: 0.0, DIST_END_T: 0.0 || LOAD, LOAD_START_T: 1765415624.302588, LOAD_END_T: 1765415630.9260852 || MSG_MTo, MSG_MTo_START_T: 0.0, MSG_MTo_END_T: 0.0
Loaded FEMNIST test split partition_id=46 with 430 samples
Wall-clock time: 1765415769.0287714 ||Test loss: 0.2867 || Test accuracy: 0.8930 || CPU time: 9.4810 || CPU utilization: 0.1284 || R#184's duration (s): 73.8582 || Cumulative runtime (s): 13265.3743 || Loading data delay (s): 6.7556 || Eval delay (s): 0.7237 || Agg delay (s): 0.0000 || Coordination delay (s): 0.0000 || DIST task delay: 0.0000 || RECV task delay: 0.0000 || Queueing delay: 0.0000 || MSG (from mid) Ave. delay: 0.0000 || Total cache delay: 0.0000 || Ave. cache delay: 0.0000
[R#184] CUMULATIVE_RUNTIME_SEC=13265.3743
Top Aggregator Timestamps: CACHE, CACHE_START_T: 0.0, CACHE_END_T: 0.0 || AGG, AGG_START_T: 0.0, AGG_END_T: 0.0 || EVAL, EVAL_START_T: 1765415768.3050444, EVAL_END_T: 1765415769.028738 || RECV, RECV_START_T: 0.0, RECV_END_T: 0.0 || DIST, DIST_START_T: 0.0, DIST_END_T: 0.0 || LOAD, LOAD_START_T: 1765415695.1740158, LOAD_END_T: 1765415701.9296105 || MSG_MTo, MSG_MTo_START_T: 0.0, MSG_MTo_END_T: 0.0
Loaded FEMNIST test split partition_id=47 with 395 samples
Wall-clock time: 1765415838.3940842 ||Test loss: 0.6491 || Test accuracy: 0.8177 || CPU time: 8.7386 || CPU utilization: 0.1260 || R#185's duration (s): 69.3653 || Cumulative runtime (s): 13334.7396 || Loading data delay (s): 7.1124 || Eval delay (s): 0.6590 || Agg delay (s): 0.0000 || Coordination delay (s): 0.0000 || DIST task delay: 0.0000 || RECV task delay: 0.0000 || Queueing delay: 0.0000 || MSG (from mid) Ave. delay: 0.0000 || Total cache delay: 0.0000 || Ave. cache delay: 0.0000
[R#185] CUMULATIVE_RUNTIME_SEC=13334.7396
Top Aggregator Timestamps: CACHE, CACHE_START_T: 0.0, CACHE_END_T: 0.0 || AGG, AGG_START_T: 0.0, AGG_END_T: 0.0 || EVAL, EVAL_START_T: 1765415837.7350073, EVAL_END_T: 1765415838.3940437 || RECV, RECV_START_T: 0.0, RECV_END_T: 0.0 || DIST, DIST_START_T: 0.0, DIST_END_T: 0.0 || LOAD, LOAD_START_T: 1765415769.0328057, LOAD_END_T: 1765415776.1452131 || MSG_MTo, MSG_MTo_START_T: 0.0, MSG_MTo_END_T: 0.0
Loaded FEMNIST test split partition_id=65 with 379 samples
Wall-clock time: 1765415922.1437585 ||Test loss: 0.3261 || Test accuracy: 0.8760 || CPU time: 8.1149 || CPU utilization: 0.0969 || R#186's duration (s): 83.7497 || Cumulative runtime (s): 13418.4892 || Loading data delay (s): 6.6461 || Eval delay (s): 0.6007 || Agg delay (s): 0.0000 || Coordination delay (s): 0.0000 || DIST task delay: 0.0000 || RECV task delay: 0.0000 || Queueing delay: 0.0000 || MSG (from mid) Ave. delay: 0.0000 || Total cache delay: 0.0000 || Ave. cache delay: 0.0000
[R#186] CUMULATIVE_RUNTIME_SEC=13418.4892
Top Aggregator Timestamps: CACHE, CACHE_START_T: 0.0, CACHE_END_T: 0.0 || AGG, AGG_START_T: 0.0, AGG_END_T: 0.0 || EVAL, EVAL_START_T: 1765415921.5430167, EVAL_END_T: 1765415922.1437354 || RECV, RECV_START_T: 0.0, RECV_END_T: 0.0 || DIST, DIST_START_T: 0.0, DIST_END_T: 0.0 || LOAD, LOAD_START_T: 1765415838.3978636, LOAD_END_T: 1765415845.0439618 || MSG_MTo, MSG_MTo_START_T: 0.0, MSG_MTo_END_T: 0.0
Loaded FEMNIST test split partition_id=13 with 329 samples
Wall-clock time: 1765415995.6793509 ||Test loss: 0.7722 || Test accuracy: 0.7660 || CPU time: 7.6274 || CPU utilization: 0.1037 || R#187's duration (s): 73.5356 || Cumulative runtime (s): 13492.0248 || Loading data delay (s): 7.1527 || Eval delay (s): 0.5666 || Agg delay (s): 0.0000 || Coordination delay (s): 0.0000 || DIST task delay: 0.0000 || RECV task delay: 0.0000 || Queueing delay: 0.0000 || MSG (from mid) Ave. delay: 0.0000 || Total cache delay: 0.0000 || Ave. cache delay: 0.0000
[R#187] CUMULATIVE_RUNTIME_SEC=13492.0248
Top Aggregator Timestamps: CACHE, CACHE_START_T: 0.0, CACHE_END_T: 0.0 || AGG, AGG_START_T: 0.0, AGG_END_T: 0.0 || EVAL, EVAL_START_T: 1765415995.1127238, EVAL_END_T: 1765415995.6793215 || RECV, RECV_START_T: 0.0, RECV_END_T: 0.0 || DIST, DIST_START_T: 0.0, DIST_END_T: 0.0 || LOAD, LOAD_START_T: 1765415922.147698, LOAD_END_T: 1765415929.3004475 || MSG_MTo, MSG_MTo_START_T: 0.0, MSG_MTo_END_T: 0.0
Loaded FEMNIST test split partition_id=55 with 373 samples
Wall-clock time: 1765416061.3751173 ||Test loss: 1.3522 || Test accuracy: 0.6327 || CPU time: 8.9868 || CPU utilization: 0.1368 || R#188's duration (s): 65.6958 || Cumulative runtime (s): 13557.7206 || Loading data delay (s): 7.9565 || Eval delay (s): 0.6756 || Agg delay (s): 0.0000 || Coordination delay (s): 0.0000 || DIST task delay: 0.0000 || RECV task delay: 0.0000 || Queueing delay: 0.0000 || MSG (from mid) Ave. delay: 0.0000 || Total cache delay: 0.0000 || Ave. cache delay: 0.0000
[R#188] CUMULATIVE_RUNTIME_SEC=13557.7206
Top Aggregator Timestamps: CACHE, CACHE_START_T: 0.0, CACHE_END_T: 0.0 || AGG, AGG_START_T: 0.0, AGG_END_T: 0.0 || EVAL, EVAL_START_T: 1765416060.6995046, EVAL_END_T: 1765416061.3750865 || RECV, RECV_START_T: 0.0, RECV_END_T: 0.0 || DIST, DIST_START_T: 0.0, DIST_END_T: 0.0 || LOAD, LOAD_START_T: 1765415995.6831808, LOAD_END_T: 1765416003.639721 || MSG_MTo, MSG_MTo_START_T: 0.0, MSG_MTo_END_T: 0.0
Loaded FEMNIST test split partition_id=36 with 384 samples
Wall-clock time: 1765416130.4253068 ||Test loss: 0.6740 || Test accuracy: 0.7943 || CPU time: 8.7450 || CPU utilization: 0.1266 || R#189's duration (s): 69.0502 || Cumulative runtime (s): 13626.7708 || Loading data delay (s): 6.5599 || Eval delay (s): 0.6629 || Agg delay (s): 0.0000 || Coordination delay (s): 0.0000 || DIST task delay: 0.0000 || RECV task delay: 0.0000 || Queueing delay: 0.0000 || MSG (from mid) Ave. delay: 0.0000 || Total cache delay: 0.0000 || Ave. cache delay: 0.0000
[R#189] CUMULATIVE_RUNTIME_SEC=13626.7708
Top Aggregator Timestamps: CACHE, CACHE_START_T: 0.0, CACHE_END_T: 0.0 || AGG, AGG_START_T: 0.0, AGG_END_T: 0.0 || EVAL, EVAL_START_T: 1765416129.7624192, EVAL_END_T: 1765416130.4252777 || RECV, RECV_START_T: 0.0, RECV_END_T: 0.0 || DIST, DIST_START_T: 0.0, DIST_END_T: 0.0 || LOAD, LOAD_START_T: 1765416061.379332, LOAD_END_T: 1765416067.9392743 || MSG_MTo, MSG_MTo_START_T: 0.0, MSG_MTo_END_T: 0.0
Loaded FEMNIST test split partition_id=49 with 393 samples
Wall-clock time: 1765416209.7728205 ||Test loss: 0.3564 || Test accuracy: 0.8728 || CPU time: 8.6181 || CPU utilization: 0.1086 || R#190's duration (s): 79.3475 || Cumulative runtime (s): 13706.1183 || Loading data delay (s): 7.9022 || Eval delay (s): 0.6558 || Agg delay (s): 0.0000 || Coordination delay (s): 0.0000 || DIST task delay: 0.0000 || RECV task delay: 0.0000 || Queueing delay: 0.0000 || MSG (from mid) Ave. delay: 0.0000 || Total cache delay: 0.0000 || Ave. cache delay: 0.0000
[R#190] CUMULATIVE_RUNTIME_SEC=13706.1183
Top Aggregator Timestamps: CACHE, CACHE_START_T: 0.0, CACHE_END_T: 0.0 || AGG, AGG_START_T: 0.0, AGG_END_T: 0.0 || EVAL, EVAL_START_T: 1765416209.1169734, EVAL_END_T: 1765416209.7727914 || RECV, RECV_START_T: 0.0, RECV_END_T: 0.0 || DIST, DIST_START_T: 0.0, DIST_END_T: 0.0 || LOAD, LOAD_START_T: 1765416130.428714, LOAD_END_T: 1765416138.3309207 || MSG_MTo, MSG_MTo_START_T: 0.0, MSG_MTo_END_T: 0.0
Loaded FEMNIST test split partition_id=35 with 416 samples
Wall-clock time: 1765416275.0031579 ||Test loss: 0.6417 || Test accuracy: 0.7668 || CPU time: 9.3608 || CPU utilization: 0.1435 || R#191's duration (s): 65.2303 || Cumulative runtime (s): 13771.3486 || Loading data delay (s): 7.0297 || Eval delay (s): 0.7071 || Agg delay (s): 0.0000 || Coordination delay (s): 0.0000 || DIST task delay: 0.0000 || RECV task delay: 0.0000 || Queueing delay: 0.0000 || MSG (from mid) Ave. delay: 0.0000 || Total cache delay: 0.0000 || Ave. cache delay: 0.0000
[R#191] CUMULATIVE_RUNTIME_SEC=13771.3486
Top Aggregator Timestamps: CACHE, CACHE_START_T: 0.0, CACHE_END_T: 0.0 || AGG, AGG_START_T: 0.0, AGG_END_T: 0.0 || EVAL, EVAL_START_T: 1765416274.2960148, EVAL_END_T: 1765416275.0031238 || RECV, RECV_START_T: 0.0, RECV_END_T: 0.0 || DIST, DIST_START_T: 0.0, DIST_END_T: 0.0 || LOAD, LOAD_START_T: 1765416209.7768426, LOAD_END_T: 1765416216.8065042 || MSG_MTo, MSG_MTo_START_T: 0.0, MSG_MTo_END_T: 0.0
Loaded FEMNIST test split partition_id=24 with 374 samples
Wall-clock time: 1765416369.5839877 ||Test loss: 0.5771 || Test accuracy: 0.8209 || CPU time: 8.4300 || CPU utilization: 0.0891 || R#192's duration (s): 94.5808 || Cumulative runtime (s): 13865.9295 || Loading data delay (s): 7.1842 || Eval delay (s): 0.6330 || Agg delay (s): 0.0000 || Coordination delay (s): 0.0000 || DIST task delay: 0.0000 || RECV task delay: 0.0000 || Queueing delay: 0.0000 || MSG (from mid) Ave. delay: 0.0000 || Total cache delay: 0.0000 || Ave. cache delay: 0.0000
[R#192] CUMULATIVE_RUNTIME_SEC=13865.9295
Top Aggregator Timestamps: CACHE, CACHE_START_T: 0.0, CACHE_END_T: 0.0 || AGG, AGG_START_T: 0.0, AGG_END_T: 0.0 || EVAL, EVAL_START_T: 1765416368.95095, EVAL_END_T: 1765416369.5839658 || RECV, RECV_START_T: 0.0, RECV_END_T: 0.0 || DIST, DIST_START_T: 0.0, DIST_END_T: 0.0 || LOAD, LOAD_START_T: 1765416275.006927, LOAD_END_T: 1765416282.1911607 || MSG_MTo, MSG_MTo_START_T: 0.0, MSG_MTo_END_T: 0.0
Loaded FEMNIST test split partition_id=65 with 379 samples
Wall-clock time: 1765416432.7799225 ||Test loss: 0.3348 || Test accuracy: 0.8813 || CPU time: 8.3175 || CPU utilization: 0.1316 || R#193's duration (s): 63.1959 || Cumulative runtime (s): 13929.1254 || Loading data delay (s): 7.3266 || Eval delay (s): 0.6262 || Agg delay (s): 0.0000 || Coordination delay (s): 0.0000 || DIST task delay: 0.0000 || RECV task delay: 0.0000 || Queueing delay: 0.0000 || MSG (from mid) Ave. delay: 0.0000 || Total cache delay: 0.0000 || Ave. cache delay: 0.0000
[R#193] CUMULATIVE_RUNTIME_SEC=13929.1254
Top Aggregator Timestamps: CACHE, CACHE_START_T: 0.0, CACHE_END_T: 0.0 || AGG, AGG_START_T: 0.0, AGG_END_T: 0.0 || EVAL, EVAL_START_T: 1765416432.1536672, EVAL_END_T: 1765416432.7798965 || RECV, RECV_START_T: 0.0, RECV_END_T: 0.0 || DIST, DIST_START_T: 0.0, DIST_END_T: 0.0 || LOAD, LOAD_START_T: 1765416369.5878518, LOAD_END_T: 1765416376.914413 || MSG_MTo, MSG_MTo_START_T: 0.0, MSG_MTo_END_T: 0.0
Loaded FEMNIST test split partition_id=66 with 428 samples
Wall-clock time: 1765416494.869131 ||Test loss: 0.9866 || Test accuracy: 0.7150 || CPU time: 9.1858 || CPU utilization: 0.1479 || R#194's duration (s): 62.0892 || Cumulative runtime (s): 13991.2146 || Loading data delay (s): 6.9684 || Eval delay (s): 0.6939 || Agg delay (s): 0.0000 || Coordination delay (s): 0.0000 || DIST task delay: 0.0000 || RECV task delay: 0.0000 || Queueing delay: 0.0000 || MSG (from mid) Ave. delay: 0.0000 || Total cache delay: 0.0000 || Ave. cache delay: 0.0000
[R#194] CUMULATIVE_RUNTIME_SEC=13991.2146
Top Aggregator Timestamps: CACHE, CACHE_START_T: 0.0, CACHE_END_T: 0.0 || AGG, AGG_START_T: 0.0, AGG_END_T: 0.0 || EVAL, EVAL_START_T: 1765416494.175238, EVAL_END_T: 1765416494.8691053 || RECV, RECV_START_T: 0.0, RECV_END_T: 0.0 || DIST, DIST_START_T: 0.0, DIST_END_T: 0.0 || LOAD, LOAD_START_T: 1765416432.7835467, LOAD_END_T: 1765416439.7519553 || MSG_MTo, MSG_MTo_START_T: 0.0, MSG_MTo_END_T: 0.0
Loaded FEMNIST test split partition_id=31 with 407 samples
Wall-clock time: 1765416553.9239798 ||Test loss: 0.6578 || Test accuracy: 0.8133 || CPU time: 8.4156 || CPU utilization: 0.1425 || R#195's duration (s): 59.0548 || Cumulative runtime (s): 14050.2695 || Loading data delay (s): 7.0141 || Eval delay (s): 0.6237 || Agg delay (s): 0.0000 || Coordination delay (s): 0.0000 || DIST task delay: 0.0000 || RECV task delay: 0.0000 || Queueing delay: 0.0000 || MSG (from mid) Ave. delay: 0.0000 || Total cache delay: 0.0000 || Ave. cache delay: 0.0000
[R#195] CUMULATIVE_RUNTIME_SEC=14050.2695
Top Aggregator Timestamps: CACHE, CACHE_START_T: 0.0, CACHE_END_T: 0.0 || AGG, AGG_START_T: 0.0, AGG_END_T: 0.0 || EVAL, EVAL_START_T: 1765416553.300305, EVAL_END_T: 1765416553.9239554 || RECV, RECV_START_T: 0.0, RECV_END_T: 0.0 || DIST, DIST_START_T: 0.0, DIST_END_T: 0.0 || LOAD, LOAD_START_T: 1765416494.8726091, LOAD_END_T: 1765416501.8866727 || MSG_MTo, MSG_MTo_START_T: 0.0, MSG_MTo_END_T: 0.0
Loaded FEMNIST test split partition_id=37 with 403 samples
Wall-clock time: 1765416635.8017607 ||Test loss: 0.6738 || Test accuracy: 0.8238 || CPU time: 8.4161 || CPU utilization: 0.1028 || R#196's duration (s): 81.8778 || Cumulative runtime (s): 14132.1472 || Loading data delay (s): 6.0895 || Eval delay (s): 0.6157 || Agg delay (s): 0.0000 || Coordination delay (s): 0.0000 || DIST task delay: 0.0000 || RECV task delay: 0.0000 || Queueing delay: 0.0000 || MSG (from mid) Ave. delay: 0.0000 || Total cache delay: 0.0000 || Ave. cache delay: 0.0000
[R#196] CUMULATIVE_RUNTIME_SEC=14132.1472
Top Aggregator Timestamps: CACHE, CACHE_START_T: 0.0, CACHE_END_T: 0.0 || AGG, AGG_START_T: 0.0, AGG_END_T: 0.0 || EVAL, EVAL_START_T: 1765416635.186081, EVAL_END_T: 1765416635.8017402 || RECV, RECV_START_T: 0.0, RECV_END_T: 0.0 || DIST, DIST_START_T: 0.0, DIST_END_T: 0.0 || LOAD, LOAD_START_T: 1765416553.927194, LOAD_END_T: 1765416560.0166717 || MSG_MTo, MSG_MTo_START_T: 0.0, MSG_MTo_END_T: 0.0
Loaded FEMNIST test split partition_id=65 with 379 samples
Wall-clock time: 1765416693.3995821 ||Test loss: 0.4159 || Test accuracy: 0.8839 || CPU time: 7.8393 || CPU utilization: 0.1361 || R#197's duration (s): 57.5978 || Cumulative runtime (s): 14189.7451 || Loading data delay (s): 6.2998 || Eval delay (s): 0.5777 || Agg delay (s): 0.0000 || Coordination delay (s): 0.0000 || DIST task delay: 0.0000 || RECV task delay: 0.0000 || Queueing delay: 0.0000 || MSG (from mid) Ave. delay: 0.0000 || Total cache delay: 0.0000 || Ave. cache delay: 0.0000
[R#197] CUMULATIVE_RUNTIME_SEC=14189.7451
Top Aggregator Timestamps: CACHE, CACHE_START_T: 0.0, CACHE_END_T: 0.0 || AGG, AGG_START_T: 0.0, AGG_END_T: 0.0 || EVAL, EVAL_START_T: 1765416692.8218942, EVAL_END_T: 1765416693.399568 || RECV, RECV_START_T: 0.0, RECV_END_T: 0.0 || DIST, DIST_START_T: 0.0, DIST_END_T: 0.0 || LOAD, LOAD_START_T: 1765416635.805019, LOAD_END_T: 1765416642.1048288 || MSG_MTo, MSG_MTo_START_T: 0.0, MSG_MTo_END_T: 0.0
Loaded FEMNIST test split partition_id=5 with 351 samples
Wall-clock time: 1765416756.2490644 ||Test loss: 0.9000 || Test accuracy: 0.7692 || CPU time: 7.3287 || CPU utilization: 0.1166 || R#198's duration (s): 62.8495 || Cumulative runtime (s): 14252.5946 || Loading data delay (s): 7.4947 || Eval delay (s): 0.5437 || Agg delay (s): 0.0000 || Coordination delay (s): 0.0000 || DIST task delay: 0.0000 || RECV task delay: 0.0000 || Queueing delay: 0.0000 || MSG (from mid) Ave. delay: 0.0000 || Total cache delay: 0.0000 || Ave. cache delay: 0.0000
[R#198] CUMULATIVE_RUNTIME_SEC=14252.5946
Top Aggregator Timestamps: CACHE, CACHE_START_T: 0.0, CACHE_END_T: 0.0 || AGG, AGG_START_T: 0.0, AGG_END_T: 0.0 || EVAL, EVAL_START_T: 1765416755.705342, EVAL_END_T: 1765416756.2490404 || RECV, RECV_START_T: 0.0, RECV_END_T: 0.0 || DIST, DIST_START_T: 0.0, DIST_END_T: 0.0 || LOAD, LOAD_START_T: 1765416693.4028528, LOAD_END_T: 1765416700.8975775 || MSG_MTo, MSG_MTo_START_T: 0.0, MSG_MTo_END_T: 0.0
Loaded FEMNIST test split partition_id=36 with 384 samples
Wall-clock time: 1765416835.6575537 ||Test loss: 0.6877 || Test accuracy: 0.8151 || CPU time: 8.2504 || CPU utilization: 0.1039 || R#199's duration (s): 79.4085 || Cumulative runtime (s): 14332.0030 || Loading data delay (s): 7.1277 || Eval delay (s): 0.6008 || Agg delay (s): 0.0000 || Coordination delay (s): 0.0000 || DIST task delay: 0.0000 || RECV task delay: 0.0000 || Queueing delay: 0.0000 || MSG (from mid) Ave. delay: 0.0000 || Total cache delay: 0.0000 || Ave. cache delay: 0.0000
[R#199] CUMULATIVE_RUNTIME_SEC=14332.0030
Top Aggregator Timestamps: CACHE, CACHE_START_T: 0.0, CACHE_END_T: 0.0 || AGG, AGG_START_T: 0.0, AGG_END_T: 0.0 || EVAL, EVAL_START_T: 1765416835.0567412, EVAL_END_T: 1765416835.657526 || RECV, RECV_START_T: 0.0, RECV_END_T: 0.0 || DIST, DIST_START_T: 0.0, DIST_END_T: 0.0 || LOAD, LOAD_START_T: 1765416756.2523727, LOAD_END_T: 1765416763.3801134 || MSG_MTo, MSG_MTo_START_T: 0.0, MSG_MTo_END_T: 0.0
Loaded FEMNIST test split partition_id=67 with 253 samples
Wall-clock time: 1765416916.1268184 ||Test loss: 1.1960 || Test accuracy: 0.6719 || CPU time: 5.4213 || CPU utilization: 0.0674 || R#200's duration (s): 80.4693 || Cumulative runtime (s): 14412.4723 || Loading data delay (s): 6.4778 || Eval delay (s): 0.3918 || Agg delay (s): 0.0000 || Coordination delay (s): 0.0000 || DIST task delay: 0.0000 || RECV task delay: 0.0000 || Queueing delay: 0.0000 || MSG (from mid) Ave. delay: 0.0000 || Total cache delay: 0.0000 || Ave. cache delay: 0.0000
[R#200] CUMULATIVE_RUNTIME_SEC=14412.4723
Top Aggregator Timestamps: CACHE, CACHE_START_T: 0.0, CACHE_END_T: 0.0 || AGG, AGG_START_T: 0.0, AGG_END_T: 0.0 || EVAL, EVAL_START_T: 1765416915.735008, EVAL_END_T: 1765416916.1267982 || RECV, RECV_START_T: 0.0, RECV_END_T: 0.0 || DIST, DIST_START_T: 0.0, DIST_END_T: 0.0 || LOAD, LOAD_START_T: 1765416835.6610796, LOAD_END_T: 1765416842.1389046 || MSG_MTo, MSG_MTo_START_T: 0.0, MSG_MTo_END_T: 0.0
Loaded FEMNIST test split partition_id=41 with 358 samples
Wall-clock time: 1765416999.4990792 ||Test loss: 0.8108 || Test accuracy: 0.7430 || CPU time: 7.1773 || CPU utilization: 0.0861 || R#201's duration (s): 83.3723 || Cumulative runtime (s): 14495.8446 || Loading data delay (s): 6.1466 || Eval delay (s): 0.5295 || Agg delay (s): 0.0000 || Coordination delay (s): 0.0000 || DIST task delay: 0.0000 || RECV task delay: 0.0000 || Queueing delay: 0.0000 || MSG (from mid) Ave. delay: 0.0000 || Total cache delay: 0.0000 || Ave. cache delay: 0.0000
[R#201] CUMULATIVE_RUNTIME_SEC=14495.8446
Top Aggregator Timestamps: CACHE, CACHE_START_T: 0.0, CACHE_END_T: 0.0 || AGG, AGG_START_T: 0.0, AGG_END_T: 0.0 || EVAL, EVAL_START_T: 1765416998.9695737, EVAL_END_T: 1765416999.4990556 || RECV, RECV_START_T: 0.0, RECV_END_T: 0.0 || DIST, DIST_START_T: 0.0, DIST_END_T: 0.0 || LOAD, LOAD_START_T: 1765416916.1297853, LOAD_END_T: 1765416922.2763803 || MSG_MTo, MSG_MTo_START_T: 0.0, MSG_MTo_END_T: 0.0
Loaded FEMNIST test split partition_id=54 with 428 samples
Wall-clock time: 1765417076.5435226 ||Test loss: 0.3352 || Test accuracy: 0.8995 || CPU time: 8.5102 || CPU utilization: 0.1105 || R#202's duration (s): 77.0444 || Cumulative runtime (s): 14572.8890 || Loading data delay (s): 6.3400 || Eval delay (s): 0.6321 || Agg delay (s): 0.0000 || Coordination delay (s): 0.0000 || DIST task delay: 0.0000 || RECV task delay: 0.0000 || Queueing delay: 0.0000 || MSG (from mid) Ave. delay: 0.0000 || Total cache delay: 0.0000 || Ave. cache delay: 0.0000
[R#202] CUMULATIVE_RUNTIME_SEC=14572.8890
Top Aggregator Timestamps: CACHE, CACHE_START_T: 0.0, CACHE_END_T: 0.0 || AGG, AGG_START_T: 0.0, AGG_END_T: 0.0 || EVAL, EVAL_START_T: 1765417075.9114203, EVAL_END_T: 1765417076.543502 || RECV, RECV_START_T: 0.0, RECV_END_T: 0.0 || DIST, DIST_START_T: 0.0, DIST_END_T: 0.0 || LOAD, LOAD_START_T: 1765416999.5025005, LOAD_END_T: 1765417005.8425026 || MSG_MTo, MSG_MTo_START_T: 0.0, MSG_MTo_END_T: 0.0
Loaded FEMNIST test split partition_id=65 with 379 samples
Wall-clock time: 1765417150.4371104 ||Test loss: 0.2859 || Test accuracy: 0.9077 || CPU time: 7.9410 || CPU utilization: 0.1075 || R#203's duration (s): 73.8936 || Cumulative runtime (s): 14646.7826 || Loading data delay (s): 6.6330 || Eval delay (s): 0.5840 || Agg delay (s): 0.0000 || Coordination delay (s): 0.0000 || DIST task delay: 0.0000 || RECV task delay: 0.0000 || Queueing delay: 0.0000 || MSG (from mid) Ave. delay: 0.0000 || Total cache delay: 0.0000 || Ave. cache delay: 0.0000
[R#203] CUMULATIVE_RUNTIME_SEC=14646.7826
Top Aggregator Timestamps: CACHE, CACHE_START_T: 0.0, CACHE_END_T: 0.0 || AGG, AGG_START_T: 0.0, AGG_END_T: 0.0 || EVAL, EVAL_START_T: 1765417149.8531063, EVAL_END_T: 1765417150.4370904 || RECV, RECV_START_T: 0.0, RECV_END_T: 0.0 || DIST, DIST_START_T: 0.0, DIST_END_T: 0.0 || LOAD, LOAD_START_T: 1765417076.5468814, LOAD_END_T: 1765417083.1799283 || MSG_MTo, MSG_MTo_START_T: 0.0, MSG_MTo_END_T: 0.0
Loaded FEMNIST test split partition_id=51 with 396 samples
Wall-clock time: 1765417229.7126763 ||Test loss: 0.4403 || Test accuracy: 0.8586 || CPU time: 8.1768 || CPU utilization: 0.1031 || R#204's duration (s): 79.2756 || Cumulative runtime (s): 14726.0582 || Loading data delay (s): 6.2386 || Eval delay (s): 0.6024 || Agg delay (s): 0.0000 || Coordination delay (s): 0.0000 || DIST task delay: 0.0000 || RECV task delay: 0.0000 || Queueing delay: 0.0000 || MSG (from mid) Ave. delay: 0.0000 || Total cache delay: 0.0000 || Ave. cache delay: 0.0000
[R#204] CUMULATIVE_RUNTIME_SEC=14726.0582
Top Aggregator Timestamps: CACHE, CACHE_START_T: 0.0, CACHE_END_T: 0.0 || AGG, AGG_START_T: 0.0, AGG_END_T: 0.0 || EVAL, EVAL_START_T: 1765417229.110295, EVAL_END_T: 1765417229.7126567 || RECV, RECV_START_T: 0.0, RECV_END_T: 0.0 || DIST, DIST_START_T: 0.0, DIST_END_T: 0.0 || LOAD, LOAD_START_T: 1765417150.4404705, LOAD_END_T: 1765417156.6791065 || MSG_MTo, MSG_MTo_START_T: 0.0, MSG_MTo_END_T: 0.0
Loaded FEMNIST test split partition_id=63 with 413 samples
Wall-clock time: 1765417290.5101454 ||Test loss: 0.4592 || Test accuracy: 0.8571 || CPU time: 8.8565 || CPU utilization: 0.1457 || R#205's duration (s): 60.7975 || Cumulative runtime (s): 14786.8556 || Loading data delay (s): 6.3792 || Eval delay (s): 0.6678 || Agg delay (s): 0.0000 || Coordination delay (s): 0.0000 || DIST task delay: 0.0000 || RECV task delay: 0.0000 || Queueing delay: 0.0000 || MSG (from mid) Ave. delay: 0.0000 || Total cache delay: 0.0000 || Ave. cache delay: 0.0000
[R#205] CUMULATIVE_RUNTIME_SEC=14786.8556
Top Aggregator Timestamps: CACHE, CACHE_START_T: 0.0, CACHE_END_T: 0.0 || AGG, AGG_START_T: 0.0, AGG_END_T: 0.0 || EVAL, EVAL_START_T: 1765417289.84229, EVAL_END_T: 1765417290.5101297 || RECV, RECV_START_T: 0.0, RECV_END_T: 0.0 || DIST, DIST_START_T: 0.0, DIST_END_T: 0.0 || LOAD, LOAD_START_T: 1765417229.7159965, LOAD_END_T: 1765417236.095159 || MSG_MTo, MSG_MTo_START_T: 0.0, MSG_MTo_END_T: 0.0
Loaded FEMNIST test split partition_id=21 with 292 samples
Wall-clock time: 1765417376.2056086 ||Test loss: 1.1660 || Test accuracy: 0.7466 || CPU time: 6.6788 || CPU utilization: 0.0779 || R#206's duration (s): 85.6955 || Cumulative runtime (s): 14872.5511 || Loading data delay (s): 7.0129 || Eval delay (s): 0.4870 || Agg delay (s): 0.0000 || Coordination delay (s): 0.0000 || DIST task delay: 0.0000 || RECV task delay: 0.0000 || Queueing delay: 0.0000 || MSG (from mid) Ave. delay: 0.0000 || Total cache delay: 0.0000 || Ave. cache delay: 0.0000
[R#206] CUMULATIVE_RUNTIME_SEC=14872.5511
Top Aggregator Timestamps: CACHE, CACHE_START_T: 0.0, CACHE_END_T: 0.0 || AGG, AGG_START_T: 0.0, AGG_END_T: 0.0 || EVAL, EVAL_START_T: 1765417375.7185934, EVAL_END_T: 1765417376.2055833 || RECV, RECV_START_T: 0.0, RECV_END_T: 0.0 || DIST, DIST_START_T: 0.0, DIST_END_T: 0.0 || LOAD, LOAD_START_T: 1765417290.5138729, LOAD_END_T: 1765417297.5268002 || MSG_MTo, MSG_MTo_START_T: 0.0, MSG_MTo_END_T: 0.0
Loaded FEMNIST test split partition_id=8 with 418 samples
Wall-clock time: 1765417447.233523 ||Test loss: 0.2028 || Test accuracy: 0.9306 || CPU time: 8.9424 || CPU utilization: 0.1259 || R#207's duration (s): 71.0279 || Cumulative runtime (s): 14943.5790 || Loading data delay (s): 6.3102 || Eval delay (s): 0.6547 || Agg delay (s): 0.0000 || Coordination delay (s): 0.0000 || DIST task delay: 0.0000 || RECV task delay: 0.0000 || Queueing delay: 0.0000 || MSG (from mid) Ave. delay: 0.0000 || Total cache delay: 0.0000 || Ave. cache delay: 0.0000
[R#207] CUMULATIVE_RUNTIME_SEC=14943.5790
Top Aggregator Timestamps: CACHE, CACHE_START_T: 0.0, CACHE_END_T: 0.0 || AGG, AGG_START_T: 0.0, AGG_END_T: 0.0 || EVAL, EVAL_START_T: 1765417446.5787625, EVAL_END_T: 1765417447.233495 || RECV, RECV_START_T: 0.0, RECV_END_T: 0.0 || DIST, DIST_START_T: 0.0, DIST_END_T: 0.0 || LOAD, LOAD_START_T: 1765417376.2091486, LOAD_END_T: 1765417382.5193515 || MSG_MTo, MSG_MTo_START_T: 0.0, MSG_MTo_END_T: 0.0
Loaded FEMNIST test split partition_id=40 with 375 samples
Wall-clock time: 1765417530.9272506 ||Test loss: 0.6394 || Test accuracy: 0.8080 || CPU time: 8.0137 || CPU utilization: 0.0958 || R#208's duration (s): 83.6937 || Cumulative runtime (s): 15027.2727 || Loading data delay (s): 6.6305 || Eval delay (s): 0.5891 || Agg delay (s): 0.0000 || Coordination delay (s): 0.0000 || DIST task delay: 0.0000 || RECV task delay: 0.0000 || Queueing delay: 0.0000 || MSG (from mid) Ave. delay: 0.0000 || Total cache delay: 0.0000 || Ave. cache delay: 0.0000
[R#208] CUMULATIVE_RUNTIME_SEC=15027.2727
Top Aggregator Timestamps: CACHE, CACHE_START_T: 0.0, CACHE_END_T: 0.0 || AGG, AGG_START_T: 0.0, AGG_END_T: 0.0 || EVAL, EVAL_START_T: 1765417530.3381345, EVAL_END_T: 1765417530.927225 || RECV, RECV_START_T: 0.0, RECV_END_T: 0.0 || DIST, DIST_START_T: 0.0, DIST_END_T: 0.0 || LOAD, LOAD_START_T: 1765417447.2369647, LOAD_END_T: 1765417453.8675117 || MSG_MTo, MSG_MTo_START_T: 0.0, MSG_MTo_END_T: 0.0
Loaded FEMNIST test split partition_id=45 with 327 samples
Wall-clock time: 1765417611.7220898 ||Test loss: 1.1561 || Test accuracy: 0.6606 || CPU time: 7.1927 || CPU utilization: 0.0890 || R#209's duration (s): 80.7948 || Cumulative runtime (s): 15108.0676 || Loading data delay (s): 6.4004 || Eval delay (s): 0.5212 || Agg delay (s): 0.0000 || Coordination delay (s): 0.0000 || DIST task delay: 0.0000 || RECV task delay: 0.0000 || Queueing delay: 0.0000 || MSG (from mid) Ave. delay: 0.0000 || Total cache delay: 0.0000 || Ave. cache delay: 0.0000
[R#209] CUMULATIVE_RUNTIME_SEC=15108.0676
Top Aggregator Timestamps: CACHE, CACHE_START_T: 0.0, CACHE_END_T: 0.0 || AGG, AGG_START_T: 0.0, AGG_END_T: 0.0 || EVAL, EVAL_START_T: 1765417611.2008815, EVAL_END_T: 1765417611.7220695 || RECV, RECV_START_T: 0.0, RECV_END_T: 0.0 || DIST, DIST_START_T: 0.0, DIST_END_T: 0.0 || LOAD, LOAD_START_T: 1765417530.9307475, LOAD_END_T: 1765417537.3311338 || MSG_MTo, MSG_MTo_START_T: 0.0, MSG_MTo_END_T: 0.0
Loaded FEMNIST test split partition_id=51 with 396 samples
Wall-clock time: 1765417698.9344823 ||Test loss: 0.4006 || Test accuracy: 0.8813 || CPU time: 8.4096 || CPU utilization: 0.0964 || R#210's duration (s): 87.2124 || Cumulative runtime (s): 15195.2800 || Loading data delay (s): 6.4374 || Eval delay (s): 0.6192 || Agg delay (s): 0.0000 || Coordination delay (s): 0.0000 || DIST task delay: 0.0000 || RECV task delay: 0.0000 || Queueing delay: 0.0000 || MSG (from mid) Ave. delay: 0.0000 || Total cache delay: 0.0000 || Ave. cache delay: 0.0000
[R#210] CUMULATIVE_RUNTIME_SEC=15195.2800
Top Aggregator Timestamps: CACHE, CACHE_START_T: 0.0, CACHE_END_T: 0.0 || AGG, AGG_START_T: 0.0, AGG_END_T: 0.0 || EVAL, EVAL_START_T: 1765417698.3152761, EVAL_END_T: 1765417698.934457 || RECV, RECV_START_T: 0.0, RECV_END_T: 0.0 || DIST, DIST_START_T: 0.0, DIST_END_T: 0.0 || LOAD, LOAD_START_T: 1765417611.7256105, LOAD_END_T: 1765417618.1630242 || MSG_MTo, MSG_MTo_START_T: 0.0, MSG_MTo_END_T: 0.0
Loaded FEMNIST test split partition_id=7 with 375 samples
Wall-clock time: 1765417755.7723942 ||Test loss: 0.9652 || Test accuracy: 0.7120 || CPU time: 7.8915 || CPU utilization: 0.1388 || R#211's duration (s): 56.8379 || Cumulative runtime (s): 15252.1179 || Loading data delay (s): 6.2894 || Eval delay (s): 0.5881 || Agg delay (s): 0.0000 || Coordination delay (s): 0.0000 || DIST task delay: 0.0000 || RECV task delay: 0.0000 || Queueing delay: 0.0000 || MSG (from mid) Ave. delay: 0.0000 || Total cache delay: 0.0000 || Ave. cache delay: 0.0000
[R#211] CUMULATIVE_RUNTIME_SEC=15252.1179
Top Aggregator Timestamps: CACHE, CACHE_START_T: 0.0, CACHE_END_T: 0.0 || AGG, AGG_START_T: 0.0, AGG_END_T: 0.0 || EVAL, EVAL_START_T: 1765417755.184258, EVAL_END_T: 1765417755.7723684 || RECV, RECV_START_T: 0.0, RECV_END_T: 0.0 || DIST, DIST_START_T: 0.0, DIST_END_T: 0.0 || LOAD, LOAD_START_T: 1765417698.9379725, LOAD_END_T: 1765417705.2273812 || MSG_MTo, MSG_MTo_START_T: 0.0, MSG_MTo_END_T: 0.0
Loaded FEMNIST test split partition_id=54 with 428 samples
Wall-clock time: 1765417830.6772225 ||Test loss: 0.2792 || Test accuracy: 0.9206 || CPU time: 9.0369 || CPU utilization: 0.1206 || R#212's duration (s): 74.9048 || Cumulative runtime (s): 15327.0227 || Loading data delay (s): 6.4583 || Eval delay (s): 0.6665 || Agg delay (s): 0.0000 || Coordination delay (s): 0.0000 || DIST task delay: 0.0000 || RECV task delay: 0.0000 || Queueing delay: 0.0000 || MSG (from mid) Ave. delay: 0.0000 || Total cache delay: 0.0000 || Ave. cache delay: 0.0000
[R#212] CUMULATIVE_RUNTIME_SEC=15327.0227
Top Aggregator Timestamps: CACHE, CACHE_START_T: 0.0, CACHE_END_T: 0.0 || AGG, AGG_START_T: 0.0, AGG_END_T: 0.0 || EVAL, EVAL_START_T: 1765417830.0106955, EVAL_END_T: 1765417830.6772003 || RECV, RECV_START_T: 0.0, RECV_END_T: 0.0 || DIST, DIST_START_T: 0.0, DIST_END_T: 0.0 || LOAD, LOAD_START_T: 1765417755.7756836, LOAD_END_T: 1765417762.2340033 || MSG_MTo, MSG_MTo_START_T: 0.0, MSG_MTo_END_T: 0.0
Loaded FEMNIST test split partition_id=10 with 436 samples
Wall-clock time: 1765417899.5447652 ||Test loss: 0.4590 || Test accuracy: 0.8578 || CPU time: 9.5569 || CPU utilization: 0.1388 || R#213's duration (s): 68.8675 || Cumulative runtime (s): 15395.8903 || Loading data delay (s): 6.6915 || Eval delay (s): 0.7073 || Agg delay (s): 0.0000 || Coordination delay (s): 0.0000 || DIST task delay: 0.0000 || RECV task delay: 0.0000 || Queueing delay: 0.0000 || MSG (from mid) Ave. delay: 0.0000 || Total cache delay: 0.0000 || Ave. cache delay: 0.0000
[R#213] CUMULATIVE_RUNTIME_SEC=15395.8903
Top Aggregator Timestamps: CACHE, CACHE_START_T: 0.0, CACHE_END_T: 0.0 || AGG, AGG_START_T: 0.0, AGG_END_T: 0.0 || EVAL, EVAL_START_T: 1765417898.837476, EVAL_END_T: 1765417899.5447435 || RECV, RECV_START_T: 0.0, RECV_END_T: 0.0 || DIST, DIST_START_T: 0.0, DIST_END_T: 0.0 || LOAD, LOAD_START_T: 1765417830.6806283, LOAD_END_T: 1765417837.372146 || MSG_MTo, MSG_MTo_START_T: 0.0, MSG_MTo_END_T: 0.0
Loaded FEMNIST test split partition_id=62 with 390 samples
Wall-clock time: 1765417967.9541185 ||Test loss: 0.6420 || Test accuracy: 0.7949 || CPU time: 8.5170 || CPU utilization: 0.1245 || R#214's duration (s): 68.4094 || Cumulative runtime (s): 15464.2996 || Loading data delay (s): 6.2635 || Eval delay (s): 0.6264 || Agg delay (s): 0.0000 || Coordination delay (s): 0.0000 || DIST task delay: 0.0000 || RECV task delay: 0.0000 || Queueing delay: 0.0000 || MSG (from mid) Ave. delay: 0.0000 || Total cache delay: 0.0000 || Ave. cache delay: 0.0000
[R#214] CUMULATIVE_RUNTIME_SEC=15464.2996
Top Aggregator Timestamps: CACHE, CACHE_START_T: 0.0, CACHE_END_T: 0.0 || AGG, AGG_START_T: 0.0, AGG_END_T: 0.0 || EVAL, EVAL_START_T: 1765417967.327692, EVAL_END_T: 1765417967.9540963 || RECV, RECV_START_T: 0.0, RECV_END_T: 0.0 || DIST, DIST_START_T: 0.0, DIST_END_T: 0.0 || LOAD, LOAD_START_T: 1765417899.5482666, LOAD_END_T: 1765417905.8117435 || MSG_MTo, MSG_MTo_START_T: 0.0, MSG_MTo_END_T: 0.0
Loaded FEMNIST test split partition_id=4 with 315 samples
Wall-clock time: 1765418028.6183586 ||Test loss: 0.7868 || Test accuracy: 0.7841 || CPU time: 6.7168 || CPU utilization: 0.1107 || R#215's duration (s): 60.6642 || Cumulative runtime (s): 15524.9638 || Loading data delay (s): 6.6253 || Eval delay (s): 0.4891 || Agg delay (s): 0.0000 || Coordination delay (s): 0.0000 || DIST task delay: 0.0000 || RECV task delay: 0.0000 || Queueing delay: 0.0000 || MSG (from mid) Ave. delay: 0.0000 || Total cache delay: 0.0000 || Ave. cache delay: 0.0000
[R#215] CUMULATIVE_RUNTIME_SEC=15524.9638
Top Aggregator Timestamps: CACHE, CACHE_START_T: 0.0, CACHE_END_T: 0.0 || AGG, AGG_START_T: 0.0, AGG_END_T: 0.0 || EVAL, EVAL_START_T: 1765418028.1292703, EVAL_END_T: 1765418028.6183393 || RECV, RECV_START_T: 0.0, RECV_END_T: 0.0 || DIST, DIST_START_T: 0.0, DIST_END_T: 0.0 || LOAD, LOAD_START_T: 1765417967.9576979, LOAD_END_T: 1765417974.5829806 || MSG_MTo, MSG_MTo_START_T: 0.0, MSG_MTo_END_T: 0.0
Loaded FEMNIST test split partition_id=26 with 363 samples
Wall-clock time: 1765418089.546572 ||Test loss: 0.5333 || Test accuracy: 0.8209 || CPU time: 8.1349 || CPU utilization: 0.1335 || R#216's duration (s): 60.9282 || Cumulative runtime (s): 15585.8921 || Loading data delay (s): 6.2252 || Eval delay (s): 0.5903 || Agg delay (s): 0.0000 || Coordination delay (s): 0.0000 || DIST task delay: 0.0000 || RECV task delay: 0.0000 || Queueing delay: 0.0000 || MSG (from mid) Ave. delay: 0.0000 || Total cache delay: 0.0000 || Ave. cache delay: 0.0000
[R#216] CUMULATIVE_RUNTIME_SEC=15585.8921
Top Aggregator Timestamps: CACHE, CACHE_START_T: 0.0, CACHE_END_T: 0.0 || AGG, AGG_START_T: 0.0, AGG_END_T: 0.0 || EVAL, EVAL_START_T: 1765418088.9562316, EVAL_END_T: 1765418089.546551 || RECV, RECV_START_T: 0.0, RECV_END_T: 0.0 || DIST, DIST_START_T: 0.0, DIST_END_T: 0.0 || LOAD, LOAD_START_T: 1765418028.621701, LOAD_END_T: 1765418034.8469195 || MSG_MTo, MSG_MTo_START_T: 0.0, MSG_MTo_END_T: 0.0
Loaded FEMNIST test split partition_id=37 with 403 samples
Wall-clock time: 1765418150.0703263 ||Test loss: 0.7198 || Test accuracy: 0.8238 || CPU time: 8.4867 || CPU utilization: 0.1402 || R#217's duration (s): 60.5238 || Cumulative runtime (s): 15646.4158 || Loading data delay (s): 6.4325 || Eval delay (s): 0.6321 || Agg delay (s): 0.0000 || Coordination delay (s): 0.0000 || DIST task delay: 0.0000 || RECV task delay: 0.0000 || Queueing delay: 0.0000 || MSG (from mid) Ave. delay: 0.0000 || Total cache delay: 0.0000 || Ave. cache delay: 0.0000
[R#217] CUMULATIVE_RUNTIME_SEC=15646.4158
Top Aggregator Timestamps: CACHE, CACHE_START_T: 0.0, CACHE_END_T: 0.0 || AGG, AGG_START_T: 0.0, AGG_END_T: 0.0 || EVAL, EVAL_START_T: 1765418149.4382174, EVAL_END_T: 1765418150.0703022 || RECV, RECV_START_T: 0.0, RECV_END_T: 0.0 || DIST, DIST_START_T: 0.0, DIST_END_T: 0.0 || LOAD, LOAD_START_T: 1765418089.550123, LOAD_END_T: 1765418095.982659 || MSG_MTo, MSG_MTo_START_T: 0.0, MSG_MTo_END_T: 0.0
Loaded FEMNIST test split partition_id=22 with 334 samples
Wall-clock time: 1765418213.0525444 ||Test loss: 1.3262 || Test accuracy: 0.6527 || CPU time: 7.0302 || CPU utilization: 0.1116 || R#218's duration (s): 62.9822 || Cumulative runtime (s): 15709.3980 || Loading data delay (s): 6.7028 || Eval delay (s): 0.5218 || Agg delay (s): 0.0000 || Coordination delay (s): 0.0000 || DIST task delay: 0.0000 || RECV task delay: 0.0000 || Queueing delay: 0.0000 || MSG (from mid) Ave. delay: 0.0000 || Total cache delay: 0.0000 || Ave. cache delay: 0.0000
[R#218] CUMULATIVE_RUNTIME_SEC=15709.3980
Top Aggregator Timestamps: CACHE, CACHE_START_T: 0.0, CACHE_END_T: 0.0 || AGG, AGG_START_T: 0.0, AGG_END_T: 0.0 || EVAL, EVAL_START_T: 1765418212.5306616, EVAL_END_T: 1765418213.0525098 || RECV, RECV_START_T: 0.0, RECV_END_T: 0.0 || DIST, DIST_START_T: 0.0, DIST_END_T: 0.0 || LOAD, LOAD_START_T: 1765418150.073584, LOAD_END_T: 1765418156.7763755 || MSG_MTo, MSG_MTo_START_T: 0.0, MSG_MTo_END_T: 0.0
Loaded FEMNIST test split partition_id=45 with 327 samples
Wall-clock time: 1765418277.6124785 ||Test loss: 1.1192 || Test accuracy: 0.6575 || CPU time: 7.0303 || CPU utilization: 0.1089 || R#219's duration (s): 64.5599 || Cumulative runtime (s): 15773.9580 || Loading data delay (s): 6.4115 || Eval delay (s): 0.5129 || Agg delay (s): 0.0000 || Coordination delay (s): 0.0000 || DIST task delay: 0.0000 || RECV task delay: 0.0000 || Queueing delay: 0.0000 || MSG (from mid) Ave. delay: 0.0000 || Total cache delay: 0.0000 || Ave. cache delay: 0.0000
[R#219] CUMULATIVE_RUNTIME_SEC=15773.9580
Top Aggregator Timestamps: CACHE, CACHE_START_T: 0.0, CACHE_END_T: 0.0 || AGG, AGG_START_T: 0.0, AGG_END_T: 0.0 || EVAL, EVAL_START_T: 1765418277.099603, EVAL_END_T: 1765418277.612459 || RECV, RECV_START_T: 0.0, RECV_END_T: 0.0 || DIST, DIST_START_T: 0.0, DIST_END_T: 0.0 || LOAD, LOAD_START_T: 1765418213.0562196, LOAD_END_T: 1765418219.4676976 || MSG_MTo, MSG_MTo_START_T: 0.0, MSG_MTo_END_T: 0.0
Loaded FEMNIST test split partition_id=33 with 337 samples
Wall-clock time: 1765418342.0407367 ||Test loss: 0.6488 || Test accuracy: 0.8160 || CPU time: 7.9210 || CPU utilization: 0.1229 || R#220's duration (s): 64.4283 || Cumulative runtime (s): 15838.3862 || Loading data delay (s): 6.5061 || Eval delay (s): 0.6050 || Agg delay (s): 0.0000 || Coordination delay (s): 0.0000 || DIST task delay: 0.0000 || RECV task delay: 0.0000 || Queueing delay: 0.0000 || MSG (from mid) Ave. delay: 0.0000 || Total cache delay: 0.0000 || Ave. cache delay: 0.0000
[R#220] CUMULATIVE_RUNTIME_SEC=15838.3862
Top Aggregator Timestamps: CACHE, CACHE_START_T: 0.0, CACHE_END_T: 0.0 || AGG, AGG_START_T: 0.0, AGG_END_T: 0.0 || EVAL, EVAL_START_T: 1765418341.4356537, EVAL_END_T: 1765418342.0407004 || RECV, RECV_START_T: 0.0, RECV_END_T: 0.0 || DIST, DIST_START_T: 0.0, DIST_END_T: 0.0 || LOAD, LOAD_START_T: 1765418277.6158028, LOAD_END_T: 1765418284.1219497 || MSG_MTo, MSG_MTo_START_T: 0.0, MSG_MTo_END_T: 0.0
Loaded FEMNIST test split partition_id=52 with 218 samples
Wall-clock time: 1765418412.5850856 ||Test loss: 0.6481 || Test accuracy: 0.7844 || CPU time: 5.4866 || CPU utilization: 0.0778 || R#221's duration (s): 70.5443 || Cumulative runtime (s): 15908.9306 || Loading data delay (s): 7.0496 || Eval delay (s): 0.3886 || Agg delay (s): 0.0000 || Coordination delay (s): 0.0000 || DIST task delay: 0.0000 || RECV task delay: 0.0000 || Queueing delay: 0.0000 || MSG (from mid) Ave. delay: 0.0000 || Total cache delay: 0.0000 || Ave. cache delay: 0.0000
[R#221] CUMULATIVE_RUNTIME_SEC=15908.9306
Top Aggregator Timestamps: CACHE, CACHE_START_T: 0.0, CACHE_END_T: 0.0 || AGG, AGG_START_T: 0.0, AGG_END_T: 0.0 || EVAL, EVAL_START_T: 1765418412.196413, EVAL_END_T: 1765418412.5850532 || RECV, RECV_START_T: 0.0, RECV_END_T: 0.0 || DIST, DIST_START_T: 0.0, DIST_END_T: 0.0 || LOAD, LOAD_START_T: 1765418342.0444946, LOAD_END_T: 1765418349.0940568 || MSG_MTo, MSG_MTo_START_T: 0.0, MSG_MTo_END_T: 0.0
Loaded FEMNIST test split partition_id=50 with 313 samples
Wall-clock time: 1765418485.9948144 ||Test loss: 0.5682 || Test accuracy: 0.8275 || CPU time: 7.1206 || CPU utilization: 0.0970 || R#222's duration (s): 73.4097 || Cumulative runtime (s): 15982.3403 || Loading data delay (s): 6.5217 || Eval delay (s): 0.5215 || Agg delay (s): 0.0000 || Coordination delay (s): 0.0000 || DIST task delay: 0.0000 || RECV task delay: 0.0000 || Queueing delay: 0.0000 || MSG (from mid) Ave. delay: 0.0000 || Total cache delay: 0.0000 || Ave. cache delay: 0.0000
[R#222] CUMULATIVE_RUNTIME_SEC=15982.3403
Top Aggregator Timestamps: CACHE, CACHE_START_T: 0.0, CACHE_END_T: 0.0 || AGG, AGG_START_T: 0.0, AGG_END_T: 0.0 || EVAL, EVAL_START_T: 1765418485.4732614, EVAL_END_T: 1765418485.994768 || RECV, RECV_START_T: 0.0, RECV_END_T: 0.0 || DIST, DIST_START_T: 0.0, DIST_END_T: 0.0 || LOAD, LOAD_START_T: 1765418412.588666, LOAD_END_T: 1765418419.1103647 || MSG_MTo, MSG_MTo_START_T: 0.0, MSG_MTo_END_T: 0.0
Loaded FEMNIST test split partition_id=1 with 413 samples
Wall-clock time: 1765418560.0031304 ||Test loss: 0.3552 || Test accuracy: 0.8838 || CPU time: 9.2381 || CPU utilization: 0.1248 || R#223's duration (s): 74.0083 || Cumulative runtime (s): 16056.3486 || Loading data delay (s): 7.2034 || Eval delay (s): 0.7000 || Agg delay (s): 0.0000 || Coordination delay (s): 0.0000 || DIST task delay: 0.0000 || RECV task delay: 0.0000 || Queueing delay: 0.0000 || MSG (from mid) Ave. delay: 0.0000 || Total cache delay: 0.0000 || Ave. cache delay: 0.0000
[R#223] CUMULATIVE_RUNTIME_SEC=16056.3486
Top Aggregator Timestamps: CACHE, CACHE_START_T: 0.0, CACHE_END_T: 0.0 || AGG, AGG_START_T: 0.0, AGG_END_T: 0.0 || EVAL, EVAL_START_T: 1765418559.3030841, EVAL_END_T: 1765418560.0031009 || RECV, RECV_START_T: 0.0, RECV_END_T: 0.0 || DIST, DIST_START_T: 0.0, DIST_END_T: 0.0 || LOAD, LOAD_START_T: 1765418486.0001612, LOAD_END_T: 1765418493.2035718 || MSG_MTo, MSG_MTo_START_T: 0.0, MSG_MTo_END_T: 0.0
Loaded FEMNIST test split partition_id=9 with 377 samples
Wall-clock time: 1765418632.8092728 ||Test loss: 0.8664 || Test accuracy: 0.7533 || CPU time: 8.3605 || CPU utilization: 0.1148 || R#224's duration (s): 72.8061 || Cumulative runtime (s): 16129.1548 || Loading data delay (s): 7.7595 || Eval delay (s): 0.6222 || Agg delay (s): 0.0000 || Coordination delay (s): 0.0000 || DIST task delay: 0.0000 || RECV task delay: 0.0000 || Queueing delay: 0.0000 || MSG (from mid) Ave. delay: 0.0000 || Total cache delay: 0.0000 || Ave. cache delay: 0.0000
[R#224] CUMULATIVE_RUNTIME_SEC=16129.1548
Top Aggregator Timestamps: CACHE, CACHE_START_T: 0.0, CACHE_END_T: 0.0 || AGG, AGG_START_T: 0.0, AGG_END_T: 0.0 || EVAL, EVAL_START_T: 1765418632.1870444, EVAL_END_T: 1765418632.8092432 || RECV, RECV_START_T: 0.0, RECV_END_T: 0.0 || DIST, DIST_START_T: 0.0, DIST_END_T: 0.0 || LOAD, LOAD_START_T: 1765418560.0080361, LOAD_END_T: 1765418567.7675374 || MSG_MTo, MSG_MTo_START_T: 0.0, MSG_MTo_END_T: 0.0
Loaded FEMNIST test split partition_id=8 with 418 samples
Wall-clock time: 1765418703.446305 ||Test loss: 0.1891 || Test accuracy: 0.9258 || CPU time: 9.8397 || CPU utilization: 0.1393 || R#225's duration (s): 70.6370 || Cumulative runtime (s): 16199.7918 || Loading data delay (s): 7.3633 || Eval delay (s): 0.7542 || Agg delay (s): 0.0000 || Coordination delay (s): 0.0000 || DIST task delay: 0.0000 || RECV task delay: 0.0000 || Queueing delay: 0.0000 || MSG (from mid) Ave. delay: 0.0000 || Total cache delay: 0.0000 || Ave. cache delay: 0.0000
[R#225] CUMULATIVE_RUNTIME_SEC=16199.7918
Top Aggregator Timestamps: CACHE, CACHE_START_T: 0.0, CACHE_END_T: 0.0 || AGG, AGG_START_T: 0.0, AGG_END_T: 0.0 || EVAL, EVAL_START_T: 1765418702.6921263, EVAL_END_T: 1765418703.4462795 || RECV, RECV_START_T: 0.0, RECV_END_T: 0.0 || DIST, DIST_START_T: 0.0, DIST_END_T: 0.0 || LOAD, LOAD_START_T: 1765418632.8127882, LOAD_END_T: 1765418640.1760402 || MSG_MTo, MSG_MTo_START_T: 0.0, MSG_MTo_END_T: 0.0
Loaded FEMNIST test split partition_id=1 with 413 samples
Wall-clock time: 1765418813.9715154 ||Test loss: 0.4211 || Test accuracy: 0.8692 || CPU time: 9.3252 || CPU utilization: 0.0844 || R#226's duration (s): 110.5252 || Cumulative runtime (s): 16310.3170 || Loading data delay (s): 6.9268 || Eval delay (s): 0.7129 || Agg delay (s): 0.0000 || Coordination delay (s): 0.0000 || DIST task delay: 0.0000 || RECV task delay: 0.0000 || Queueing delay: 0.0000 || MSG (from mid) Ave. delay: 0.0000 || Total cache delay: 0.0000 || Ave. cache delay: 0.0000
[R#226] CUMULATIVE_RUNTIME_SEC=16310.3170
Top Aggregator Timestamps: CACHE, CACHE_START_T: 0.0, CACHE_END_T: 0.0 || AGG, AGG_START_T: 0.0, AGG_END_T: 0.0 || EVAL, EVAL_START_T: 1765418813.2586174, EVAL_END_T: 1765418813.9714913 || RECV, RECV_START_T: 0.0, RECV_END_T: 0.0 || DIST, DIST_START_T: 0.0, DIST_END_T: 0.0 || LOAD, LOAD_START_T: 1765418703.4499755, LOAD_END_T: 1765418710.3768167 || MSG_MTo, MSG_MTo_START_T: 0.0, MSG_MTo_END_T: 0.0
Loaded FEMNIST test split partition_id=14 with 378 samples
Wall-clock time: 1765418889.003601 ||Test loss: 0.3226 || Test accuracy: 0.8942 || CPU time: 8.9296 || CPU utilization: 0.1190 || R#227's duration (s): 75.0321 || Cumulative runtime (s): 16385.3491 || Loading data delay (s): 7.7213 || Eval delay (s): 0.6637 || Agg delay (s): 0.0000 || Coordination delay (s): 0.0000 || DIST task delay: 0.0000 || RECV task delay: 0.0000 || Queueing delay: 0.0000 || MSG (from mid) Ave. delay: 0.0000 || Total cache delay: 0.0000 || Ave. cache delay: 0.0000
[R#227] CUMULATIVE_RUNTIME_SEC=16385.3491
Top Aggregator Timestamps: CACHE, CACHE_START_T: 0.0, CACHE_END_T: 0.0 || AGG, AGG_START_T: 0.0, AGG_END_T: 0.0 || EVAL, EVAL_START_T: 1765418888.339838, EVAL_END_T: 1765418889.0035682 || RECV, RECV_START_T: 0.0, RECV_END_T: 0.0 || DIST, DIST_START_T: 0.0, DIST_END_T: 0.0 || LOAD, LOAD_START_T: 1765418813.9753842, LOAD_END_T: 1765418821.6967301 || MSG_MTo, MSG_MTo_START_T: 0.0, MSG_MTo_END_T: 0.0
Loaded FEMNIST test split partition_id=17 with 424 samples
Wall-clock time: 1765418972.9217498 ||Test loss: 0.5159 || Test accuracy: 0.8373 || CPU time: 9.2843 || CPU utilization: 0.1106 || R#228's duration (s): 83.9181 || Cumulative runtime (s): 16469.2672 || Loading data delay (s): 7.4898 || Eval delay (s): 0.6843 || Agg delay (s): 0.0000 || Coordination delay (s): 0.0000 || DIST task delay: 0.0000 || RECV task delay: 0.0000 || Queueing delay: 0.0000 || MSG (from mid) Ave. delay: 0.0000 || Total cache delay: 0.0000 || Ave. cache delay: 0.0000
[R#228] CUMULATIVE_RUNTIME_SEC=16469.2672
Top Aggregator Timestamps: CACHE, CACHE_START_T: 0.0, CACHE_END_T: 0.0 || AGG, AGG_START_T: 0.0, AGG_END_T: 0.0 || EVAL, EVAL_START_T: 1765418972.2374153, EVAL_END_T: 1765418972.9217284 || RECV, RECV_START_T: 0.0, RECV_END_T: 0.0 || DIST, DIST_START_T: 0.0, DIST_END_T: 0.0 || LOAD, LOAD_START_T: 1765418889.007513, LOAD_END_T: 1765418896.497317 || MSG_MTo, MSG_MTo_START_T: 0.0, MSG_MTo_END_T: 0.0
Loaded FEMNIST test split partition_id=15 with 370 samples
Wall-clock time: 1765419033.8963573 ||Test loss: 0.6598 || Test accuracy: 0.8054 || CPU time: 7.8052 || CPU utilization: 0.1280 || R#229's duration (s): 60.9746 || Cumulative runtime (s): 16530.2418 || Loading data delay (s): 6.0994 || Eval delay (s): 0.5748 || Agg delay (s): 0.0000 || Coordination delay (s): 0.0000 || DIST task delay: 0.0000 || RECV task delay: 0.0000 || Queueing delay: 0.0000 || MSG (from mid) Ave. delay: 0.0000 || Total cache delay: 0.0000 || Ave. cache delay: 0.0000
[R#229] CUMULATIVE_RUNTIME_SEC=16530.2418
Top Aggregator Timestamps: CACHE, CACHE_START_T: 0.0, CACHE_END_T: 0.0 || AGG, AGG_START_T: 0.0, AGG_END_T: 0.0 || EVAL, EVAL_START_T: 1765419033.3214946, EVAL_END_T: 1765419033.8963366 || RECV, RECV_START_T: 0.0, RECV_END_T: 0.0 || DIST, DIST_START_T: 0.0, DIST_END_T: 0.0 || LOAD, LOAD_START_T: 1765418972.9253106, LOAD_END_T: 1765418979.0247567 || MSG_MTo, MSG_MTo_START_T: 0.0, MSG_MTo_END_T: 0.0
Loaded FEMNIST test split partition_id=63 with 413 samples
Wall-clock time: 1765419091.5196204 ||Test loss: 0.3947 || Test accuracy: 0.8789 || CPU time: 8.4005 || CPU utilization: 0.1458 || R#230's duration (s): 57.6233 || Cumulative runtime (s): 16587.8651 || Loading data delay (s): 6.7520 || Eval delay (s): 0.6285 || Agg delay (s): 0.0000 || Coordination delay (s): 0.0000 || DIST task delay: 0.0000 || RECV task delay: 0.0000 || Queueing delay: 0.0000 || MSG (from mid) Ave. delay: 0.0000 || Total cache delay: 0.0000 || Ave. cache delay: 0.0000
[R#230] CUMULATIVE_RUNTIME_SEC=16587.8651
Top Aggregator Timestamps: CACHE, CACHE_START_T: 0.0, CACHE_END_T: 0.0 || AGG, AGG_START_T: 0.0, AGG_END_T: 0.0 || EVAL, EVAL_START_T: 1765419090.8911073, EVAL_END_T: 1765419091.5195959 || RECV, RECV_START_T: 0.0, RECV_END_T: 0.0 || DIST, DIST_START_T: 0.0, DIST_END_T: 0.0 || LOAD, LOAD_START_T: 1765419033.8996234, LOAD_END_T: 1765419040.6516497 || MSG_MTo, MSG_MTo_START_T: 0.0, MSG_MTo_END_T: 0.0
Loaded FEMNIST test split partition_id=1 with 413 samples
Wall-clock time: 1765419167.7467134 ||Test loss: 0.3532 || Test accuracy: 0.8910 || CPU time: 8.3015 || CPU utilization: 0.1089 || R#231's duration (s): 76.2271 || Cumulative runtime (s): 16664.0922 || Loading data delay (s): 6.1129 || Eval delay (s): 0.6141 || Agg delay (s): 0.0000 || Coordination delay (s): 0.0000 || DIST task delay: 0.0000 || RECV task delay: 0.0000 || Queueing delay: 0.0000 || MSG (from mid) Ave. delay: 0.0000 || Total cache delay: 0.0000 || Ave. cache delay: 0.0000
[R#231] CUMULATIVE_RUNTIME_SEC=16664.0922
Top Aggregator Timestamps: CACHE, CACHE_START_T: 0.0, CACHE_END_T: 0.0 || AGG, AGG_START_T: 0.0, AGG_END_T: 0.0 || EVAL, EVAL_START_T: 1765419167.1325338, EVAL_END_T: 1765419167.7466774 || RECV, RECV_START_T: 0.0, RECV_END_T: 0.0 || DIST, DIST_START_T: 0.0, DIST_END_T: 0.0 || LOAD, LOAD_START_T: 1765419091.5229452, LOAD_END_T: 1765419097.6358275 || MSG_MTo, MSG_MTo_START_T: 0.0, MSG_MTo_END_T: 0.0
Loaded FEMNIST test split partition_id=20 with 371 samples
Wall-clock time: 1765419253.093739 ||Test loss: 0.3919 || Test accuracy: 0.8841 || CPU time: 7.6888 || CPU utilization: 0.0901 || R#232's duration (s): 85.3470 || Cumulative runtime (s): 16749.4392 || Loading data delay (s): 6.4277 || Eval delay (s): 0.5632 || Agg delay (s): 0.0000 || Coordination delay (s): 0.0000 || DIST task delay: 0.0000 || RECV task delay: 0.0000 || Queueing delay: 0.0000 || MSG (from mid) Ave. delay: 0.0000 || Total cache delay: 0.0000 || Ave. cache delay: 0.0000
[R#232] CUMULATIVE_RUNTIME_SEC=16749.4392
Top Aggregator Timestamps: CACHE, CACHE_START_T: 0.0, CACHE_END_T: 0.0 || AGG, AGG_START_T: 0.0, AGG_END_T: 0.0 || EVAL, EVAL_START_T: 1765419252.5305045, EVAL_END_T: 1765419253.0937078 || RECV, RECV_START_T: 0.0, RECV_END_T: 0.0 || DIST, DIST_START_T: 0.0, DIST_END_T: 0.0 || LOAD, LOAD_START_T: 1765419167.7500064, LOAD_END_T: 1765419174.1776927 || MSG_MTo, MSG_MTo_START_T: 0.0, MSG_MTo_END_T: 0.0
Loaded FEMNIST test split partition_id=31 with 407 samples
Wall-clock time: 1765419337.0488272 ||Test loss: 0.5961 || Test accuracy: 0.8477 || CPU time: 8.5958 || CPU utilization: 0.1024 || R#233's duration (s): 83.9551 || Cumulative runtime (s): 16833.3943 || Loading data delay (s): 7.1032 || Eval delay (s): 0.6379 || Agg delay (s): 0.0000 || Coordination delay (s): 0.0000 || DIST task delay: 0.0000 || RECV task delay: 0.0000 || Queueing delay: 0.0000 || MSG (from mid) Ave. delay: 0.0000 || Total cache delay: 0.0000 || Ave. cache delay: 0.0000
[R#233] CUMULATIVE_RUNTIME_SEC=16833.3943
Top Aggregator Timestamps: CACHE, CACHE_START_T: 0.0, CACHE_END_T: 0.0 || AGG, AGG_START_T: 0.0, AGG_END_T: 0.0 || EVAL, EVAL_START_T: 1765419336.410903, EVAL_END_T: 1765419337.0487847 || RECV, RECV_START_T: 0.0, RECV_END_T: 0.0 || DIST, DIST_START_T: 0.0, DIST_END_T: 0.0 || LOAD, LOAD_START_T: 1765419253.0972726, LOAD_END_T: 1765419260.2004817 || MSG_MTo, MSG_MTo_START_T: 0.0, MSG_MTo_END_T: 0.0
Loaded FEMNIST test split partition_id=25 with 317 samples
Wall-clock time: 1765419425.182158 ||Test loss: 0.4393 || Test accuracy: 0.8517 || CPU time: 6.7436 || CPU utilization: 0.0765 || R#234's duration (s): 88.1333 || Cumulative runtime (s): 16921.5276 || Loading data delay (s): 6.2575 || Eval delay (s): 0.4915 || Agg delay (s): 0.0000 || Coordination delay (s): 0.0000 || DIST task delay: 0.0000 || RECV task delay: 0.0000 || Queueing delay: 0.0000 || MSG (from mid) Ave. delay: 0.0000 || Total cache delay: 0.0000 || Ave. cache delay: 0.0000
[R#234] CUMULATIVE_RUNTIME_SEC=16921.5276
Top Aggregator Timestamps: CACHE, CACHE_START_T: 0.0, CACHE_END_T: 0.0 || AGG, AGG_START_T: 0.0, AGG_END_T: 0.0 || EVAL, EVAL_START_T: 1765419424.6905932, EVAL_END_T: 1765419425.1821291 || RECV, RECV_START_T: 0.0, RECV_END_T: 0.0 || DIST, DIST_START_T: 0.0, DIST_END_T: 0.0 || LOAD, LOAD_START_T: 1765419337.0523806, LOAD_END_T: 1765419343.3099058 || MSG_MTo, MSG_MTo_START_T: 0.0, MSG_MTo_END_T: 0.0
Loaded FEMNIST test split partition_id=35 with 416 samples
Wall-clock time: 1765419486.6040263 ||Test loss: 0.5905 || Test accuracy: 0.7981 || CPU time: 8.6738 || CPU utilization: 0.1412 || R#235's duration (s): 61.4219 || Cumulative runtime (s): 16982.9495 || Loading data delay (s): 6.4996 || Eval delay (s): 0.6507 || Agg delay (s): 0.0000 || Coordination delay (s): 0.0000 || DIST task delay: 0.0000 || RECV task delay: 0.0000 || Queueing delay: 0.0000 || MSG (from mid) Ave. delay: 0.0000 || Total cache delay: 0.0000 || Ave. cache delay: 0.0000
[R#235] CUMULATIVE_RUNTIME_SEC=16982.9495
Top Aggregator Timestamps: CACHE, CACHE_START_T: 0.0, CACHE_END_T: 0.0 || AGG, AGG_START_T: 0.0, AGG_END_T: 0.0 || EVAL, EVAL_START_T: 1765419485.9532828, EVAL_END_T: 1765419486.603998 || RECV, RECV_START_T: 0.0, RECV_END_T: 0.0 || DIST, DIST_START_T: 0.0, DIST_END_T: 0.0 || LOAD, LOAD_START_T: 1765419425.185193, LOAD_END_T: 1765419431.6847677 || MSG_MTo, MSG_MTo_START_T: 0.0, MSG_MTo_END_T: 0.0
Loaded FEMNIST test split partition_id=52 with 218 samples
Wall-clock time: 1765419563.6264453 ||Test loss: 0.6878 || Test accuracy: 0.8119 || CPU time: 4.9023 || CPU utilization: 0.0636 || R#236's duration (s): 77.0224 || Cumulative runtime (s): 17059.9719 || Loading data delay (s): 6.2811 || Eval delay (s): 0.3597 || Agg delay (s): 0.0000 || Coordination delay (s): 0.0000 || DIST task delay: 0.0000 || RECV task delay: 0.0000 || Queueing delay: 0.0000 || MSG (from mid) Ave. delay: 0.0000 || Total cache delay: 0.0000 || Ave. cache delay: 0.0000
[R#236] CUMULATIVE_RUNTIME_SEC=17059.9719
Top Aggregator Timestamps: CACHE, CACHE_START_T: 0.0, CACHE_END_T: 0.0 || AGG, AGG_START_T: 0.0, AGG_END_T: 0.0 || EVAL, EVAL_START_T: 1765419563.2666852, EVAL_END_T: 1765419563.626418 || RECV, RECV_START_T: 0.0, RECV_END_T: 0.0 || DIST, DIST_START_T: 0.0, DIST_END_T: 0.0 || LOAD, LOAD_START_T: 1765419486.6074338, LOAD_END_T: 1765419492.8885152 || MSG_MTo, MSG_MTo_START_T: 0.0, MSG_MTo_END_T: 0.0
Loaded FEMNIST test split partition_id=14 with 378 samples
Wall-clock time: 1765419623.642318 ||Test loss: 0.2863 || Test accuracy: 0.9021 || CPU time: 8.0896 || CPU utilization: 0.1348 || R#237's duration (s): 60.0159 || Cumulative runtime (s): 17119.9878 || Loading data delay (s): 6.4355 || Eval delay (s): 0.5937 || Agg delay (s): 0.0000 || Coordination delay (s): 0.0000 || DIST task delay: 0.0000 || RECV task delay: 0.0000 || Queueing delay: 0.0000 || MSG (from mid) Ave. delay: 0.0000 || Total cache delay: 0.0000 || Ave. cache delay: 0.0000
[R#237] CUMULATIVE_RUNTIME_SEC=17119.9878
Top Aggregator Timestamps: CACHE, CACHE_START_T: 0.0, CACHE_END_T: 0.0 || AGG, AGG_START_T: 0.0, AGG_END_T: 0.0 || EVAL, EVAL_START_T: 1765419623.0486405, EVAL_END_T: 1765419623.6422946 || RECV, RECV_START_T: 0.0, RECV_END_T: 0.0 || DIST, DIST_START_T: 0.0, DIST_END_T: 0.0 || LOAD, LOAD_START_T: 1765419563.6299927, LOAD_END_T: 1765419570.0655396 || MSG_MTo, MSG_MTo_START_T: 0.0, MSG_MTo_END_T: 0.0
Loaded FEMNIST test split partition_id=23 with 418 samples
Wall-clock time: 1765419681.782045 ||Test loss: 0.3296 || Test accuracy: 0.8900 || CPU time: 9.5553 || CPU utilization: 0.1644 || R#238's duration (s): 58.1397 || Cumulative runtime (s): 17178.1275 || Loading data delay (s): 6.7623 || Eval delay (s): 0.7015 || Agg delay (s): 0.0000 || Coordination delay (s): 0.0000 || DIST task delay: 0.0000 || RECV task delay: 0.0000 || Queueing delay: 0.0000 || MSG (from mid) Ave. delay: 0.0000 || Total cache delay: 0.0000 || Ave. cache delay: 0.0000
[R#238] CUMULATIVE_RUNTIME_SEC=17178.1275
Top Aggregator Timestamps: CACHE, CACHE_START_T: 0.0, CACHE_END_T: 0.0 || AGG, AGG_START_T: 0.0, AGG_END_T: 0.0 || EVAL, EVAL_START_T: 1765419681.0805058, EVAL_END_T: 1765419681.7820237 || RECV, RECV_START_T: 0.0, RECV_END_T: 0.0 || DIST, DIST_START_T: 0.0, DIST_END_T: 0.0 || LOAD, LOAD_START_T: 1765419623.6455991, LOAD_END_T: 1765419630.4079237 || MSG_MTo, MSG_MTo_START_T: 0.0, MSG_MTo_END_T: 0.0
Loaded FEMNIST test split partition_id=29 with 247 samples
Wall-clock time: 1765419753.5482652 ||Test loss: 1.5260 || Test accuracy: 0.6154 || CPU time: 5.6589 || CPU utilization: 0.0789 || R#239's duration (s): 71.7662 || Cumulative runtime (s): 17249.8938 || Loading data delay (s): 6.1777 || Eval delay (s): 0.4084 || Agg delay (s): 0.0000 || Coordination delay (s): 0.0000 || DIST task delay: 0.0000 || RECV task delay: 0.0000 || Queueing delay: 0.0000 || MSG (from mid) Ave. delay: 0.0000 || Total cache delay: 0.0000 || Ave. cache delay: 0.0000
[R#239] CUMULATIVE_RUNTIME_SEC=17249.8938
Top Aggregator Timestamps: CACHE, CACHE_START_T: 0.0, CACHE_END_T: 0.0 || AGG, AGG_START_T: 0.0, AGG_END_T: 0.0 || EVAL, EVAL_START_T: 1765419753.1398313, EVAL_END_T: 1765419753.548237 || RECV, RECV_START_T: 0.0, RECV_END_T: 0.0 || DIST, DIST_START_T: 0.0, DIST_END_T: 0.0 || LOAD, LOAD_START_T: 1765419681.7856054, LOAD_END_T: 1765419687.9633417 || MSG_MTo, MSG_MTo_START_T: 0.0, MSG_MTo_END_T: 0.0
Loaded FEMNIST test split partition_id=66 with 428 samples
Wall-clock time: 1765419815.494208 ||Test loss: 0.9774 || Test accuracy: 0.7290 || CPU time: 8.9976 || CPU utilization: 0.1452 || R#240's duration (s): 61.9459 || Cumulative runtime (s): 17311.8397 || Loading data delay (s): 6.4912 || Eval delay (s): 0.6633 || Agg delay (s): 0.0000 || Coordination delay (s): 0.0000 || DIST task delay: 0.0000 || RECV task delay: 0.0000 || Queueing delay: 0.0000 || MSG (from mid) Ave. delay: 0.0000 || Total cache delay: 0.0000 || Ave. cache delay: 0.0000
[R#240] CUMULATIVE_RUNTIME_SEC=17311.8397
Top Aggregator Timestamps: CACHE, CACHE_START_T: 0.0, CACHE_END_T: 0.0 || AGG, AGG_START_T: 0.0, AGG_END_T: 0.0 || EVAL, EVAL_START_T: 1765419814.8309245, EVAL_END_T: 1765419815.494184 || RECV, RECV_START_T: 0.0, RECV_END_T: 0.0 || DIST, DIST_START_T: 0.0, DIST_END_T: 0.0 || LOAD, LOAD_START_T: 1765419753.5516155, LOAD_END_T: 1765419760.042818 || MSG_MTo, MSG_MTo_START_T: 0.0, MSG_MTo_END_T: 0.0
Loaded FEMNIST test split partition_id=52 with 218 samples
Wall-clock time: 1765419904.2883284 ||Test loss: 0.5749 || Test accuracy: 0.8257 || CPU time: 4.8321 || CPU utilization: 0.0544 || R#241's duration (s): 88.7941 || Cumulative runtime (s): 17400.6338 || Loading data delay (s): 6.4837 || Eval delay (s): 0.3522 || Agg delay (s): 0.0000 || Coordination delay (s): 0.0000 || DIST task delay: 0.0000 || RECV task delay: 0.0000 || Queueing delay: 0.0000 || MSG (from mid) Ave. delay: 0.0000 || Total cache delay: 0.0000 || Ave. cache delay: 0.0000
[R#241] CUMULATIVE_RUNTIME_SEC=17400.6338
Top Aggregator Timestamps: CACHE, CACHE_START_T: 0.0, CACHE_END_T: 0.0 || AGG, AGG_START_T: 0.0, AGG_END_T: 0.0 || EVAL, EVAL_START_T: 1765419903.9360795, EVAL_END_T: 1765419904.2882998 || RECV, RECV_START_T: 0.0, RECV_END_T: 0.0 || DIST, DIST_START_T: 0.0, DIST_END_T: 0.0 || LOAD, LOAD_START_T: 1765419815.497516, LOAD_END_T: 1765419821.9811692 || MSG_MTo, MSG_MTo_START_T: 0.0, MSG_MTo_END_T: 0.0
Loaded FEMNIST test split partition_id=4 with 315 samples
Wall-clock time: 1765419978.8403206 ||Test loss: 0.9651 || Test accuracy: 0.7556 || CPU time: 7.0803 || CPU utilization: 0.0950 || R#242's duration (s): 74.5520 || Cumulative runtime (s): 17475.1858 || Loading data delay (s): 6.4691 || Eval delay (s): 0.5184 || Agg delay (s): 0.0000 || Coordination delay (s): 0.0000 || DIST task delay: 0.0000 || RECV task delay: 0.0000 || Queueing delay: 0.0000 || MSG (from mid) Ave. delay: 0.0000 || Total cache delay: 0.0000 || Ave. cache delay: 0.0000
[R#242] CUMULATIVE_RUNTIME_SEC=17475.1858
Top Aggregator Timestamps: CACHE, CACHE_START_T: 0.0, CACHE_END_T: 0.0 || AGG, AGG_START_T: 0.0, AGG_END_T: 0.0 || EVAL, EVAL_START_T: 1765419978.321923, EVAL_END_T: 1765419978.8402958 || RECV, RECV_START_T: 0.0, RECV_END_T: 0.0 || DIST, DIST_START_T: 0.0, DIST_END_T: 0.0 || LOAD, LOAD_START_T: 1765419904.291714, LOAD_END_T: 1765419910.760773 || MSG_MTo, MSG_MTo_START_T: 0.0, MSG_MTo_END_T: 0.0
Loaded FEMNIST test split partition_id=56 with 343 samples
Wall-clock time: 1765420074.8995311 ||Test loss: 0.5082 || Test accuracy: 0.8426 || CPU time: 7.8939 || CPU utilization: 0.0822 || R#243's duration (s): 96.0592 || Cumulative runtime (s): 17571.2450 || Loading data delay (s): 6.6436 || Eval delay (s): 0.5722 || Agg delay (s): 0.0000 || Coordination delay (s): 0.0000 || DIST task delay: 0.0000 || RECV task delay: 0.0000 || Queueing delay: 0.0000 || MSG (from mid) Ave. delay: 0.0000 || Total cache delay: 0.0000 || Ave. cache delay: 0.0000
[R#243] CUMULATIVE_RUNTIME_SEC=17571.2450
Top Aggregator Timestamps: CACHE, CACHE_START_T: 0.0, CACHE_END_T: 0.0 || AGG, AGG_START_T: 0.0, AGG_END_T: 0.0 || EVAL, EVAL_START_T: 1765420074.327329, EVAL_END_T: 1765420074.899509 || RECV, RECV_START_T: 0.0, RECV_END_T: 0.0 || DIST, DIST_START_T: 0.0, DIST_END_T: 0.0 || LOAD, LOAD_START_T: 1765419978.8438303, LOAD_END_T: 1765419985.487418 || MSG_MTo, MSG_MTo_START_T: 0.0, MSG_MTo_END_T: 0.0
Loaded FEMNIST test split partition_id=54 with 428 samples
Wall-clock time: 1765420133.740782 ||Test loss: 0.2555 || Test accuracy: 0.9136 || CPU time: 8.8707 || CPU utilization: 0.1508 || R#244's duration (s): 58.8413 || Cumulative runtime (s): 17630.0863 || Loading data delay (s): 6.3988 || Eval delay (s): 0.6573 || Agg delay (s): 0.0000 || Coordination delay (s): 0.0000 || DIST task delay: 0.0000 || RECV task delay: 0.0000 || Queueing delay: 0.0000 || MSG (from mid) Ave. delay: 0.0000 || Total cache delay: 0.0000 || Ave. cache delay: 0.0000
[R#244] CUMULATIVE_RUNTIME_SEC=17630.0863
Top Aggregator Timestamps: CACHE, CACHE_START_T: 0.0, CACHE_END_T: 0.0 || AGG, AGG_START_T: 0.0, AGG_END_T: 0.0 || EVAL, EVAL_START_T: 1765420133.083437, EVAL_END_T: 1765420133.740762 || RECV, RECV_START_T: 0.0, RECV_END_T: 0.0 || DIST, DIST_START_T: 0.0, DIST_END_T: 0.0 || LOAD, LOAD_START_T: 1765420074.9030473, LOAD_END_T: 1765420081.3018887 || MSG_MTo, MSG_MTo_START_T: 0.0, MSG_MTo_END_T: 0.0
Loaded FEMNIST test split partition_id=62 with 390 samples
Wall-clock time: 1765420222.8035722 ||Test loss: 0.5021 || Test accuracy: 0.8564 || CPU time: 8.3184 || CPU utilization: 0.0934 || R#245's duration (s): 89.0628 || Cumulative runtime (s): 17719.1491 || Loading data delay (s): 6.4297 || Eval delay (s): 0.6122 || Agg delay (s): 0.0000 || Coordination delay (s): 0.0000 || DIST task delay: 0.0000 || RECV task delay: 0.0000 || Queueing delay: 0.0000 || MSG (from mid) Ave. delay: 0.0000 || Total cache delay: 0.0000 || Ave. cache delay: 0.0000
[R#245] CUMULATIVE_RUNTIME_SEC=17719.1491
Top Aggregator Timestamps: CACHE, CACHE_START_T: 0.0, CACHE_END_T: 0.0 || AGG, AGG_START_T: 0.0, AGG_END_T: 0.0 || EVAL, EVAL_START_T: 1765420222.1913378, EVAL_END_T: 1765420222.8035464 || RECV, RECV_START_T: 0.0, RECV_END_T: 0.0 || DIST, DIST_START_T: 0.0, DIST_END_T: 0.0 || LOAD, LOAD_START_T: 1765420133.7441478, LOAD_END_T: 1765420140.1738117 || MSG_MTo, MSG_MTo_START_T: 0.0, MSG_MTo_END_T: 0.0
Loaded FEMNIST test split partition_id=34 with 376 samples
Wall-clock time: 1765420282.97883 ||Test loss: 0.7128 || Test accuracy: 0.7686 || CPU time: 7.9342 || CPU utilization: 0.1319 || R#246's duration (s): 60.1753 || Cumulative runtime (s): 17779.3243 || Loading data delay (s): 6.1394 || Eval delay (s): 0.5851 || Agg delay (s): 0.0000 || Coordination delay (s): 0.0000 || DIST task delay: 0.0000 || RECV task delay: 0.0000 || Queueing delay: 0.0000 || MSG (from mid) Ave. delay: 0.0000 || Total cache delay: 0.0000 || Ave. cache delay: 0.0000
[R#246] CUMULATIVE_RUNTIME_SEC=17779.3243
Top Aggregator Timestamps: CACHE, CACHE_START_T: 0.0, CACHE_END_T: 0.0 || AGG, AGG_START_T: 0.0, AGG_END_T: 0.0 || EVAL, EVAL_START_T: 1765420282.393668, EVAL_END_T: 1765420282.9788003 || RECV, RECV_START_T: 0.0, RECV_END_T: 0.0 || DIST, DIST_START_T: 0.0, DIST_END_T: 0.0 || LOAD, LOAD_START_T: 1765420222.8069713, LOAD_END_T: 1765420228.9463773 || MSG_MTo, MSG_MTo_START_T: 0.0, MSG_MTo_END_T: 0.0
Loaded FEMNIST test split partition_id=41 with 358 samples
Wall-clock time: 1765420358.585735 ||Test loss: 0.8236 || Test accuracy: 0.7654 || CPU time: 8.1796 || CPU utilization: 0.1082 || R#247's duration (s): 75.6069 || Cumulative runtime (s): 17854.9312 || Loading data delay (s): 6.3587 || Eval delay (s): 0.5981 || Agg delay (s): 0.0000 || Coordination delay (s): 0.0000 || DIST task delay: 0.0000 || RECV task delay: 0.0000 || Queueing delay: 0.0000 || MSG (from mid) Ave. delay: 0.0000 || Total cache delay: 0.0000 || Ave. cache delay: 0.0000
[R#247] CUMULATIVE_RUNTIME_SEC=17854.9312
Top Aggregator Timestamps: CACHE, CACHE_START_T: 0.0, CACHE_END_T: 0.0 || AGG, AGG_START_T: 0.0, AGG_END_T: 0.0 || EVAL, EVAL_START_T: 1765420357.9876091, EVAL_END_T: 1765420358.5857046 || RECV, RECV_START_T: 0.0, RECV_END_T: 0.0 || DIST, DIST_START_T: 0.0, DIST_END_T: 0.0 || LOAD, LOAD_START_T: 1765420282.9825656, LOAD_END_T: 1765420289.3412366 || MSG_MTo, MSG_MTo_START_T: 0.0, MSG_MTo_END_T: 0.0
Loaded FEMNIST test split partition_id=53 with 326 samples
Wall-clock time: 1765420419.4271932 ||Test loss: 0.8112 || Test accuracy: 0.7791 || CPU time: 7.1262 || CPU utilization: 0.1171 || R#248's duration (s): 60.8415 || Cumulative runtime (s): 17915.7727 || Loading data delay (s): 6.8017 || Eval delay (s): 0.5296 || Agg delay (s): 0.0000 || Coordination delay (s): 0.0000 || DIST task delay: 0.0000 || RECV task delay: 0.0000 || Queueing delay: 0.0000 || MSG (from mid) Ave. delay: 0.0000 || Total cache delay: 0.0000 || Ave. cache delay: 0.0000
[R#248] CUMULATIVE_RUNTIME_SEC=17915.7727
Top Aggregator Timestamps: CACHE, CACHE_START_T: 0.0, CACHE_END_T: 0.0 || AGG, AGG_START_T: 0.0, AGG_END_T: 0.0 || EVAL, EVAL_START_T: 1765420418.8975334, EVAL_END_T: 1765420419.4271734 || RECV, RECV_START_T: 0.0, RECV_END_T: 0.0 || DIST, DIST_START_T: 0.0, DIST_END_T: 0.0 || LOAD, LOAD_START_T: 1765420358.5893962, LOAD_END_T: 1765420365.3911197 || MSG_MTo, MSG_MTo_START_T: 0.0, MSG_MTo_END_T: 0.0
Loaded FEMNIST test split partition_id=55 with 373 samples
Wall-clock time: 1765420496.8856492 ||Test loss: 1.1614 || Test accuracy: 0.6542 || CPU time: 7.9584 || CPU utilization: 0.1027 || R#249's duration (s): 77.4585 || Cumulative runtime (s): 17993.2311 || Loading data delay (s): 6.8325 || Eval delay (s): 0.5790 || Agg delay (s): 0.0000 || Coordination delay (s): 0.0000 || DIST task delay: 0.0000 || RECV task delay: 0.0000 || Queueing delay: 0.0000 || MSG (from mid) Ave. delay: 0.0000 || Total cache delay: 0.0000 || Ave. cache delay: 0.0000
[R#249] CUMULATIVE_RUNTIME_SEC=17993.2311
Top Aggregator Timestamps: CACHE, CACHE_START_T: 0.0, CACHE_END_T: 0.0 || AGG, AGG_START_T: 0.0, AGG_END_T: 0.0 || EVAL, EVAL_START_T: 1765420496.3065827, EVAL_END_T: 1765420496.8856266 || RECV, RECV_START_T: 0.0, RECV_END_T: 0.0 || DIST, DIST_START_T: 0.0, DIST_END_T: 0.0 || LOAD, LOAD_START_T: 1765420419.4305072, LOAD_END_T: 1765420426.2630422 || MSG_MTo, MSG_MTo_START_T: 0.0, MSG_MTo_END_T: 0.0
Loaded FEMNIST test split partition_id=50 with 313 samples
Wall-clock time: 1765420556.8145201 ||Test loss: 0.4226 || Test accuracy: 0.8786 || CPU time: 6.7089 || CPU utilization: 0.1119 || R#250's duration (s): 59.9289 || Cumulative runtime (s): 18053.1600 || Loading data delay (s): 6.4938 || Eval delay (s): 0.4883 || Agg delay (s): 0.0000 || Coordination delay (s): 0.0000 || DIST task delay: 0.0000 || RECV task delay: 0.0000 || Queueing delay: 0.0000 || MSG (from mid) Ave. delay: 0.0000 || Total cache delay: 0.0000 || Ave. cache delay: 0.0000
[R#250] CUMULATIVE_RUNTIME_SEC=18053.1600
Top Aggregator Timestamps: CACHE, CACHE_START_T: 0.0, CACHE_END_T: 0.0 || AGG, AGG_START_T: 0.0, AGG_END_T: 0.0 || EVAL, EVAL_START_T: 1765420556.3262334, EVAL_END_T: 1765420556.814491 || RECV, RECV_START_T: 0.0, RECV_END_T: 0.0 || DIST, DIST_START_T: 0.0, DIST_END_T: 0.0 || LOAD, LOAD_START_T: 1765420496.888884, LOAD_END_T: 1765420503.382734 || MSG_MTo, MSG_MTo_START_T: 0.0, MSG_MTo_END_T: 0.0
Loaded FEMNIST test split partition_id=44 with 343 samples
Wall-clock time: 1765420639.590684 ||Test loss: 0.8862 || Test accuracy: 0.7872 || CPU time: 7.2628 || CPU utilization: 0.0877 || R#251's duration (s): 82.7762 || Cumulative runtime (s): 18135.9362 || Loading data delay (s): 6.2438 || Eval delay (s): 0.5312 || Agg delay (s): 0.0000 || Coordination delay (s): 0.0000 || DIST task delay: 0.0000 || RECV task delay: 0.0000 || Queueing delay: 0.0000 || MSG (from mid) Ave. delay: 0.0000 || Total cache delay: 0.0000 || Ave. cache delay: 0.0000
[R#251] CUMULATIVE_RUNTIME_SEC=18135.9362
Top Aggregator Timestamps: CACHE, CACHE_START_T: 0.0, CACHE_END_T: 0.0 || AGG, AGG_START_T: 0.0, AGG_END_T: 0.0 || EVAL, EVAL_START_T: 1765420639.0594923, EVAL_END_T: 1765420639.5906613 || RECV, RECV_START_T: 0.0, RECV_END_T: 0.0 || DIST, DIST_START_T: 0.0, DIST_END_T: 0.0 || LOAD, LOAD_START_T: 1765420556.817853, LOAD_END_T: 1765420563.0616841 || MSG_MTo, MSG_MTo_START_T: 0.0, MSG_MTo_END_T: 0.0
Loaded FEMNIST test split partition_id=14 with 378 samples
Wall-clock time: 1765420710.4223402 ||Test loss: 0.3177 || Test accuracy: 0.9021 || CPU time: 8.0606 || CPU utilization: 0.1138 || R#252's duration (s): 70.8317 || Cumulative runtime (s): 18206.7678 || Loading data delay (s): 6.6825 || Eval delay (s): 0.5911 || Agg delay (s): 0.0000 || Coordination delay (s): 0.0000 || DIST task delay: 0.0000 || RECV task delay: 0.0000 || Queueing delay: 0.0000 || MSG (from mid) Ave. delay: 0.0000 || Total cache delay: 0.0000 || Ave. cache delay: 0.0000
[R#252] CUMULATIVE_RUNTIME_SEC=18206.7678
Top Aggregator Timestamps: CACHE, CACHE_START_T: 0.0, CACHE_END_T: 0.0 || AGG, AGG_START_T: 0.0, AGG_END_T: 0.0 || EVAL, EVAL_START_T: 1765420709.8312037, EVAL_END_T: 1765420710.422302 || RECV, RECV_START_T: 0.0, RECV_END_T: 0.0 || DIST, DIST_START_T: 0.0, DIST_END_T: 0.0 || LOAD, LOAD_START_T: 1765420639.593994, LOAD_END_T: 1765420646.2764773 || MSG_MTo, MSG_MTo_START_T: 0.0, MSG_MTo_END_T: 0.0
Loaded FEMNIST test split partition_id=15 with 370 samples
Wall-clock time: 1765420774.9039316 ||Test loss: 0.6012 || Test accuracy: 0.8135 || CPU time: 7.9465 || CPU utilization: 0.1232 || R#253's duration (s): 64.4816 || Cumulative runtime (s): 18271.2494 || Loading data delay (s): 6.2862 || Eval delay (s): 0.5862 || Agg delay (s): 0.0000 || Coordination delay (s): 0.0000 || DIST task delay: 0.0000 || RECV task delay: 0.0000 || Queueing delay: 0.0000 || MSG (from mid) Ave. delay: 0.0000 || Total cache delay: 0.0000 || Ave. cache delay: 0.0000
[R#253] CUMULATIVE_RUNTIME_SEC=18271.2494
Top Aggregator Timestamps: CACHE, CACHE_START_T: 0.0, CACHE_END_T: 0.0 || AGG, AGG_START_T: 0.0, AGG_END_T: 0.0 || EVAL, EVAL_START_T: 1765420774.3176944, EVAL_END_T: 1765420774.903896 || RECV, RECV_START_T: 0.0, RECV_END_T: 0.0 || DIST, DIST_START_T: 0.0, DIST_END_T: 0.0 || LOAD, LOAD_START_T: 1765420710.4258993, LOAD_END_T: 1765420716.7121258 || MSG_MTo, MSG_MTo_START_T: 0.0, MSG_MTo_END_T: 0.0
Loaded FEMNIST test split partition_id=20 with 371 samples
Wall-clock time: 1765420849.8738406 ||Test loss: 0.3713 || Test accuracy: 0.8922 || CPU time: 7.8556 || CPU utilization: 0.1048 || R#254's duration (s): 74.9699 || Cumulative runtime (s): 18346.2193 || Loading data delay (s): 6.6650 || Eval delay (s): 0.5817 || Agg delay (s): 0.0000 || Coordination delay (s): 0.0000 || DIST task delay: 0.0000 || RECV task delay: 0.0000 || Queueing delay: 0.0000 || MSG (from mid) Ave. delay: 0.0000 || Total cache delay: 0.0000 || Ave. cache delay: 0.0000
[R#254] CUMULATIVE_RUNTIME_SEC=18346.2193
Top Aggregator Timestamps: CACHE, CACHE_START_T: 0.0, CACHE_END_T: 0.0 || AGG, AGG_START_T: 0.0, AGG_END_T: 0.0 || EVAL, EVAL_START_T: 1765420849.2921371, EVAL_END_T: 1765420849.8738172 || RECV, RECV_START_T: 0.0, RECV_END_T: 0.0 || DIST, DIST_START_T: 0.0, DIST_END_T: 0.0 || LOAD, LOAD_START_T: 1765420774.907491, LOAD_END_T: 1765420781.572478 || MSG_MTo, MSG_MTo_START_T: 0.0, MSG_MTo_END_T: 0.0
Loaded FEMNIST test split partition_id=53 with 326 samples
Wall-clock time: 1765420916.3501859 ||Test loss: 0.7959 || Test accuracy: 0.7761 || CPU time: 7.0400 || CPU utilization: 0.1059 || R#255's duration (s): 66.4763 || Cumulative runtime (s): 18412.6957 || Loading data delay (s): 6.1376 || Eval delay (s): 0.5063 || Agg delay (s): 0.0000 || Coordination delay (s): 0.0000 || DIST task delay: 0.0000 || RECV task delay: 0.0000 || Queueing delay: 0.0000 || MSG (from mid) Ave. delay: 0.0000 || Total cache delay: 0.0000 || Ave. cache delay: 0.0000
[R#255] CUMULATIVE_RUNTIME_SEC=18412.6957
Top Aggregator Timestamps: CACHE, CACHE_START_T: 0.0, CACHE_END_T: 0.0 || AGG, AGG_START_T: 0.0, AGG_END_T: 0.0 || EVAL, EVAL_START_T: 1765420915.8438148, EVAL_END_T: 1765420916.350154 || RECV, RECV_START_T: 0.0, RECV_END_T: 0.0 || DIST, DIST_START_T: 0.0, DIST_END_T: 0.0 || LOAD, LOAD_START_T: 1765420849.8773208, LOAD_END_T: 1765420856.0149417 || MSG_MTo, MSG_MTo_START_T: 0.0, MSG_MTo_END_T: 0.0
Loaded FEMNIST test split partition_id=56 with 343 samples
Wall-clock time: 1765420989.845229 ||Test loss: 0.5128 || Test accuracy: 0.8688 || CPU time: 7.5260 || CPU utilization: 0.1024 || R#256's duration (s): 73.4950 || Cumulative runtime (s): 18486.1907 || Loading data delay (s): 6.6697 || Eval delay (s): 0.5594 || Agg delay (s): 0.0000 || Coordination delay (s): 0.0000 || DIST task delay: 0.0000 || RECV task delay: 0.0000 || Queueing delay: 0.0000 || MSG (from mid) Ave. delay: 0.0000 || Total cache delay: 0.0000 || Ave. cache delay: 0.0000
[R#256] CUMULATIVE_RUNTIME_SEC=18486.1907
Top Aggregator Timestamps: CACHE, CACHE_START_T: 0.0, CACHE_END_T: 0.0 || AGG, AGG_START_T: 0.0, AGG_END_T: 0.0 || EVAL, EVAL_START_T: 1765420989.285786, EVAL_END_T: 1765420989.8452032 || RECV, RECV_START_T: 0.0, RECV_END_T: 0.0 || DIST, DIST_START_T: 0.0, DIST_END_T: 0.0 || LOAD, LOAD_START_T: 1765420916.3548393, LOAD_END_T: 1765420923.0245278 || MSG_MTo, MSG_MTo_START_T: 0.0, MSG_MTo_END_T: 0.0
Loaded FEMNIST test split partition_id=65 with 379 samples
Wall-clock time: 1765421072.8775682 ||Test loss: 0.2279 || Test accuracy: 0.9261 || CPU time: 7.9970 || CPU utilization: 0.0963 || R#257's duration (s): 83.0323 || Cumulative runtime (s): 18569.2231 || Loading data delay (s): 7.3979 || Eval delay (s): 0.5846 || Agg delay (s): 0.0000 || Coordination delay (s): 0.0000 || DIST task delay: 0.0000 || RECV task delay: 0.0000 || Queueing delay: 0.0000 || MSG (from mid) Ave. delay: 0.0000 || Total cache delay: 0.0000 || Ave. cache delay: 0.0000
[R#257] CUMULATIVE_RUNTIME_SEC=18569.2231
Top Aggregator Timestamps: CACHE, CACHE_START_T: 0.0, CACHE_END_T: 0.0 || AGG, AGG_START_T: 0.0, AGG_END_T: 0.0 || EVAL, EVAL_START_T: 1765421072.2929487, EVAL_END_T: 1765421072.8775477 || RECV, RECV_START_T: 0.0, RECV_END_T: 0.0 || DIST, DIST_START_T: 0.0, DIST_END_T: 0.0 || LOAD, LOAD_START_T: 1765420989.848575, LOAD_END_T: 1765420997.2465186 || MSG_MTo, MSG_MTo_START_T: 0.0, MSG_MTo_END_T: 0.0
Loaded FEMNIST test split partition_id=22 with 334 samples
Wall-clock time: 1765421156.5266776 ||Test loss: 1.1415 || Test accuracy: 0.6856 || CPU time: 7.1448 || CPU utilization: 0.0854 || R#258's duration (s): 83.6491 || Cumulative runtime (s): 18652.8722 || Loading data delay (s): 6.9598 || Eval delay (s): 0.5184 || Agg delay (s): 0.0000 || Coordination delay (s): 0.0000 || DIST task delay: 0.0000 || RECV task delay: 0.0000 || Queueing delay: 0.0000 || MSG (from mid) Ave. delay: 0.0000 || Total cache delay: 0.0000 || Ave. cache delay: 0.0000
[R#258] CUMULATIVE_RUNTIME_SEC=18652.8722
Top Aggregator Timestamps: CACHE, CACHE_START_T: 0.0, CACHE_END_T: 0.0 || AGG, AGG_START_T: 0.0, AGG_END_T: 0.0 || EVAL, EVAL_START_T: 1765421156.0083008, EVAL_END_T: 1765421156.5266552 || RECV, RECV_START_T: 0.0, RECV_END_T: 0.0 || DIST, DIST_START_T: 0.0, DIST_END_T: 0.0 || LOAD, LOAD_START_T: 1765421072.881082, LOAD_END_T: 1765421079.840867 || MSG_MTo, MSG_MTo_START_T: 0.0, MSG_MTo_END_T: 0.0
Loaded FEMNIST test split partition_id=37 with 403 samples
Wall-clock time: 1765421226.8834121 ||Test loss: 0.5747 || Test accuracy: 0.8288 || CPU time: 8.9027 || CPU utilization: 0.1265 || R#259's duration (s): 70.3567 || Cumulative runtime (s): 18723.2289 || Loading data delay (s): 6.4184 || Eval delay (s): 0.6680 || Agg delay (s): 0.0000 || Coordination delay (s): 0.0000 || DIST task delay: 0.0000 || RECV task delay: 0.0000 || Queueing delay: 0.0000 || MSG (from mid) Ave. delay: 0.0000 || Total cache delay: 0.0000 || Ave. cache delay: 0.0000
[R#259] CUMULATIVE_RUNTIME_SEC=18723.2289
Top Aggregator Timestamps: CACHE, CACHE_START_T: 0.0, CACHE_END_T: 0.0 || AGG, AGG_START_T: 0.0, AGG_END_T: 0.0 || EVAL, EVAL_START_T: 1765421226.2153664, EVAL_END_T: 1765421226.8833888 || RECV, RECV_START_T: 0.0, RECV_END_T: 0.0 || DIST, DIST_START_T: 0.0, DIST_END_T: 0.0 || LOAD, LOAD_START_T: 1765421156.530014, LOAD_END_T: 1765421162.9484031 || MSG_MTo, MSG_MTo_START_T: 0.0, MSG_MTo_END_T: 0.0
Loaded FEMNIST test split partition_id=55 with 373 samples
Wall-clock time: 1765421301.224698 ||Test loss: 1.0686 || Test accuracy: 0.6890 || CPU time: 8.3026 || CPU utilization: 0.1117 || R#260's duration (s): 74.3413 || Cumulative runtime (s): 18797.5702 || Loading data delay (s): 8.2162 || Eval delay (s): 0.6144 || Agg delay (s): 0.0000 || Coordination delay (s): 0.0000 || DIST task delay: 0.0000 || RECV task delay: 0.0000 || Queueing delay: 0.0000 || MSG (from mid) Ave. delay: 0.0000 || Total cache delay: 0.0000 || Ave. cache delay: 0.0000
[R#260] CUMULATIVE_RUNTIME_SEC=18797.5702
Top Aggregator Timestamps: CACHE, CACHE_START_T: 0.0, CACHE_END_T: 0.0 || AGG, AGG_START_T: 0.0, AGG_END_T: 0.0 || EVAL, EVAL_START_T: 1765421300.610295, EVAL_END_T: 1765421301.224671 || RECV, RECV_START_T: 0.0, RECV_END_T: 0.0 || DIST, DIST_START_T: 0.0, DIST_END_T: 0.0 || LOAD, LOAD_START_T: 1765421226.888281, LOAD_END_T: 1765421235.1045244 || MSG_MTo, MSG_MTo_START_T: 0.0, MSG_MTo_END_T: 0.0
Loaded FEMNIST test split partition_id=67 with 253 samples
Wall-clock time: 1765421382.1165612 ||Test loss: 1.1523 || Test accuracy: 0.7075 || CPU time: 6.3760 || CPU utilization: 0.0788 || R#261's duration (s): 80.8919 || Cumulative runtime (s): 18878.4621 || Loading data delay (s): 6.4192 || Eval delay (s): 0.4799 || Agg delay (s): 0.0000 || Coordination delay (s): 0.0000 || DIST task delay: 0.0000 || RECV task delay: 0.0000 || Queueing delay: 0.0000 || MSG (from mid) Ave. delay: 0.0000 || Total cache delay: 0.0000 || Ave. cache delay: 0.0000
[R#261] CUMULATIVE_RUNTIME_SEC=18878.4621
Top Aggregator Timestamps: CACHE, CACHE_START_T: 0.0, CACHE_END_T: 0.0 || AGG, AGG_START_T: 0.0, AGG_END_T: 0.0 || EVAL, EVAL_START_T: 1765421381.6366131, EVAL_END_T: 1765421382.1165385 || RECV, RECV_START_T: 0.0, RECV_END_T: 0.0 || DIST, DIST_START_T: 0.0, DIST_END_T: 0.0 || LOAD, LOAD_START_T: 1765421301.2291293, LOAD_END_T: 1765421307.6483595 || MSG_MTo, MSG_MTo_START_T: 0.0, MSG_MTo_END_T: 0.0
Loaded FEMNIST test split partition_id=22 with 334 samples
Wall-clock time: 1765421447.2949178 ||Test loss: 1.2033 || Test accuracy: 0.6976 || CPU time: 7.1239 || CPU utilization: 0.1093 || R#262's duration (s): 65.1784 || Cumulative runtime (s): 18943.6404 || Loading data delay (s): 7.1819 || Eval delay (s): 0.5187 || Agg delay (s): 0.0000 || Coordination delay (s): 0.0000 || DIST task delay: 0.0000 || RECV task delay: 0.0000 || Queueing delay: 0.0000 || MSG (from mid) Ave. delay: 0.0000 || Total cache delay: 0.0000 || Ave. cache delay: 0.0000
[R#262] CUMULATIVE_RUNTIME_SEC=18943.6404
Top Aggregator Timestamps: CACHE, CACHE_START_T: 0.0, CACHE_END_T: 0.0 || AGG, AGG_START_T: 0.0, AGG_END_T: 0.0 || EVAL, EVAL_START_T: 1765421446.7762487, EVAL_END_T: 1765421447.2948987 || RECV, RECV_START_T: 0.0, RECV_END_T: 0.0 || DIST, DIST_START_T: 0.0, DIST_END_T: 0.0 || LOAD, LOAD_START_T: 1765421382.1204464, LOAD_END_T: 1765421389.3023858 || MSG_MTo, MSG_MTo_START_T: 0.0, MSG_MTo_END_T: 0.0
Loaded FEMNIST test split partition_id=15 with 370 samples
Wall-clock time: 1765421516.1725662 ||Test loss: 0.6378 || Test accuracy: 0.8000 || CPU time: 8.1623 || CPU utilization: 0.1185 || R#263's duration (s): 68.8776 || Cumulative runtime (s): 19012.5181 || Loading data delay (s): 6.1662 || Eval delay (s): 0.6042 || Agg delay (s): 0.0000 || Coordination delay (s): 0.0000 || DIST task delay: 0.0000 || RECV task delay: 0.0000 || Queueing delay: 0.0000 || MSG (from mid) Ave. delay: 0.0000 || Total cache delay: 0.0000 || Ave. cache delay: 0.0000
[R#263] CUMULATIVE_RUNTIME_SEC=19012.5181
Top Aggregator Timestamps: CACHE, CACHE_START_T: 0.0, CACHE_END_T: 0.0 || AGG, AGG_START_T: 0.0, AGG_END_T: 0.0 || EVAL, EVAL_START_T: 1765421515.5683446, EVAL_END_T: 1765421516.172544 || RECV, RECV_START_T: 0.0, RECV_END_T: 0.0 || DIST, DIST_START_T: 0.0, DIST_END_T: 0.0 || LOAD, LOAD_START_T: 1765421447.298249, LOAD_END_T: 1765421453.4644158 || MSG_MTo, MSG_MTo_START_T: 0.0, MSG_MTo_END_T: 0.0
Loaded FEMNIST test split partition_id=28 with 399 samples
Wall-clock time: 1765421603.080302 ||Test loss: 0.4859 || Test accuracy: 0.8622 || CPU time: 8.5008 || CPU utilization: 0.0978 || R#264's duration (s): 86.9077 || Cumulative runtime (s): 19099.4258 || Loading data delay (s): 6.5013 || Eval delay (s): 0.6279 || Agg delay (s): 0.0000 || Coordination delay (s): 0.0000 || DIST task delay: 0.0000 || RECV task delay: 0.0000 || Queueing delay: 0.0000 || MSG (from mid) Ave. delay: 0.0000 || Total cache delay: 0.0000 || Ave. cache delay: 0.0000
[R#264] CUMULATIVE_RUNTIME_SEC=19099.4258
Top Aggregator Timestamps: CACHE, CACHE_START_T: 0.0, CACHE_END_T: 0.0 || AGG, AGG_START_T: 0.0, AGG_END_T: 0.0 || EVAL, EVAL_START_T: 1765421602.4524035, EVAL_END_T: 1765421603.0802808 || RECV, RECV_START_T: 0.0, RECV_END_T: 0.0 || DIST, DIST_START_T: 0.0, DIST_END_T: 0.0 || LOAD, LOAD_START_T: 1765421516.1758966, LOAD_END_T: 1765421522.6772418 || MSG_MTo, MSG_MTo_START_T: 0.0, MSG_MTo_END_T: 0.0
Loaded FEMNIST test split partition_id=6 with 380 samples
Wall-clock time: 1765421696.5108368 ||Test loss: 0.4769 || Test accuracy: 0.8579 || CPU time: 8.3772 || CPU utilization: 0.0897 || R#265's duration (s): 93.4305 || Cumulative runtime (s): 19192.8563 || Loading data delay (s): 6.6783 || Eval delay (s): 0.6205 || Agg delay (s): 0.0000 || Coordination delay (s): 0.0000 || DIST task delay: 0.0000 || RECV task delay: 0.0000 || Queueing delay: 0.0000 || MSG (from mid) Ave. delay: 0.0000 || Total cache delay: 0.0000 || Ave. cache delay: 0.0000
[R#265] CUMULATIVE_RUNTIME_SEC=19192.8563
Top Aggregator Timestamps: CACHE, CACHE_START_T: 0.0, CACHE_END_T: 0.0 || AGG, AGG_START_T: 0.0, AGG_END_T: 0.0 || EVAL, EVAL_START_T: 1765421695.8903172, EVAL_END_T: 1765421696.5107994 || RECV, RECV_START_T: 0.0, RECV_END_T: 0.0 || DIST, DIST_START_T: 0.0, DIST_END_T: 0.0 || LOAD, LOAD_START_T: 1765421603.083876, LOAD_END_T: 1765421609.7621424 || MSG_MTo, MSG_MTo_START_T: 0.0, MSG_MTo_END_T: 0.0
Loaded FEMNIST test split partition_id=50 with 313 samples
Wall-clock time: 1765421766.1589465 ||Test loss: 0.4286 || Test accuracy: 0.8786 || CPU time: 6.7162 || CPU utilization: 0.0964 || R#266's duration (s): 69.6481 || Cumulative runtime (s): 19262.5044 || Loading data delay (s): 6.5817 || Eval delay (s): 0.4942 || Agg delay (s): 0.0000 || Coordination delay (s): 0.0000 || DIST task delay: 0.0000 || RECV task delay: 0.0000 || Queueing delay: 0.0000 || MSG (from mid) Ave. delay: 0.0000 || Total cache delay: 0.0000 || Ave. cache delay: 0.0000
[R#266] CUMULATIVE_RUNTIME_SEC=19262.5044
Top Aggregator Timestamps: CACHE, CACHE_START_T: 0.0, CACHE_END_T: 0.0 || AGG, AGG_START_T: 0.0, AGG_END_T: 0.0 || EVAL, EVAL_START_T: 1765421765.6647255, EVAL_END_T: 1765421766.1589193 || RECV, RECV_START_T: 0.0, RECV_END_T: 0.0 || DIST, DIST_START_T: 0.0, DIST_END_T: 0.0 || LOAD, LOAD_START_T: 1765421696.5146148, LOAD_END_T: 1765421703.0963392 || MSG_MTo, MSG_MTo_START_T: 0.0, MSG_MTo_END_T: 0.0
Loaded FEMNIST test split partition_id=62 with 390 samples
Wall-clock time: 1765421834.6258247 ||Test loss: 0.5910 || Test accuracy: 0.8333 || CPU time: 8.3225 || CPU utilization: 0.1216 || R#267's duration (s): 68.4669 || Cumulative runtime (s): 19330.9713 || Loading data delay (s): 6.4033 || Eval delay (s): 0.6052 || Agg delay (s): 0.0000 || Coordination delay (s): 0.0000 || DIST task delay: 0.0000 || RECV task delay: 0.0000 || Queueing delay: 0.0000 || MSG (from mid) Ave. delay: 0.0000 || Total cache delay: 0.0000 || Ave. cache delay: 0.0000
[R#267] CUMULATIVE_RUNTIME_SEC=19330.9713
Top Aggregator Timestamps: CACHE, CACHE_START_T: 0.0, CACHE_END_T: 0.0 || AGG, AGG_START_T: 0.0, AGG_END_T: 0.0 || EVAL, EVAL_START_T: 1765421834.0205572, EVAL_END_T: 1765421834.6258047 || RECV, RECV_START_T: 0.0, RECV_END_T: 0.0 || DIST, DIST_START_T: 0.0, DIST_END_T: 0.0 || LOAD, LOAD_START_T: 1765421766.1618903, LOAD_END_T: 1765421772.5651443 || MSG_MTo, MSG_MTo_START_T: 0.0, MSG_MTo_END_T: 0.0
Loaded FEMNIST test split partition_id=7 with 375 samples
Wall-clock time: 1765421913.2972279 ||Test loss: 0.8008 || Test accuracy: 0.7333 || CPU time: 7.9220 || CPU utilization: 0.1007 || R#268's duration (s): 78.6714 || Cumulative runtime (s): 19409.6427 || Loading data delay (s): 6.3683 || Eval delay (s): 0.5788 || Agg delay (s): 0.0000 || Coordination delay (s): 0.0000 || DIST task delay: 0.0000 || RECV task delay: 0.0000 || Queueing delay: 0.0000 || MSG (from mid) Ave. delay: 0.0000 || Total cache delay: 0.0000 || Ave. cache delay: 0.0000
[R#268] CUMULATIVE_RUNTIME_SEC=19409.6427
Top Aggregator Timestamps: CACHE, CACHE_START_T: 0.0, CACHE_END_T: 0.0 || AGG, AGG_START_T: 0.0, AGG_END_T: 0.0 || EVAL, EVAL_START_T: 1765421912.7183726, EVAL_END_T: 1765421913.2972085 || RECV, RECV_START_T: 0.0, RECV_END_T: 0.0 || DIST, DIST_START_T: 0.0, DIST_END_T: 0.0 || LOAD, LOAD_START_T: 1765421834.629073, LOAD_END_T: 1765421840.997327 || MSG_MTo, MSG_MTo_START_T: 0.0, MSG_MTo_END_T: 0.0
Loaded FEMNIST test split partition_id=59 with 361 samples
Wall-clock time: 1765421981.9584854 ||Test loss: 0.7939 || Test accuracy: 0.7590 || CPU time: 8.3747 || CPU utilization: 0.1220 || R#269's duration (s): 68.6613 || Cumulative runtime (s): 19478.3040 || Loading data delay (s): 6.3893 || Eval delay (s): 0.6316 || Agg delay (s): 0.0000 || Coordination delay (s): 0.0000 || DIST task delay: 0.0000 || RECV task delay: 0.0000 || Queueing delay: 0.0000 || MSG (from mid) Ave. delay: 0.0000 || Total cache delay: 0.0000 || Ave. cache delay: 0.0000
[R#269] CUMULATIVE_RUNTIME_SEC=19478.3040
Top Aggregator Timestamps: CACHE, CACHE_START_T: 0.0, CACHE_END_T: 0.0 || AGG, AGG_START_T: 0.0, AGG_END_T: 0.0 || EVAL, EVAL_START_T: 1765421981.3268323, EVAL_END_T: 1765421981.9584222 || RECV, RECV_START_T: 0.0, RECV_END_T: 0.0 || DIST, DIST_START_T: 0.0, DIST_END_T: 0.0 || LOAD, LOAD_START_T: 1765421913.3004699, LOAD_END_T: 1765421919.689795 || MSG_MTo, MSG_MTo_START_T: 0.0, MSG_MTo_END_T: 0.0
Loaded FEMNIST test split partition_id=47 with 395 samples
Wall-clock time: 1765422057.3974166 ||Test loss: 0.5213 || Test accuracy: 0.8532 || CPU time: 9.3570 || CPU utilization: 0.1240 || R#270's duration (s): 75.4389 || Cumulative runtime (s): 19553.7429 || Loading data delay (s): 7.5673 || Eval delay (s): 0.6982 || Agg delay (s): 0.0000 || Coordination delay (s): 0.0000 || DIST task delay: 0.0000 || RECV task delay: 0.0000 || Queueing delay: 0.0000 || MSG (from mid) Ave. delay: 0.0000 || Total cache delay: 0.0000 || Ave. cache delay: 0.0000
[R#270] CUMULATIVE_RUNTIME_SEC=19553.7429
Top Aggregator Timestamps: CACHE, CACHE_START_T: 0.0, CACHE_END_T: 0.0 || AGG, AGG_START_T: 0.0, AGG_END_T: 0.0 || EVAL, EVAL_START_T: 1765422056.6992013, EVAL_END_T: 1765422057.3973901 || RECV, RECV_START_T: 0.0, RECV_END_T: 0.0 || DIST, DIST_START_T: 0.0, DIST_END_T: 0.0 || LOAD, LOAD_START_T: 1765421981.9645486, LOAD_END_T: 1765421989.5318496 || MSG_MTo, MSG_MTo_START_T: 0.0, MSG_MTo_END_T: 0.0
Loaded FEMNIST test split partition_id=23 with 418 samples
Wall-clock time: 1765422134.8377907 ||Test loss: 0.4182 || Test accuracy: 0.8469 || CPU time: 8.8349 || CPU utilization: 0.1141 || R#271's duration (s): 77.4404 || Cumulative runtime (s): 19631.1833 || Loading data delay (s): 7.1042 || Eval delay (s): 0.6519 || Agg delay (s): 0.0000 || Coordination delay (s): 0.0000 || DIST task delay: 0.0000 || RECV task delay: 0.0000 || Queueing delay: 0.0000 || MSG (from mid) Ave. delay: 0.0000 || Total cache delay: 0.0000 || Ave. cache delay: 0.0000
[R#271] CUMULATIVE_RUNTIME_SEC=19631.1833
Top Aggregator Timestamps: CACHE, CACHE_START_T: 0.0, CACHE_END_T: 0.0 || AGG, AGG_START_T: 0.0, AGG_END_T: 0.0 || EVAL, EVAL_START_T: 1765422134.185851, EVAL_END_T: 1765422134.8377638 || RECV, RECV_START_T: 0.0, RECV_END_T: 0.0 || DIST, DIST_START_T: 0.0, DIST_END_T: 0.0 || LOAD, LOAD_START_T: 1765422057.4020467, LOAD_END_T: 1765422064.506199 || MSG_MTo, MSG_MTo_START_T: 0.0, MSG_MTo_END_T: 0.0
Loaded FEMNIST test split partition_id=40 with 375 samples
Wall-clock time: 1765422194.808773 ||Test loss: 0.4916 || Test accuracy: 0.8400 || CPU time: 7.9261 || CPU utilization: 0.1322 || R#272's duration (s): 59.9710 || Cumulative runtime (s): 19691.1543 || Loading data delay (s): 7.0949 || Eval delay (s): 0.5837 || Agg delay (s): 0.0000 || Coordination delay (s): 0.0000 || DIST task delay: 0.0000 || RECV task delay: 0.0000 || Queueing delay: 0.0000 || MSG (from mid) Ave. delay: 0.0000 || Total cache delay: 0.0000 || Ave. cache delay: 0.0000
[R#272] CUMULATIVE_RUNTIME_SEC=19691.1543
Top Aggregator Timestamps: CACHE, CACHE_START_T: 0.0, CACHE_END_T: 0.0 || AGG, AGG_START_T: 0.0, AGG_END_T: 0.0 || EVAL, EVAL_START_T: 1765422194.2250304, EVAL_END_T: 1765422194.80875 || RECV, RECV_START_T: 0.0, RECV_END_T: 0.0 || DIST, DIST_START_T: 0.0, DIST_END_T: 0.0 || LOAD, LOAD_START_T: 1765422134.8419764, LOAD_END_T: 1765422141.936896 || MSG_MTo, MSG_MTo_START_T: 0.0, MSG_MTo_END_T: 0.0
Loaded FEMNIST test split partition_id=24 with 374 samples
Wall-clock time: 1765422265.6677132 ||Test loss: 0.4762 || Test accuracy: 0.8476 || CPU time: 7.8186 || CPU utilization: 0.1103 || R#273's duration (s): 70.8589 || Cumulative runtime (s): 19762.0132 || Loading data delay (s): 6.4598 || Eval delay (s): 0.5763 || Agg delay (s): 0.0000 || Coordination delay (s): 0.0000 || DIST task delay: 0.0000 || RECV task delay: 0.0000 || Queueing delay: 0.0000 || MSG (from mid) Ave. delay: 0.0000 || Total cache delay: 0.0000 || Ave. cache delay: 0.0000
[R#273] CUMULATIVE_RUNTIME_SEC=19762.0132
Top Aggregator Timestamps: CACHE, CACHE_START_T: 0.0, CACHE_END_T: 0.0 || AGG, AGG_START_T: 0.0, AGG_END_T: 0.0 || EVAL, EVAL_START_T: 1765422265.0913558, EVAL_END_T: 1765422265.6676898 || RECV, RECV_START_T: 0.0, RECV_END_T: 0.0 || DIST, DIST_START_T: 0.0, DIST_END_T: 0.0 || LOAD, LOAD_START_T: 1765422194.8124557, LOAD_END_T: 1765422201.2722585 || MSG_MTo, MSG_MTo_START_T: 0.0, MSG_MTo_END_T: 0.0
Loaded FEMNIST test split partition_id=49 with 393 samples
Wall-clock time: 1765422340.8975103 ||Test loss: 0.3418 || Test accuracy: 0.8575 || CPU time: 9.4967 || CPU utilization: 0.1262 || R#274's duration (s): 75.2298 || Cumulative runtime (s): 19837.2430 || Loading data delay (s): 6.5992 || Eval delay (s): 0.7284 || Agg delay (s): 0.0000 || Coordination delay (s): 0.0000 || DIST task delay: 0.0000 || RECV task delay: 0.0000 || Queueing delay: 0.0000 || MSG (from mid) Ave. delay: 0.0000 || Total cache delay: 0.0000 || Ave. cache delay: 0.0000
[R#274] CUMULATIVE_RUNTIME_SEC=19837.2430
Top Aggregator Timestamps: CACHE, CACHE_START_T: 0.0, CACHE_END_T: 0.0 || AGG, AGG_START_T: 0.0, AGG_END_T: 0.0 || EVAL, EVAL_START_T: 1765422340.1690428, EVAL_END_T: 1765422340.8974838 || RECV, RECV_START_T: 0.0, RECV_END_T: 0.0 || DIST, DIST_START_T: 0.0, DIST_END_T: 0.0 || LOAD, LOAD_START_T: 1765422265.6708817, LOAD_END_T: 1765422272.2700944 || MSG_MTo, MSG_MTo_START_T: 0.0, MSG_MTo_END_T: 0.0
Loaded FEMNIST test split partition_id=2 with 404 samples
Wall-clock time: 1765422416.5803976 ||Test loss: 0.4679 || Test accuracy: 0.8663 || CPU time: 8.5889 || CPU utilization: 0.1135 || R#275's duration (s): 75.6829 || Cumulative runtime (s): 19912.9259 || Loading data delay (s): 7.2357 || Eval delay (s): 0.6323 || Agg delay (s): 0.0000 || Coordination delay (s): 0.0000 || DIST task delay: 0.0000 || RECV task delay: 0.0000 || Queueing delay: 0.0000 || MSG (from mid) Ave. delay: 0.0000 || Total cache delay: 0.0000 || Ave. cache delay: 0.0000
[R#275] CUMULATIVE_RUNTIME_SEC=19912.9259
Top Aggregator Timestamps: CACHE, CACHE_START_T: 0.0, CACHE_END_T: 0.0 || AGG, AGG_START_T: 0.0, AGG_END_T: 0.0 || EVAL, EVAL_START_T: 1765422415.948085, EVAL_END_T: 1765422416.5803738 || RECV, RECV_START_T: 0.0, RECV_END_T: 0.0 || DIST, DIST_START_T: 0.0, DIST_END_T: 0.0 || LOAD, LOAD_START_T: 1765422340.9023297, LOAD_END_T: 1765422348.1380217 || MSG_MTo, MSG_MTo_START_T: 0.0, MSG_MTo_END_T: 0.0
Loaded FEMNIST test split partition_id=53 with 326 samples
Wall-clock time: 1765422499.2787209 ||Test loss: 0.7826 || Test accuracy: 0.7822 || CPU time: 7.4153 || CPU utilization: 0.0897 || R#276's duration (s): 82.6983 || Cumulative runtime (s): 19995.6242 || Loading data delay (s): 7.3918 || Eval delay (s): 0.5534 || Agg delay (s): 0.0000 || Coordination delay (s): 0.0000 || DIST task delay: 0.0000 || RECV task delay: 0.0000 || Queueing delay: 0.0000 || MSG (from mid) Ave. delay: 0.0000 || Total cache delay: 0.0000 || Ave. cache delay: 0.0000
[R#276] CUMULATIVE_RUNTIME_SEC=19995.6242
Top Aggregator Timestamps: CACHE, CACHE_START_T: 0.0, CACHE_END_T: 0.0 || AGG, AGG_START_T: 0.0, AGG_END_T: 0.0 || EVAL, EVAL_START_T: 1765422498.7252698, EVAL_END_T: 1765422499.2786899 || RECV, RECV_START_T: 0.0, RECV_END_T: 0.0 || DIST, DIST_START_T: 0.0, DIST_END_T: 0.0 || LOAD, LOAD_START_T: 1765422416.584665, LOAD_END_T: 1765422423.976488 || MSG_MTo, MSG_MTo_START_T: 0.0, MSG_MTo_END_T: 0.0
Loaded FEMNIST test split partition_id=46 with 430 samples
Wall-clock time: 1765422567.465981 ||Test loss: 0.2335 || Test accuracy: 0.9140 || CPU time: 8.9394 || CPU utilization: 0.1311 || R#277's duration (s): 68.1873 || Cumulative runtime (s): 20063.8115 || Loading data delay (s): 6.8748 || Eval delay (s): 0.6604 || Agg delay (s): 0.0000 || Coordination delay (s): 0.0000 || DIST task delay: 0.0000 || RECV task delay: 0.0000 || Queueing delay: 0.0000 || MSG (from mid) Ave. delay: 0.0000 || Total cache delay: 0.0000 || Ave. cache delay: 0.0000
[R#277] CUMULATIVE_RUNTIME_SEC=20063.8115
Top Aggregator Timestamps: CACHE, CACHE_START_T: 0.0, CACHE_END_T: 0.0 || AGG, AGG_START_T: 0.0, AGG_END_T: 0.0 || EVAL, EVAL_START_T: 1765422566.8055627, EVAL_END_T: 1765422567.465958 || RECV, RECV_START_T: 0.0, RECV_END_T: 0.0 || DIST, DIST_START_T: 0.0, DIST_END_T: 0.0 || LOAD, LOAD_START_T: 1765422499.2825005, LOAD_END_T: 1765422506.157286 || MSG_MTo, MSG_MTo_START_T: 0.0, MSG_MTo_END_T: 0.0
Loaded FEMNIST test split partition_id=35 with 416 samples
Wall-clock time: 1765422639.1273813 ||Test loss: 0.5181 || Test accuracy: 0.8221 || CPU time: 8.5093 || CPU utilization: 0.1187 || R#278's duration (s): 71.6614 || Cumulative runtime (s): 20135.4729 || Loading data delay (s): 6.7756 || Eval delay (s): 0.6357 || Agg delay (s): 0.0000 || Coordination delay (s): 0.0000 || DIST task delay: 0.0000 || RECV task delay: 0.0000 || Queueing delay: 0.0000 || MSG (from mid) Ave. delay: 0.0000 || Total cache delay: 0.0000 || Ave. cache delay: 0.0000
[R#278] CUMULATIVE_RUNTIME_SEC=20135.4729
Top Aggregator Timestamps: CACHE, CACHE_START_T: 0.0, CACHE_END_T: 0.0 || AGG, AGG_START_T: 0.0, AGG_END_T: 0.0 || EVAL, EVAL_START_T: 1765422638.4916813, EVAL_END_T: 1765422639.1273592 || RECV, RECV_START_T: 0.0, RECV_END_T: 0.0 || DIST, DIST_START_T: 0.0, DIST_END_T: 0.0 || LOAD, LOAD_START_T: 1765422567.4702551, LOAD_END_T: 1765422574.2458706 || MSG_MTo, MSG_MTo_START_T: 0.0, MSG_MTo_END_T: 0.0
Loaded FEMNIST test split partition_id=62 with 390 samples
Wall-clock time: 1765422709.8620355 ||Test loss: 0.5997 || Test accuracy: 0.8154 || CPU time: 8.2793 || CPU utilization: 0.1170 || R#279's duration (s): 70.7347 || Cumulative runtime (s): 20206.2075 || Loading data delay (s): 7.2786 || Eval delay (s): 0.6063 || Agg delay (s): 0.0000 || Coordination delay (s): 0.0000 || DIST task delay: 0.0000 || RECV task delay: 0.0000 || Queueing delay: 0.0000 || MSG (from mid) Ave. delay: 0.0000 || Total cache delay: 0.0000 || Ave. cache delay: 0.0000
[R#279] CUMULATIVE_RUNTIME_SEC=20206.2075
Top Aggregator Timestamps: CACHE, CACHE_START_T: 0.0, CACHE_END_T: 0.0 || AGG, AGG_START_T: 0.0, AGG_END_T: 0.0 || EVAL, EVAL_START_T: 1765422709.2557137, EVAL_END_T: 1765422709.862011 || RECV, RECV_START_T: 0.0, RECV_END_T: 0.0 || DIST, DIST_START_T: 0.0, DIST_END_T: 0.0 || LOAD, LOAD_START_T: 1765422639.1310732, LOAD_END_T: 1765422646.4096713 || MSG_MTo, MSG_MTo_START_T: 0.0, MSG_MTo_END_T: 0.0
Loaded FEMNIST test split partition_id=15 with 370 samples
Wall-clock time: 1765422772.2517488 ||Test loss: 0.5933 || Test accuracy: 0.8054 || CPU time: 7.8160 || CPU utilization: 0.1253 || R#280's duration (s): 62.3897 || Cumulative runtime (s): 20268.5972 || Loading data delay (s): 6.7891 || Eval delay (s): 0.5806 || Agg delay (s): 0.0000 || Coordination delay (s): 0.0000 || DIST task delay: 0.0000 || RECV task delay: 0.0000 || Queueing delay: 0.0000 || MSG (from mid) Ave. delay: 0.0000 || Total cache delay: 0.0000 || Ave. cache delay: 0.0000
[R#280] CUMULATIVE_RUNTIME_SEC=20268.5972
Top Aggregator Timestamps: CACHE, CACHE_START_T: 0.0, CACHE_END_T: 0.0 || AGG, AGG_START_T: 0.0, AGG_END_T: 0.0 || EVAL, EVAL_START_T: 1765422771.6711411, EVAL_END_T: 1765422772.2517142 || RECV, RECV_START_T: 0.0, RECV_END_T: 0.0 || DIST, DIST_START_T: 0.0, DIST_END_T: 0.0 || LOAD, LOAD_START_T: 1765422709.8653069, LOAD_END_T: 1765422716.6543956 || MSG_MTo, MSG_MTo_START_T: 0.0, MSG_MTo_END_T: 0.0
Loaded FEMNIST test split partition_id=58 with 346 samples
Wall-clock time: 1765422838.1226845 ||Test loss: 0.5169 || Test accuracy: 0.8353 || CPU time: 7.2739 || CPU utilization: 0.1104 || R#281's duration (s): 65.8709 || Cumulative runtime (s): 20334.4682 || Loading data delay (s): 6.1317 || Eval delay (s): 0.5365 || Agg delay (s): 0.0000 || Coordination delay (s): 0.0000 || DIST task delay: 0.0000 || RECV task delay: 0.0000 || Queueing delay: 0.0000 || MSG (from mid) Ave. delay: 0.0000 || Total cache delay: 0.0000 || Ave. cache delay: 0.0000
[R#281] CUMULATIVE_RUNTIME_SEC=20334.4682
Top Aggregator Timestamps: CACHE, CACHE_START_T: 0.0, CACHE_END_T: 0.0 || AGG, AGG_START_T: 0.0, AGG_END_T: 0.0 || EVAL, EVAL_START_T: 1765422837.5861833, EVAL_END_T: 1765422838.122665 || RECV, RECV_START_T: 0.0, RECV_END_T: 0.0 || DIST, DIST_START_T: 0.0, DIST_END_T: 0.0 || LOAD, LOAD_START_T: 1765422772.255192, LOAD_END_T: 1765422778.3869278 || MSG_MTo, MSG_MTo_START_T: 0.0, MSG_MTo_END_T: 0.0
Loaded FEMNIST test split partition_id=31 with 407 samples
Wall-clock time: 1765422941.9988196 ||Test loss: 0.6461 || Test accuracy: 0.8206 || CPU time: 8.5846 || CPU utilization: 0.0826 || R#282's duration (s): 103.8761 || Cumulative runtime (s): 20438.3443 || Loading data delay (s): 6.3934 || Eval delay (s): 0.6264 || Agg delay (s): 0.0000 || Coordination delay (s): 0.0000 || DIST task delay: 0.0000 || RECV task delay: 0.0000 || Queueing delay: 0.0000 || MSG (from mid) Ave. delay: 0.0000 || Total cache delay: 0.0000 || Ave. cache delay: 0.0000
[R#282] CUMULATIVE_RUNTIME_SEC=20438.3443
Top Aggregator Timestamps: CACHE, CACHE_START_T: 0.0, CACHE_END_T: 0.0 || AGG, AGG_START_T: 0.0, AGG_END_T: 0.0 || EVAL, EVAL_START_T: 1765422941.3723767, EVAL_END_T: 1765422941.9988 || RECV, RECV_START_T: 0.0, RECV_END_T: 0.0 || DIST, DIST_START_T: 0.0, DIST_END_T: 0.0 || LOAD, LOAD_START_T: 1765422838.126506, LOAD_END_T: 1765422844.5199413 || MSG_MTo, MSG_MTo_START_T: 0.0, MSG_MTo_END_T: 0.0
Loaded FEMNIST test split partition_id=64 with 355 samples
Wall-clock time: 1765423020.4410558 ||Test loss: 1.0393 || Test accuracy: 0.7070 || CPU time: 7.4865 || CPU utilization: 0.0954 || R#283's duration (s): 78.4422 || Cumulative runtime (s): 20516.7865 || Loading data delay (s): 6.2250 || Eval delay (s): 0.5465 || Agg delay (s): 0.0000 || Coordination delay (s): 0.0000 || DIST task delay: 0.0000 || RECV task delay: 0.0000 || Queueing delay: 0.0000 || MSG (from mid) Ave. delay: 0.0000 || Total cache delay: 0.0000 || Ave. cache delay: 0.0000
[R#283] CUMULATIVE_RUNTIME_SEC=20516.7865
Top Aggregator Timestamps: CACHE, CACHE_START_T: 0.0, CACHE_END_T: 0.0 || AGG, AGG_START_T: 0.0, AGG_END_T: 0.0 || EVAL, EVAL_START_T: 1765423019.894549, EVAL_END_T: 1765423020.441031 || RECV, RECV_START_T: 0.0, RECV_END_T: 0.0 || DIST, DIST_START_T: 0.0, DIST_END_T: 0.0 || LOAD, LOAD_START_T: 1765422942.0021644, LOAD_END_T: 1765422948.2271793 || MSG_MTo, MSG_MTo_START_T: 0.0, MSG_MTo_END_T: 0.0
Loaded FEMNIST test split partition_id=53 with 326 samples
Wall-clock time: 1765423080.088045 ||Test loss: 0.8391 || Test accuracy: 0.7730 || CPU time: 7.0798 || CPU utilization: 0.1187 || R#284's duration (s): 59.6470 || Cumulative runtime (s): 20576.4335 || Loading data delay (s): 6.4425 || Eval delay (s): 0.5142 || Agg delay (s): 0.0000 || Coordination delay (s): 0.0000 || DIST task delay: 0.0000 || RECV task delay: 0.0000 || Queueing delay: 0.0000 || MSG (from mid) Ave. delay: 0.0000 || Total cache delay: 0.0000 || Ave. cache delay: 0.0000
[R#284] CUMULATIVE_RUNTIME_SEC=20576.4335
Top Aggregator Timestamps: CACHE, CACHE_START_T: 0.0, CACHE_END_T: 0.0 || AGG, AGG_START_T: 0.0, AGG_END_T: 0.0 || EVAL, EVAL_START_T: 1765423079.5737762, EVAL_END_T: 1765423080.0880241 || RECV, RECV_START_T: 0.0, RECV_END_T: 0.0 || DIST, DIST_START_T: 0.0, DIST_END_T: 0.0 || LOAD, LOAD_START_T: 1765423020.4443848, LOAD_END_T: 1765423026.8868692 || MSG_MTo, MSG_MTo_START_T: 0.0, MSG_MTo_END_T: 0.0
Loaded FEMNIST test split partition_id=16 with 312 samples
Wall-clock time: 1765423139.1026382 ||Test loss: 0.6691 || Test accuracy: 0.8141 || CPU time: 6.7110 || CPU utilization: 0.1137 || R#285's duration (s): 59.0146 || Cumulative runtime (s): 20635.4481 || Loading data delay (s): 6.6533 || Eval delay (s): 0.4871 || Agg delay (s): 0.0000 || Coordination delay (s): 0.0000 || DIST task delay: 0.0000 || RECV task delay: 0.0000 || Queueing delay: 0.0000 || MSG (from mid) Ave. delay: 0.0000 || Total cache delay: 0.0000 || Ave. cache delay: 0.0000
[R#285] CUMULATIVE_RUNTIME_SEC=20635.4481
Top Aggregator Timestamps: CACHE, CACHE_START_T: 0.0, CACHE_END_T: 0.0 || AGG, AGG_START_T: 0.0, AGG_END_T: 0.0 || EVAL, EVAL_START_T: 1765423138.6154914, EVAL_END_T: 1765423139.102619 || RECV, RECV_START_T: 0.0, RECV_END_T: 0.0 || DIST, DIST_START_T: 0.0, DIST_END_T: 0.0 || LOAD, LOAD_START_T: 1765423080.0915213, LOAD_END_T: 1765423086.7448597 || MSG_MTo, MSG_MTo_START_T: 0.0, MSG_MTo_END_T: 0.0
Loaded FEMNIST test split partition_id=40 with 375 samples
Wall-clock time: 1765423217.571467 ||Test loss: 0.5449 || Test accuracy: 0.8267 || CPU time: 7.7154 || CPU utilization: 0.0983 || R#286's duration (s): 78.4688 || Cumulative runtime (s): 20713.9170 || Loading data delay (s): 6.2455 || Eval delay (s): 0.5694 || Agg delay (s): 0.0000 || Coordination delay (s): 0.0000 || DIST task delay: 0.0000 || RECV task delay: 0.0000 || Queueing delay: 0.0000 || MSG (from mid) Ave. delay: 0.0000 || Total cache delay: 0.0000 || Ave. cache delay: 0.0000
[R#286] CUMULATIVE_RUNTIME_SEC=20713.9170
Top Aggregator Timestamps: CACHE, CACHE_START_T: 0.0, CACHE_END_T: 0.0 || AGG, AGG_START_T: 0.0, AGG_END_T: 0.0 || EVAL, EVAL_START_T: 1765423217.0020132, EVAL_END_T: 1765423217.5714402 || RECV, RECV_START_T: 0.0, RECV_END_T: 0.0 || DIST, DIST_START_T: 0.0, DIST_END_T: 0.0 || LOAD, LOAD_START_T: 1765423139.105987, LOAD_END_T: 1765423145.3514729 || MSG_MTo, MSG_MTo_START_T: 0.0, MSG_MTo_END_T: 0.0
Loaded FEMNIST test split partition_id=7 with 375 samples
Wall-clock time: 1765423293.5430982 ||Test loss: 0.8681 || Test accuracy: 0.7120 || CPU time: 8.6972 || CPU utilization: 0.1145 || R#287's duration (s): 75.9716 || Cumulative runtime (s): 20789.8886 || Loading data delay (s): 6.4364 || Eval delay (s): 0.6430 || Agg delay (s): 0.0000 || Coordination delay (s): 0.0000 || DIST task delay: 0.0000 || RECV task delay: 0.0000 || Queueing delay: 0.0000 || MSG (from mid) Ave. delay: 0.0000 || Total cache delay: 0.0000 || Ave. cache delay: 0.0000
[R#287] CUMULATIVE_RUNTIME_SEC=20789.8886
Top Aggregator Timestamps: CACHE, CACHE_START_T: 0.0, CACHE_END_T: 0.0 || AGG, AGG_START_T: 0.0, AGG_END_T: 0.0 || EVAL, EVAL_START_T: 1765423292.9000773, EVAL_END_T: 1765423293.543062 || RECV, RECV_START_T: 0.0, RECV_END_T: 0.0 || DIST, DIST_START_T: 0.0, DIST_END_T: 0.0 || LOAD, LOAD_START_T: 1765423217.5748413, LOAD_END_T: 1765423224.0112188 || MSG_MTo, MSG_MTo_START_T: 0.0, MSG_MTo_END_T: 0.0
Loaded FEMNIST test split partition_id=7 with 375 samples
Wall-clock time: 1765423359.3146453 ||Test loss: 0.7847 || Test accuracy: 0.7520 || CPU time: 7.7685 || CPU utilization: 0.1181 || R#288's duration (s): 65.7715 || Cumulative runtime (s): 20855.6601 || Loading data delay (s): 6.2663 || Eval delay (s): 0.5746 || Agg delay (s): 0.0000 || Coordination delay (s): 0.0000 || DIST task delay: 0.0000 || RECV task delay: 0.0000 || Queueing delay: 0.0000 || MSG (from mid) Ave. delay: 0.0000 || Total cache delay: 0.0000 || Ave. cache delay: 0.0000
[R#288] CUMULATIVE_RUNTIME_SEC=20855.6601
Top Aggregator Timestamps: CACHE, CACHE_START_T: 0.0, CACHE_END_T: 0.0 || AGG, AGG_START_T: 0.0, AGG_END_T: 0.0 || EVAL, EVAL_START_T: 1765423358.740056, EVAL_END_T: 1765423359.314626 || RECV, RECV_START_T: 0.0, RECV_END_T: 0.0 || DIST, DIST_START_T: 0.0, DIST_END_T: 0.0 || LOAD, LOAD_START_T: 1765423293.546713, LOAD_END_T: 1765423299.8130162 || MSG_MTo, MSG_MTo_START_T: 0.0, MSG_MTo_END_T: 0.0
Loaded FEMNIST test split partition_id=54 with 428 samples
Wall-clock time: 1765423420.9073448 ||Test loss: 0.2369 || Test accuracy: 0.9463 || CPU time: 9.2157 || CPU utilization: 0.1496 || R#289's duration (s): 61.5927 || Cumulative runtime (s): 20917.2528 || Loading data delay (s): 6.6316 || Eval delay (s): 0.7034 || Agg delay (s): 0.0000 || Coordination delay (s): 0.0000 || DIST task delay: 0.0000 || RECV task delay: 0.0000 || Queueing delay: 0.0000 || MSG (from mid) Ave. delay: 0.0000 || Total cache delay: 0.0000 || Ave. cache delay: 0.0000
[R#289] CUMULATIVE_RUNTIME_SEC=20917.2528
Top Aggregator Timestamps: CACHE, CACHE_START_T: 0.0, CACHE_END_T: 0.0 || AGG, AGG_START_T: 0.0, AGG_END_T: 0.0 || EVAL, EVAL_START_T: 1765423420.2038808, EVAL_END_T: 1765423420.9073067 || RECV, RECV_START_T: 0.0, RECV_END_T: 0.0 || DIST, DIST_START_T: 0.0, DIST_END_T: 0.0 || LOAD, LOAD_START_T: 1765423359.3181477, LOAD_END_T: 1765423365.94971 || MSG_MTo, MSG_MTo_START_T: 0.0, MSG_MTo_END_T: 0.0
Loaded FEMNIST test split partition_id=47 with 395 samples
Wall-clock time: 1765423508.9379697 ||Test loss: 0.4651 || Test accuracy: 0.8532 || CPU time: 8.1260 || CPU utilization: 0.0923 || R#290's duration (s): 88.0306 || Cumulative runtime (s): 21005.2835 || Loading data delay (s): 6.6820 || Eval delay (s): 0.5963 || Agg delay (s): 0.0000 || Coordination delay (s): 0.0000 || DIST task delay: 0.0000 || RECV task delay: 0.0000 || Queueing delay: 0.0000 || MSG (from mid) Ave. delay: 0.0000 || Total cache delay: 0.0000 || Ave. cache delay: 0.0000
[R#290] CUMULATIVE_RUNTIME_SEC=21005.2835
Top Aggregator Timestamps: CACHE, CACHE_START_T: 0.0, CACHE_END_T: 0.0 || AGG, AGG_START_T: 0.0, AGG_END_T: 0.0 || EVAL, EVAL_START_T: 1765423508.34162, EVAL_END_T: 1765423508.937947 || RECV, RECV_START_T: 0.0, RECV_END_T: 0.0 || DIST, DIST_START_T: 0.0, DIST_END_T: 0.0 || LOAD, LOAD_START_T: 1765423420.9106946, LOAD_END_T: 1765423427.5926805 || MSG_MTo, MSG_MTo_START_T: 0.0, MSG_MTo_END_T: 0.0
Loaded FEMNIST test split partition_id=59 with 361 samples
Wall-clock time: 1765423587.188547 ||Test loss: 0.7472 || Test accuracy: 0.7618 || CPU time: 7.6334 || CPU utilization: 0.0976 || R#291's duration (s): 78.2506 || Cumulative runtime (s): 21083.5340 || Loading data delay (s): 6.0662 || Eval delay (s): 0.5575 || Agg delay (s): 0.0000 || Coordination delay (s): 0.0000 || DIST task delay: 0.0000 || RECV task delay: 0.0000 || Queueing delay: 0.0000 || MSG (from mid) Ave. delay: 0.0000 || Total cache delay: 0.0000 || Ave. cache delay: 0.0000
[R#291] CUMULATIVE_RUNTIME_SEC=21083.5340
Top Aggregator Timestamps: CACHE, CACHE_START_T: 0.0, CACHE_END_T: 0.0 || AGG, AGG_START_T: 0.0, AGG_END_T: 0.0 || EVAL, EVAL_START_T: 1765423586.6310427, EVAL_END_T: 1765423587.1885245 || RECV, RECV_START_T: 0.0, RECV_END_T: 0.0 || DIST, DIST_START_T: 0.0, DIST_END_T: 0.0 || LOAD, LOAD_START_T: 1765423508.9409842, LOAD_END_T: 1765423515.0072289 || MSG_MTo, MSG_MTo_START_T: 0.0, MSG_MTo_END_T: 0.0
Loaded FEMNIST test split partition_id=12 with 308 samples
Wall-clock time: 1765423656.8577638 ||Test loss: 0.6865 || Test accuracy: 0.8214 || CPU time: 6.8094 || CPU utilization: 0.0977 || R#292's duration (s): 69.6692 || Cumulative runtime (s): 21153.2033 || Loading data delay (s): 6.4822 || Eval delay (s): 0.5031 || Agg delay (s): 0.0000 || Coordination delay (s): 0.0000 || DIST task delay: 0.0000 || RECV task delay: 0.0000 || Queueing delay: 0.0000 || MSG (from mid) Ave. delay: 0.0000 || Total cache delay: 0.0000 || Ave. cache delay: 0.0000
[R#292] CUMULATIVE_RUNTIME_SEC=21153.2033
Top Aggregator Timestamps: CACHE, CACHE_START_T: 0.0, CACHE_END_T: 0.0 || AGG, AGG_START_T: 0.0, AGG_END_T: 0.0 || EVAL, EVAL_START_T: 1765423656.3546445, EVAL_END_T: 1765423656.8577392 || RECV, RECV_START_T: 0.0, RECV_END_T: 0.0 || DIST, DIST_START_T: 0.0, DIST_END_T: 0.0 || LOAD, LOAD_START_T: 1765423587.1919487, LOAD_END_T: 1765423593.6741495 || MSG_MTo, MSG_MTo_START_T: 0.0, MSG_MTo_END_T: 0.0
Loaded FEMNIST test split partition_id=22 with 334 samples
Wall-clock time: 1765423719.5807667 ||Test loss: 1.0916 || Test accuracy: 0.7006 || CPU time: 7.2193 || CPU utilization: 0.1151 || R#293's duration (s): 62.7230 || Cumulative runtime (s): 21215.9263 || Loading data delay (s): 7.6951 || Eval delay (s): 0.5334 || Agg delay (s): 0.0000 || Coordination delay (s): 0.0000 || DIST task delay: 0.0000 || RECV task delay: 0.0000 || Queueing delay: 0.0000 || MSG (from mid) Ave. delay: 0.0000 || Total cache delay: 0.0000 || Ave. cache delay: 0.0000
[R#293] CUMULATIVE_RUNTIME_SEC=21215.9263
Top Aggregator Timestamps: CACHE, CACHE_START_T: 0.0, CACHE_END_T: 0.0 || AGG, AGG_START_T: 0.0, AGG_END_T: 0.0 || EVAL, EVAL_START_T: 1765423719.047384, EVAL_END_T: 1765423719.580745 || RECV, RECV_START_T: 0.0, RECV_END_T: 0.0 || DIST, DIST_START_T: 0.0, DIST_END_T: 0.0 || LOAD, LOAD_START_T: 1765423656.862393, LOAD_END_T: 1765423664.5575027 || MSG_MTo, MSG_MTo_START_T: 0.0, MSG_MTo_END_T: 0.0
Loaded FEMNIST test split partition_id=53 with 326 samples
Wall-clock time: 1765423781.8920517 ||Test loss: 0.7647 || Test accuracy: 0.8006 || CPU time: 7.2860 || CPU utilization: 0.1169 || R#294's duration (s): 62.3113 || Cumulative runtime (s): 21278.2375 || Loading data delay (s): 6.6398 || Eval delay (s): 0.5387 || Agg delay (s): 0.0000 || Coordination delay (s): 0.0000 || DIST task delay: 0.0000 || RECV task delay: 0.0000 || Queueing delay: 0.0000 || MSG (from mid) Ave. delay: 0.0000 || Total cache delay: 0.0000 || Ave. cache delay: 0.0000
[R#294] CUMULATIVE_RUNTIME_SEC=21278.2375
Top Aggregator Timestamps: CACHE, CACHE_START_T: 0.0, CACHE_END_T: 0.0 || AGG, AGG_START_T: 0.0, AGG_END_T: 0.0 || EVAL, EVAL_START_T: 1765423781.3532858, EVAL_END_T: 1765423781.8920274 || RECV, RECV_START_T: 0.0, RECV_END_T: 0.0 || DIST, DIST_START_T: 0.0, DIST_END_T: 0.0 || LOAD, LOAD_START_T: 1765423719.5850441, LOAD_END_T: 1765423726.224871 || MSG_MTo, MSG_MTo_START_T: 0.0, MSG_MTo_END_T: 0.0
Loaded FEMNIST test split partition_id=25 with 317 samples
Wall-clock time: 1765423849.9864473 ||Test loss: 0.4260 || Test accuracy: 0.8486 || CPU time: 6.7067 || CPU utilization: 0.0985 || R#295's duration (s): 68.0944 || Cumulative runtime (s): 21346.3319 || Loading data delay (s): 6.9283 || Eval delay (s): 0.4946 || Agg delay (s): 0.0000 || Coordination delay (s): 0.0000 || DIST task delay: 0.0000 || RECV task delay: 0.0000 || Queueing delay: 0.0000 || MSG (from mid) Ave. delay: 0.0000 || Total cache delay: 0.0000 || Ave. cache delay: 0.0000
[R#295] CUMULATIVE_RUNTIME_SEC=21346.3319
Top Aggregator Timestamps: CACHE, CACHE_START_T: 0.0, CACHE_END_T: 0.0 || AGG, AGG_START_T: 0.0, AGG_END_T: 0.0 || EVAL, EVAL_START_T: 1765423849.4918287, EVAL_END_T: 1765423849.986427 || RECV, RECV_START_T: 0.0, RECV_END_T: 0.0 || DIST, DIST_START_T: 0.0, DIST_END_T: 0.0 || LOAD, LOAD_START_T: 1765423781.8955057, LOAD_END_T: 1765423788.8237934 || MSG_MTo, MSG_MTo_START_T: 0.0, MSG_MTo_END_T: 0.0
Loaded FEMNIST test split partition_id=38 with 347 samples
Wall-clock time: 1765423917.1197083 ||Test loss: 0.5178 || Test accuracy: 0.8674 || CPU time: 7.5715 || CPU utilization: 0.1128 || R#296's duration (s): 67.1333 || Cumulative runtime (s): 21413.4652 || Loading data delay (s): 6.2520 || Eval delay (s): 0.5865 || Agg delay (s): 0.0000 || Coordination delay (s): 0.0000 || DIST task delay: 0.0000 || RECV task delay: 0.0000 || Queueing delay: 0.0000 || MSG (from mid) Ave. delay: 0.0000 || Total cache delay: 0.0000 || Ave. cache delay: 0.0000
[R#296] CUMULATIVE_RUNTIME_SEC=21413.4652
Top Aggregator Timestamps: CACHE, CACHE_START_T: 0.0, CACHE_END_T: 0.0 || AGG, AGG_START_T: 0.0, AGG_END_T: 0.0 || EVAL, EVAL_START_T: 1765423916.5332315, EVAL_END_T: 1765423917.119683 || RECV, RECV_START_T: 0.0, RECV_END_T: 0.0 || DIST, DIST_START_T: 0.0, DIST_END_T: 0.0 || LOAD, LOAD_START_T: 1765423849.9902945, LOAD_END_T: 1765423856.2422671 || MSG_MTo, MSG_MTo_START_T: 0.0, MSG_MTo_END_T: 0.0
Loaded FEMNIST test split partition_id=59 with 361 samples
Wall-clock time: 1765423989.6856513 ||Test loss: 0.6125 || Test accuracy: 0.7978 || CPU time: 7.9295 || CPU utilization: 0.1093 || R#297's duration (s): 72.5659 || Cumulative runtime (s): 21486.0311 || Loading data delay (s): 6.5590 || Eval delay (s): 0.5778 || Agg delay (s): 0.0000 || Coordination delay (s): 0.0000 || DIST task delay: 0.0000 || RECV task delay: 0.0000 || Queueing delay: 0.0000 || MSG (from mid) Ave. delay: 0.0000 || Total cache delay: 0.0000 || Ave. cache delay: 0.0000
[R#297] CUMULATIVE_RUNTIME_SEC=21486.0311
Top Aggregator Timestamps: CACHE, CACHE_START_T: 0.0, CACHE_END_T: 0.0 || AGG, AGG_START_T: 0.0, AGG_END_T: 0.0 || EVAL, EVAL_START_T: 1765423989.1078475, EVAL_END_T: 1765423989.685626 || RECV, RECV_START_T: 0.0, RECV_END_T: 0.0 || DIST, DIST_START_T: 0.0, DIST_END_T: 0.0 || LOAD, LOAD_START_T: 1765423917.1231155, LOAD_END_T: 1765423923.6821218 || MSG_MTo, MSG_MTo_START_T: 0.0, MSG_MTo_END_T: 0.0
Loaded FEMNIST test split partition_id=32 with 278 samples
Wall-clock time: 1765424049.768338 ||Test loss: 0.5238 || Test accuracy: 0.8417 || CPU time: 6.3082 || CPU utilization: 0.1050 || R#298's duration (s): 60.0827 || Cumulative runtime (s): 21546.1138 || Loading data delay (s): 6.1336 || Eval delay (s): 0.4565 || Agg delay (s): 0.0000 || Coordination delay (s): 0.0000 || DIST task delay: 0.0000 || RECV task delay: 0.0000 || Queueing delay: 0.0000 || MSG (from mid) Ave. delay: 0.0000 || Total cache delay: 0.0000 || Ave. cache delay: 0.0000
[R#298] CUMULATIVE_RUNTIME_SEC=21546.1138
Top Aggregator Timestamps: CACHE, CACHE_START_T: 0.0, CACHE_END_T: 0.0 || AGG, AGG_START_T: 0.0, AGG_END_T: 0.0 || EVAL, EVAL_START_T: 1765424049.3118312, EVAL_END_T: 1765424049.768314 || RECV, RECV_START_T: 0.0, RECV_END_T: 0.0 || DIST, DIST_START_T: 0.0, DIST_END_T: 0.0 || LOAD, LOAD_START_T: 1765423989.6891296, LOAD_END_T: 1765423995.8227785 || MSG_MTo, MSG_MTo_START_T: 0.0, MSG_MTo_END_T: 0.0
Loaded FEMNIST test split partition_id=16 with 312 samples
Wall-clock time: 1765424116.6186616 ||Test loss: 0.7020 || Test accuracy: 0.7821 || CPU time: 6.8623 || CPU utilization: 0.1027 || R#299's duration (s): 66.8503 || Cumulative runtime (s): 21612.9642 || Loading data delay (s): 6.4265 || Eval delay (s): 0.5042 || Agg delay (s): 0.0000 || Coordination delay (s): 0.0000 || DIST task delay: 0.0000 || RECV task delay: 0.0000 || Queueing delay: 0.0000 || MSG (from mid) Ave. delay: 0.0000 || Total cache delay: 0.0000 || Ave. cache delay: 0.0000
[R#299] CUMULATIVE_RUNTIME_SEC=21612.9642
Top Aggregator Timestamps: CACHE, CACHE_START_T: 0.0, CACHE_END_T: 0.0 || AGG, AGG_START_T: 0.0, AGG_END_T: 0.0 || EVAL, EVAL_START_T: 1765424116.1144164, EVAL_END_T: 1765424116.6186423 || RECV, RECV_START_T: 0.0, RECV_END_T: 0.0 || DIST, DIST_START_T: 0.0, DIST_END_T: 0.0 || LOAD, LOAD_START_T: 1765424049.771448, LOAD_END_T: 1765424056.19795 || MSG_MTo, MSG_MTo_START_T: 0.0, MSG_MTo_END_T: 0.0
Loaded FEMNIST test split partition_id=35 with 416 samples
Wall-clock time: 1765424181.1408186 ||Test loss: 0.4272 || Test accuracy: 0.8317 || CPU time: 9.0446 || CPU utilization: 0.1402 || R#300's duration (s): 64.5222 || Cumulative runtime (s): 21677.4863 || Loading data delay (s): 7.4997 || Eval delay (s): 0.6686 || Agg delay (s): 0.0000 || Coordination delay (s): 0.0000 || DIST task delay: 0.0000 || RECV task delay: 0.0000 || Queueing delay: 0.0000 || MSG (from mid) Ave. delay: 0.0000 || Total cache delay: 0.0000 || Ave. cache delay: 0.0000
[R#300] CUMULATIVE_RUNTIME_SEC=21677.4863
Top Aggregator Timestamps: CACHE, CACHE_START_T: 0.0, CACHE_END_T: 0.0 || AGG, AGG_START_T: 0.0, AGG_END_T: 0.0 || EVAL, EVAL_START_T: 1765424180.4722154, EVAL_END_T: 1765424181.1407928 || RECV, RECV_START_T: 0.0, RECV_END_T: 0.0 || DIST, DIST_START_T: 0.0, DIST_END_T: 0.0 || LOAD, LOAD_START_T: 1765424116.6220295, LOAD_END_T: 1765424124.121732 || MSG_MTo, MSG_MTo_START_T: 0.0, MSG_MTo_END_T: 0.0
Loaded FEMNIST test split partition_id=29 with 247 samples
Wall-clock time: 1765424261.1233835 ||Test loss: 1.1967 || Test accuracy: 0.6559 || CPU time: 5.6170 || CPU utilization: 0.0702 || R#301's duration (s): 79.9826 || Cumulative runtime (s): 21757.4689 || Loading data delay (s): 6.1760 || Eval delay (s): 0.4075 || Agg delay (s): 0.0000 || Coordination delay (s): 0.0000 || DIST task delay: 0.0000 || RECV task delay: 0.0000 || Queueing delay: 0.0000 || MSG (from mid) Ave. delay: 0.0000 || Total cache delay: 0.0000 || Ave. cache delay: 0.0000
[R#301] CUMULATIVE_RUNTIME_SEC=21757.4689
Top Aggregator Timestamps: CACHE, CACHE_START_T: 0.0, CACHE_END_T: 0.0 || AGG, AGG_START_T: 0.0, AGG_END_T: 0.0 || EVAL, EVAL_START_T: 1765424260.7158203, EVAL_END_T: 1765424261.123355 || RECV, RECV_START_T: 0.0, RECV_END_T: 0.0 || DIST, DIST_START_T: 0.0, DIST_END_T: 0.0 || LOAD, LOAD_START_T: 1765424181.1442852, LOAD_END_T: 1765424187.3202798 || MSG_MTo, MSG_MTo_START_T: 0.0, MSG_MTo_END_T: 0.0
Loaded FEMNIST test split partition_id=56 with 343 samples
Wall-clock time: 1765424324.1927521 ||Test loss: 0.4954 || Test accuracy: 0.8397 || CPU time: 7.3772 || CPU utilization: 0.1170 || R#302's duration (s): 63.0694 || Cumulative runtime (s): 21820.5382 || Loading data delay (s): 6.5688 || Eval delay (s): 0.5403 || Agg delay (s): 0.0000 || Coordination delay (s): 0.0000 || DIST task delay: 0.0000 || RECV task delay: 0.0000 || Queueing delay: 0.0000 || MSG (from mid) Ave. delay: 0.0000 || Total cache delay: 0.0000 || Ave. cache delay: 0.0000
[R#302] CUMULATIVE_RUNTIME_SEC=21820.5382
Top Aggregator Timestamps: CACHE, CACHE_START_T: 0.0, CACHE_END_T: 0.0 || AGG, AGG_START_T: 0.0, AGG_END_T: 0.0 || EVAL, EVAL_START_T: 1765424323.6524394, EVAL_END_T: 1765424324.1927319 || RECV, RECV_START_T: 0.0, RECV_END_T: 0.0 || DIST, DIST_START_T: 0.0, DIST_END_T: 0.0 || LOAD, LOAD_START_T: 1765424261.1267083, LOAD_END_T: 1765424267.695474 || MSG_MTo, MSG_MTo_START_T: 0.0, MSG_MTo_END_T: 0.0
Loaded FEMNIST test split partition_id=64 with 355 samples
Wall-clock time: 1765424382.5531797 ||Test loss: 0.9906 || Test accuracy: 0.7268 || CPU time: 7.4187 || CPU utilization: 0.1271 || R#303's duration (s): 58.3604 || Cumulative runtime (s): 21878.8987 || Loading data delay (s): 6.2325 || Eval delay (s): 0.5559 || Agg delay (s): 0.0000 || Coordination delay (s): 0.0000 || DIST task delay: 0.0000 || RECV task delay: 0.0000 || Queueing delay: 0.0000 || MSG (from mid) Ave. delay: 0.0000 || Total cache delay: 0.0000 || Ave. cache delay: 0.0000
[R#303] CUMULATIVE_RUNTIME_SEC=21878.8987
Top Aggregator Timestamps: CACHE, CACHE_START_T: 0.0, CACHE_END_T: 0.0 || AGG, AGG_START_T: 0.0, AGG_END_T: 0.0 || EVAL, EVAL_START_T: 1765424381.9972727, EVAL_END_T: 1765424382.553153 || RECV, RECV_START_T: 0.0, RECV_END_T: 0.0 || DIST, DIST_START_T: 0.0, DIST_END_T: 0.0 || LOAD, LOAD_START_T: 1765424324.196094, LOAD_END_T: 1765424330.4285529 || MSG_MTo, MSG_MTo_START_T: 0.0, MSG_MTo_END_T: 0.0
Loaded FEMNIST test split partition_id=16 with 312 samples
Wall-clock time: 1765424446.5109596 ||Test loss: 0.6418 || Test accuracy: 0.8205 || CPU time: 6.9095 || CPU utilization: 0.1080 || R#304's duration (s): 63.9578 || Cumulative runtime (s): 21942.8564 || Loading data delay (s): 6.5502 || Eval delay (s): 0.5193 || Agg delay (s): 0.0000 || Coordination delay (s): 0.0000 || DIST task delay: 0.0000 || RECV task delay: 0.0000 || Queueing delay: 0.0000 || MSG (from mid) Ave. delay: 0.0000 || Total cache delay: 0.0000 || Ave. cache delay: 0.0000
[R#304] CUMULATIVE_RUNTIME_SEC=21942.8564
Top Aggregator Timestamps: CACHE, CACHE_START_T: 0.0, CACHE_END_T: 0.0 || AGG, AGG_START_T: 0.0, AGG_END_T: 0.0 || EVAL, EVAL_START_T: 1765424445.9916224, EVAL_END_T: 1765424446.510935 || RECV, RECV_START_T: 0.0, RECV_END_T: 0.0 || DIST, DIST_START_T: 0.0, DIST_END_T: 0.0 || LOAD, LOAD_START_T: 1765424382.5564282, LOAD_END_T: 1765424389.1066608 || MSG_MTo, MSG_MTo_START_T: 0.0, MSG_MTo_END_T: 0.0
Loaded FEMNIST test split partition_id=54 with 428 samples
Wall-clock time: 1765424526.9778452 ||Test loss: 0.2547 || Test accuracy: 0.9252 || CPU time: 8.9905 || CPU utilization: 0.1117 || R#305's duration (s): 80.4669 || Cumulative runtime (s): 22023.3233 || Loading data delay (s): 6.6471 || Eval delay (s): 0.6846 || Agg delay (s): 0.0000 || Coordination delay (s): 0.0000 || DIST task delay: 0.0000 || RECV task delay: 0.0000 || Queueing delay: 0.0000 || MSG (from mid) Ave. delay: 0.0000 || Total cache delay: 0.0000 || Ave. cache delay: 0.0000
[R#305] CUMULATIVE_RUNTIME_SEC=22023.3233
Top Aggregator Timestamps: CACHE, CACHE_START_T: 0.0, CACHE_END_T: 0.0 || AGG, AGG_START_T: 0.0, AGG_END_T: 0.0 || EVAL, EVAL_START_T: 1765424526.2932365, EVAL_END_T: 1765424526.9778242 || RECV, RECV_START_T: 0.0, RECV_END_T: 0.0 || DIST, DIST_START_T: 0.0, DIST_END_T: 0.0 || LOAD, LOAD_START_T: 1765424446.5143723, LOAD_END_T: 1765424453.1614385 || MSG_MTo, MSG_MTo_START_T: 0.0, MSG_MTo_END_T: 0.0
Loaded FEMNIST test split partition_id=14 with 378 samples
Wall-clock time: 1765424598.3650808 ||Test loss: 0.2700 || Test accuracy: 0.9101 || CPU time: 8.1780 || CPU utilization: 0.1146 || R#306's duration (s): 71.3872 || Cumulative runtime (s): 22094.7106 || Loading data delay (s): 7.1407 || Eval delay (s): 0.6133 || Agg delay (s): 0.0000 || Coordination delay (s): 0.0000 || DIST task delay: 0.0000 || RECV task delay: 0.0000 || Queueing delay: 0.0000 || MSG (from mid) Ave. delay: 0.0000 || Total cache delay: 0.0000 || Ave. cache delay: 0.0000
[R#306] CUMULATIVE_RUNTIME_SEC=22094.7106
Top Aggregator Timestamps: CACHE, CACHE_START_T: 0.0, CACHE_END_T: 0.0 || AGG, AGG_START_T: 0.0, AGG_END_T: 0.0 || EVAL, EVAL_START_T: 1765424597.7517917, EVAL_END_T: 1765424598.3650565 || RECV, RECV_START_T: 0.0, RECV_END_T: 0.0 || DIST, DIST_START_T: 0.0, DIST_END_T: 0.0 || LOAD, LOAD_START_T: 1765424526.9845557, LOAD_END_T: 1765424534.125277 || MSG_MTo, MSG_MTo_START_T: 0.0, MSG_MTo_END_T: 0.0
Loaded FEMNIST test split partition_id=64 with 355 samples
Wall-clock time: 1765424682.322976 ||Test loss: 0.9295 || Test accuracy: 0.7465 || CPU time: 7.7156 || CPU utilization: 0.0919 || R#307's duration (s): 83.9579 || Cumulative runtime (s): 22178.6685 || Loading data delay (s): 6.7629 || Eval delay (s): 0.5691 || Agg delay (s): 0.0000 || Coordination delay (s): 0.0000 || DIST task delay: 0.0000 || RECV task delay: 0.0000 || Queueing delay: 0.0000 || MSG (from mid) Ave. delay: 0.0000 || Total cache delay: 0.0000 || Ave. cache delay: 0.0000
[R#307] CUMULATIVE_RUNTIME_SEC=22178.6685
Top Aggregator Timestamps: CACHE, CACHE_START_T: 0.0, CACHE_END_T: 0.0 || AGG, AGG_START_T: 0.0, AGG_END_T: 0.0 || EVAL, EVAL_START_T: 1765424681.7538393, EVAL_END_T: 1765424682.3229575 || RECV, RECV_START_T: 0.0, RECV_END_T: 0.0 || DIST, DIST_START_T: 0.0, DIST_END_T: 0.0 || LOAD, LOAD_START_T: 1765424598.3685772, LOAD_END_T: 1765424605.1314356 || MSG_MTo, MSG_MTo_START_T: 0.0, MSG_MTo_END_T: 0.0
Loaded FEMNIST test split partition_id=21 with 292 samples
Wall-clock time: 1765424756.388346 ||Test loss: 0.9738 || Test accuracy: 0.7671 || CPU time: 6.8681 || CPU utilization: 0.0927 || R#308's duration (s): 74.0654 || Cumulative runtime (s): 22252.7338 || Loading data delay (s): 6.8161 || Eval delay (s): 0.4958 || Agg delay (s): 0.0000 || Coordination delay (s): 0.0000 || DIST task delay: 0.0000 || RECV task delay: 0.0000 || Queueing delay: 0.0000 || MSG (from mid) Ave. delay: 0.0000 || Total cache delay: 0.0000 || Ave. cache delay: 0.0000
[R#308] CUMULATIVE_RUNTIME_SEC=22252.7338
Top Aggregator Timestamps: CACHE, CACHE_START_T: 0.0, CACHE_END_T: 0.0 || AGG, AGG_START_T: 0.0, AGG_END_T: 0.0 || EVAL, EVAL_START_T: 1765424755.8924863, EVAL_END_T: 1765424756.3883219 || RECV, RECV_START_T: 0.0, RECV_END_T: 0.0 || DIST, DIST_START_T: 0.0, DIST_END_T: 0.0 || LOAD, LOAD_START_T: 1765424682.3263426, LOAD_END_T: 1765424689.1424 || MSG_MTo, MSG_MTo_START_T: 0.0, MSG_MTo_END_T: 0.0
Loaded FEMNIST test split partition_id=27 with 446 samples
Wall-clock time: 1765424820.261717 ||Test loss: 0.7260 || Test accuracy: 0.7937 || CPU time: 9.2833 || CPU utilization: 0.1453 || R#309's duration (s): 63.8734 || Cumulative runtime (s): 22316.6072 || Loading data delay (s): 6.2612 || Eval delay (s): 0.6879 || Agg delay (s): 0.0000 || Coordination delay (s): 0.0000 || DIST task delay: 0.0000 || RECV task delay: 0.0000 || Queueing delay: 0.0000 || MSG (from mid) Ave. delay: 0.0000 || Total cache delay: 0.0000 || Ave. cache delay: 0.0000
[R#309] CUMULATIVE_RUNTIME_SEC=22316.6072
Top Aggregator Timestamps: CACHE, CACHE_START_T: 0.0, CACHE_END_T: 0.0 || AGG, AGG_START_T: 0.0, AGG_END_T: 0.0 || EVAL, EVAL_START_T: 1765424819.5737867, EVAL_END_T: 1765424820.2616851 || RECV, RECV_START_T: 0.0, RECV_END_T: 0.0 || DIST, DIST_START_T: 0.0, DIST_END_T: 0.0 || LOAD, LOAD_START_T: 1765424756.3918648, LOAD_END_T: 1765424762.6531076 || MSG_MTo, MSG_MTo_START_T: 0.0, MSG_MTo_END_T: 0.0
Loaded FEMNIST test split partition_id=61 with 356 samples
Wall-clock time: 1765424898.4819882 ||Test loss: 1.8537 || Test accuracy: 0.4635 || CPU time: 7.6323 || CPU utilization: 0.0976 || R#310's duration (s): 78.2203 || Cumulative runtime (s): 22394.8275 || Loading data delay (s): 6.6116 || Eval delay (s): 0.5544 || Agg delay (s): 0.0000 || Coordination delay (s): 0.0000 || DIST task delay: 0.0000 || RECV task delay: 0.0000 || Queueing delay: 0.0000 || MSG (from mid) Ave. delay: 0.0000 || Total cache delay: 0.0000 || Ave. cache delay: 0.0000
[R#310] CUMULATIVE_RUNTIME_SEC=22394.8275
Top Aggregator Timestamps: CACHE, CACHE_START_T: 0.0, CACHE_END_T: 0.0 || AGG, AGG_START_T: 0.0, AGG_END_T: 0.0 || EVAL, EVAL_START_T: 1765424897.9275515, EVAL_END_T: 1765424898.481962 || RECV, RECV_START_T: 0.0, RECV_END_T: 0.0 || DIST, DIST_START_T: 0.0, DIST_END_T: 0.0 || LOAD, LOAD_START_T: 1765424820.2652924, LOAD_END_T: 1765424826.8768706 || MSG_MTo, MSG_MTo_START_T: 0.0, MSG_MTo_END_T: 0.0
Loaded FEMNIST test split partition_id=25 with 317 samples
Wall-clock time: 1765424961.4402883 ||Test loss: 0.5824 || Test accuracy: 0.7950 || CPU time: 6.7310 || CPU utilization: 0.1069 || R#311's duration (s): 62.9583 || Cumulative runtime (s): 22457.7858 || Loading data delay (s): 6.1600 || Eval delay (s): 0.4953 || Agg delay (s): 0.0000 || Coordination delay (s): 0.0000 || DIST task delay: 0.0000 || RECV task delay: 0.0000 || Queueing delay: 0.0000 || MSG (from mid) Ave. delay: 0.0000 || Total cache delay: 0.0000 || Ave. cache delay: 0.0000
[R#311] CUMULATIVE_RUNTIME_SEC=22457.7858
Top Aggregator Timestamps: CACHE, CACHE_START_T: 0.0, CACHE_END_T: 0.0 || AGG, AGG_START_T: 0.0, AGG_END_T: 0.0 || EVAL, EVAL_START_T: 1765424960.9449766, EVAL_END_T: 1765424961.4402628 || RECV, RECV_START_T: 0.0, RECV_END_T: 0.0 || DIST, DIST_START_T: 0.0, DIST_END_T: 0.0 || LOAD, LOAD_START_T: 1765424898.4854395, LOAD_END_T: 1765424904.645406 || MSG_MTo, MSG_MTo_START_T: 0.0, MSG_MTo_END_T: 0.0
Loaded FEMNIST test split partition_id=47 with 395 samples
Wall-clock time: 1765425030.3108938 ||Test loss: 0.4921 || Test accuracy: 0.8633 || CPU time: 8.2224 || CPU utilization: 0.1194 || R#312's duration (s): 68.8706 || Cumulative runtime (s): 22526.6564 || Loading data delay (s): 6.6603 || Eval delay (s): 0.6056 || Agg delay (s): 0.0000 || Coordination delay (s): 0.0000 || DIST task delay: 0.0000 || RECV task delay: 0.0000 || Queueing delay: 0.0000 || MSG (from mid) Ave. delay: 0.0000 || Total cache delay: 0.0000 || Ave. cache delay: 0.0000
[R#312] CUMULATIVE_RUNTIME_SEC=22526.6564
Top Aggregator Timestamps: CACHE, CACHE_START_T: 0.0, CACHE_END_T: 0.0 || AGG, AGG_START_T: 0.0, AGG_END_T: 0.0 || EVAL, EVAL_START_T: 1765425029.7052557, EVAL_END_T: 1765425030.3108714 || RECV, RECV_START_T: 0.0, RECV_END_T: 0.0 || DIST, DIST_START_T: 0.0, DIST_END_T: 0.0 || LOAD, LOAD_START_T: 1765424961.443666, LOAD_END_T: 1765424968.103939 || MSG_MTo, MSG_MTo_START_T: 0.0, MSG_MTo_END_T: 0.0
Loaded FEMNIST test split partition_id=66 with 428 samples
Wall-clock time: 1765425109.5951993 ||Test loss: 0.7952 || Test accuracy: 0.7617 || CPU time: 8.9805 || CPU utilization: 0.1133 || R#313's duration (s): 79.2843 || Cumulative runtime (s): 22605.9407 || Loading data delay (s): 6.3224 || Eval delay (s): 0.6584 || Agg delay (s): 0.0000 || Coordination delay (s): 0.0000 || DIST task delay: 0.0000 || RECV task delay: 0.0000 || Queueing delay: 0.0000 || MSG (from mid) Ave. delay: 0.0000 || Total cache delay: 0.0000 || Ave. cache delay: 0.0000
[R#313] CUMULATIVE_RUNTIME_SEC=22605.9407
Top Aggregator Timestamps: CACHE, CACHE_START_T: 0.0, CACHE_END_T: 0.0 || AGG, AGG_START_T: 0.0, AGG_END_T: 0.0 || EVAL, EVAL_START_T: 1765425108.936763, EVAL_END_T: 1765425109.5951796 || RECV, RECV_START_T: 0.0, RECV_END_T: 0.0 || DIST, DIST_START_T: 0.0, DIST_END_T: 0.0 || LOAD, LOAD_START_T: 1765425030.3143764, LOAD_END_T: 1765425036.6368084 || MSG_MTo, MSG_MTo_START_T: 0.0, MSG_MTo_END_T: 0.0
Loaded FEMNIST test split partition_id=29 with 247 samples
Wall-clock time: 1765425172.5060444 ||Test loss: 1.2400 || Test accuracy: 0.6761 || CPU time: 5.5347 || CPU utilization: 0.0880 || R#314's duration (s): 62.9108 || Cumulative runtime (s): 22668.8515 || Loading data delay (s): 6.6636 || Eval delay (s): 0.3945 || Agg delay (s): 0.0000 || Coordination delay (s): 0.0000 || DIST task delay: 0.0000 || RECV task delay: 0.0000 || Queueing delay: 0.0000 || MSG (from mid) Ave. delay: 0.0000 || Total cache delay: 0.0000 || Ave. cache delay: 0.0000
[R#314] CUMULATIVE_RUNTIME_SEC=22668.8515
Top Aggregator Timestamps: CACHE, CACHE_START_T: 0.0, CACHE_END_T: 0.0 || AGG, AGG_START_T: 0.0, AGG_END_T: 0.0 || EVAL, EVAL_START_T: 1765425172.1115317, EVAL_END_T: 1765425172.5060217 || RECV, RECV_START_T: 0.0, RECV_END_T: 0.0 || DIST, DIST_START_T: 0.0, DIST_END_T: 0.0 || LOAD, LOAD_START_T: 1765425109.5985994, LOAD_END_T: 1765425116.262228 || MSG_MTo, MSG_MTo_START_T: 0.0, MSG_MTo_END_T: 0.0
Loaded FEMNIST test split partition_id=50 with 313 samples
Wall-clock time: 1765425266.268254 ||Test loss: 0.3921 || Test accuracy: 0.8850 || CPU time: 7.0430 || CPU utilization: 0.0751 || R#315's duration (s): 93.7622 || Cumulative runtime (s): 22762.6137 || Loading data delay (s): 6.4502 || Eval delay (s): 0.5161 || Agg delay (s): 0.0000 || Coordination delay (s): 0.0000 || DIST task delay: 0.0000 || RECV task delay: 0.0000 || Queueing delay: 0.0000 || MSG (from mid) Ave. delay: 0.0000 || Total cache delay: 0.0000 || Ave. cache delay: 0.0000
[R#315] CUMULATIVE_RUNTIME_SEC=22762.6137
Top Aggregator Timestamps: CACHE, CACHE_START_T: 0.0, CACHE_END_T: 0.0 || AGG, AGG_START_T: 0.0, AGG_END_T: 0.0 || EVAL, EVAL_START_T: 1765425265.7521527, EVAL_END_T: 1765425266.2682278 || RECV, RECV_START_T: 0.0, RECV_END_T: 0.0 || DIST, DIST_START_T: 0.0, DIST_END_T: 0.0 || LOAD, LOAD_START_T: 1765425172.509499, LOAD_END_T: 1765425178.9597058 || MSG_MTo, MSG_MTo_START_T: 0.0, MSG_MTo_END_T: 0.0
Loaded FEMNIST test split partition_id=38 with 347 samples
Wall-clock time: 1765425345.1359107 ||Test loss: 0.5117 || Test accuracy: 0.8732 || CPU time: 7.3883 || CPU utilization: 0.0937 || R#316's duration (s): 78.8677 || Cumulative runtime (s): 22841.4814 || Loading data delay (s): 6.3932 || Eval delay (s): 0.5452 || Agg delay (s): 0.0000 || Coordination delay (s): 0.0000 || DIST task delay: 0.0000 || RECV task delay: 0.0000 || Queueing delay: 0.0000 || MSG (from mid) Ave. delay: 0.0000 || Total cache delay: 0.0000 || Ave. cache delay: 0.0000
[R#316] CUMULATIVE_RUNTIME_SEC=22841.4814
Top Aggregator Timestamps: CACHE, CACHE_START_T: 0.0, CACHE_END_T: 0.0 || AGG, AGG_START_T: 0.0, AGG_END_T: 0.0 || EVAL, EVAL_START_T: 1765425344.5907106, EVAL_END_T: 1765425345.1358778 || RECV, RECV_START_T: 0.0, RECV_END_T: 0.0 || DIST, DIST_START_T: 0.0, DIST_END_T: 0.0 || LOAD, LOAD_START_T: 1765425266.2718058, LOAD_END_T: 1765425272.665044 || MSG_MTo, MSG_MTo_START_T: 0.0, MSG_MTo_END_T: 0.0
Loaded FEMNIST test split partition_id=32 with 278 samples
Wall-clock time: 1765425411.4786012 ||Test loss: 0.4769 || Test accuracy: 0.8273 || CPU time: 6.1243 || CPU utilization: 0.0923 || R#317's duration (s): 66.3427 || Cumulative runtime (s): 22907.8241 || Loading data delay (s): 6.5531 || Eval delay (s): 0.4406 || Agg delay (s): 0.0000 || Coordination delay (s): 0.0000 || DIST task delay: 0.0000 || RECV task delay: 0.0000 || Queueing delay: 0.0000 || MSG (from mid) Ave. delay: 0.0000 || Total cache delay: 0.0000 || Ave. cache delay: 0.0000
[R#317] CUMULATIVE_RUNTIME_SEC=22907.8241
Top Aggregator Timestamps: CACHE, CACHE_START_T: 0.0, CACHE_END_T: 0.0 || AGG, AGG_START_T: 0.0, AGG_END_T: 0.0 || EVAL, EVAL_START_T: 1765425411.0379264, EVAL_END_T: 1765425411.4785748 || RECV, RECV_START_T: 0.0, RECV_END_T: 0.0 || DIST, DIST_START_T: 0.0, DIST_END_T: 0.0 || LOAD, LOAD_START_T: 1765425345.1395738, LOAD_END_T: 1765425351.6926966 || MSG_MTo, MSG_MTo_START_T: 0.0, MSG_MTo_END_T: 0.0
Loaded FEMNIST test split partition_id=54 with 428 samples
Wall-clock time: 1765425471.1550603 ||Test loss: 0.2100 || Test accuracy: 0.9346 || CPU time: 8.9032 || CPU utilization: 0.1492 || R#318's duration (s): 59.6765 || Cumulative runtime (s): 22967.5005 || Loading data delay (s): 6.7763 || Eval delay (s): 0.6606 || Agg delay (s): 0.0000 || Coordination delay (s): 0.0000 || DIST task delay: 0.0000 || RECV task delay: 0.0000 || Queueing delay: 0.0000 || MSG (from mid) Ave. delay: 0.0000 || Total cache delay: 0.0000 || Ave. cache delay: 0.0000
[R#318] CUMULATIVE_RUNTIME_SEC=22967.5005
Top Aggregator Timestamps: CACHE, CACHE_START_T: 0.0, CACHE_END_T: 0.0 || AGG, AGG_START_T: 0.0, AGG_END_T: 0.0 || EVAL, EVAL_START_T: 1765425470.4943979, EVAL_END_T: 1765425471.155034 || RECV, RECV_START_T: 0.0, RECV_END_T: 0.0 || DIST, DIST_START_T: 0.0, DIST_END_T: 0.0 || LOAD, LOAD_START_T: 1765425411.4820375, LOAD_END_T: 1765425418.2583728 || MSG_MTo, MSG_MTo_START_T: 0.0, MSG_MTo_END_T: 0.0
Loaded FEMNIST test split partition_id=63 with 413 samples
Wall-clock time: 1765425552.3920178 ||Test loss: 0.3532 || Test accuracy: 0.8959 || CPU time: 9.0438 || CPU utilization: 0.1113 || R#319's duration (s): 81.2370 || Cumulative runtime (s): 23048.7375 || Loading data delay (s): 6.4695 || Eval delay (s): 0.6697 || Agg delay (s): 0.0000 || Coordination delay (s): 0.0000 || DIST task delay: 0.0000 || RECV task delay: 0.0000 || Queueing delay: 0.0000 || MSG (from mid) Ave. delay: 0.0000 || Total cache delay: 0.0000 || Ave. cache delay: 0.0000
[R#319] CUMULATIVE_RUNTIME_SEC=23048.7375
Top Aggregator Timestamps: CACHE, CACHE_START_T: 0.0, CACHE_END_T: 0.0 || AGG, AGG_START_T: 0.0, AGG_END_T: 0.0 || EVAL, EVAL_START_T: 1765425551.7223406, EVAL_END_T: 1765425552.391996 || RECV, RECV_START_T: 0.0, RECV_END_T: 0.0 || DIST, DIST_START_T: 0.0, DIST_END_T: 0.0 || LOAD, LOAD_START_T: 1765425471.1583717, LOAD_END_T: 1765425477.627919 || MSG_MTo, MSG_MTo_START_T: 0.0, MSG_MTo_END_T: 0.0
Loaded FEMNIST test split partition_id=15 with 370 samples
Wall-clock time: 1765425626.8008432 ||Test loss: 0.5865 || Test accuracy: 0.8162 || CPU time: 8.3062 || CPU utilization: 0.1116 || R#320's duration (s): 74.4088 || Cumulative runtime (s): 23123.1463 || Loading data delay (s): 6.5195 || Eval delay (s): 0.6225 || Agg delay (s): 0.0000 || Coordination delay (s): 0.0000 || DIST task delay: 0.0000 || RECV task delay: 0.0000 || Queueing delay: 0.0000 || MSG (from mid) Ave. delay: 0.0000 || Total cache delay: 0.0000 || Ave. cache delay: 0.0000
[R#320] CUMULATIVE_RUNTIME_SEC=23123.1463
Top Aggregator Timestamps: CACHE, CACHE_START_T: 0.0, CACHE_END_T: 0.0 || AGG, AGG_START_T: 0.0, AGG_END_T: 0.0 || EVAL, EVAL_START_T: 1765425626.1782775, EVAL_END_T: 1765425626.8007903 || RECV, RECV_START_T: 0.0, RECV_END_T: 0.0 || DIST, DIST_START_T: 0.0, DIST_END_T: 0.0 || LOAD, LOAD_START_T: 1765425552.395567, LOAD_END_T: 1765425558.9150605 || MSG_MTo, MSG_MTo_START_T: 0.0, MSG_MTo_END_T: 0.0
Loaded FEMNIST test split partition_id=37 with 403 samples
Wall-clock time: 1765425692.3490472 ||Test loss: 0.5378 || Test accuracy: 0.8486 || CPU time: 8.6338 || CPU utilization: 0.1317 || R#321's duration (s): 65.5482 || Cumulative runtime (s): 23188.6945 || Loading data delay (s): 8.1782 || Eval delay (s): 0.6275 || Agg delay (s): 0.0000 || Coordination delay (s): 0.0000 || DIST task delay: 0.0000 || RECV task delay: 0.0000 || Queueing delay: 0.0000 || MSG (from mid) Ave. delay: 0.0000 || Total cache delay: 0.0000 || Ave. cache delay: 0.0000
[R#321] CUMULATIVE_RUNTIME_SEC=23188.6945
Top Aggregator Timestamps: CACHE, CACHE_START_T: 0.0, CACHE_END_T: 0.0 || AGG, AGG_START_T: 0.0, AGG_END_T: 0.0 || EVAL, EVAL_START_T: 1765425691.721517, EVAL_END_T: 1765425692.3490238 || RECV, RECV_START_T: 0.0, RECV_END_T: 0.0 || DIST, DIST_START_T: 0.0, DIST_END_T: 0.0 || LOAD, LOAD_START_T: 1765425626.8062055, LOAD_END_T: 1765425634.9844222 || MSG_MTo, MSG_MTo_START_T: 0.0, MSG_MTo_END_T: 0.0
Loaded FEMNIST test split partition_id=28 with 399 samples
Wall-clock time: 1765425748.818904 ||Test loss: 0.5416 || Test accuracy: 0.8446 || CPU time: 8.7346 || CPU utilization: 0.1547 || R#322's duration (s): 56.4699 || Cumulative runtime (s): 23245.1644 || Loading data delay (s): 6.4795 || Eval delay (s): 0.6535 || Agg delay (s): 0.0000 || Coordination delay (s): 0.0000 || DIST task delay: 0.0000 || RECV task delay: 0.0000 || Queueing delay: 0.0000 || MSG (from mid) Ave. delay: 0.0000 || Total cache delay: 0.0000 || Ave. cache delay: 0.0000
[R#322] CUMULATIVE_RUNTIME_SEC=23245.1644
Top Aggregator Timestamps: CACHE, CACHE_START_T: 0.0, CACHE_END_T: 0.0 || AGG, AGG_START_T: 0.0, AGG_END_T: 0.0 || EVAL, EVAL_START_T: 1765425748.1654003, EVAL_END_T: 1765425748.8188717 || RECV, RECV_START_T: 0.0, RECV_END_T: 0.0 || DIST, DIST_START_T: 0.0, DIST_END_T: 0.0 || LOAD, LOAD_START_T: 1765425692.3530278, LOAD_END_T: 1765425698.8324933 || MSG_MTo, MSG_MTo_START_T: 0.0, MSG_MTo_END_T: 0.0
Loaded FEMNIST test split partition_id=44 with 343 samples
Wall-clock time: 1765425811.5613115 ||Test loss: 1.0326 || Test accuracy: 0.7172 || CPU time: 7.2364 || CPU utilization: 0.1153 || R#323's duration (s): 62.7424 || Cumulative runtime (s): 23307.9068 || Loading data delay (s): 7.6151 || Eval delay (s): 0.5452 || Agg delay (s): 0.0000 || Coordination delay (s): 0.0000 || DIST task delay: 0.0000 || RECV task delay: 0.0000 || Queueing delay: 0.0000 || MSG (from mid) Ave. delay: 0.0000 || Total cache delay: 0.0000 || Ave. cache delay: 0.0000
[R#323] CUMULATIVE_RUNTIME_SEC=23307.9068
Top Aggregator Timestamps: CACHE, CACHE_START_T: 0.0, CACHE_END_T: 0.0 || AGG, AGG_START_T: 0.0, AGG_END_T: 0.0 || EVAL, EVAL_START_T: 1765425811.0160465, EVAL_END_T: 1765425811.5612824 || RECV, RECV_START_T: 0.0, RECV_END_T: 0.0 || DIST, DIST_START_T: 0.0, DIST_END_T: 0.0 || LOAD, LOAD_START_T: 1765425748.8225684, LOAD_END_T: 1765425756.437695 || MSG_MTo, MSG_MTo_START_T: 0.0, MSG_MTo_END_T: 0.0
Loaded FEMNIST test split partition_id=66 with 428 samples
Wall-clock time: 1765425896.2809966 ||Test loss: 0.9836 || Test accuracy: 0.7360 || CPU time: 9.3969 || CPU utilization: 0.1109 || R#324's duration (s): 84.7197 || Cumulative runtime (s): 23392.6265 || Loading data delay (s): 6.6727 || Eval delay (s): 0.7023 || Agg delay (s): 0.0000 || Coordination delay (s): 0.0000 || DIST task delay: 0.0000 || RECV task delay: 0.0000 || Queueing delay: 0.0000 || MSG (from mid) Ave. delay: 0.0000 || Total cache delay: 0.0000 || Ave. cache delay: 0.0000
[R#324] CUMULATIVE_RUNTIME_SEC=23392.6265
Top Aggregator Timestamps: CACHE, CACHE_START_T: 0.0, CACHE_END_T: 0.0 || AGG, AGG_START_T: 0.0, AGG_END_T: 0.0 || EVAL, EVAL_START_T: 1765425895.5786865, EVAL_END_T: 1765425896.280967 || RECV, RECV_START_T: 0.0, RECV_END_T: 0.0 || DIST, DIST_START_T: 0.0, DIST_END_T: 0.0 || LOAD, LOAD_START_T: 1765425811.564325, LOAD_END_T: 1765425818.2369766 || MSG_MTo, MSG_MTo_START_T: 0.0, MSG_MTo_END_T: 0.0
Loaded FEMNIST test split partition_id=19 with 377 samples
Wall-clock time: 1765425966.2122567 ||Test loss: 0.5699 || Test accuracy: 0.8302 || CPU time: 7.9431 || CPU utilization: 0.1136 || R#325's duration (s): 69.9313 || Cumulative runtime (s): 23462.5577 || Loading data delay (s): 7.6765 || Eval delay (s): 0.5890 || Agg delay (s): 0.0000 || Coordination delay (s): 0.0000 || DIST task delay: 0.0000 || RECV task delay: 0.0000 || Queueing delay: 0.0000 || MSG (from mid) Ave. delay: 0.0000 || Total cache delay: 0.0000 || Ave. cache delay: 0.0000
[R#325] CUMULATIVE_RUNTIME_SEC=23462.5577
Top Aggregator Timestamps: CACHE, CACHE_START_T: 0.0, CACHE_END_T: 0.0 || AGG, AGG_START_T: 0.0, AGG_END_T: 0.0 || EVAL, EVAL_START_T: 1765425965.6232376, EVAL_END_T: 1765425966.2122316 || RECV, RECV_START_T: 0.0, RECV_END_T: 0.0 || DIST, DIST_START_T: 0.0, DIST_END_T: 0.0 || LOAD, LOAD_START_T: 1765425896.2849717, LOAD_END_T: 1765425903.9614503 || MSG_MTo, MSG_MTo_START_T: 0.0, MSG_MTo_END_T: 0.0
Loaded FEMNIST test split partition_id=46 with 430 samples
Wall-clock time: 1765426029.4644377 ||Test loss: 0.2158 || Test accuracy: 0.9256 || CPU time: 8.8365 || CPU utilization: 0.1397 || R#326's duration (s): 63.2522 || Cumulative runtime (s): 23525.8099 || Loading data delay (s): 6.4599 || Eval delay (s): 0.6577 || Agg delay (s): 0.0000 || Coordination delay (s): 0.0000 || DIST task delay: 0.0000 || RECV task delay: 0.0000 || Queueing delay: 0.0000 || MSG (from mid) Ave. delay: 0.0000 || Total cache delay: 0.0000 || Ave. cache delay: 0.0000
[R#326] CUMULATIVE_RUNTIME_SEC=23525.8099
Top Aggregator Timestamps: CACHE, CACHE_START_T: 0.0, CACHE_END_T: 0.0 || AGG, AGG_START_T: 0.0, AGG_END_T: 0.0 || EVAL, EVAL_START_T: 1765426028.8067687, EVAL_END_T: 1765426029.4644191 || RECV, RECV_START_T: 0.0, RECV_END_T: 0.0 || DIST, DIST_START_T: 0.0, DIST_END_T: 0.0 || LOAD, LOAD_START_T: 1765425966.215922, LOAD_END_T: 1765425972.6758084 || MSG_MTo, MSG_MTo_START_T: 0.0, MSG_MTo_END_T: 0.0
Loaded FEMNIST test split partition_id=42 with 330 samples
Wall-clock time: 1765426119.9152527 ||Test loss: 0.7360 || Test accuracy: 0.8121 || CPU time: 7.5387 || CPU utilization: 0.0833 || R#327's duration (s): 90.4508 || Cumulative runtime (s): 23616.2607 || Loading data delay (s): 6.4563 || Eval delay (s): 0.5527 || Agg delay (s): 0.0000 || Coordination delay (s): 0.0000 || DIST task delay: 0.0000 || RECV task delay: 0.0000 || Queueing delay: 0.0000 || MSG (from mid) Ave. delay: 0.0000 || Total cache delay: 0.0000 || Ave. cache delay: 0.0000
[R#327] CUMULATIVE_RUNTIME_SEC=23616.2607
Top Aggregator Timestamps: CACHE, CACHE_START_T: 0.0, CACHE_END_T: 0.0 || AGG, AGG_START_T: 0.0, AGG_END_T: 0.0 || EVAL, EVAL_START_T: 1765426119.362511, EVAL_END_T: 1765426119.9152129 || RECV, RECV_START_T: 0.0, RECV_END_T: 0.0 || DIST, DIST_START_T: 0.0, DIST_END_T: 0.0 || LOAD, LOAD_START_T: 1765426029.467673, LOAD_END_T: 1765426035.92396 || MSG_MTo, MSG_MTo_START_T: 0.0, MSG_MTo_END_T: 0.0
Loaded FEMNIST test split partition_id=6 with 380 samples
Wall-clock time: 1765426186.4153008 ||Test loss: 0.4826 || Test accuracy: 0.8605 || CPU time: 8.5291 || CPU utilization: 0.1283 || R#328's duration (s): 66.5000 || Cumulative runtime (s): 23682.7608 || Loading data delay (s): 6.7940 || Eval delay (s): 0.6224 || Agg delay (s): 0.0000 || Coordination delay (s): 0.0000 || DIST task delay: 0.0000 || RECV task delay: 0.0000 || Queueing delay: 0.0000 || MSG (from mid) Ave. delay: 0.0000 || Total cache delay: 0.0000 || Ave. cache delay: 0.0000
[R#328] CUMULATIVE_RUNTIME_SEC=23682.7608
Top Aggregator Timestamps: CACHE, CACHE_START_T: 0.0, CACHE_END_T: 0.0 || AGG, AGG_START_T: 0.0, AGG_END_T: 0.0 || EVAL, EVAL_START_T: 1765426185.792862, EVAL_END_T: 1765426186.4152753 || RECV, RECV_START_T: 0.0, RECV_END_T: 0.0 || DIST, DIST_START_T: 0.0, DIST_END_T: 0.0 || LOAD, LOAD_START_T: 1765426119.919473, LOAD_END_T: 1765426126.713423 || MSG_MTo, MSG_MTo_START_T: 0.0, MSG_MTo_END_T: 0.0
Loaded FEMNIST test split partition_id=24 with 374 samples
Wall-clock time: 1765426256.615804 ||Test loss: 0.4159 || Test accuracy: 0.8583 || CPU time: 8.5987 || CPU utilization: 0.1225 || R#329's duration (s): 70.2005 || Cumulative runtime (s): 23752.9613 || Loading data delay (s): 6.2808 || Eval delay (s): 0.6275 || Agg delay (s): 0.0000 || Coordination delay (s): 0.0000 || DIST task delay: 0.0000 || RECV task delay: 0.0000 || Queueing delay: 0.0000 || MSG (from mid) Ave. delay: 0.0000 || Total cache delay: 0.0000 || Ave. cache delay: 0.0000
[R#329] CUMULATIVE_RUNTIME_SEC=23752.9613
Top Aggregator Timestamps: CACHE, CACHE_START_T: 0.0, CACHE_END_T: 0.0 || AGG, AGG_START_T: 0.0, AGG_END_T: 0.0 || EVAL, EVAL_START_T: 1765426255.9882274, EVAL_END_T: 1765426256.6157622 || RECV, RECV_START_T: 0.0, RECV_END_T: 0.0 || DIST, DIST_START_T: 0.0, DIST_END_T: 0.0 || LOAD, LOAD_START_T: 1765426186.4188418, LOAD_END_T: 1765426192.6995993 || MSG_MTo, MSG_MTo_START_T: 0.0, MSG_MTo_END_T: 0.0
Loaded FEMNIST test split partition_id=30 with 284 samples
Wall-clock time: 1765426324.1350975 ||Test loss: 0.3952 || Test accuracy: 0.8803 || CPU time: 6.5177 || CPU utilization: 0.0965 || R#330's duration (s): 67.5193 || Cumulative runtime (s): 23820.4806 || Loading data delay (s): 6.5282 || Eval delay (s): 0.4704 || Agg delay (s): 0.0000 || Coordination delay (s): 0.0000 || DIST task delay: 0.0000 || RECV task delay: 0.0000 || Queueing delay: 0.0000 || MSG (from mid) Ave. delay: 0.0000 || Total cache delay: 0.0000 || Ave. cache delay: 0.0000
[R#330] CUMULATIVE_RUNTIME_SEC=23820.4806
Top Aggregator Timestamps: CACHE, CACHE_START_T: 0.0, CACHE_END_T: 0.0 || AGG, AGG_START_T: 0.0, AGG_END_T: 0.0 || EVAL, EVAL_START_T: 1765426323.664709, EVAL_END_T: 1765426324.1350765 || RECV, RECV_START_T: 0.0, RECV_END_T: 0.0 || DIST, DIST_START_T: 0.0, DIST_END_T: 0.0 || LOAD, LOAD_START_T: 1765426256.6195745, LOAD_END_T: 1765426263.1478043 || MSG_MTo, MSG_MTo_START_T: 0.0, MSG_MTo_END_T: 0.0
Loaded FEMNIST test split partition_id=61 with 356 samples
Wall-clock time: 1765426406.108808 ||Test loss: 1.7805 || Test accuracy: 0.5562 || CPU time: 8.1051 || CPU utilization: 0.0989 || R#331's duration (s): 81.9737 || Cumulative runtime (s): 23902.4543 || Loading data delay (s): 6.2599 || Eval delay (s): 0.5947 || Agg delay (s): 0.0000 || Coordination delay (s): 0.0000 || DIST task delay: 0.0000 || RECV task delay: 0.0000 || Queueing delay: 0.0000 || MSG (from mid) Ave. delay: 0.0000 || Total cache delay: 0.0000 || Ave. cache delay: 0.0000
[R#331] CUMULATIVE_RUNTIME_SEC=23902.4543
Top Aggregator Timestamps: CACHE, CACHE_START_T: 0.0, CACHE_END_T: 0.0 || AGG, AGG_START_T: 0.0, AGG_END_T: 0.0 || EVAL, EVAL_START_T: 1765426405.514095, EVAL_END_T: 1765426406.10877 || RECV, RECV_START_T: 0.0, RECV_END_T: 0.0 || DIST, DIST_START_T: 0.0, DIST_END_T: 0.0 || LOAD, LOAD_START_T: 1765426324.138582, LOAD_END_T: 1765426330.398502 || MSG_MTo, MSG_MTo_START_T: 0.0, MSG_MTo_END_T: 0.0
Loaded FEMNIST test split partition_id=50 with 313 samples
Wall-clock time: 1765426475.5738025 ||Test loss: 0.4325 || Test accuracy: 0.8658 || CPU time: 6.8227 || CPU utilization: 0.0982 || R#332's duration (s): 69.4650 || Cumulative runtime (s): 23971.9193 || Loading data delay (s): 6.3889 || Eval delay (s): 0.4961 || Agg delay (s): 0.0000 || Coordination delay (s): 0.0000 || DIST task delay: 0.0000 || RECV task delay: 0.0000 || Queueing delay: 0.0000 || MSG (from mid) Ave. delay: 0.0000 || Total cache delay: 0.0000 || Ave. cache delay: 0.0000
[R#332] CUMULATIVE_RUNTIME_SEC=23971.9193
Top Aggregator Timestamps: CACHE, CACHE_START_T: 0.0, CACHE_END_T: 0.0 || AGG, AGG_START_T: 0.0, AGG_END_T: 0.0 || EVAL, EVAL_START_T: 1765426475.0776474, EVAL_END_T: 1765426475.5737824 || RECV, RECV_START_T: 0.0, RECV_END_T: 0.0 || DIST, DIST_START_T: 0.0, DIST_END_T: 0.0 || LOAD, LOAD_START_T: 1765426406.1124792, LOAD_END_T: 1765426412.501369 || MSG_MTo, MSG_MTo_START_T: 0.0, MSG_MTo_END_T: 0.0
Loaded FEMNIST test split partition_id=66 with 428 samples
Wall-clock time: 1765426543.4975562 ||Test loss: 0.7310 || Test accuracy: 0.7523 || CPU time: 9.7295 || CPU utilization: 0.1432 || R#333's duration (s): 67.9238 || Cumulative runtime (s): 24039.8430 || Loading data delay (s): 6.3110 || Eval delay (s): 0.7365 || Agg delay (s): 0.0000 || Coordination delay (s): 0.0000 || DIST task delay: 0.0000 || RECV task delay: 0.0000 || Queueing delay: 0.0000 || MSG (from mid) Ave. delay: 0.0000 || Total cache delay: 0.0000 || Ave. cache delay: 0.0000
[R#333] CUMULATIVE_RUNTIME_SEC=24039.8430
Top Aggregator Timestamps: CACHE, CACHE_START_T: 0.0, CACHE_END_T: 0.0 || AGG, AGG_START_T: 0.0, AGG_END_T: 0.0 || EVAL, EVAL_START_T: 1765426542.7610345, EVAL_END_T: 1765426543.4974852 || RECV, RECV_START_T: 0.0, RECV_END_T: 0.0 || DIST, DIST_START_T: 0.0, DIST_END_T: 0.0 || LOAD, LOAD_START_T: 1765426475.5765922, LOAD_END_T: 1765426481.887543 || MSG_MTo, MSG_MTo_START_T: 0.0, MSG_MTo_END_T: 0.0
Loaded FEMNIST test split partition_id=6 with 380 samples
Wall-clock time: 1765426618.9533231 ||Test loss: 0.4644 || Test accuracy: 0.8737 || CPU time: 8.6265 || CPU utilization: 0.1143 || R#334's duration (s): 75.4558 || Cumulative runtime (s): 24115.2988 || Loading data delay (s): 7.3761 || Eval delay (s): 0.6289 || Agg delay (s): 0.0000 || Coordination delay (s): 0.0000 || DIST task delay: 0.0000 || RECV task delay: 0.0000 || Queueing delay: 0.0000 || MSG (from mid) Ave. delay: 0.0000 || Total cache delay: 0.0000 || Ave. cache delay: 0.0000
[R#334] CUMULATIVE_RUNTIME_SEC=24115.2988
Top Aggregator Timestamps: CACHE, CACHE_START_T: 0.0, CACHE_END_T: 0.0 || AGG, AGG_START_T: 0.0, AGG_END_T: 0.0 || EVAL, EVAL_START_T: 1765426618.3243704, EVAL_END_T: 1765426618.9533024 || RECV, RECV_START_T: 0.0, RECV_END_T: 0.0 || DIST, DIST_START_T: 0.0, DIST_END_T: 0.0 || LOAD, LOAD_START_T: 1765426543.5029783, LOAD_END_T: 1765426550.8791065 || MSG_MTo, MSG_MTo_START_T: 0.0, MSG_MTo_END_T: 0.0
Loaded FEMNIST test split partition_id=2 with 404 samples
Wall-clock time: 1765426682.1119902 ||Test loss: 0.4456 || Test accuracy: 0.8688 || CPU time: 9.2795 || CPU utilization: 0.1469 || R#335's duration (s): 63.1587 || Cumulative runtime (s): 24178.4575 || Loading data delay (s): 6.2325 || Eval delay (s): 0.7002 || Agg delay (s): 0.0000 || Coordination delay (s): 0.0000 || DIST task delay: 0.0000 || RECV task delay: 0.0000 || Queueing delay: 0.0000 || MSG (from mid) Ave. delay: 0.0000 || Total cache delay: 0.0000 || Ave. cache delay: 0.0000
[R#335] CUMULATIVE_RUNTIME_SEC=24178.4575
Top Aggregator Timestamps: CACHE, CACHE_START_T: 0.0, CACHE_END_T: 0.0 || AGG, AGG_START_T: 0.0, AGG_END_T: 0.0 || EVAL, EVAL_START_T: 1765426681.4118152, EVAL_END_T: 1765426682.1119678 || RECV, RECV_START_T: 0.0, RECV_END_T: 0.0 || DIST, DIST_START_T: 0.0, DIST_END_T: 0.0 || LOAD, LOAD_START_T: 1765426618.956518, LOAD_END_T: 1765426625.1890326 || MSG_MTo, MSG_MTo_START_T: 0.0, MSG_MTo_END_T: 0.0
Loaded FEMNIST test split partition_id=22 with 334 samples
Wall-clock time: 1765426766.434401 ||Test loss: 0.9434 || Test accuracy: 0.7066 || CPU time: 7.3965 || CPU utilization: 0.0877 || R#336's duration (s): 84.3224 || Cumulative runtime (s): 24262.7799 || Loading data delay (s): 6.9425 || Eval delay (s): 0.5509 || Agg delay (s): 0.0000 || Coordination delay (s): 0.0000 || DIST task delay: 0.0000 || RECV task delay: 0.0000 || Queueing delay: 0.0000 || MSG (from mid) Ave. delay: 0.0000 || Total cache delay: 0.0000 || Ave. cache delay: 0.0000
[R#336] CUMULATIVE_RUNTIME_SEC=24262.7799
Top Aggregator Timestamps: CACHE, CACHE_START_T: 0.0, CACHE_END_T: 0.0 || AGG, AGG_START_T: 0.0, AGG_END_T: 0.0 || EVAL, EVAL_START_T: 1765426765.8834503, EVAL_END_T: 1765426766.4343774 || RECV, RECV_START_T: 0.0, RECV_END_T: 0.0 || DIST, DIST_START_T: 0.0, DIST_END_T: 0.0 || LOAD, LOAD_START_T: 1765426682.1155725, LOAD_END_T: 1765426689.0580876 || MSG_MTo, MSG_MTo_START_T: 0.0, MSG_MTo_END_T: 0.0
Loaded FEMNIST test split partition_id=25 with 317 samples
Wall-clock time: 1765426836.4654598 ||Test loss: 0.4792 || Test accuracy: 0.8202 || CPU time: 6.9879 || CPU utilization: 0.0998 || R#337's duration (s): 70.0311 || Cumulative runtime (s): 24332.8109 || Loading data delay (s): 7.0325 || Eval delay (s): 0.5021 || Agg delay (s): 0.0000 || Coordination delay (s): 0.0000 || DIST task delay: 0.0000 || RECV task delay: 0.0000 || Queueing delay: 0.0000 || MSG (from mid) Ave. delay: 0.0000 || Total cache delay: 0.0000 || Ave. cache delay: 0.0000
[R#337] CUMULATIVE_RUNTIME_SEC=24332.8109
Top Aggregator Timestamps: CACHE, CACHE_START_T: 0.0, CACHE_END_T: 0.0 || AGG, AGG_START_T: 0.0, AGG_END_T: 0.0 || EVAL, EVAL_START_T: 1765426835.963373, EVAL_END_T: 1765426836.465441 || RECV, RECV_START_T: 0.0, RECV_END_T: 0.0 || DIST, DIST_START_T: 0.0, DIST_END_T: 0.0 || LOAD, LOAD_START_T: 1765426766.438064, LOAD_END_T: 1765426773.470574 || MSG_MTo, MSG_MTo_START_T: 0.0, MSG_MTo_END_T: 0.0
Loaded FEMNIST test split partition_id=31 with 407 samples
Wall-clock time: 1765426907.920273 ||Test loss: 0.5897 || Test accuracy: 0.8280 || CPU time: 8.7680 || CPU utilization: 0.1227 || R#338's duration (s): 71.4548 || Cumulative runtime (s): 24404.2658 || Loading data delay (s): 6.5558 || Eval delay (s): 0.6395 || Agg delay (s): 0.0000 || Coordination delay (s): 0.0000 || DIST task delay: 0.0000 || RECV task delay: 0.0000 || Queueing delay: 0.0000 || MSG (from mid) Ave. delay: 0.0000 || Total cache delay: 0.0000 || Ave. cache delay: 0.0000
[R#338] CUMULATIVE_RUNTIME_SEC=24404.2658
Top Aggregator Timestamps: CACHE, CACHE_START_T: 0.0, CACHE_END_T: 0.0 || AGG, AGG_START_T: 0.0, AGG_END_T: 0.0 || EVAL, EVAL_START_T: 1765426907.2807515, EVAL_END_T: 1765426907.920253 || RECV, RECV_START_T: 0.0, RECV_END_T: 0.0 || DIST, DIST_START_T: 0.0, DIST_END_T: 0.0 || LOAD, LOAD_START_T: 1765426836.468915, LOAD_END_T: 1765426843.024736 || MSG_MTo, MSG_MTo_START_T: 0.0, MSG_MTo_END_T: 0.0
Loaded FEMNIST test split partition_id=19 with 377 samples
Wall-clock time: 1765427002.588887 ||Test loss: 0.4840 || Test accuracy: 0.8488 || CPU time: 8.1176 || CPU utilization: 0.0857 || R#339's duration (s): 94.6686 || Cumulative runtime (s): 24498.9344 || Loading data delay (s): 6.9313 || Eval delay (s): 0.5927 || Agg delay (s): 0.0000 || Coordination delay (s): 0.0000 || DIST task delay: 0.0000 || RECV task delay: 0.0000 || Queueing delay: 0.0000 || MSG (from mid) Ave. delay: 0.0000 || Total cache delay: 0.0000 || Ave. cache delay: 0.0000
[R#339] CUMULATIVE_RUNTIME_SEC=24498.9344
Top Aggregator Timestamps: CACHE, CACHE_START_T: 0.0, CACHE_END_T: 0.0 || AGG, AGG_START_T: 0.0, AGG_END_T: 0.0 || EVAL, EVAL_START_T: 1765427001.9961808, EVAL_END_T: 1765427002.5888658 || RECV, RECV_START_T: 0.0, RECV_END_T: 0.0 || DIST, DIST_START_T: 0.0, DIST_END_T: 0.0 || LOAD, LOAD_START_T: 1765426907.923696, LOAD_END_T: 1765426914.8549817 || MSG_MTo, MSG_MTo_START_T: 0.0, MSG_MTo_END_T: 0.0
Loaded FEMNIST test split partition_id=65 with 379 samples
Wall-clock time: 1765427066.2158117 ||Test loss: 0.2758 || Test accuracy: 0.9050 || CPU time: 8.0324 || CPU utilization: 0.1262 || R#340's duration (s): 63.6269 || Cumulative runtime (s): 24562.5613 || Loading data delay (s): 6.4039 || Eval delay (s): 0.5877 || Agg delay (s): 0.0000 || Coordination delay (s): 0.0000 || DIST task delay: 0.0000 || RECV task delay: 0.0000 || Queueing delay: 0.0000 || MSG (from mid) Ave. delay: 0.0000 || Total cache delay: 0.0000 || Ave. cache delay: 0.0000
[R#340] CUMULATIVE_RUNTIME_SEC=24562.5613
Top Aggregator Timestamps: CACHE, CACHE_START_T: 0.0, CACHE_END_T: 0.0 || AGG, AGG_START_T: 0.0, AGG_END_T: 0.0 || EVAL, EVAL_START_T: 1765427065.6281247, EVAL_END_T: 1765427066.2157865 || RECV, RECV_START_T: 0.0, RECV_END_T: 0.0 || DIST, DIST_START_T: 0.0, DIST_END_T: 0.0 || LOAD, LOAD_START_T: 1765427002.5930896, LOAD_END_T: 1765427008.9969463 || MSG_MTo, MSG_MTo_START_T: 0.0, MSG_MTo_END_T: 0.0
Loaded FEMNIST test split partition_id=49 with 393 samples
Wall-clock time: 1765427132.8185036 ||Test loss: 0.2591 || Test accuracy: 0.8957 || CPU time: 8.9169 || CPU utilization: 0.1339 || R#341's duration (s): 66.6027 || Cumulative runtime (s): 24629.1640 || Loading data delay (s): 6.1200 || Eval delay (s): 0.6613 || Agg delay (s): 0.0000 || Coordination delay (s): 0.0000 || DIST task delay: 0.0000 || RECV task delay: 0.0000 || Queueing delay: 0.0000 || MSG (from mid) Ave. delay: 0.0000 || Total cache delay: 0.0000 || Ave. cache delay: 0.0000
[R#341] CUMULATIVE_RUNTIME_SEC=24629.1640
Top Aggregator Timestamps: CACHE, CACHE_START_T: 0.0, CACHE_END_T: 0.0 || AGG, AGG_START_T: 0.0, AGG_END_T: 0.0 || EVAL, EVAL_START_T: 1765427132.1571825, EVAL_END_T: 1765427132.8184674 || RECV, RECV_START_T: 0.0, RECV_END_T: 0.0 || DIST, DIST_START_T: 0.0, DIST_END_T: 0.0 || LOAD, LOAD_START_T: 1765427066.2188683, LOAD_END_T: 1765427072.3388693 || MSG_MTo, MSG_MTo_START_T: 0.0, MSG_MTo_END_T: 0.0
Loaded FEMNIST test split partition_id=38 with 347 samples
Wall-clock time: 1765427195.8276427 ||Test loss: 0.4931 || Test accuracy: 0.8703 || CPU time: 7.9737 || CPU utilization: 0.1265 || R#342's duration (s): 63.0091 || Cumulative runtime (s): 24692.1731 || Loading data delay (s): 7.3376 || Eval delay (s): 0.5788 || Agg delay (s): 0.0000 || Coordination delay (s): 0.0000 || DIST task delay: 0.0000 || RECV task delay: 0.0000 || Queueing delay: 0.0000 || MSG (from mid) Ave. delay: 0.0000 || Total cache delay: 0.0000 || Ave. cache delay: 0.0000
[R#342] CUMULATIVE_RUNTIME_SEC=24692.1731
Top Aggregator Timestamps: CACHE, CACHE_START_T: 0.0, CACHE_END_T: 0.0 || AGG, AGG_START_T: 0.0, AGG_END_T: 0.0 || EVAL, EVAL_START_T: 1765427195.2487957, EVAL_END_T: 1765427195.8276167 || RECV, RECV_START_T: 0.0, RECV_END_T: 0.0 || DIST, DIST_START_T: 0.0, DIST_END_T: 0.0 || LOAD, LOAD_START_T: 1765427132.822774, LOAD_END_T: 1765427140.1603632 || MSG_MTo, MSG_MTo_START_T: 0.0, MSG_MTo_END_T: 0.0
Loaded FEMNIST test split partition_id=15 with 370 samples
Wall-clock time: 1765427261.153986 ||Test loss: 0.5172 || Test accuracy: 0.8162 || CPU time: 8.5878 || CPU utilization: 0.1315 || R#343's duration (s): 65.3263 || Cumulative runtime (s): 24757.4995 || Loading data delay (s): 6.9476 || Eval delay (s): 0.6217 || Agg delay (s): 0.0000 || Coordination delay (s): 0.0000 || DIST task delay: 0.0000 || RECV task delay: 0.0000 || Queueing delay: 0.0000 || MSG (from mid) Ave. delay: 0.0000 || Total cache delay: 0.0000 || Ave. cache delay: 0.0000
[R#343] CUMULATIVE_RUNTIME_SEC=24757.4995
Top Aggregator Timestamps: CACHE, CACHE_START_T: 0.0, CACHE_END_T: 0.0 || AGG, AGG_START_T: 0.0, AGG_END_T: 0.0 || EVAL, EVAL_START_T: 1765427260.5322244, EVAL_END_T: 1765427261.1539598 || RECV, RECV_START_T: 0.0, RECV_END_T: 0.0 || DIST, DIST_START_T: 0.0, DIST_END_T: 0.0 || LOAD, LOAD_START_T: 1765427195.8312223, LOAD_END_T: 1765427202.778863 || MSG_MTo, MSG_MTo_START_T: 0.0, MSG_MTo_END_T: 0.0
Loaded FEMNIST test split partition_id=55 with 373 samples
Wall-clock time: 1765427326.570408 ||Test loss: 1.0586 || Test accuracy: 0.7587 || CPU time: 8.9645 || CPU utilization: 0.1370 || R#344's duration (s): 65.4164 || Cumulative runtime (s): 24822.9159 || Loading data delay (s): 6.8311 || Eval delay (s): 0.6649 || Agg delay (s): 0.0000 || Coordination delay (s): 0.0000 || DIST task delay: 0.0000 || RECV task delay: 0.0000 || Queueing delay: 0.0000 || MSG (from mid) Ave. delay: 0.0000 || Total cache delay: 0.0000 || Ave. cache delay: 0.0000
[R#344] CUMULATIVE_RUNTIME_SEC=24822.9159
Top Aggregator Timestamps: CACHE, CACHE_START_T: 0.0, CACHE_END_T: 0.0 || AGG, AGG_START_T: 0.0, AGG_END_T: 0.0 || EVAL, EVAL_START_T: 1765427325.9054468, EVAL_END_T: 1765427326.5703626 || RECV, RECV_START_T: 0.0, RECV_END_T: 0.0 || DIST, DIST_START_T: 0.0, DIST_END_T: 0.0 || LOAD, LOAD_START_T: 1765427261.1574829, LOAD_END_T: 1765427267.9886026 || MSG_MTo, MSG_MTo_START_T: 0.0, MSG_MTo_END_T: 0.0
Loaded FEMNIST test split partition_id=29 with 247 samples
Wall-clock time: 1765427411.3951237 ||Test loss: 1.0484 || Test accuracy: 0.7206 || CPU time: 5.7734 || CPU utilization: 0.0681 || R#345's duration (s): 84.8247 || Cumulative runtime (s): 24907.7406 || Loading data delay (s): 6.8230 || Eval delay (s): 0.4204 || Agg delay (s): 0.0000 || Coordination delay (s): 0.0000 || DIST task delay: 0.0000 || RECV task delay: 0.0000 || Queueing delay: 0.0000 || MSG (from mid) Ave. delay: 0.0000 || Total cache delay: 0.0000 || Ave. cache delay: 0.0000
[R#345] CUMULATIVE_RUNTIME_SEC=24907.7406
Top Aggregator Timestamps: CACHE, CACHE_START_T: 0.0, CACHE_END_T: 0.0 || AGG, AGG_START_T: 0.0, AGG_END_T: 0.0 || EVAL, EVAL_START_T: 1765427410.974747, EVAL_END_T: 1765427411.3950994 || RECV, RECV_START_T: 0.0, RECV_END_T: 0.0 || DIST, DIST_START_T: 0.0, DIST_END_T: 0.0 || LOAD, LOAD_START_T: 1765427326.5743918, LOAD_END_T: 1765427333.3973799 || MSG_MTo, MSG_MTo_START_T: 0.0, MSG_MTo_END_T: 0.0
Loaded FEMNIST test split partition_id=38 with 347 samples
Wall-clock time: 1765427494.2454665 ||Test loss: 0.4663 || Test accuracy: 0.8703 || CPU time: 7.8492 || CPU utilization: 0.0947 || R#346's duration (s): 82.8503 || Cumulative runtime (s): 24990.5910 || Loading data delay (s): 7.2228 || Eval delay (s): 0.5770 || Agg delay (s): 0.0000 || Coordination delay (s): 0.0000 || DIST task delay: 0.0000 || RECV task delay: 0.0000 || Queueing delay: 0.0000 || MSG (from mid) Ave. delay: 0.0000 || Total cache delay: 0.0000 || Ave. cache delay: 0.0000
[R#346] CUMULATIVE_RUNTIME_SEC=24990.5910
Top Aggregator Timestamps: CACHE, CACHE_START_T: 0.0, CACHE_END_T: 0.0 || AGG, AGG_START_T: 0.0, AGG_END_T: 0.0 || EVAL, EVAL_START_T: 1765427493.6684544, EVAL_END_T: 1765427494.2454367 || RECV, RECV_START_T: 0.0, RECV_END_T: 0.0 || DIST, DIST_START_T: 0.0, DIST_END_T: 0.0 || LOAD, LOAD_START_T: 1765427411.39869, LOAD_END_T: 1765427418.6215181 || MSG_MTo, MSG_MTo_START_T: 0.0, MSG_MTo_END_T: 0.0
Loaded FEMNIST test split partition_id=39 with 373 samples
Wall-clock time: 1765427580.1643882 ||Test loss: 0.3155 || Test accuracy: 0.8901 || CPU time: 8.3767 || CPU utilization: 0.0975 || R#347's duration (s): 85.9189 || Cumulative runtime (s): 25076.5099 || Loading data delay (s): 6.7536 || Eval delay (s): 0.6095 || Agg delay (s): 0.0000 || Coordination delay (s): 0.0000 || DIST task delay: 0.0000 || RECV task delay: 0.0000 || Queueing delay: 0.0000 || MSG (from mid) Ave. delay: 0.0000 || Total cache delay: 0.0000 || Ave. cache delay: 0.0000
[R#347] CUMULATIVE_RUNTIME_SEC=25076.5099
Top Aggregator Timestamps: CACHE, CACHE_START_T: 0.0, CACHE_END_T: 0.0 || AGG, AGG_START_T: 0.0, AGG_END_T: 0.0 || EVAL, EVAL_START_T: 1765427579.554809, EVAL_END_T: 1765427580.1643572 || RECV, RECV_START_T: 0.0, RECV_END_T: 0.0 || DIST, DIST_START_T: 0.0, DIST_END_T: 0.0 || LOAD, LOAD_START_T: 1765427494.249064, LOAD_END_T: 1765427501.0026903 || MSG_MTo, MSG_MTo_START_T: 0.0, MSG_MTo_END_T: 0.0
Loaded FEMNIST test split partition_id=30 with 284 samples
Wall-clock time: 1765427645.5229917 ||Test loss: 0.4121 || Test accuracy: 0.8803 || CPU time: 6.6841 || CPU utilization: 0.1023 || R#348's duration (s): 65.3586 || Cumulative runtime (s): 25141.8685 || Loading data delay (s): 6.6285 || Eval delay (s): 0.4985 || Agg delay (s): 0.0000 || Coordination delay (s): 0.0000 || DIST task delay: 0.0000 || RECV task delay: 0.0000 || Queueing delay: 0.0000 || MSG (from mid) Ave. delay: 0.0000 || Total cache delay: 0.0000 || Ave. cache delay: 0.0000
[R#348] CUMULATIVE_RUNTIME_SEC=25141.8685
Top Aggregator Timestamps: CACHE, CACHE_START_T: 0.0, CACHE_END_T: 0.0 || AGG, AGG_START_T: 0.0, AGG_END_T: 0.0 || EVAL, EVAL_START_T: 1765427645.0244408, EVAL_END_T: 1765427645.522965 || RECV, RECV_START_T: 0.0, RECV_END_T: 0.0 || DIST, DIST_START_T: 0.0, DIST_END_T: 0.0 || LOAD, LOAD_START_T: 1765427580.1675274, LOAD_END_T: 1765427586.796071 || MSG_MTo, MSG_MTo_START_T: 0.0, MSG_MTo_END_T: 0.0
Loaded FEMNIST test split partition_id=17 with 424 samples
Wall-clock time: 1765427722.5478482 ||Test loss: 0.4512 || Test accuracy: 0.8608 || CPU time: 9.7797 || CPU utilization: 0.1270 || R#349's duration (s): 77.0249 || Cumulative runtime (s): 25218.8933 || Loading data delay (s): 7.1063 || Eval delay (s): 0.7555 || Agg delay (s): 0.0000 || Coordination delay (s): 0.0000 || DIST task delay: 0.0000 || RECV task delay: 0.0000 || Queueing delay: 0.0000 || MSG (from mid) Ave. delay: 0.0000 || Total cache delay: 0.0000 || Ave. cache delay: 0.0000
[R#349] CUMULATIVE_RUNTIME_SEC=25218.8933
Top Aggregator Timestamps: CACHE, CACHE_START_T: 0.0, CACHE_END_T: 0.0 || AGG, AGG_START_T: 0.0, AGG_END_T: 0.0 || EVAL, EVAL_START_T: 1765427721.7923317, EVAL_END_T: 1765427722.5478244 || RECV, RECV_START_T: 0.0, RECV_END_T: 0.0 || DIST, DIST_START_T: 0.0, DIST_END_T: 0.0 || LOAD, LOAD_START_T: 1765427645.528499, LOAD_END_T: 1765427652.634759 || MSG_MTo, MSG_MTo_START_T: 0.0, MSG_MTo_END_T: 0.0
Loaded FEMNIST test split partition_id=17 with 424 samples
Wall-clock time: 1765427800.4960809 ||Test loss: 0.3271 || Test accuracy: 0.8939 || CPU time: 8.9613 || CPU utilization: 0.1150 || R#350's duration (s): 77.9482 || Cumulative runtime (s): 25296.8416 || Loading data delay (s): 7.0241 || Eval delay (s): 0.6628 || Agg delay (s): 0.0000 || Coordination delay (s): 0.0000 || DIST task delay: 0.0000 || RECV task delay: 0.0000 || Queueing delay: 0.0000 || MSG (from mid) Ave. delay: 0.0000 || Total cache delay: 0.0000 || Ave. cache delay: 0.0000
[R#350] CUMULATIVE_RUNTIME_SEC=25296.8416
Top Aggregator Timestamps: CACHE, CACHE_START_T: 0.0, CACHE_END_T: 0.0 || AGG, AGG_START_T: 0.0, AGG_END_T: 0.0 || EVAL, EVAL_START_T: 1765427799.833275, EVAL_END_T: 1765427800.4960551 || RECV, RECV_START_T: 0.0, RECV_END_T: 0.0 || DIST, DIST_START_T: 0.0, DIST_END_T: 0.0 || LOAD, LOAD_START_T: 1765427722.5524147, LOAD_END_T: 1765427729.5764875 || MSG_MTo, MSG_MTo_START_T: 0.0, MSG_MTo_END_T: 0.0
Loaded FEMNIST test split partition_id=3 with 397 samples
Wall-clock time: 1765427874.6774104 ||Test loss: 0.4179 || Test accuracy: 0.8892 || CPU time: 8.2838 || CPU utilization: 0.1117 || R#351's duration (s): 74.1813 || Cumulative runtime (s): 25371.0229 || Loading data delay (s): 6.7299 || Eval delay (s): 0.6094 || Agg delay (s): 0.0000 || Coordination delay (s): 0.0000 || DIST task delay: 0.0000 || RECV task delay: 0.0000 || Queueing delay: 0.0000 || MSG (from mid) Ave. delay: 0.0000 || Total cache delay: 0.0000 || Ave. cache delay: 0.0000
[R#351] CUMULATIVE_RUNTIME_SEC=25371.0229
Top Aggregator Timestamps: CACHE, CACHE_START_T: 0.0, CACHE_END_T: 0.0 || AGG, AGG_START_T: 0.0, AGG_END_T: 0.0 || EVAL, EVAL_START_T: 1765427874.0679746, EVAL_END_T: 1765427874.677388 || RECV, RECV_START_T: 0.0, RECV_END_T: 0.0 || DIST, DIST_START_T: 0.0, DIST_END_T: 0.0 || LOAD, LOAD_START_T: 1765427800.4999075, LOAD_END_T: 1765427807.2298574 || MSG_MTo, MSG_MTo_START_T: 0.0, MSG_MTo_END_T: 0.0
Loaded FEMNIST test split partition_id=14 with 378 samples
Wall-clock time: 1765427943.6422482 ||Test loss: 0.2355 || Test accuracy: 0.9074 || CPU time: 7.9841 || CPU utilization: 0.1158 || R#352's duration (s): 68.9648 || Cumulative runtime (s): 25439.9877 || Loading data delay (s): 6.5126 || Eval delay (s): 0.5880 || Agg delay (s): 0.0000 || Coordination delay (s): 0.0000 || DIST task delay: 0.0000 || RECV task delay: 0.0000 || Queueing delay: 0.0000 || MSG (from mid) Ave. delay: 0.0000 || Total cache delay: 0.0000 || Ave. cache delay: 0.0000
[R#352] CUMULATIVE_RUNTIME_SEC=25439.9877
Top Aggregator Timestamps: CACHE, CACHE_START_T: 0.0, CACHE_END_T: 0.0 || AGG, AGG_START_T: 0.0, AGG_END_T: 0.0 || EVAL, EVAL_START_T: 1765427943.0542388, EVAL_END_T: 1765427943.6422255 || RECV, RECV_START_T: 0.0, RECV_END_T: 0.0 || DIST, DIST_START_T: 0.0, DIST_END_T: 0.0 || LOAD, LOAD_START_T: 1765427874.6807168, LOAD_END_T: 1765427881.1933444 || MSG_MTo, MSG_MTo_START_T: 0.0, MSG_MTo_END_T: 0.0
Loaded FEMNIST test split partition_id=23 with 418 samples
Wall-clock time: 1765428010.33196 ||Test loss: 0.3180 || Test accuracy: 0.9043 || CPU time: 8.7816 || CPU utilization: 0.1317 || R#353's duration (s): 66.6897 || Cumulative runtime (s): 25506.6774 || Loading data delay (s): 6.5241 || Eval delay (s): 0.6460 || Agg delay (s): 0.0000 || Coordination delay (s): 0.0000 || DIST task delay: 0.0000 || RECV task delay: 0.0000 || Queueing delay: 0.0000 || MSG (from mid) Ave. delay: 0.0000 || Total cache delay: 0.0000 || Ave. cache delay: 0.0000
[R#353] CUMULATIVE_RUNTIME_SEC=25506.6774
Top Aggregator Timestamps: CACHE, CACHE_START_T: 0.0, CACHE_END_T: 0.0 || AGG, AGG_START_T: 0.0, AGG_END_T: 0.0 || EVAL, EVAL_START_T: 1765428009.6859405, EVAL_END_T: 1765428010.3319323 || RECV, RECV_START_T: 0.0, RECV_END_T: 0.0 || DIST, DIST_START_T: 0.0, DIST_END_T: 0.0 || LOAD, LOAD_START_T: 1765427943.6456199, LOAD_END_T: 1765427950.1696796 || MSG_MTo, MSG_MTo_START_T: 0.0, MSG_MTo_END_T: 0.0
Loaded FEMNIST test split partition_id=45 with 327 samples
Wall-clock time: 1765428084.562485 ||Test loss: 1.0765 || Test accuracy: 0.6544 || CPU time: 7.7785 || CPU utilization: 0.1048 || R#354's duration (s): 74.2305 || Cumulative runtime (s): 25580.9080 || Loading data delay (s): 7.1869 || Eval delay (s): 0.5910 || Agg delay (s): 0.0000 || Coordination delay (s): 0.0000 || DIST task delay: 0.0000 || RECV task delay: 0.0000 || Queueing delay: 0.0000 || MSG (from mid) Ave. delay: 0.0000 || Total cache delay: 0.0000 || Ave. cache delay: 0.0000
[R#354] CUMULATIVE_RUNTIME_SEC=25580.9080
Top Aggregator Timestamps: CACHE, CACHE_START_T: 0.0, CACHE_END_T: 0.0 || AGG, AGG_START_T: 0.0, AGG_END_T: 0.0 || EVAL, EVAL_START_T: 1765428083.971447, EVAL_END_T: 1765428084.5624585 || RECV, RECV_START_T: 0.0, RECV_END_T: 0.0 || DIST, DIST_START_T: 0.0, DIST_END_T: 0.0 || LOAD, LOAD_START_T: 1765428010.3374295, LOAD_END_T: 1765428017.5243487 || MSG_MTo, MSG_MTo_START_T: 0.0, MSG_MTo_END_T: 0.0
Loaded FEMNIST test split partition_id=40 with 375 samples
Wall-clock time: 1765428145.828415 ||Test loss: 0.6957 || Test accuracy: 0.8000 || CPU time: 8.0531 || CPU utilization: 0.1314 || R#355's duration (s): 61.2659 || Cumulative runtime (s): 25642.1739 || Loading data delay (s): 6.4087 || Eval delay (s): 0.5922 || Agg delay (s): 0.0000 || Coordination delay (s): 0.0000 || DIST task delay: 0.0000 || RECV task delay: 0.0000 || Queueing delay: 0.0000 || MSG (from mid) Ave. delay: 0.0000 || Total cache delay: 0.0000 || Ave. cache delay: 0.0000
[R#355] CUMULATIVE_RUNTIME_SEC=25642.1739
Top Aggregator Timestamps: CACHE, CACHE_START_T: 0.0, CACHE_END_T: 0.0 || AGG, AGG_START_T: 0.0, AGG_END_T: 0.0 || EVAL, EVAL_START_T: 1765428145.236199, EVAL_END_T: 1765428145.8283858 || RECV, RECV_START_T: 0.0, RECV_END_T: 0.0 || DIST, DIST_START_T: 0.0, DIST_END_T: 0.0 || LOAD, LOAD_START_T: 1765428084.5670977, LOAD_END_T: 1765428090.9757757 || MSG_MTo, MSG_MTo_START_T: 0.0, MSG_MTo_END_T: 0.0
Loaded FEMNIST test split partition_id=29 with 247 samples
Wall-clock time: 1765428224.3356056 ||Test loss: 1.0467 || Test accuracy: 0.6883 || CPU time: 5.5431 || CPU utilization: 0.0706 || R#356's duration (s): 78.5072 || Cumulative runtime (s): 25720.6811 || Loading data delay (s): 6.7318 || Eval delay (s): 0.4050 || Agg delay (s): 0.0000 || Coordination delay (s): 0.0000 || DIST task delay: 0.0000 || RECV task delay: 0.0000 || Queueing delay: 0.0000 || MSG (from mid) Ave. delay: 0.0000 || Total cache delay: 0.0000 || Ave. cache delay: 0.0000
[R#356] CUMULATIVE_RUNTIME_SEC=25720.6811
Top Aggregator Timestamps: CACHE, CACHE_START_T: 0.0, CACHE_END_T: 0.0 || AGG, AGG_START_T: 0.0, AGG_END_T: 0.0 || EVAL, EVAL_START_T: 1765428223.9305801, EVAL_END_T: 1765428224.3355832 || RECV, RECV_START_T: 0.0, RECV_END_T: 0.0 || DIST, DIST_START_T: 0.0, DIST_END_T: 0.0 || LOAD, LOAD_START_T: 1765428145.83186, LOAD_END_T: 1765428152.5636137 || MSG_MTo, MSG_MTo_START_T: 0.0, MSG_MTo_END_T: 0.0
Loaded FEMNIST test split partition_id=7 with 375 samples
Wall-clock time: 1765428303.3434973 ||Test loss: 0.7703 || Test accuracy: 0.7440 || CPU time: 7.8357 || CPU utilization: 0.0992 || R#357's duration (s): 79.0079 || Cumulative runtime (s): 25799.6890 || Loading data delay (s): 6.1712 || Eval delay (s): 0.5803 || Agg delay (s): 0.0000 || Coordination delay (s): 0.0000 || DIST task delay: 0.0000 || RECV task delay: 0.0000 || Queueing delay: 0.0000 || MSG (from mid) Ave. delay: 0.0000 || Total cache delay: 0.0000 || Ave. cache delay: 0.0000
[R#357] CUMULATIVE_RUNTIME_SEC=25799.6890
Top Aggregator Timestamps: CACHE, CACHE_START_T: 0.0, CACHE_END_T: 0.0 || AGG, AGG_START_T: 0.0, AGG_END_T: 0.0 || EVAL, EVAL_START_T: 1765428302.7631981, EVAL_END_T: 1765428303.3434718 || RECV, RECV_START_T: 0.0, RECV_END_T: 0.0 || DIST, DIST_START_T: 0.0, DIST_END_T: 0.0 || LOAD, LOAD_START_T: 1765428224.3389459, LOAD_END_T: 1765428230.510143 || MSG_MTo, MSG_MTo_START_T: 0.0, MSG_MTo_END_T: 0.0
Loaded FEMNIST test split partition_id=29 with 247 samples
Wall-clock time: 1765428372.355862 ||Test loss: 0.9696 || Test accuracy: 0.7368 || CPU time: 5.4287 || CPU utilization: 0.0787 || R#358's duration (s): 69.0124 || Cumulative runtime (s): 25868.7014 || Loading data delay (s): 6.6647 || Eval delay (s): 0.3941 || Agg delay (s): 0.0000 || Coordination delay (s): 0.0000 || DIST task delay: 0.0000 || RECV task delay: 0.0000 || Queueing delay: 0.0000 || MSG (from mid) Ave. delay: 0.0000 || Total cache delay: 0.0000 || Ave. cache delay: 0.0000
[R#358] CUMULATIVE_RUNTIME_SEC=25868.7014
Top Aggregator Timestamps: CACHE, CACHE_START_T: 0.0, CACHE_END_T: 0.0 || AGG, AGG_START_T: 0.0, AGG_END_T: 0.0 || EVAL, EVAL_START_T: 1765428371.9617593, EVAL_END_T: 1765428372.3558323 || RECV, RECV_START_T: 0.0, RECV_END_T: 0.0 || DIST, DIST_START_T: 0.0, DIST_END_T: 0.0 || LOAD, LOAD_START_T: 1765428303.346809, LOAD_END_T: 1765428310.0115037 || MSG_MTo, MSG_MTo_START_T: 0.0, MSG_MTo_END_T: 0.0
Loaded FEMNIST test split partition_id=50 with 313 samples
Wall-clock time: 1765428434.608498 ||Test loss: 0.3590 || Test accuracy: 0.9042 || CPU time: 6.7854 || CPU utilization: 0.1090 || R#359's duration (s): 62.2526 || Cumulative runtime (s): 25930.9540 || Loading data delay (s): 6.2106 || Eval delay (s): 0.4980 || Agg delay (s): 0.0000 || Coordination delay (s): 0.0000 || DIST task delay: 0.0000 || RECV task delay: 0.0000 || Queueing delay: 0.0000 || MSG (from mid) Ave. delay: 0.0000 || Total cache delay: 0.0000 || Ave. cache delay: 0.0000
[R#359] CUMULATIVE_RUNTIME_SEC=25930.9540
Top Aggregator Timestamps: CACHE, CACHE_START_T: 0.0, CACHE_END_T: 0.0 || AGG, AGG_START_T: 0.0, AGG_END_T: 0.0 || EVAL, EVAL_START_T: 1765428434.1104727, EVAL_END_T: 1765428434.6084797 || RECV, RECV_START_T: 0.0, RECV_END_T: 0.0 || DIST, DIST_START_T: 0.0, DIST_END_T: 0.0 || LOAD, LOAD_START_T: 1765428372.3593764, LOAD_END_T: 1765428378.5699415 || MSG_MTo, MSG_MTo_START_T: 0.0, MSG_MTo_END_T: 0.0
Loaded FEMNIST test split partition_id=4 with 315 samples
Wall-clock time: 1765428496.7511237 ||Test loss: 0.7583 || Test accuracy: 0.8000 || CPU time: 6.7669 || CPU utilization: 0.1089 || R#360's duration (s): 62.1426 || Cumulative runtime (s): 25993.0966 || Loading data delay (s): 6.5768 || Eval delay (s): 0.5070 || Agg delay (s): 0.0000 || Coordination delay (s): 0.0000 || DIST task delay: 0.0000 || RECV task delay: 0.0000 || Queueing delay: 0.0000 || MSG (from mid) Ave. delay: 0.0000 || Total cache delay: 0.0000 || Ave. cache delay: 0.0000
[R#360] CUMULATIVE_RUNTIME_SEC=25993.0966
Top Aggregator Timestamps: CACHE, CACHE_START_T: 0.0, CACHE_END_T: 0.0 || AGG, AGG_START_T: 0.0, AGG_END_T: 0.0 || EVAL, EVAL_START_T: 1765428496.2441173, EVAL_END_T: 1765428496.7510998 || RECV, RECV_START_T: 0.0, RECV_END_T: 0.0 || DIST, DIST_START_T: 0.0, DIST_END_T: 0.0 || LOAD, LOAD_START_T: 1765428434.6118617, LOAD_END_T: 1765428441.1886327 || MSG_MTo, MSG_MTo_START_T: 0.0, MSG_MTo_END_T: 0.0
Loaded FEMNIST test split partition_id=65 with 379 samples
Wall-clock time: 1765428558.120318 ||Test loss: 0.2714 || Test accuracy: 0.9077 || CPU time: 7.6728 || CPU utilization: 0.1250 || R#361's duration (s): 61.3692 || Cumulative runtime (s): 26054.4658 || Loading data delay (s): 6.1712 || Eval delay (s): 0.5685 || Agg delay (s): 0.0000 || Coordination delay (s): 0.0000 || DIST task delay: 0.0000 || RECV task delay: 0.0000 || Queueing delay: 0.0000 || MSG (from mid) Ave. delay: 0.0000 || Total cache delay: 0.0000 || Ave. cache delay: 0.0000
[R#361] CUMULATIVE_RUNTIME_SEC=26054.4658
Top Aggregator Timestamps: CACHE, CACHE_START_T: 0.0, CACHE_END_T: 0.0 || AGG, AGG_START_T: 0.0, AGG_END_T: 0.0 || EVAL, EVAL_START_T: 1765428557.5518293, EVAL_END_T: 1765428558.120297 || RECV, RECV_START_T: 0.0, RECV_END_T: 0.0 || DIST, DIST_START_T: 0.0, DIST_END_T: 0.0 || LOAD, LOAD_START_T: 1765428496.7545464, LOAD_END_T: 1765428502.9257033 || MSG_MTo, MSG_MTo_START_T: 0.0, MSG_MTo_END_T: 0.0
Loaded FEMNIST test split partition_id=47 with 395 samples
Wall-clock time: 1765428638.5028932 ||Test loss: 0.4357 || Test accuracy: 0.8709 || CPU time: 7.9952 || CPU utilization: 0.0995 || R#362's duration (s): 80.3826 || Cumulative runtime (s): 26134.8484 || Loading data delay (s): 6.4059 || Eval delay (s): 0.5901 || Agg delay (s): 0.0000 || Coordination delay (s): 0.0000 || DIST task delay: 0.0000 || RECV task delay: 0.0000 || Queueing delay: 0.0000 || MSG (from mid) Ave. delay: 0.0000 || Total cache delay: 0.0000 || Ave. cache delay: 0.0000
[R#362] CUMULATIVE_RUNTIME_SEC=26134.8484
Top Aggregator Timestamps: CACHE, CACHE_START_T: 0.0, CACHE_END_T: 0.0 || AGG, AGG_START_T: 0.0, AGG_END_T: 0.0 || EVAL, EVAL_START_T: 1765428637.9127212, EVAL_END_T: 1765428638.50287 || RECV, RECV_START_T: 0.0, RECV_END_T: 0.0 || DIST, DIST_START_T: 0.0, DIST_END_T: 0.0 || LOAD, LOAD_START_T: 1765428558.1235187, LOAD_END_T: 1765428564.5293913 || MSG_MTo, MSG_MTo_START_T: 0.0, MSG_MTo_END_T: 0.0
Loaded FEMNIST test split partition_id=12 with 308 samples
Wall-clock time: 1765428703.901754 ||Test loss: 0.6068 || Test accuracy: 0.8182 || CPU time: 6.4066 || CPU utilization: 0.0980 || R#363's duration (s): 65.3989 || Cumulative runtime (s): 26200.2472 || Loading data delay (s): 6.3617 || Eval delay (s): 0.4735 || Agg delay (s): 0.0000 || Coordination delay (s): 0.0000 || DIST task delay: 0.0000 || RECV task delay: 0.0000 || Queueing delay: 0.0000 || MSG (from mid) Ave. delay: 0.0000 || Total cache delay: 0.0000 || Ave. cache delay: 0.0000
[R#363] CUMULATIVE_RUNTIME_SEC=26200.2472
Top Aggregator Timestamps: CACHE, CACHE_START_T: 0.0, CACHE_END_T: 0.0 || AGG, AGG_START_T: 0.0, AGG_END_T: 0.0 || EVAL, EVAL_START_T: 1765428703.4282763, EVAL_END_T: 1765428703.9017327 || RECV, RECV_START_T: 0.0, RECV_END_T: 0.0 || DIST, DIST_START_T: 0.0, DIST_END_T: 0.0 || LOAD, LOAD_START_T: 1765428638.505924, LOAD_END_T: 1765428644.8675916 || MSG_MTo, MSG_MTo_START_T: 0.0, MSG_MTo_END_T: 0.0
Loaded FEMNIST test split partition_id=65 with 379 samples
Wall-clock time: 1765428770.383753 ||Test loss: 0.1896 || Test accuracy: 0.9340 || CPU time: 7.9539 || CPU utilization: 0.1196 || R#364's duration (s): 66.4820 || Cumulative runtime (s): 26266.7292 || Loading data delay (s): 6.4427 || Eval delay (s): 0.5774 || Agg delay (s): 0.0000 || Coordination delay (s): 0.0000 || DIST task delay: 0.0000 || RECV task delay: 0.0000 || Queueing delay: 0.0000 || MSG (from mid) Ave. delay: 0.0000 || Total cache delay: 0.0000 || Ave. cache delay: 0.0000
[R#364] CUMULATIVE_RUNTIME_SEC=26266.7292
Top Aggregator Timestamps: CACHE, CACHE_START_T: 0.0, CACHE_END_T: 0.0 || AGG, AGG_START_T: 0.0, AGG_END_T: 0.0 || EVAL, EVAL_START_T: 1765428769.8063514, EVAL_END_T: 1765428770.3837278 || RECV, RECV_START_T: 0.0, RECV_END_T: 0.0 || DIST, DIST_START_T: 0.0, DIST_END_T: 0.0 || LOAD, LOAD_START_T: 1765428703.904972, LOAD_END_T: 1765428710.347653 || MSG_MTo, MSG_MTo_START_T: 0.0, MSG_MTo_END_T: 0.0
Loaded FEMNIST test split partition_id=43 with 330 samples
Wall-clock time: 1765428834.6300623 ||Test loss: 0.3895 || Test accuracy: 0.8758 || CPU time: 7.1761 || CPU utilization: 0.1117 || R#365's duration (s): 64.2463 || Cumulative runtime (s): 26330.9756 || Loading data delay (s): 6.3130 || Eval delay (s): 0.5135 || Agg delay (s): 0.0000 || Coordination delay (s): 0.0000 || DIST task delay: 0.0000 || RECV task delay: 0.0000 || Queueing delay: 0.0000 || MSG (from mid) Ave. delay: 0.0000 || Total cache delay: 0.0000 || Ave. cache delay: 0.0000
[R#365] CUMULATIVE_RUNTIME_SEC=26330.9756
Top Aggregator Timestamps: CACHE, CACHE_START_T: 0.0, CACHE_END_T: 0.0 || AGG, AGG_START_T: 0.0, AGG_END_T: 0.0 || EVAL, EVAL_START_T: 1765428834.1164844, EVAL_END_T: 1765428834.6300309 || RECV, RECV_START_T: 0.0, RECV_END_T: 0.0 || DIST, DIST_START_T: 0.0, DIST_END_T: 0.0 || LOAD, LOAD_START_T: 1765428770.3865864, LOAD_END_T: 1765428776.699549 || MSG_MTo, MSG_MTo_START_T: 0.0, MSG_MTo_END_T: 0.0
Loaded FEMNIST test split partition_id=16 with 312 samples
Wall-clock time: 1765428901.625835 ||Test loss: 0.5512 || Test accuracy: 0.8333 || CPU time: 6.7808 || CPU utilization: 0.1012 || R#366's duration (s): 66.9958 || Cumulative runtime (s): 26397.9713 || Loading data delay (s): 6.3374 || Eval delay (s): 0.4858 || Agg delay (s): 0.0000 || Coordination delay (s): 0.0000 || DIST task delay: 0.0000 || RECV task delay: 0.0000 || Queueing delay: 0.0000 || MSG (from mid) Ave. delay: 0.0000 || Total cache delay: 0.0000 || Ave. cache delay: 0.0000
[R#366] CUMULATIVE_RUNTIME_SEC=26397.9713
Top Aggregator Timestamps: CACHE, CACHE_START_T: 0.0, CACHE_END_T: 0.0 || AGG, AGG_START_T: 0.0, AGG_END_T: 0.0 || EVAL, EVAL_START_T: 1765428901.1399715, EVAL_END_T: 1765428901.6258087 || RECV, RECV_START_T: 0.0, RECV_END_T: 0.0 || DIST, DIST_START_T: 0.0, DIST_END_T: 0.0 || LOAD, LOAD_START_T: 1765428834.6333997, LOAD_END_T: 1765428840.9708145 || MSG_MTo, MSG_MTo_START_T: 0.0, MSG_MTo_END_T: 0.0
Loaded FEMNIST test split partition_id=16 with 312 samples
Wall-clock time: 1765428961.7914453 ||Test loss: 0.6114 || Test accuracy: 0.8494 || CPU time: 6.8225 || CPU utilization: 0.1134 || R#367's duration (s): 60.1656 || Cumulative runtime (s): 26458.1369 || Loading data delay (s): 6.6142 || Eval delay (s): 0.4965 || Agg delay (s): 0.0000 || Coordination delay (s): 0.0000 || DIST task delay: 0.0000 || RECV task delay: 0.0000 || Queueing delay: 0.0000 || MSG (from mid) Ave. delay: 0.0000 || Total cache delay: 0.0000 || Ave. cache delay: 0.0000
[R#367] CUMULATIVE_RUNTIME_SEC=26458.1369
Top Aggregator Timestamps: CACHE, CACHE_START_T: 0.0, CACHE_END_T: 0.0 || AGG, AGG_START_T: 0.0, AGG_END_T: 0.0 || EVAL, EVAL_START_T: 1765428961.294917, EVAL_END_T: 1765428961.791402 || RECV, RECV_START_T: 0.0, RECV_END_T: 0.0 || DIST, DIST_START_T: 0.0, DIST_END_T: 0.0 || LOAD, LOAD_START_T: 1765428901.6290755, LOAD_END_T: 1765428908.243298 || MSG_MTo, MSG_MTo_START_T: 0.0, MSG_MTo_END_T: 0.0
Loaded FEMNIST test split partition_id=43 with 330 samples
Wall-clock time: 1765429029.121968 ||Test loss: 0.3961 || Test accuracy: 0.8848 || CPU time: 7.0072 || CPU utilization: 0.1041 || R#368's duration (s): 67.3305 || Cumulative runtime (s): 26525.4675 || Loading data delay (s): 6.3296 || Eval delay (s): 0.5124 || Agg delay (s): 0.0000 || Coordination delay (s): 0.0000 || DIST task delay: 0.0000 || RECV task delay: 0.0000 || Queueing delay: 0.0000 || MSG (from mid) Ave. delay: 0.0000 || Total cache delay: 0.0000 || Ave. cache delay: 0.0000
[R#368] CUMULATIVE_RUNTIME_SEC=26525.4675
Top Aggregator Timestamps: CACHE, CACHE_START_T: 0.0, CACHE_END_T: 0.0 || AGG, AGG_START_T: 0.0, AGG_END_T: 0.0 || EVAL, EVAL_START_T: 1765429028.6095595, EVAL_END_T: 1765429029.1219485 || RECV, RECV_START_T: 0.0, RECV_END_T: 0.0 || DIST, DIST_START_T: 0.0, DIST_END_T: 0.0 || LOAD, LOAD_START_T: 1765428961.7951605, LOAD_END_T: 1765428968.1247125 || MSG_MTo, MSG_MTo_START_T: 0.0, MSG_MTo_END_T: 0.0
Loaded FEMNIST test split partition_id=7 with 375 samples
Wall-clock time: 1765429102.199309 ||Test loss: 0.7577 || Test accuracy: 0.7547 || CPU time: 8.0065 || CPU utilization: 0.1096 || R#369's duration (s): 73.0773 || Cumulative runtime (s): 26598.5448 || Loading data delay (s): 6.7250 || Eval delay (s): 0.5848 || Agg delay (s): 0.0000 || Coordination delay (s): 0.0000 || DIST task delay: 0.0000 || RECV task delay: 0.0000 || Queueing delay: 0.0000 || MSG (from mid) Ave. delay: 0.0000 || Total cache delay: 0.0000 || Ave. cache delay: 0.0000
[R#369] CUMULATIVE_RUNTIME_SEC=26598.5448
Top Aggregator Timestamps: CACHE, CACHE_START_T: 0.0, CACHE_END_T: 0.0 || AGG, AGG_START_T: 0.0, AGG_END_T: 0.0 || EVAL, EVAL_START_T: 1765429101.6145182, EVAL_END_T: 1765429102.1992865 || RECV, RECV_START_T: 0.0, RECV_END_T: 0.0 || DIST, DIST_START_T: 0.0, DIST_END_T: 0.0 || LOAD, LOAD_START_T: 1765429029.1253421, LOAD_END_T: 1765429035.8503287 || MSG_MTo, MSG_MTo_START_T: 0.0, MSG_MTo_END_T: 0.0
Loaded FEMNIST test split partition_id=17 with 424 samples
Wall-clock time: 1765429171.090654 ||Test loss: 0.3654 || Test accuracy: 0.8774 || CPU time: 8.8795 || CPU utilization: 0.1289 || R#370's duration (s): 68.8913 || Cumulative runtime (s): 26667.4361 || Loading data delay (s): 6.2494 || Eval delay (s): 0.6500 || Agg delay (s): 0.0000 || Coordination delay (s): 0.0000 || DIST task delay: 0.0000 || RECV task delay: 0.0000 || Queueing delay: 0.0000 || MSG (from mid) Ave. delay: 0.0000 || Total cache delay: 0.0000 || Ave. cache delay: 0.0000
[R#370] CUMULATIVE_RUNTIME_SEC=26667.4361
Top Aggregator Timestamps: CACHE, CACHE_START_T: 0.0, CACHE_END_T: 0.0 || AGG, AGG_START_T: 0.0, AGG_END_T: 0.0 || EVAL, EVAL_START_T: 1765429170.4405873, EVAL_END_T: 1765429171.0906222 || RECV, RECV_START_T: 0.0, RECV_END_T: 0.0 || DIST, DIST_START_T: 0.0, DIST_END_T: 0.0 || LOAD, LOAD_START_T: 1765429102.20266, LOAD_END_T: 1765429108.4521003 || MSG_MTo, MSG_MTo_START_T: 0.0, MSG_MTo_END_T: 0.0
Loaded FEMNIST test split partition_id=20 with 371 samples
Wall-clock time: 1765429244.3462596 ||Test loss: 0.3841 || Test accuracy: 0.8652 || CPU time: 8.6845 || CPU utilization: 0.1186 || R#371's duration (s): 73.2556 || Cumulative runtime (s): 26740.6917 || Loading data delay (s): 6.3394 || Eval delay (s): 0.6914 || Agg delay (s): 0.0000 || Coordination delay (s): 0.0000 || DIST task delay: 0.0000 || RECV task delay: 0.0000 || Queueing delay: 0.0000 || MSG (from mid) Ave. delay: 0.0000 || Total cache delay: 0.0000 || Ave. cache delay: 0.0000
[R#371] CUMULATIVE_RUNTIME_SEC=26740.6917
Top Aggregator Timestamps: CACHE, CACHE_START_T: 0.0, CACHE_END_T: 0.0 || AGG, AGG_START_T: 0.0, AGG_END_T: 0.0 || EVAL, EVAL_START_T: 1765429243.654844, EVAL_END_T: 1765429244.3462183 || RECV, RECV_START_T: 0.0, RECV_END_T: 0.0 || DIST, DIST_START_T: 0.0, DIST_END_T: 0.0 || LOAD, LOAD_START_T: 1765429171.0934942, LOAD_END_T: 1765429177.432857 || MSG_MTo, MSG_MTo_START_T: 0.0, MSG_MTo_END_T: 0.0
Loaded FEMNIST test split partition_id=29 with 247 samples
Wall-clock time: 1765429321.238993 ||Test loss: 1.0599 || Test accuracy: 0.6964 || CPU time: 5.3899 || CPU utilization: 0.0701 || R#372's duration (s): 76.8927 || Cumulative runtime (s): 26817.5845 || Loading data delay (s): 7.0873 || Eval delay (s): 0.4078 || Agg delay (s): 0.0000 || Coordination delay (s): 0.0000 || DIST task delay: 0.0000 || RECV task delay: 0.0000 || Queueing delay: 0.0000 || MSG (from mid) Ave. delay: 0.0000 || Total cache delay: 0.0000 || Ave. cache delay: 0.0000
[R#372] CUMULATIVE_RUNTIME_SEC=26817.5845
Top Aggregator Timestamps: CACHE, CACHE_START_T: 0.0, CACHE_END_T: 0.0 || AGG, AGG_START_T: 0.0, AGG_END_T: 0.0 || EVAL, EVAL_START_T: 1765429320.8311315, EVAL_END_T: 1765429321.2389648 || RECV, RECV_START_T: 0.0, RECV_END_T: 0.0 || DIST, DIST_START_T: 0.0, DIST_END_T: 0.0 || LOAD, LOAD_START_T: 1765429244.3505604, LOAD_END_T: 1765429251.4378326 || MSG_MTo, MSG_MTo_START_T: 0.0, MSG_MTo_END_T: 0.0
Loaded FEMNIST test split partition_id=59 with 361 samples
Wall-clock time: 1765429403.5585315 ||Test loss: 0.5953 || Test accuracy: 0.8227 || CPU time: 7.5641 || CPU utilization: 0.0919 || R#373's duration (s): 82.3195 || Cumulative runtime (s): 26899.9040 || Loading data delay (s): 7.1184 || Eval delay (s): 0.5847 || Agg delay (s): 0.0000 || Coordination delay (s): 0.0000 || DIST task delay: 0.0000 || RECV task delay: 0.0000 || Queueing delay: 0.0000 || MSG (from mid) Ave. delay: 0.0000 || Total cache delay: 0.0000 || Ave. cache delay: 0.0000
[R#373] CUMULATIVE_RUNTIME_SEC=26899.9040
Top Aggregator Timestamps: CACHE, CACHE_START_T: 0.0, CACHE_END_T: 0.0 || AGG, AGG_START_T: 0.0, AGG_END_T: 0.0 || EVAL, EVAL_START_T: 1765429402.973836, EVAL_END_T: 1765429403.5585048 || RECV, RECV_START_T: 0.0, RECV_END_T: 0.0 || DIST, DIST_START_T: 0.0, DIST_END_T: 0.0 || LOAD, LOAD_START_T: 1765429321.2425573, LOAD_END_T: 1765429328.3609986 || MSG_MTo, MSG_MTo_START_T: 0.0, MSG_MTo_END_T: 0.0
Loaded FEMNIST test split partition_id=66 with 428 samples
Wall-clock time: 1765429487.5751035 ||Test loss: 0.8444 || Test accuracy: 0.7617 || CPU time: 8.5535 || CPU utilization: 0.1018 || R#374's duration (s): 84.0166 || Cumulative runtime (s): 26983.9206 || Loading data delay (s): 7.8868 || Eval delay (s): 0.6369 || Agg delay (s): 0.0000 || Coordination delay (s): 0.0000 || DIST task delay: 0.0000 || RECV task delay: 0.0000 || Queueing delay: 0.0000 || MSG (from mid) Ave. delay: 0.0000 || Total cache delay: 0.0000 || Ave. cache delay: 0.0000
[R#374] CUMULATIVE_RUNTIME_SEC=26983.9206
Top Aggregator Timestamps: CACHE, CACHE_START_T: 0.0, CACHE_END_T: 0.0 || AGG, AGG_START_T: 0.0, AGG_END_T: 0.0 || EVAL, EVAL_START_T: 1765429486.9382188, EVAL_END_T: 1765429487.5750847 || RECV, RECV_START_T: 0.0, RECV_END_T: 0.0 || DIST, DIST_START_T: 0.0, DIST_END_T: 0.0 || LOAD, LOAD_START_T: 1765429403.5620325, LOAD_END_T: 1765429411.4488778 || MSG_MTo, MSG_MTo_START_T: 0.0, MSG_MTo_END_T: 0.0
Loaded FEMNIST test split partition_id=18 with 383 samples
Wall-clock time: 1765429551.6023607 ||Test loss: 0.6311 || Test accuracy: 0.7833 || CPU time: 8.2733 || CPU utilization: 0.1292 || R#375's duration (s): 64.0273 || Cumulative runtime (s): 27047.9478 || Loading data delay (s): 6.4616 || Eval delay (s): 0.6399 || Agg delay (s): 0.0000 || Coordination delay (s): 0.0000 || DIST task delay: 0.0000 || RECV task delay: 0.0000 || Queueing delay: 0.0000 || MSG (from mid) Ave. delay: 0.0000 || Total cache delay: 0.0000 || Ave. cache delay: 0.0000
[R#375] CUMULATIVE_RUNTIME_SEC=27047.9478
Top Aggregator Timestamps: CACHE, CACHE_START_T: 0.0, CACHE_END_T: 0.0 || AGG, AGG_START_T: 0.0, AGG_END_T: 0.0 || EVAL, EVAL_START_T: 1765429550.962453, EVAL_END_T: 1765429551.602335 || RECV, RECV_START_T: 0.0, RECV_END_T: 0.0 || DIST, DIST_START_T: 0.0, DIST_END_T: 0.0 || LOAD, LOAD_START_T: 1765429487.578614, LOAD_END_T: 1765429494.040236 || MSG_MTo, MSG_MTo_START_T: 0.0, MSG_MTo_END_T: 0.0
Loaded FEMNIST test split partition_id=27 with 446 samples
Wall-clock time: 1765429616.5176497 ||Test loss: 0.6433 || Test accuracy: 0.8475 || CPU time: 9.7728 || CPU utilization: 0.1505 || R#376's duration (s): 64.9153 || Cumulative runtime (s): 27112.8631 || Loading data delay (s): 7.2354 || Eval delay (s): 0.7605 || Agg delay (s): 0.0000 || Coordination delay (s): 0.0000 || DIST task delay: 0.0000 || RECV task delay: 0.0000 || Queueing delay: 0.0000 || MSG (from mid) Ave. delay: 0.0000 || Total cache delay: 0.0000 || Ave. cache delay: 0.0000
[R#376] CUMULATIVE_RUNTIME_SEC=27112.8631
Top Aggregator Timestamps: CACHE, CACHE_START_T: 0.0, CACHE_END_T: 0.0 || AGG, AGG_START_T: 0.0, AGG_END_T: 0.0 || EVAL, EVAL_START_T: 1765429615.7571344, EVAL_END_T: 1765429616.517615 || RECV, RECV_START_T: 0.0, RECV_END_T: 0.0 || DIST, DIST_START_T: 0.0, DIST_END_T: 0.0 || LOAD, LOAD_START_T: 1765429551.605891, LOAD_END_T: 1765429558.8413377 || MSG_MTo, MSG_MTo_START_T: 0.0, MSG_MTo_END_T: 0.0
Loaded FEMNIST test split partition_id=12 with 308 samples
Wall-clock time: 1765429679.823814 ||Test loss: 0.5989 || Test accuracy: 0.8214 || CPU time: 6.8792 || CPU utilization: 0.1087 || R#377's duration (s): 63.3062 || Cumulative runtime (s): 27176.1693 || Loading data delay (s): 6.8929 || Eval delay (s): 0.5077 || Agg delay (s): 0.0000 || Coordination delay (s): 0.0000 || DIST task delay: 0.0000 || RECV task delay: 0.0000 || Queueing delay: 0.0000 || MSG (from mid) Ave. delay: 0.0000 || Total cache delay: 0.0000 || Ave. cache delay: 0.0000
[R#377] CUMULATIVE_RUNTIME_SEC=27176.1693
Top Aggregator Timestamps: CACHE, CACHE_START_T: 0.0, CACHE_END_T: 0.0 || AGG, AGG_START_T: 0.0, AGG_END_T: 0.0 || EVAL, EVAL_START_T: 1765429679.3160963, EVAL_END_T: 1765429679.8237762 || RECV, RECV_START_T: 0.0, RECV_END_T: 0.0 || DIST, DIST_START_T: 0.0, DIST_END_T: 0.0 || LOAD, LOAD_START_T: 1765429616.5214067, LOAD_END_T: 1765429623.4143298 || MSG_MTo, MSG_MTo_START_T: 0.0, MSG_MTo_END_T: 0.0
Loaded FEMNIST test split partition_id=17 with 424 samples
Wall-clock time: 1765429744.263988 ||Test loss: 0.3385 || Test accuracy: 0.8915 || CPU time: 9.4308 || CPU utilization: 0.1463 || R#378's duration (s): 64.4402 || Cumulative runtime (s): 27240.6095 || Loading data delay (s): 7.3415 || Eval delay (s): 0.7309 || Agg delay (s): 0.0000 || Coordination delay (s): 0.0000 || DIST task delay: 0.0000 || RECV task delay: 0.0000 || Queueing delay: 0.0000 || MSG (from mid) Ave. delay: 0.0000 || Total cache delay: 0.0000 || Ave. cache delay: 0.0000
[R#378] CUMULATIVE_RUNTIME_SEC=27240.6095
Top Aggregator Timestamps: CACHE, CACHE_START_T: 0.0, CACHE_END_T: 0.0 || AGG, AGG_START_T: 0.0, AGG_END_T: 0.0 || EVAL, EVAL_START_T: 1765429743.5329828, EVAL_END_T: 1765429744.2639318 || RECV, RECV_START_T: 0.0, RECV_END_T: 0.0 || DIST, DIST_START_T: 0.0, DIST_END_T: 0.0 || LOAD, LOAD_START_T: 1765429679.8277717, LOAD_END_T: 1765429687.1692812 || MSG_MTo, MSG_MTo_START_T: 0.0, MSG_MTo_END_T: 0.0
Loaded FEMNIST test split partition_id=60 with 303 samples
Wall-clock time: 1765429817.6571476 ||Test loss: 0.5368 || Test accuracy: 0.8251 || CPU time: 6.3201 || CPU utilization: 0.0861 || R#379's duration (s): 73.3932 || Cumulative runtime (s): 27314.0026 || Loading data delay (s): 6.9677 || Eval delay (s): 0.4746 || Agg delay (s): 0.0000 || Coordination delay (s): 0.0000 || DIST task delay: 0.0000 || RECV task delay: 0.0000 || Queueing delay: 0.0000 || MSG (from mid) Ave. delay: 0.0000 || Total cache delay: 0.0000 || Ave. cache delay: 0.0000
[R#379] CUMULATIVE_RUNTIME_SEC=27314.0026
Top Aggregator Timestamps: CACHE, CACHE_START_T: 0.0, CACHE_END_T: 0.0 || AGG, AGG_START_T: 0.0, AGG_END_T: 0.0 || EVAL, EVAL_START_T: 1765429817.1825597, EVAL_END_T: 1765429817.6571202 || RECV, RECV_START_T: 0.0, RECV_END_T: 0.0 || DIST, DIST_START_T: 0.0, DIST_END_T: 0.0 || LOAD, LOAD_START_T: 1765429744.2679808, LOAD_END_T: 1765429751.2357047 || MSG_MTo, MSG_MTo_START_T: 0.0, MSG_MTo_END_T: 0.0
Loaded FEMNIST test split partition_id=64 with 355 samples
Wall-clock time: 1765429897.313464 ||Test loss: 1.0956 || Test accuracy: 0.6958 || CPU time: 7.8809 || CPU utilization: 0.0989 || R#380's duration (s): 79.6563 || Cumulative runtime (s): 27393.6590 || Loading data delay (s): 7.3795 || Eval delay (s): 0.5797 || Agg delay (s): 0.0000 || Coordination delay (s): 0.0000 || DIST task delay: 0.0000 || RECV task delay: 0.0000 || Queueing delay: 0.0000 || MSG (from mid) Ave. delay: 0.0000 || Total cache delay: 0.0000 || Ave. cache delay: 0.0000
[R#380] CUMULATIVE_RUNTIME_SEC=27393.6590
Top Aggregator Timestamps: CACHE, CACHE_START_T: 0.0, CACHE_END_T: 0.0 || AGG, AGG_START_T: 0.0, AGG_END_T: 0.0 || EVAL, EVAL_START_T: 1765429896.7336822, EVAL_END_T: 1765429897.313427 || RECV, RECV_START_T: 0.0, RECV_END_T: 0.0 || DIST, DIST_START_T: 0.0, DIST_END_T: 0.0 || LOAD, LOAD_START_T: 1765429817.6606607, LOAD_END_T: 1765429825.0401888 || MSG_MTo, MSG_MTo_START_T: 0.0, MSG_MTo_END_T: 0.0
Loaded FEMNIST test split partition_id=2 with 404 samples
Wall-clock time: 1765429956.0187407 ||Test loss: 0.4718 || Test accuracy: 0.8663 || CPU time: 8.6291 || CPU utilization: 0.1470 || R#381's duration (s): 58.7053 || Cumulative runtime (s): 27452.3642 || Loading data delay (s): 6.8470 || Eval delay (s): 0.6438 || Agg delay (s): 0.0000 || Coordination delay (s): 0.0000 || DIST task delay: 0.0000 || RECV task delay: 0.0000 || Queueing delay: 0.0000 || MSG (from mid) Ave. delay: 0.0000 || Total cache delay: 0.0000 || Ave. cache delay: 0.0000
[R#381] CUMULATIVE_RUNTIME_SEC=27452.3642
Top Aggregator Timestamps: CACHE, CACHE_START_T: 0.0, CACHE_END_T: 0.0 || AGG, AGG_START_T: 0.0, AGG_END_T: 0.0 || EVAL, EVAL_START_T: 1765429955.3749406, EVAL_END_T: 1765429956.0187085 || RECV, RECV_START_T: 0.0, RECV_END_T: 0.0 || DIST, DIST_START_T: 0.0, DIST_END_T: 0.0 || LOAD, LOAD_START_T: 1765429897.316973, LOAD_END_T: 1765429904.1639612 || MSG_MTo, MSG_MTo_START_T: 0.0, MSG_MTo_END_T: 0.0
Loaded FEMNIST test split partition_id=5 with 351 samples
Wall-clock time: 1765430032.8337982 ||Test loss: 0.7373 || Test accuracy: 0.8120 || CPU time: 8.4160 || CPU utilization: 0.1096 || R#382's duration (s): 76.8151 || Cumulative runtime (s): 27529.1793 || Loading data delay (s): 8.0262 || Eval delay (s): 0.6486 || Agg delay (s): 0.0000 || Coordination delay (s): 0.0000 || DIST task delay: 0.0000 || RECV task delay: 0.0000 || Queueing delay: 0.0000 || MSG (from mid) Ave. delay: 0.0000 || Total cache delay: 0.0000 || Ave. cache delay: 0.0000
[R#382] CUMULATIVE_RUNTIME_SEC=27529.1793
Top Aggregator Timestamps: CACHE, CACHE_START_T: 0.0, CACHE_END_T: 0.0 || AGG, AGG_START_T: 0.0, AGG_END_T: 0.0 || EVAL, EVAL_START_T: 1765430032.1851168, EVAL_END_T: 1765430032.833765 || RECV, RECV_START_T: 0.0, RECV_END_T: 0.0 || DIST, DIST_START_T: 0.0, DIST_END_T: 0.0 || LOAD, LOAD_START_T: 1765429956.0221288, LOAD_END_T: 1765429964.0483654 || MSG_MTo, MSG_MTo_START_T: 0.0, MSG_MTo_END_T: 0.0
Loaded FEMNIST test split partition_id=11 with 425 samples
Wall-clock time: 1765430105.431915 ||Test loss: 1.3617 || Test accuracy: 0.6612 || CPU time: 9.7705 || CPU utilization: 0.1346 || R#383's duration (s): 72.5981 || Cumulative runtime (s): 27601.7774 || Loading data delay (s): 6.8536 || Eval delay (s): 0.7491 || Agg delay (s): 0.0000 || Coordination delay (s): 0.0000 || DIST task delay: 0.0000 || RECV task delay: 0.0000 || Queueing delay: 0.0000 || MSG (from mid) Ave. delay: 0.0000 || Total cache delay: 0.0000 || Ave. cache delay: 0.0000
[R#383] CUMULATIVE_RUNTIME_SEC=27601.7774
Top Aggregator Timestamps: CACHE, CACHE_START_T: 0.0, CACHE_END_T: 0.0 || AGG, AGG_START_T: 0.0, AGG_END_T: 0.0 || EVAL, EVAL_START_T: 1765430104.682796, EVAL_END_T: 1765430105.431887 || RECV, RECV_START_T: 0.0, RECV_END_T: 0.0 || DIST, DIST_START_T: 0.0, DIST_END_T: 0.0 || LOAD, LOAD_START_T: 1765430032.8374016, LOAD_END_T: 1765430039.6910312 || MSG_MTo, MSG_MTo_START_T: 0.0, MSG_MTo_END_T: 0.0
Loaded FEMNIST test split partition_id=55 with 373 samples
Wall-clock time: 1765430172.3600469 ||Test loss: 1.0987 || Test accuracy: 0.7105 || CPU time: 8.3414 || CPU utilization: 0.1246 || R#384's duration (s): 66.9281 || Cumulative runtime (s): 27668.7055 || Loading data delay (s): 7.1560 || Eval delay (s): 0.6291 || Agg delay (s): 0.0000 || Coordination delay (s): 0.0000 || DIST task delay: 0.0000 || RECV task delay: 0.0000 || Queueing delay: 0.0000 || MSG (from mid) Ave. delay: 0.0000 || Total cache delay: 0.0000 || Ave. cache delay: 0.0000
[R#384] CUMULATIVE_RUNTIME_SEC=27668.7055
Top Aggregator Timestamps: CACHE, CACHE_START_T: 0.0, CACHE_END_T: 0.0 || AGG, AGG_START_T: 0.0, AGG_END_T: 0.0 || EVAL, EVAL_START_T: 1765430171.7308946, EVAL_END_T: 1765430172.3600209 || RECV, RECV_START_T: 0.0, RECV_END_T: 0.0 || DIST, DIST_START_T: 0.0, DIST_END_T: 0.0 || LOAD, LOAD_START_T: 1765430105.4356282, LOAD_END_T: 1765430112.5916142 || MSG_MTo, MSG_MTo_START_T: 0.0, MSG_MTo_END_T: 0.0
Loaded FEMNIST test split partition_id=66 with 428 samples
Wall-clock time: 1765430259.3488636 ||Test loss: 0.8537 || Test accuracy: 0.7430 || CPU time: 8.9075 || CPU utilization: 0.1024 || R#385's duration (s): 86.9888 || Cumulative runtime (s): 27755.6944 || Loading data delay (s): 7.4572 || Eval delay (s): 0.6641 || Agg delay (s): 0.0000 || Coordination delay (s): 0.0000 || DIST task delay: 0.0000 || RECV task delay: 0.0000 || Queueing delay: 0.0000 || MSG (from mid) Ave. delay: 0.0000 || Total cache delay: 0.0000 || Ave. cache delay: 0.0000
[R#385] CUMULATIVE_RUNTIME_SEC=27755.6944
Top Aggregator Timestamps: CACHE, CACHE_START_T: 0.0, CACHE_END_T: 0.0 || AGG, AGG_START_T: 0.0, AGG_END_T: 0.0 || EVAL, EVAL_START_T: 1765430258.6847143, EVAL_END_T: 1765430259.3488185 || RECV, RECV_START_T: 0.0, RECV_END_T: 0.0 || DIST, DIST_START_T: 0.0, DIST_END_T: 0.0 || LOAD, LOAD_START_T: 1765430172.3634884, LOAD_END_T: 1765430179.820655 || MSG_MTo, MSG_MTo_START_T: 0.0, MSG_MTo_END_T: 0.0
Loaded FEMNIST test split partition_id=61 with 356 samples
Wall-clock time: 1765430323.5433939 ||Test loss: 1.8374 || Test accuracy: 0.5393 || CPU time: 8.0164 || CPU utilization: 0.1249 || R#386's duration (s): 64.1945 || Cumulative runtime (s): 27819.8889 || Loading data delay (s): 6.6317 || Eval delay (s): 0.6006 || Agg delay (s): 0.0000 || Coordination delay (s): 0.0000 || DIST task delay: 0.0000 || RECV task delay: 0.0000 || Queueing delay: 0.0000 || MSG (from mid) Ave. delay: 0.0000 || Total cache delay: 0.0000 || Ave. cache delay: 0.0000
[R#386] CUMULATIVE_RUNTIME_SEC=27819.8889
Top Aggregator Timestamps: CACHE, CACHE_START_T: 0.0, CACHE_END_T: 0.0 || AGG, AGG_START_T: 0.0, AGG_END_T: 0.0 || EVAL, EVAL_START_T: 1765430322.9427338, EVAL_END_T: 1765430323.5433633 || RECV, RECV_START_T: 0.0, RECV_END_T: 0.0 || DIST, DIST_START_T: 0.0, DIST_END_T: 0.0 || LOAD, LOAD_START_T: 1765430259.3521004, LOAD_END_T: 1765430265.983784 || MSG_MTo, MSG_MTo_START_T: 0.0, MSG_MTo_END_T: 0.0
Loaded FEMNIST test split partition_id=25 with 317 samples
Wall-clock time: 1765430389.0278552 ||Test loss: 0.4720 || Test accuracy: 0.8391 || CPU time: 7.0601 || CPU utilization: 0.1078 || R#387's duration (s): 65.4845 || Cumulative runtime (s): 27885.3733 || Loading data delay (s): 6.9430 || Eval delay (s): 0.5300 || Agg delay (s): 0.0000 || Coordination delay (s): 0.0000 || DIST task delay: 0.0000 || RECV task delay: 0.0000 || Queueing delay: 0.0000 || MSG (from mid) Ave. delay: 0.0000 || Total cache delay: 0.0000 || Ave. cache delay: 0.0000
[R#387] CUMULATIVE_RUNTIME_SEC=27885.3733
Top Aggregator Timestamps: CACHE, CACHE_START_T: 0.0, CACHE_END_T: 0.0 || AGG, AGG_START_T: 0.0, AGG_END_T: 0.0 || EVAL, EVAL_START_T: 1765430388.4977875, EVAL_END_T: 1765430389.027831 || RECV, RECV_START_T: 0.0, RECV_END_T: 0.0 || DIST, DIST_START_T: 0.0, DIST_END_T: 0.0 || LOAD, LOAD_START_T: 1765430323.5467372, LOAD_END_T: 1765430330.4896991 || MSG_MTo, MSG_MTo_START_T: 0.0, MSG_MTo_END_T: 0.0
Loaded FEMNIST test split partition_id=51 with 396 samples
Wall-clock time: 1765430463.4074595 ||Test loss: 0.3364 || Test accuracy: 0.9015 || CPU time: 8.2745 || CPU utilization: 0.1112 || R#388's duration (s): 74.3796 || Cumulative runtime (s): 27959.7529 || Loading data delay (s): 6.9746 || Eval delay (s): 0.6148 || Agg delay (s): 0.0000 || Coordination delay (s): 0.0000 || DIST task delay: 0.0000 || RECV task delay: 0.0000 || Queueing delay: 0.0000 || MSG (from mid) Ave. delay: 0.0000 || Total cache delay: 0.0000 || Ave. cache delay: 0.0000
[R#388] CUMULATIVE_RUNTIME_SEC=27959.7529
Top Aggregator Timestamps: CACHE, CACHE_START_T: 0.0, CACHE_END_T: 0.0 || AGG, AGG_START_T: 0.0, AGG_END_T: 0.0 || EVAL, EVAL_START_T: 1765430462.7926433, EVAL_END_T: 1765430463.4074342 || RECV, RECV_START_T: 0.0, RECV_END_T: 0.0 || DIST, DIST_START_T: 0.0, DIST_END_T: 0.0 || LOAD, LOAD_START_T: 1765430389.0316696, LOAD_END_T: 1765430396.0062985 || MSG_MTo, MSG_MTo_START_T: 0.0, MSG_MTo_END_T: 0.0
Loaded FEMNIST test split partition_id=28 with 399 samples
Wall-clock time: 1765430533.2664564 ||Test loss: 0.5782 || Test accuracy: 0.8321 || CPU time: 9.3303 || CPU utilization: 0.1336 || R#389's duration (s): 69.8590 || Cumulative runtime (s): 28029.6119 || Loading data delay (s): 7.1747 || Eval delay (s): 0.7236 || Agg delay (s): 0.0000 || Coordination delay (s): 0.0000 || DIST task delay: 0.0000 || RECV task delay: 0.0000 || Queueing delay: 0.0000 || MSG (from mid) Ave. delay: 0.0000 || Total cache delay: 0.0000 || Ave. cache delay: 0.0000
[R#389] CUMULATIVE_RUNTIME_SEC=28029.6119
Top Aggregator Timestamps: CACHE, CACHE_START_T: 0.0, CACHE_END_T: 0.0 || AGG, AGG_START_T: 0.0, AGG_END_T: 0.0 || EVAL, EVAL_START_T: 1765430532.5427318, EVAL_END_T: 1765430533.2663782 || RECV, RECV_START_T: 0.0, RECV_END_T: 0.0 || DIST, DIST_START_T: 0.0, DIST_END_T: 0.0 || LOAD, LOAD_START_T: 1765430463.4108734, LOAD_END_T: 1765430470.5855608 || MSG_MTo, MSG_MTo_START_T: 0.0, MSG_MTo_END_T: 0.0
Loaded FEMNIST test split partition_id=11 with 425 samples
Wall-clock time: 1765430594.3601031 ||Test loss: 1.2875 || Test accuracy: 0.6612 || CPU time: 8.3468 || CPU utilization: 0.1366 || R#390's duration (s): 61.0936 || Cumulative runtime (s): 28090.7056 || Loading data delay (s): 7.3180 || Eval delay (s): 0.6261 || Agg delay (s): 0.0000 || Coordination delay (s): 0.0000 || DIST task delay: 0.0000 || RECV task delay: 0.0000 || Queueing delay: 0.0000 || MSG (from mid) Ave. delay: 0.0000 || Total cache delay: 0.0000 || Ave. cache delay: 0.0000
[R#390] CUMULATIVE_RUNTIME_SEC=28090.7056
Top Aggregator Timestamps: CACHE, CACHE_START_T: 0.0, CACHE_END_T: 0.0 || AGG, AGG_START_T: 0.0, AGG_END_T: 0.0 || EVAL, EVAL_START_T: 1765430593.733957, EVAL_END_T: 1765430594.3600788 || RECV, RECV_START_T: 0.0, RECV_END_T: 0.0 || DIST, DIST_START_T: 0.0, DIST_END_T: 0.0 || LOAD, LOAD_START_T: 1765430533.2720368, LOAD_END_T: 1765430540.5900238 || MSG_MTo, MSG_MTo_START_T: 0.0, MSG_MTo_END_T: 0.0
Loaded FEMNIST test split partition_id=53 with 326 samples
Wall-clock time: 1765430661.007772 ||Test loss: 0.7886 || Test accuracy: 0.7975 || CPU time: 6.5298 || CPU utilization: 0.0980 || R#391's duration (s): 66.6477 || Cumulative runtime (s): 28157.3533 || Loading data delay (s): 6.6109 || Eval delay (s): 0.4861 || Agg delay (s): 0.0000 || Coordination delay (s): 0.0000 || DIST task delay: 0.0000 || RECV task delay: 0.0000 || Queueing delay: 0.0000 || MSG (from mid) Ave. delay: 0.0000 || Total cache delay: 0.0000 || Ave. cache delay: 0.0000
[R#391] CUMULATIVE_RUNTIME_SEC=28157.3533
Top Aggregator Timestamps: CACHE, CACHE_START_T: 0.0, CACHE_END_T: 0.0 || AGG, AGG_START_T: 0.0, AGG_END_T: 0.0 || EVAL, EVAL_START_T: 1765430660.521641, EVAL_END_T: 1765430661.0077412 || RECV, RECV_START_T: 0.0, RECV_END_T: 0.0 || DIST, DIST_START_T: 0.0, DIST_END_T: 0.0 || LOAD, LOAD_START_T: 1765430594.3634026, LOAD_END_T: 1765430600.9742835 || MSG_MTo, MSG_MTo_START_T: 0.0, MSG_MTo_END_T: 0.0
Loaded FEMNIST test split partition_id=13 with 329 samples
Wall-clock time: 1765430751.8132784 ||Test loss: 0.5408 || Test accuracy: 0.8085 || CPU time: 6.6190 || CPU utilization: 0.0729 || R#392's duration (s): 90.8055 || Cumulative runtime (s): 28248.1588 || Loading data delay (s): 6.7123 || Eval delay (s): 0.4868 || Agg delay (s): 0.0000 || Coordination delay (s): 0.0000 || DIST task delay: 0.0000 || RECV task delay: 0.0000 || Queueing delay: 0.0000 || MSG (from mid) Ave. delay: 0.0000 || Total cache delay: 0.0000 || Ave. cache delay: 0.0000
[R#392] CUMULATIVE_RUNTIME_SEC=28248.1588
Top Aggregator Timestamps: CACHE, CACHE_START_T: 0.0, CACHE_END_T: 0.0 || AGG, AGG_START_T: 0.0, AGG_END_T: 0.0 || EVAL, EVAL_START_T: 1765430751.3264632, EVAL_END_T: 1765430751.81325 || RECV, RECV_START_T: 0.0, RECV_END_T: 0.0 || DIST, DIST_START_T: 0.0, DIST_END_T: 0.0 || LOAD, LOAD_START_T: 1765430661.010859, LOAD_END_T: 1765430667.7231944 || MSG_MTo, MSG_MTo_START_T: 0.0, MSG_MTo_END_T: 0.0
Loaded FEMNIST test split partition_id=65 with 379 samples
Wall-clock time: 1765430814.1724718 ||Test loss: 0.1996 || Test accuracy: 0.9367 || CPU time: 7.4935 || CPU utilization: 0.1202 || R#393's duration (s): 62.3592 || Cumulative runtime (s): 28310.5180 || Loading data delay (s): 6.4204 || Eval delay (s): 0.5621 || Agg delay (s): 0.0000 || Coordination delay (s): 0.0000 || DIST task delay: 0.0000 || RECV task delay: 0.0000 || Queueing delay: 0.0000 || MSG (from mid) Ave. delay: 0.0000 || Total cache delay: 0.0000 || Ave. cache delay: 0.0000
[R#393] CUMULATIVE_RUNTIME_SEC=28310.5180
Top Aggregator Timestamps: CACHE, CACHE_START_T: 0.0, CACHE_END_T: 0.0 || AGG, AGG_START_T: 0.0, AGG_END_T: 0.0 || EVAL, EVAL_START_T: 1765430813.6103156, EVAL_END_T: 1765430814.1724498 || RECV, RECV_START_T: 0.0, RECV_END_T: 0.0 || DIST, DIST_START_T: 0.0, DIST_END_T: 0.0 || LOAD, LOAD_START_T: 1765430751.8164184, LOAD_END_T: 1765430758.2367709 || MSG_MTo, MSG_MTo_START_T: 0.0, MSG_MTo_END_T: 0.0
Loaded FEMNIST test split partition_id=11 with 425 samples
Wall-clock time: 1765430911.0906265 ||Test loss: 1.2523 || Test accuracy: 0.6847 || CPU time: 8.5222 || CPU utilization: 0.0879 || R#394's duration (s): 96.9182 || Cumulative runtime (s): 28407.4361 || Loading data delay (s): 6.7190 || Eval delay (s): 0.6363 || Agg delay (s): 0.0000 || Coordination delay (s): 0.0000 || DIST task delay: 0.0000 || RECV task delay: 0.0000 || Queueing delay: 0.0000 || MSG (from mid) Ave. delay: 0.0000 || Total cache delay: 0.0000 || Ave. cache delay: 0.0000
[R#394] CUMULATIVE_RUNTIME_SEC=28407.4361
Top Aggregator Timestamps: CACHE, CACHE_START_T: 0.0, CACHE_END_T: 0.0 || AGG, AGG_START_T: 0.0, AGG_END_T: 0.0 || EVAL, EVAL_START_T: 1765430910.4542663, EVAL_END_T: 1765430911.090604 || RECV, RECV_START_T: 0.0, RECV_END_T: 0.0 || DIST, DIST_START_T: 0.0, DIST_END_T: 0.0 || LOAD, LOAD_START_T: 1765430814.1757603, LOAD_END_T: 1765430820.89472 || MSG_MTo, MSG_MTo_START_T: 0.0, MSG_MTo_END_T: 0.0
Loaded FEMNIST test split partition_id=25 with 317 samples
Wall-clock time: 1765430993.1969283 ||Test loss: 0.4725 || Test accuracy: 0.8328 || CPU time: 6.2345 || CPU utilization: 0.0759 || R#395's duration (s): 82.1063 || Cumulative runtime (s): 28489.5424 || Loading data delay (s): 7.0345 || Eval delay (s): 0.4663 || Agg delay (s): 0.0000 || Coordination delay (s): 0.0000 || DIST task delay: 0.0000 || RECV task delay: 0.0000 || Queueing delay: 0.0000 || MSG (from mid) Ave. delay: 0.0000 || Total cache delay: 0.0000 || Ave. cache delay: 0.0000
[R#395] CUMULATIVE_RUNTIME_SEC=28489.5424
Top Aggregator Timestamps: CACHE, CACHE_START_T: 0.0, CACHE_END_T: 0.0 || AGG, AGG_START_T: 0.0, AGG_END_T: 0.0 || EVAL, EVAL_START_T: 1765430992.730564, EVAL_END_T: 1765430993.1968913 || RECV, RECV_START_T: 0.0, RECV_END_T: 0.0 || DIST, DIST_START_T: 0.0, DIST_END_T: 0.0 || LOAD, LOAD_START_T: 1765430911.0940251, LOAD_END_T: 1765430918.1285317 || MSG_MTo, MSG_MTo_START_T: 0.0, MSG_MTo_END_T: 0.0
Loaded FEMNIST test split partition_id=59 with 361 samples
Wall-clock time: 1765431065.6936474 ||Test loss: 0.5420 || Test accuracy: 0.8338 || CPU time: 7.1421 || CPU utilization: 0.0985 || R#396's duration (s): 72.4967 || Cumulative runtime (s): 28562.0391 || Loading data delay (s): 6.4140 || Eval delay (s): 0.5324 || Agg delay (s): 0.0000 || Coordination delay (s): 0.0000 || DIST task delay: 0.0000 || RECV task delay: 0.0000 || Queueing delay: 0.0000 || MSG (from mid) Ave. delay: 0.0000 || Total cache delay: 0.0000 || Ave. cache delay: 0.0000
[R#396] CUMULATIVE_RUNTIME_SEC=28562.0391
Top Aggregator Timestamps: CACHE, CACHE_START_T: 0.0, CACHE_END_T: 0.0 || AGG, AGG_START_T: 0.0, AGG_END_T: 0.0 || EVAL, EVAL_START_T: 1765431065.161195, EVAL_END_T: 1765431065.693624 || RECV, RECV_START_T: 0.0, RECV_END_T: 0.0 || DIST, DIST_START_T: 0.0, DIST_END_T: 0.0 || LOAD, LOAD_START_T: 1765430993.200158, LOAD_END_T: 1765430999.6141126 || MSG_MTo, MSG_MTo_START_T: 0.0, MSG_MTo_END_T: 0.0
Loaded FEMNIST test split partition_id=60 with 303 samples
Wall-clock time: 1765431127.2151725 ||Test loss: 0.4508 || Test accuracy: 0.8713 || CPU time: 5.9867 || CPU utilization: 0.0973 || R#397's duration (s): 61.5215 || Cumulative runtime (s): 28623.5607 || Loading data delay (s): 6.7122 || Eval delay (s): 0.4446 || Agg delay (s): 0.0000 || Coordination delay (s): 0.0000 || DIST task delay: 0.0000 || RECV task delay: 0.0000 || Queueing delay: 0.0000 || MSG (from mid) Ave. delay: 0.0000 || Total cache delay: 0.0000 || Ave. cache delay: 0.0000
[R#397] CUMULATIVE_RUNTIME_SEC=28623.5607
Top Aggregator Timestamps: CACHE, CACHE_START_T: 0.0, CACHE_END_T: 0.0 || AGG, AGG_START_T: 0.0, AGG_END_T: 0.0 || EVAL, EVAL_START_T: 1765431126.770535, EVAL_END_T: 1765431127.21515 || RECV, RECV_START_T: 0.0, RECV_END_T: 0.0 || DIST, DIST_START_T: 0.0, DIST_END_T: 0.0 || LOAD, LOAD_START_T: 1765431065.6970024, LOAD_END_T: 1765431072.4091988 || MSG_MTo, MSG_MTo_START_T: 0.0, MSG_MTo_END_T: 0.0
Loaded FEMNIST test split partition_id=49 with 393 samples
Wall-clock time: 1765431205.6309118 ||Test loss: 0.2433 || Test accuracy: 0.9033 || CPU time: 7.8250 || CPU utilization: 0.0998 || R#398's duration (s): 78.4157 || Cumulative runtime (s): 28701.9764 || Loading data delay (s): 6.4333 || Eval delay (s): 0.5828 || Agg delay (s): 0.0000 || Coordination delay (s): 0.0000 || DIST task delay: 0.0000 || RECV task delay: 0.0000 || Queueing delay: 0.0000 || MSG (from mid) Ave. delay: 0.0000 || Total cache delay: 0.0000 || Ave. cache delay: 0.0000
[R#398] CUMULATIVE_RUNTIME_SEC=28701.9764
Top Aggregator Timestamps: CACHE, CACHE_START_T: 0.0, CACHE_END_T: 0.0 || AGG, AGG_START_T: 0.0, AGG_END_T: 0.0 || EVAL, EVAL_START_T: 1765431205.048049, EVAL_END_T: 1765431205.63089 || RECV, RECV_START_T: 0.0, RECV_END_T: 0.0 || DIST, DIST_START_T: 0.0, DIST_END_T: 0.0 || LOAD, LOAD_START_T: 1765431127.2180135, LOAD_END_T: 1765431133.6513336 || MSG_MTo, MSG_MTo_START_T: 0.0, MSG_MTo_END_T: 0.0
Loaded FEMNIST test split partition_id=54 with 428 samples
Wall-clock time: 1765431274.032423 ||Test loss: 0.1971 || Test accuracy: 0.9369 || CPU time: 8.6272 || CPU utilization: 0.1261 || R#399's duration (s): 68.4015 || Cumulative runtime (s): 28770.3779 || Loading data delay (s): 6.5442 || Eval delay (s): 0.6455 || Agg delay (s): 0.0000 || Coordination delay (s): 0.0000 || DIST task delay: 0.0000 || RECV task delay: 0.0000 || Queueing delay: 0.0000 || MSG (from mid) Ave. delay: 0.0000 || Total cache delay: 0.0000 || Ave. cache delay: 0.0000
[R#399] CUMULATIVE_RUNTIME_SEC=28770.3779
Top Aggregator Timestamps: CACHE, CACHE_START_T: 0.0, CACHE_END_T: 0.0 || AGG, AGG_START_T: 0.0, AGG_END_T: 0.0 || EVAL, EVAL_START_T: 1765431273.386912, EVAL_END_T: 1765431274.0323937 || RECV, RECV_START_T: 0.0, RECV_END_T: 0.0 || DIST, DIST_START_T: 0.0, DIST_END_T: 0.0 || LOAD, LOAD_START_T: 1765431205.6342204, LOAD_END_T: 1765431212.17838 || MSG_MTo, MSG_MTo_START_T: 0.0, MSG_MTo_END_T: 0.0
Loaded FEMNIST test split partition_id=16 with 312 samples
Wall-clock time: 1765431339.8175778 ||Test loss: 0.5339 || Test accuracy: 0.8526 || CPU time: 6.4433 || CPU utilization: 0.0979 || R#400's duration (s): 65.7852 || Cumulative runtime (s): 28836.1631 || Loading data delay (s): 6.9600 || Eval delay (s): 0.4742 || Agg delay (s): 0.0000 || Coordination delay (s): 0.0000 || DIST task delay: 0.0000 || RECV task delay: 0.0000 || Queueing delay: 0.0000 || MSG (from mid) Ave. delay: 0.0000 || Total cache delay: 0.0000 || Ave. cache delay: 0.0000
[R#400] CUMULATIVE_RUNTIME_SEC=28836.1631
Top Aggregator Timestamps: CACHE, CACHE_START_T: 0.0, CACHE_END_T: 0.0 || AGG, AGG_START_T: 0.0, AGG_END_T: 0.0 || EVAL, EVAL_START_T: 1765431339.3433967, EVAL_END_T: 1765431339.8175547 || RECV, RECV_START_T: 0.0, RECV_END_T: 0.0 || DIST, DIST_START_T: 0.0, DIST_END_T: 0.0 || LOAD, LOAD_START_T: 1765431274.0352886, LOAD_END_T: 1765431280.9952865 || MSG_MTo, MSG_MTo_START_T: 0.0, MSG_MTo_END_T: 0.0
Loaded FEMNIST test split partition_id=49 with 393 samples
Wall-clock time: 1765431402.3151815 ||Test loss: 0.3214 || Test accuracy: 0.8626 || CPU time: 7.8305 || CPU utilization: 0.1253 || R#401's duration (s): 62.4976 || Cumulative runtime (s): 28898.6607 || Loading data delay (s): 6.3489 || Eval delay (s): 0.5850 || Agg delay (s): 0.0000 || Coordination delay (s): 0.0000 || DIST task delay: 0.0000 || RECV task delay: 0.0000 || Queueing delay: 0.0000 || MSG (from mid) Ave. delay: 0.0000 || Total cache delay: 0.0000 || Ave. cache delay: 0.0000
[R#401] CUMULATIVE_RUNTIME_SEC=28898.6607
Top Aggregator Timestamps: CACHE, CACHE_START_T: 0.0, CACHE_END_T: 0.0 || AGG, AGG_START_T: 0.0, AGG_END_T: 0.0 || EVAL, EVAL_START_T: 1765431401.7301152, EVAL_END_T: 1765431402.315159 || RECV, RECV_START_T: 0.0, RECV_END_T: 0.0 || DIST, DIST_START_T: 0.0, DIST_END_T: 0.0 || LOAD, LOAD_START_T: 1765431339.8207977, LOAD_END_T: 1765431346.1697083 || MSG_MTo, MSG_MTo_START_T: 0.0, MSG_MTo_END_T: 0.0
Loaded FEMNIST test split partition_id=9 with 377 samples
Wall-clock time: 1765431470.242561 ||Test loss: 0.8343 || Test accuracy: 0.7613 || CPU time: 7.4405 || CPU utilization: 0.1095 || R#402's duration (s): 67.9274 || Cumulative runtime (s): 28966.5881 || Loading data delay (s): 6.6437 || Eval delay (s): 0.5564 || Agg delay (s): 0.0000 || Coordination delay (s): 0.0000 || DIST task delay: 0.0000 || RECV task delay: 0.0000 || Queueing delay: 0.0000 || MSG (from mid) Ave. delay: 0.0000 || Total cache delay: 0.0000 || Ave. cache delay: 0.0000
[R#402] CUMULATIVE_RUNTIME_SEC=28966.5881
Top Aggregator Timestamps: CACHE, CACHE_START_T: 0.0, CACHE_END_T: 0.0 || AGG, AGG_START_T: 0.0, AGG_END_T: 0.0 || EVAL, EVAL_START_T: 1765431469.6861465, EVAL_END_T: 1765431470.2425377 || RECV, RECV_START_T: 0.0, RECV_END_T: 0.0 || DIST, DIST_START_T: 0.0, DIST_END_T: 0.0 || LOAD, LOAD_START_T: 1765431402.3184237, LOAD_END_T: 1765431408.9621437 || MSG_MTo, MSG_MTo_START_T: 0.0, MSG_MTo_END_T: 0.0
Loaded FEMNIST test split partition_id=6 with 380 samples
Wall-clock time: 1765431528.2727845 ||Test loss: 0.3987 || Test accuracy: 0.9053 || CPU time: 7.4616 || CPU utilization: 0.1286 || R#403's duration (s): 58.0302 || Cumulative runtime (s): 29024.6183 || Loading data delay (s): 6.5049 || Eval delay (s): 0.5620 || Agg delay (s): 0.0000 || Coordination delay (s): 0.0000 || DIST task delay: 0.0000 || RECV task delay: 0.0000 || Queueing delay: 0.0000 || MSG (from mid) Ave. delay: 0.0000 || Total cache delay: 0.0000 || Ave. cache delay: 0.0000
[R#403] CUMULATIVE_RUNTIME_SEC=29024.6183
Top Aggregator Timestamps: CACHE, CACHE_START_T: 0.0, CACHE_END_T: 0.0 || AGG, AGG_START_T: 0.0, AGG_END_T: 0.0 || EVAL, EVAL_START_T: 1765431527.7107244, EVAL_END_T: 1765431528.2727602 || RECV, RECV_START_T: 0.0, RECV_END_T: 0.0 || DIST, DIST_START_T: 0.0, DIST_END_T: 0.0 || LOAD, LOAD_START_T: 1765431470.2458954, LOAD_END_T: 1765431476.750807 || MSG_MTo, MSG_MTo_START_T: 0.0, MSG_MTo_END_T: 0.0
Loaded FEMNIST test split partition_id=43 with 330 samples
Wall-clock time: 1765431610.0725954 ||Test loss: 0.3810 || Test accuracy: 0.8788 || CPU time: 6.5780 || CPU utilization: 0.0804 || R#404's duration (s): 81.7998 || Cumulative runtime (s): 29106.4181 || Loading data delay (s): 6.7190 || Eval delay (s): 0.4879 || Agg delay (s): 0.0000 || Coordination delay (s): 0.0000 || DIST task delay: 0.0000 || RECV task delay: 0.0000 || Queueing delay: 0.0000 || MSG (from mid) Ave. delay: 0.0000 || Total cache delay: 0.0000 || Ave. cache delay: 0.0000
[R#404] CUMULATIVE_RUNTIME_SEC=29106.4181
Top Aggregator Timestamps: CACHE, CACHE_START_T: 0.0, CACHE_END_T: 0.0 || AGG, AGG_START_T: 0.0, AGG_END_T: 0.0 || EVAL, EVAL_START_T: 1765431609.5846732, EVAL_END_T: 1765431610.0725698 || RECV, RECV_START_T: 0.0, RECV_END_T: 0.0 || DIST, DIST_START_T: 0.0, DIST_END_T: 0.0 || LOAD, LOAD_START_T: 1765431528.276033, LOAD_END_T: 1765431534.9950438 || MSG_MTo, MSG_MTo_START_T: 0.0, MSG_MTo_END_T: 0.0
Loaded FEMNIST test split partition_id=7 with 375 samples
Wall-clock time: 1765431691.7495892 ||Test loss: 0.7331 || Test accuracy: 0.7573 || CPU time: 7.5614 || CPU utilization: 0.0926 || R#405's duration (s): 81.6770 || Cumulative runtime (s): 29188.0951 || Loading data delay (s): 6.9604 || Eval delay (s): 0.5618 || Agg delay (s): 0.0000 || Coordination delay (s): 0.0000 || DIST task delay: 0.0000 || RECV task delay: 0.0000 || Queueing delay: 0.0000 || MSG (from mid) Ave. delay: 0.0000 || Total cache delay: 0.0000 || Ave. cache delay: 0.0000
[R#405] CUMULATIVE_RUNTIME_SEC=29188.0951
Top Aggregator Timestamps: CACHE, CACHE_START_T: 0.0, CACHE_END_T: 0.0 || AGG, AGG_START_T: 0.0, AGG_END_T: 0.0 || EVAL, EVAL_START_T: 1765431691.187747, EVAL_END_T: 1765431691.7495668 || RECV, RECV_START_T: 0.0, RECV_END_T: 0.0 || DIST, DIST_START_T: 0.0, DIST_END_T: 0.0 || LOAD, LOAD_START_T: 1765431610.0755215, LOAD_END_T: 1765431617.0359619 || MSG_MTo, MSG_MTo_START_T: 0.0, MSG_MTo_END_T: 0.0
Loaded FEMNIST test split partition_id=28 with 399 samples
Wall-clock time: 1765431778.089462 ||Test loss: 0.4616 || Test accuracy: 0.8747 || CPU time: 7.9198 || CPU utilization: 0.0917 || R#406's duration (s): 86.3399 || Cumulative runtime (s): 29274.4350 || Loading data delay (s): 6.4251 || Eval delay (s): 0.5892 || Agg delay (s): 0.0000 || Coordination delay (s): 0.0000 || DIST task delay: 0.0000 || RECV task delay: 0.0000 || Queueing delay: 0.0000 || MSG (from mid) Ave. delay: 0.0000 || Total cache delay: 0.0000 || Ave. cache delay: 0.0000
[R#406] CUMULATIVE_RUNTIME_SEC=29274.4350
Top Aggregator Timestamps: CACHE, CACHE_START_T: 0.0, CACHE_END_T: 0.0 || AGG, AGG_START_T: 0.0, AGG_END_T: 0.0 || EVAL, EVAL_START_T: 1765431777.5002348, EVAL_END_T: 1765431778.0894315 || RECV, RECV_START_T: 0.0, RECV_END_T: 0.0 || DIST, DIST_START_T: 0.0, DIST_END_T: 0.0 || LOAD, LOAD_START_T: 1765431691.7528665, LOAD_END_T: 1765431698.1779904 || MSG_MTo, MSG_MTo_START_T: 0.0, MSG_MTo_END_T: 0.0
Loaded FEMNIST test split partition_id=50 with 313 samples
Wall-clock time: 1765431846.890166 ||Test loss: 0.3704 || Test accuracy: 0.9010 || CPU time: 6.5654 || CPU utilization: 0.0954 || R#407's duration (s): 68.8007 || Cumulative runtime (s): 29343.2357 || Loading data delay (s): 6.6380 || Eval delay (s): 0.4886 || Agg delay (s): 0.0000 || Coordination delay (s): 0.0000 || DIST task delay: 0.0000 || RECV task delay: 0.0000 || Queueing delay: 0.0000 || MSG (from mid) Ave. delay: 0.0000 || Total cache delay: 0.0000 || Ave. cache delay: 0.0000
[R#407] CUMULATIVE_RUNTIME_SEC=29343.2357
Top Aggregator Timestamps: CACHE, CACHE_START_T: 0.0, CACHE_END_T: 0.0 || AGG, AGG_START_T: 0.0, AGG_END_T: 0.0 || EVAL, EVAL_START_T: 1765431846.4015555, EVAL_END_T: 1765431846.8901389 || RECV, RECV_START_T: 0.0, RECV_END_T: 0.0 || DIST, DIST_START_T: 0.0, DIST_END_T: 0.0 || LOAD, LOAD_START_T: 1765431778.0927753, LOAD_END_T: 1765431784.7307444 || MSG_MTo, MSG_MTo_START_T: 0.0, MSG_MTo_END_T: 0.0
Loaded FEMNIST test split partition_id=53 with 326 samples
Wall-clock time: 1765431915.963471 ||Test loss: 0.7941 || Test accuracy: 0.7853 || CPU time: 6.7201 || CPU utilization: 0.0973 || R#408's duration (s): 69.0733 || Cumulative runtime (s): 29412.3090 || Loading data delay (s): 6.4538 || Eval delay (s): 0.4955 || Agg delay (s): 0.0000 || Coordination delay (s): 0.0000 || DIST task delay: 0.0000 || RECV task delay: 0.0000 || Queueing delay: 0.0000 || MSG (from mid) Ave. delay: 0.0000 || Total cache delay: 0.0000 || Ave. cache delay: 0.0000
[R#408] CUMULATIVE_RUNTIME_SEC=29412.3090
Top Aggregator Timestamps: CACHE, CACHE_START_T: 0.0, CACHE_END_T: 0.0 || AGG, AGG_START_T: 0.0, AGG_END_T: 0.0 || EVAL, EVAL_START_T: 1765431915.4679995, EVAL_END_T: 1765431915.96345 || RECV, RECV_START_T: 0.0, RECV_END_T: 0.0 || DIST, DIST_START_T: 0.0, DIST_END_T: 0.0 || LOAD, LOAD_START_T: 1765431846.8935127, LOAD_END_T: 1765431853.3473287 || MSG_MTo, MSG_MTo_START_T: 0.0, MSG_MTo_END_T: 0.0
Loaded FEMNIST test split partition_id=44 with 343 samples
Wall-clock time: 1765432005.6072562 ||Test loss: 0.8542 || Test accuracy: 0.7755 || CPU time: 7.0061 || CPU utilization: 0.0782 || R#409's duration (s): 89.6438 || Cumulative runtime (s): 29501.9527 || Loading data delay (s): 6.6081 || Eval delay (s): 0.5257 || Agg delay (s): 0.0000 || Coordination delay (s): 0.0000 || DIST task delay: 0.0000 || RECV task delay: 0.0000 || Queueing delay: 0.0000 || MSG (from mid) Ave. delay: 0.0000 || Total cache delay: 0.0000 || Ave. cache delay: 0.0000
[R#409] CUMULATIVE_RUNTIME_SEC=29501.9527
Top Aggregator Timestamps: CACHE, CACHE_START_T: 0.0, CACHE_END_T: 0.0 || AGG, AGG_START_T: 0.0, AGG_END_T: 0.0 || EVAL, EVAL_START_T: 1765432005.0815048, EVAL_END_T: 1765432005.6072283 || RECV, RECV_START_T: 0.0, RECV_END_T: 0.0 || DIST, DIST_START_T: 0.0, DIST_END_T: 0.0 || LOAD, LOAD_START_T: 1765431915.9668112, LOAD_END_T: 1765431922.5749598 || MSG_MTo, MSG_MTo_START_T: 0.0, MSG_MTo_END_T: 0.0
Loaded FEMNIST test split partition_id=7 with 375 samples
Wall-clock time: 1765432086.1795251 ||Test loss: 0.6743 || Test accuracy: 0.7627 || CPU time: 7.6299 || CPU utilization: 0.0947 || R#410's duration (s): 80.5723 || Cumulative runtime (s): 29582.5250 || Loading data delay (s): 6.9401 || Eval delay (s): 0.5682 || Agg delay (s): 0.0000 || Coordination delay (s): 0.0000 || DIST task delay: 0.0000 || RECV task delay: 0.0000 || Queueing delay: 0.0000 || MSG (from mid) Ave. delay: 0.0000 || Total cache delay: 0.0000 || Ave. cache delay: 0.0000
[R#410] CUMULATIVE_RUNTIME_SEC=29582.5250
Top Aggregator Timestamps: CACHE, CACHE_START_T: 0.0, CACHE_END_T: 0.0 || AGG, AGG_START_T: 0.0, AGG_END_T: 0.0 || EVAL, EVAL_START_T: 1765432085.611278, EVAL_END_T: 1765432086.1794977 || RECV, RECV_START_T: 0.0, RECV_END_T: 0.0 || DIST, DIST_START_T: 0.0, DIST_END_T: 0.0 || LOAD, LOAD_START_T: 1765432005.610649, LOAD_END_T: 1765432012.5507286 || MSG_MTo, MSG_MTo_START_T: 0.0, MSG_MTo_END_T: 0.0
Loaded FEMNIST test split partition_id=8 with 418 samples
Wall-clock time: 1765432172.2848697 ||Test loss: 0.1750 || Test accuracy: 0.9163 || CPU time: 8.2351 || CPU utilization: 0.0956 || R#411's duration (s): 86.1053 || Cumulative runtime (s): 29668.6304 || Loading data delay (s): 6.7132 || Eval delay (s): 0.6194 || Agg delay (s): 0.0000 || Coordination delay (s): 0.0000 || DIST task delay: 0.0000 || RECV task delay: 0.0000 || Queueing delay: 0.0000 || MSG (from mid) Ave. delay: 0.0000 || Total cache delay: 0.0000 || Ave. cache delay: 0.0000
[R#411] CUMULATIVE_RUNTIME_SEC=29668.6304
Top Aggregator Timestamps: CACHE, CACHE_START_T: 0.0, CACHE_END_T: 0.0 || AGG, AGG_START_T: 0.0, AGG_END_T: 0.0 || EVAL, EVAL_START_T: 1765432171.6654196, EVAL_END_T: 1765432172.2848432 || RECV, RECV_START_T: 0.0, RECV_END_T: 0.0 || DIST, DIST_START_T: 0.0, DIST_END_T: 0.0 || LOAD, LOAD_START_T: 1765432086.1828434, LOAD_END_T: 1765432092.896068 || MSG_MTo, MSG_MTo_START_T: 0.0, MSG_MTo_END_T: 0.0
Loaded FEMNIST test split partition_id=53 with 326 samples
Wall-clock time: 1765432235.132582 ||Test loss: 0.8141 || Test accuracy: 0.7791 || CPU time: 6.5321 || CPU utilization: 0.1039 || R#412's duration (s): 62.8477 || Cumulative runtime (s): 29731.4781 || Loading data delay (s): 6.8616 || Eval delay (s): 0.4902 || Agg delay (s): 0.0000 || Coordination delay (s): 0.0000 || DIST task delay: 0.0000 || RECV task delay: 0.0000 || Queueing delay: 0.0000 || MSG (from mid) Ave. delay: 0.0000 || Total cache delay: 0.0000 || Ave. cache delay: 0.0000
[R#412] CUMULATIVE_RUNTIME_SEC=29731.4781
Top Aggregator Timestamps: CACHE, CACHE_START_T: 0.0, CACHE_END_T: 0.0 || AGG, AGG_START_T: 0.0, AGG_END_T: 0.0 || EVAL, EVAL_START_T: 1765432234.6423473, EVAL_END_T: 1765432235.1325555 || RECV, RECV_START_T: 0.0, RECV_END_T: 0.0 || DIST, DIST_START_T: 0.0, DIST_END_T: 0.0 || LOAD, LOAD_START_T: 1765432172.2881725, LOAD_END_T: 1765432179.149777 || MSG_MTo, MSG_MTo_START_T: 0.0, MSG_MTo_END_T: 0.0
Loaded FEMNIST test split partition_id=26 with 363 samples
Wall-clock time: 1765432313.3751655 ||Test loss: 0.3456 || Test accuracy: 0.8871 || CPU time: 7.2058 || CPU utilization: 0.0921 || R#413's duration (s): 78.2426 || Cumulative runtime (s): 29809.7207 || Loading data delay (s): 6.6293 || Eval delay (s): 0.5407 || Agg delay (s): 0.0000 || Coordination delay (s): 0.0000 || DIST task delay: 0.0000 || RECV task delay: 0.0000 || Queueing delay: 0.0000 || MSG (from mid) Ave. delay: 0.0000 || Total cache delay: 0.0000 || Ave. cache delay: 0.0000
[R#413] CUMULATIVE_RUNTIME_SEC=29809.7207
Top Aggregator Timestamps: CACHE, CACHE_START_T: 0.0, CACHE_END_T: 0.0 || AGG, AGG_START_T: 0.0, AGG_END_T: 0.0 || EVAL, EVAL_START_T: 1765432312.8344638, EVAL_END_T: 1765432313.3751426 || RECV, RECV_START_T: 0.0, RECV_END_T: 0.0 || DIST, DIST_START_T: 0.0, DIST_END_T: 0.0 || LOAD, LOAD_START_T: 1765432235.135882, LOAD_END_T: 1765432241.765226 || MSG_MTo, MSG_MTo_START_T: 0.0, MSG_MTo_END_T: 0.0
Loaded FEMNIST test split partition_id=23 with 418 samples
Wall-clock time: 1765432386.8657095 ||Test loss: 0.2857 || Test accuracy: 0.9115 || CPU time: 8.4710 || CPU utilization: 0.1153 || R#414's duration (s): 73.4905 || Cumulative runtime (s): 29883.2112 || Loading data delay (s): 6.5399 || Eval delay (s): 0.6296 || Agg delay (s): 0.0000 || Coordination delay (s): 0.0000 || DIST task delay: 0.0000 || RECV task delay: 0.0000 || Queueing delay: 0.0000 || MSG (from mid) Ave. delay: 0.0000 || Total cache delay: 0.0000 || Ave. cache delay: 0.0000
[R#414] CUMULATIVE_RUNTIME_SEC=29883.2112
Top Aggregator Timestamps: CACHE, CACHE_START_T: 0.0, CACHE_END_T: 0.0 || AGG, AGG_START_T: 0.0, AGG_END_T: 0.0 || EVAL, EVAL_START_T: 1765432386.236068, EVAL_END_T: 1765432386.865678 || RECV, RECV_START_T: 0.0, RECV_END_T: 0.0 || DIST, DIST_START_T: 0.0, DIST_END_T: 0.0 || LOAD, LOAD_START_T: 1765432313.3783882, LOAD_END_T: 1765432319.9183197 || MSG_MTo, MSG_MTo_START_T: 0.0, MSG_MTo_END_T: 0.0
Loaded FEMNIST test split partition_id=45 with 327 samples
Wall-clock time: 1765432466.7983754 ||Test loss: 1.0991 || Test accuracy: 0.6850 || CPU time: 6.5631 || CPU utilization: 0.0821 || R#415's duration (s): 79.9327 || Cumulative runtime (s): 29963.1439 || Loading data delay (s): 6.7922 || Eval delay (s): 0.4839 || Agg delay (s): 0.0000 || Coordination delay (s): 0.0000 || DIST task delay: 0.0000 || RECV task delay: 0.0000 || Queueing delay: 0.0000 || MSG (from mid) Ave. delay: 0.0000 || Total cache delay: 0.0000 || Ave. cache delay: 0.0000
[R#415] CUMULATIVE_RUNTIME_SEC=29963.1439
Top Aggregator Timestamps: CACHE, CACHE_START_T: 0.0, CACHE_END_T: 0.0 || AGG, AGG_START_T: 0.0, AGG_END_T: 0.0 || EVAL, EVAL_START_T: 1765432466.314487, EVAL_END_T: 1765432466.7983437 || RECV, RECV_START_T: 0.0, RECV_END_T: 0.0 || DIST, DIST_START_T: 0.0, DIST_END_T: 0.0 || LOAD, LOAD_START_T: 1765432386.8687568, LOAD_END_T: 1765432393.6609156 || MSG_MTo, MSG_MTo_START_T: 0.0, MSG_MTo_END_T: 0.0
Loaded FEMNIST test split partition_id=65 with 379 samples
Wall-clock time: 1765432545.3619292 ||Test loss: 0.2071 || Test accuracy: 0.9393 || CPU time: 7.4691 || CPU utilization: 0.0951 || R#416's duration (s): 78.5636 || Cumulative runtime (s): 30041.7074 || Loading data delay (s): 6.4487 || Eval delay (s): 0.5552 || Agg delay (s): 0.0000 || Coordination delay (s): 0.0000 || DIST task delay: 0.0000 || RECV task delay: 0.0000 || Queueing delay: 0.0000 || MSG (from mid) Ave. delay: 0.0000 || Total cache delay: 0.0000 || Ave. cache delay: 0.0000
[R#416] CUMULATIVE_RUNTIME_SEC=30041.7074
Top Aggregator Timestamps: CACHE, CACHE_START_T: 0.0, CACHE_END_T: 0.0 || AGG, AGG_START_T: 0.0, AGG_END_T: 0.0 || EVAL, EVAL_START_T: 1765432544.8067534, EVAL_END_T: 1765432545.3619068 || RECV, RECV_START_T: 0.0, RECV_END_T: 0.0 || DIST, DIST_START_T: 0.0, DIST_END_T: 0.0 || LOAD, LOAD_START_T: 1765432466.801635, LOAD_END_T: 1765432473.2503245 || MSG_MTo, MSG_MTo_START_T: 0.0, MSG_MTo_END_T: 0.0
Loaded FEMNIST test split partition_id=56 with 343 samples
Wall-clock time: 1765432608.774474 ||Test loss: 0.4278 || Test accuracy: 0.8659 || CPU time: 7.1281 || CPU utilization: 0.1124 || R#417's duration (s): 63.4125 || Cumulative runtime (s): 30105.1200 || Loading data delay (s): 6.5943 || Eval delay (s): 0.5295 || Agg delay (s): 0.0000 || Coordination delay (s): 0.0000 || DIST task delay: 0.0000 || RECV task delay: 0.0000 || Queueing delay: 0.0000 || MSG (from mid) Ave. delay: 0.0000 || Total cache delay: 0.0000 || Ave. cache delay: 0.0000
[R#417] CUMULATIVE_RUNTIME_SEC=30105.1200
Top Aggregator Timestamps: CACHE, CACHE_START_T: 0.0, CACHE_END_T: 0.0 || AGG, AGG_START_T: 0.0, AGG_END_T: 0.0 || EVAL, EVAL_START_T: 1765432608.244883, EVAL_END_T: 1765432608.7744246 || RECV, RECV_START_T: 0.0, RECV_END_T: 0.0 || DIST, DIST_START_T: 0.0, DIST_END_T: 0.0 || LOAD, LOAD_START_T: 1765432545.3651817, LOAD_END_T: 1765432551.9594603 || MSG_MTo, MSG_MTo_START_T: 0.0, MSG_MTo_END_T: 0.0
Loaded FEMNIST test split partition_id=46 with 430 samples
Wall-clock time: 1765432677.6902087 ||Test loss: 0.2078 || Test accuracy: 0.9233 || CPU time: 8.5445 || CPU utilization: 0.1240 || R#418's duration (s): 68.9157 || Cumulative runtime (s): 30174.0357 || Loading data delay (s): 6.9692 || Eval delay (s): 0.6452 || Agg delay (s): 0.0000 || Coordination delay (s): 0.0000 || DIST task delay: 0.0000 || RECV task delay: 0.0000 || Queueing delay: 0.0000 || MSG (from mid) Ave. delay: 0.0000 || Total cache delay: 0.0000 || Ave. cache delay: 0.0000
[R#418] CUMULATIVE_RUNTIME_SEC=30174.0357
Top Aggregator Timestamps: CACHE, CACHE_START_T: 0.0, CACHE_END_T: 0.0 || AGG, AGG_START_T: 0.0, AGG_END_T: 0.0 || EVAL, EVAL_START_T: 1765432677.0449686, EVAL_END_T: 1765432677.6901834 || RECV, RECV_START_T: 0.0, RECV_END_T: 0.0 || DIST, DIST_START_T: 0.0, DIST_END_T: 0.0 || LOAD, LOAD_START_T: 1765432608.7781003, LOAD_END_T: 1765432615.7473242 || MSG_MTo, MSG_MTo_START_T: 0.0, MSG_MTo_END_T: 0.0
Loaded FEMNIST test split partition_id=59 with 361 samples
Wall-clock time: 1765432738.4132493 ||Test loss: 0.5815 || Test accuracy: 0.8338 || CPU time: 7.4084 || CPU utilization: 0.1220 || R#419's duration (s): 60.7230 || Cumulative runtime (s): 30234.7587 || Loading data delay (s): 6.6317 || Eval delay (s): 0.5493 || Agg delay (s): 0.0000 || Coordination delay (s): 0.0000 || DIST task delay: 0.0000 || RECV task delay: 0.0000 || Queueing delay: 0.0000 || MSG (from mid) Ave. delay: 0.0000 || Total cache delay: 0.0000 || Ave. cache delay: 0.0000
[R#419] CUMULATIVE_RUNTIME_SEC=30234.7587
Top Aggregator Timestamps: CACHE, CACHE_START_T: 0.0, CACHE_END_T: 0.0 || AGG, AGG_START_T: 0.0, AGG_END_T: 0.0 || EVAL, EVAL_START_T: 1765432737.8639085, EVAL_END_T: 1765432738.413225 || RECV, RECV_START_T: 0.0, RECV_END_T: 0.0 || DIST, DIST_START_T: 0.0, DIST_END_T: 0.0 || LOAD, LOAD_START_T: 1765432677.6935594, LOAD_END_T: 1765432684.3252456 || MSG_MTo, MSG_MTo_START_T: 0.0, MSG_MTo_END_T: 0.0
Loaded FEMNIST test split partition_id=15 with 370 samples
Wall-clock time: 1765432815.4647284 ||Test loss: 0.4224 || Test accuracy: 0.8486 || CPU time: 7.3818 || CPU utilization: 0.0958 || R#420's duration (s): 77.0515 || Cumulative runtime (s): 30311.8102 || Loading data delay (s): 6.8432 || Eval delay (s): 0.5555 || Agg delay (s): 0.0000 || Coordination delay (s): 0.0000 || DIST task delay: 0.0000 || RECV task delay: 0.0000 || Queueing delay: 0.0000 || MSG (from mid) Ave. delay: 0.0000 || Total cache delay: 0.0000 || Ave. cache delay: 0.0000
[R#420] CUMULATIVE_RUNTIME_SEC=30311.8102
Top Aggregator Timestamps: CACHE, CACHE_START_T: 0.0, CACHE_END_T: 0.0 || AGG, AGG_START_T: 0.0, AGG_END_T: 0.0 || EVAL, EVAL_START_T: 1765432814.909154, EVAL_END_T: 1765432815.4647017 || RECV, RECV_START_T: 0.0, RECV_END_T: 0.0 || DIST, DIST_START_T: 0.0, DIST_END_T: 0.0 || LOAD, LOAD_START_T: 1765432738.4165106, LOAD_END_T: 1765432745.2597325 || MSG_MTo, MSG_MTo_START_T: 0.0, MSG_MTo_END_T: 0.0
Loaded FEMNIST test split partition_id=33 with 337 samples
Wall-clock time: 1765432873.468369 ||Test loss: 0.5732 || Test accuracy: 0.8338 || CPU time: 6.8293 || CPU utilization: 0.1177 || R#421's duration (s): 58.0036 || Cumulative runtime (s): 30369.8139 || Loading data delay (s): 6.6197 || Eval delay (s): 0.5102 || Agg delay (s): 0.0000 || Coordination delay (s): 0.0000 || DIST task delay: 0.0000 || RECV task delay: 0.0000 || Queueing delay: 0.0000 || MSG (from mid) Ave. delay: 0.0000 || Total cache delay: 0.0000 || Ave. cache delay: 0.0000
[R#421] CUMULATIVE_RUNTIME_SEC=30369.8139
Top Aggregator Timestamps: CACHE, CACHE_START_T: 0.0, CACHE_END_T: 0.0 || AGG, AGG_START_T: 0.0, AGG_END_T: 0.0 || EVAL, EVAL_START_T: 1765432872.9581666, EVAL_END_T: 1765432873.4683464 || RECV, RECV_START_T: 0.0, RECV_END_T: 0.0 || DIST, DIST_START_T: 0.0, DIST_END_T: 0.0 || LOAD, LOAD_START_T: 1765432815.4680707, LOAD_END_T: 1765432822.087731 || MSG_MTo, MSG_MTo_START_T: 0.0, MSG_MTo_END_T: 0.0
Loaded FEMNIST test split partition_id=14 with 378 samples
Wall-clock time: 1765432939.757706 ||Test loss: 0.2328 || Test accuracy: 0.9180 || CPU time: 8.5276 || CPU utilization: 0.1286 || R#422's duration (s): 66.2893 || Cumulative runtime (s): 30436.1032 || Loading data delay (s): 6.7587 || Eval delay (s): 0.6297 || Agg delay (s): 0.0000 || Coordination delay (s): 0.0000 || DIST task delay: 0.0000 || RECV task delay: 0.0000 || Queueing delay: 0.0000 || MSG (from mid) Ave. delay: 0.0000 || Total cache delay: 0.0000 || Ave. cache delay: 0.0000
[R#422] CUMULATIVE_RUNTIME_SEC=30436.1032
Top Aggregator Timestamps: CACHE, CACHE_START_T: 0.0, CACHE_END_T: 0.0 || AGG, AGG_START_T: 0.0, AGG_END_T: 0.0 || EVAL, EVAL_START_T: 1765432939.1279368, EVAL_END_T: 1765432939.7576764 || RECV, RECV_START_T: 0.0, RECV_END_T: 0.0 || DIST, DIST_START_T: 0.0, DIST_END_T: 0.0 || LOAD, LOAD_START_T: 1765432873.471157, LOAD_END_T: 1765432880.2298117 || MSG_MTo, MSG_MTo_START_T: 0.0, MSG_MTo_END_T: 0.0
Loaded FEMNIST test split partition_id=8 with 418 samples
Wall-clock time: 1765433022.9831088 ||Test loss: 0.1693 || Test accuracy: 0.9282 || CPU time: 9.0069 || CPU utilization: 0.1082 || R#423's duration (s): 83.2254 || Cumulative runtime (s): 30519.3286 || Loading data delay (s): 6.7347 || Eval delay (s): 0.6676 || Agg delay (s): 0.0000 || Coordination delay (s): 0.0000 || DIST task delay: 0.0000 || RECV task delay: 0.0000 || Queueing delay: 0.0000 || MSG (from mid) Ave. delay: 0.0000 || Total cache delay: 0.0000 || Ave. cache delay: 0.0000
[R#423] CUMULATIVE_RUNTIME_SEC=30519.3286
Top Aggregator Timestamps: CACHE, CACHE_START_T: 0.0, CACHE_END_T: 0.0 || AGG, AGG_START_T: 0.0, AGG_END_T: 0.0 || EVAL, EVAL_START_T: 1765433022.3154655, EVAL_END_T: 1765433022.983086 || RECV, RECV_START_T: 0.0, RECV_END_T: 0.0 || DIST, DIST_START_T: 0.0, DIST_END_T: 0.0 || LOAD, LOAD_START_T: 1765432939.761154, LOAD_END_T: 1765432946.4958694 || MSG_MTo, MSG_MTo_START_T: 0.0, MSG_MTo_END_T: 0.0
Loaded FEMNIST test split partition_id=52 with 218 samples
Wall-clock time: 1765433088.8986628 ||Test loss: 0.5260 || Test accuracy: 0.8532 || CPU time: 4.8881 || CPU utilization: 0.0742 || R#424's duration (s): 65.9156 || Cumulative runtime (s): 30585.2442 || Loading data delay (s): 6.6069 || Eval delay (s): 0.3520 || Agg delay (s): 0.0000 || Coordination delay (s): 0.0000 || DIST task delay: 0.0000 || RECV task delay: 0.0000 || Queueing delay: 0.0000 || MSG (from mid) Ave. delay: 0.0000 || Total cache delay: 0.0000 || Ave. cache delay: 0.0000
[R#424] CUMULATIVE_RUNTIME_SEC=30585.2442
Top Aggregator Timestamps: CACHE, CACHE_START_T: 0.0, CACHE_END_T: 0.0 || AGG, AGG_START_T: 0.0, AGG_END_T: 0.0 || EVAL, EVAL_START_T: 1765433088.5466743, EVAL_END_T: 1765433088.8986368 || RECV, RECV_START_T: 0.0, RECV_END_T: 0.0 || DIST, DIST_START_T: 0.0, DIST_END_T: 0.0 || LOAD, LOAD_START_T: 1765433022.9864047, LOAD_END_T: 1765433029.5932796 || MSG_MTo, MSG_MTo_START_T: 0.0, MSG_MTo_END_T: 0.0
Loaded FEMNIST test split partition_id=1 with 413 samples
Wall-clock time: 1765433168.6660967 ||Test loss: 0.2864 || Test accuracy: 0.9056 || CPU time: 8.7220 || CPU utilization: 0.1093 || R#425's duration (s): 79.7674 || Cumulative runtime (s): 30665.0116 || Loading data delay (s): 6.6791 || Eval delay (s): 0.6486 || Agg delay (s): 0.0000 || Coordination delay (s): 0.0000 || DIST task delay: 0.0000 || RECV task delay: 0.0000 || Queueing delay: 0.0000 || MSG (from mid) Ave. delay: 0.0000 || Total cache delay: 0.0000 || Ave. cache delay: 0.0000
[R#425] CUMULATIVE_RUNTIME_SEC=30665.0116
Top Aggregator Timestamps: CACHE, CACHE_START_T: 0.0, CACHE_END_T: 0.0 || AGG, AGG_START_T: 0.0, AGG_END_T: 0.0 || EVAL, EVAL_START_T: 1765433168.0174212, EVAL_END_T: 1765433168.6660542 || RECV, RECV_START_T: 0.0, RECV_END_T: 0.0 || DIST, DIST_START_T: 0.0, DIST_END_T: 0.0 || LOAD, LOAD_START_T: 1765433088.9015737, LOAD_END_T: 1765433095.580635 || MSG_MTo, MSG_MTo_START_T: 0.0, MSG_MTo_END_T: 0.0
Loaded FEMNIST test split partition_id=53 with 326 samples
Wall-clock time: 1765433252.8892584 ||Test loss: 0.7806 || Test accuracy: 0.7883 || CPU time: 6.7402 || CPU utilization: 0.0800 || R#426's duration (s): 84.2232 || Cumulative runtime (s): 30749.2347 || Loading data delay (s): 6.5038 || Eval delay (s): 0.4998 || Agg delay (s): 0.0000 || Coordination delay (s): 0.0000 || DIST task delay: 0.0000 || RECV task delay: 0.0000 || Queueing delay: 0.0000 || MSG (from mid) Ave. delay: 0.0000 || Total cache delay: 0.0000 || Ave. cache delay: 0.0000
[R#426] CUMULATIVE_RUNTIME_SEC=30749.2347
Top Aggregator Timestamps: CACHE, CACHE_START_T: 0.0, CACHE_END_T: 0.0 || AGG, AGG_START_T: 0.0, AGG_END_T: 0.0 || EVAL, EVAL_START_T: 1765433252.389448, EVAL_END_T: 1765433252.8892097 || RECV, RECV_START_T: 0.0, RECV_END_T: 0.0 || DIST, DIST_START_T: 0.0, DIST_END_T: 0.0 || LOAD, LOAD_START_T: 1765433168.6691842, LOAD_END_T: 1765433175.1729577 || MSG_MTo, MSG_MTo_START_T: 0.0, MSG_MTo_END_T: 0.0
Loaded FEMNIST test split partition_id=55 with 373 samples
Wall-clock time: 1765433324.733633 ||Test loss: 1.0310 || Test accuracy: 0.7292 || CPU time: 8.3822 || CPU utilization: 0.1167 || R#427's duration (s): 71.8444 || Cumulative runtime (s): 30821.0791 || Loading data delay (s): 6.7148 || Eval delay (s): 0.6169 || Agg delay (s): 0.0000 || Coordination delay (s): 0.0000 || DIST task delay: 0.0000 || RECV task delay: 0.0000 || Queueing delay: 0.0000 || MSG (from mid) Ave. delay: 0.0000 || Total cache delay: 0.0000 || Ave. cache delay: 0.0000
[R#427] CUMULATIVE_RUNTIME_SEC=30821.0791
Top Aggregator Timestamps: CACHE, CACHE_START_T: 0.0, CACHE_END_T: 0.0 || AGG, AGG_START_T: 0.0, AGG_END_T: 0.0 || EVAL, EVAL_START_T: 1765433324.1166892, EVAL_END_T: 1765433324.7335818 || RECV, RECV_START_T: 0.0, RECV_END_T: 0.0 || DIST, DIST_START_T: 0.0, DIST_END_T: 0.0 || LOAD, LOAD_START_T: 1765433252.8926451, LOAD_END_T: 1765433259.607458 || MSG_MTo, MSG_MTo_START_T: 0.0, MSG_MTo_END_T: 0.0
Loaded FEMNIST test split partition_id=49 with 393 samples
Wall-clock time: 1765433387.9306004 ||Test loss: 0.3139 || Test accuracy: 0.8702 || CPU time: 8.2751 || CPU utilization: 0.1309 || R#428's duration (s): 63.1970 || Cumulative runtime (s): 30884.2761 || Loading data delay (s): 6.6230 || Eval delay (s): 0.6222 || Agg delay (s): 0.0000 || Coordination delay (s): 0.0000 || DIST task delay: 0.0000 || RECV task delay: 0.0000 || Queueing delay: 0.0000 || MSG (from mid) Ave. delay: 0.0000 || Total cache delay: 0.0000 || Ave. cache delay: 0.0000
[R#428] CUMULATIVE_RUNTIME_SEC=30884.2761
Top Aggregator Timestamps: CACHE, CACHE_START_T: 0.0, CACHE_END_T: 0.0 || AGG, AGG_START_T: 0.0, AGG_END_T: 0.0 || EVAL, EVAL_START_T: 1765433387.3083465, EVAL_END_T: 1765433387.930578 || RECV, RECV_START_T: 0.0, RECV_END_T: 0.0 || DIST, DIST_START_T: 0.0, DIST_END_T: 0.0 || LOAD, LOAD_START_T: 1765433324.7374322, LOAD_END_T: 1765433331.3604667 || MSG_MTo, MSG_MTo_START_T: 0.0, MSG_MTo_END_T: 0.0
Loaded FEMNIST test split partition_id=48 with 131 samples
Wall-clock time: 1765433467.610121 ||Test loss: 3.9565 || Test accuracy: 0.2443 || CPU time: 3.0137 || CPU utilization: 0.0378 || R#429's duration (s): 79.6795 || Cumulative runtime (s): 30963.9556 || Loading data delay (s): 6.7427 || Eval delay (s): 0.2170 || Agg delay (s): 0.0000 || Coordination delay (s): 0.0000 || DIST task delay: 0.0000 || RECV task delay: 0.0000 || Queueing delay: 0.0000 || MSG (from mid) Ave. delay: 0.0000 || Total cache delay: 0.0000 || Ave. cache delay: 0.0000
[R#429] CUMULATIVE_RUNTIME_SEC=30963.9556
Top Aggregator Timestamps: CACHE, CACHE_START_T: 0.0, CACHE_END_T: 0.0 || AGG, AGG_START_T: 0.0, AGG_END_T: 0.0 || EVAL, EVAL_START_T: 1765433467.3930993, EVAL_END_T: 1765433467.610098 || RECV, RECV_START_T: 0.0, RECV_END_T: 0.0 || DIST, DIST_START_T: 0.0, DIST_END_T: 0.0 || LOAD, LOAD_START_T: 1765433387.9335203, LOAD_END_T: 1765433394.676194 || MSG_MTo, MSG_MTo_START_T: 0.0, MSG_MTo_END_T: 0.0
Loaded FEMNIST test split partition_id=5 with 351 samples
Wall-clock time: 1765433552.9451118 ||Test loss: 0.6520 || Test accuracy: 0.8291 || CPU time: 7.6823 || CPU utilization: 0.0900 || R#430's duration (s): 85.3350 || Cumulative runtime (s): 31049.2906 || Loading data delay (s): 7.0106 || Eval delay (s): 0.5752 || Agg delay (s): 0.0000 || Coordination delay (s): 0.0000 || DIST task delay: 0.0000 || RECV task delay: 0.0000 || Queueing delay: 0.0000 || MSG (from mid) Ave. delay: 0.0000 || Total cache delay: 0.0000 || Ave. cache delay: 0.0000
[R#430] CUMULATIVE_RUNTIME_SEC=31049.2906
Top Aggregator Timestamps: CACHE, CACHE_START_T: 0.0, CACHE_END_T: 0.0 || AGG, AGG_START_T: 0.0, AGG_END_T: 0.0 || EVAL, EVAL_START_T: 1765433552.3698778, EVAL_END_T: 1765433552.945083 || RECV, RECV_START_T: 0.0, RECV_END_T: 0.0 || DIST, DIST_START_T: 0.0, DIST_END_T: 0.0 || LOAD, LOAD_START_T: 1765433467.6135406, LOAD_END_T: 1765433474.6240923 || MSG_MTo, MSG_MTo_START_T: 0.0, MSG_MTo_END_T: 0.0
Loaded FEMNIST test split partition_id=28 with 399 samples
Wall-clock time: 1765433614.4338744 ||Test loss: 0.4866 || Test accuracy: 0.8672 || CPU time: 8.0659 || CPU utilization: 0.1312 || R#431's duration (s): 61.4888 || Cumulative runtime (s): 31110.7794 || Loading data delay (s): 6.5659 || Eval delay (s): 0.6031 || Agg delay (s): 0.0000 || Coordination delay (s): 0.0000 || DIST task delay: 0.0000 || RECV task delay: 0.0000 || Queueing delay: 0.0000 || MSG (from mid) Ave. delay: 0.0000 || Total cache delay: 0.0000 || Ave. cache delay: 0.0000
[R#431] CUMULATIVE_RUNTIME_SEC=31110.7794
Top Aggregator Timestamps: CACHE, CACHE_START_T: 0.0, CACHE_END_T: 0.0 || AGG, AGG_START_T: 0.0, AGG_END_T: 0.0 || EVAL, EVAL_START_T: 1765433613.8307872, EVAL_END_T: 1765433614.4338481 || RECV, RECV_START_T: 0.0, RECV_END_T: 0.0 || DIST, DIST_START_T: 0.0, DIST_END_T: 0.0 || LOAD, LOAD_START_T: 1765433552.9486299, LOAD_END_T: 1765433559.514557 || MSG_MTo, MSG_MTo_START_T: 0.0, MSG_MTo_END_T: 0.0
Loaded FEMNIST test split partition_id=10 with 436 samples
Wall-clock time: 1765433700.1375475 ||Test loss: 0.2518 || Test accuracy: 0.9151 || CPU time: 8.9535 || CPU utilization: 0.1045 || R#432's duration (s): 85.7037 || Cumulative runtime (s): 31196.4830 || Loading data delay (s): 6.8935 || Eval delay (s): 0.6716 || Agg delay (s): 0.0000 || Coordination delay (s): 0.0000 || DIST task delay: 0.0000 || RECV task delay: 0.0000 || Queueing delay: 0.0000 || MSG (from mid) Ave. delay: 0.0000 || Total cache delay: 0.0000 || Ave. cache delay: 0.0000
[R#432] CUMULATIVE_RUNTIME_SEC=31196.4830
Top Aggregator Timestamps: CACHE, CACHE_START_T: 0.0, CACHE_END_T: 0.0 || AGG, AGG_START_T: 0.0, AGG_END_T: 0.0 || EVAL, EVAL_START_T: 1765433699.4659393, EVAL_END_T: 1765433700.137513 || RECV, RECV_START_T: 0.0, RECV_END_T: 0.0 || DIST, DIST_START_T: 0.0, DIST_END_T: 0.0 || LOAD, LOAD_START_T: 1765433614.437151, LOAD_END_T: 1765433621.3306637 || MSG_MTo, MSG_MTo_START_T: 0.0, MSG_MTo_END_T: 0.0
Loaded FEMNIST test split partition_id=23 with 418 samples
Wall-clock time: 1765433772.136087 ||Test loss: 0.2649 || Test accuracy: 0.9211 || CPU time: 8.2961 || CPU utilization: 0.1152 || R#433's duration (s): 71.9985 || Cumulative runtime (s): 31268.4816 || Loading data delay (s): 6.5754 || Eval delay (s): 0.6207 || Agg delay (s): 0.0000 || Coordination delay (s): 0.0000 || DIST task delay: 0.0000 || RECV task delay: 0.0000 || Queueing delay: 0.0000 || MSG (from mid) Ave. delay: 0.0000 || Total cache delay: 0.0000 || Ave. cache delay: 0.0000
[R#433] CUMULATIVE_RUNTIME_SEC=31268.4816
Top Aggregator Timestamps: CACHE, CACHE_START_T: 0.0, CACHE_END_T: 0.0 || AGG, AGG_START_T: 0.0, AGG_END_T: 0.0 || EVAL, EVAL_START_T: 1765433771.5153623, EVAL_END_T: 1765433772.1360624 || RECV, RECV_START_T: 0.0, RECV_END_T: 0.0 || DIST, DIST_START_T: 0.0, DIST_END_T: 0.0 || LOAD, LOAD_START_T: 1765433700.1408546, LOAD_END_T: 1765433706.7162833 || MSG_MTo, MSG_MTo_START_T: 0.0, MSG_MTo_END_T: 0.0
Loaded FEMNIST test split partition_id=66 with 428 samples
Wall-clock time: 1765433838.8232276 ||Test loss: 0.8005 || Test accuracy: 0.7617 || CPU time: 8.5197 || CPU utilization: 0.1278 || R#434's duration (s): 66.6871 || Cumulative runtime (s): 31335.1687 || Loading data delay (s): 6.8660 || Eval delay (s): 0.6375 || Agg delay (s): 0.0000 || Coordination delay (s): 0.0000 || DIST task delay: 0.0000 || RECV task delay: 0.0000 || Queueing delay: 0.0000 || MSG (from mid) Ave. delay: 0.0000 || Total cache delay: 0.0000 || Ave. cache delay: 0.0000
[R#434] CUMULATIVE_RUNTIME_SEC=31335.1687
Top Aggregator Timestamps: CACHE, CACHE_START_T: 0.0, CACHE_END_T: 0.0 || AGG, AGG_START_T: 0.0, AGG_END_T: 0.0 || EVAL, EVAL_START_T: 1765433838.1857128, EVAL_END_T: 1765433838.8232002 || RECV, RECV_START_T: 0.0, RECV_END_T: 0.0 || DIST, DIST_START_T: 0.0, DIST_END_T: 0.0 || LOAD, LOAD_START_T: 1765433772.13934, LOAD_END_T: 1765433779.0053046 || MSG_MTo, MSG_MTo_START_T: 0.0, MSG_MTo_END_T: 0.0
Loaded FEMNIST test split partition_id=9 with 377 samples
Wall-clock time: 1765433901.759806 ||Test loss: 0.9353 || Test accuracy: 0.7480 || CPU time: 7.8521 || CPU utilization: 0.1248 || R#435's duration (s): 62.9366 || Cumulative runtime (s): 31398.1053 || Loading data delay (s): 6.4006 || Eval delay (s): 0.5811 || Agg delay (s): 0.0000 || Coordination delay (s): 0.0000 || DIST task delay: 0.0000 || RECV task delay: 0.0000 || Queueing delay: 0.0000 || MSG (from mid) Ave. delay: 0.0000 || Total cache delay: 0.0000 || Ave. cache delay: 0.0000
[R#435] CUMULATIVE_RUNTIME_SEC=31398.1053
Top Aggregator Timestamps: CACHE, CACHE_START_T: 0.0, CACHE_END_T: 0.0 || AGG, AGG_START_T: 0.0, AGG_END_T: 0.0 || EVAL, EVAL_START_T: 1765433901.1787035, EVAL_END_T: 1765433901.7597737 || RECV, RECV_START_T: 0.0, RECV_END_T: 0.0 || DIST, DIST_START_T: 0.0, DIST_END_T: 0.0 || LOAD, LOAD_START_T: 1765433838.8265076, LOAD_END_T: 1765433845.2271013 || MSG_MTo, MSG_MTo_START_T: 0.0, MSG_MTo_END_T: 0.0
Loaded FEMNIST test split partition_id=2 with 404 samples
Wall-clock time: 1765433964.8454707 ||Test loss: 0.4823 || Test accuracy: 0.8713 || CPU time: 8.0082 || CPU utilization: 0.1269 || R#436's duration (s): 63.0857 || Cumulative runtime (s): 31461.1910 || Loading data delay (s): 6.8254 || Eval delay (s): 0.5945 || Agg delay (s): 0.0000 || Coordination delay (s): 0.0000 || DIST task delay: 0.0000 || RECV task delay: 0.0000 || Queueing delay: 0.0000 || MSG (from mid) Ave. delay: 0.0000 || Total cache delay: 0.0000 || Ave. cache delay: 0.0000
[R#436] CUMULATIVE_RUNTIME_SEC=31461.1910
Top Aggregator Timestamps: CACHE, CACHE_START_T: 0.0, CACHE_END_T: 0.0 || AGG, AGG_START_T: 0.0, AGG_END_T: 0.0 || EVAL, EVAL_START_T: 1765433964.2509341, EVAL_END_T: 1765433964.8454397 || RECV, RECV_START_T: 0.0, RECV_END_T: 0.0 || DIST, DIST_START_T: 0.0, DIST_END_T: 0.0 || LOAD, LOAD_START_T: 1765433901.7627664, LOAD_END_T: 1765433908.5882056 || MSG_MTo, MSG_MTo_START_T: 0.0, MSG_MTo_END_T: 0.0
Loaded FEMNIST test split partition_id=30 with 284 samples
Wall-clock time: 1765434055.0910501 ||Test loss: 0.3293 || Test accuracy: 0.8944 || CPU time: 5.8016 || CPU utilization: 0.0643 || R#437's duration (s): 90.2456 || Cumulative runtime (s): 31551.4365 || Loading data delay (s): 6.4471 || Eval delay (s): 0.4310 || Agg delay (s): 0.0000 || Coordination delay (s): 0.0000 || DIST task delay: 0.0000 || RECV task delay: 0.0000 || Queueing delay: 0.0000 || MSG (from mid) Ave. delay: 0.0000 || Total cache delay: 0.0000 || Ave. cache delay: 0.0000
[R#437] CUMULATIVE_RUNTIME_SEC=31551.4365
Top Aggregator Timestamps: CACHE, CACHE_START_T: 0.0, CACHE_END_T: 0.0 || AGG, AGG_START_T: 0.0, AGG_END_T: 0.0 || EVAL, EVAL_START_T: 1765434054.6599896, EVAL_END_T: 1765434055.0910273 || RECV, RECV_START_T: 0.0, RECV_END_T: 0.0 || DIST, DIST_START_T: 0.0, DIST_END_T: 0.0 || LOAD, LOAD_START_T: 1765433964.84872, LOAD_END_T: 1765433971.295838 || MSG_MTo, MSG_MTo_START_T: 0.0, MSG_MTo_END_T: 0.0
Loaded FEMNIST test split partition_id=9 with 377 samples
Wall-clock time: 1765434115.2198768 ||Test loss: 0.7687 || Test accuracy: 0.7905 || CPU time: 7.5890 || CPU utilization: 0.1262 || R#438's duration (s): 60.1288 || Cumulative runtime (s): 31611.5654 || Loading data delay (s): 6.8656 || Eval delay (s): 0.5670 || Agg delay (s): 0.0000 || Coordination delay (s): 0.0000 || DIST task delay: 0.0000 || RECV task delay: 0.0000 || Queueing delay: 0.0000 || MSG (from mid) Ave. delay: 0.0000 || Total cache delay: 0.0000 || Ave. cache delay: 0.0000
[R#438] CUMULATIVE_RUNTIME_SEC=31611.5654
Top Aggregator Timestamps: CACHE, CACHE_START_T: 0.0, CACHE_END_T: 0.0 || AGG, AGG_START_T: 0.0, AGG_END_T: 0.0 || EVAL, EVAL_START_T: 1765434114.6528885, EVAL_END_T: 1765434115.2198546 || RECV, RECV_START_T: 0.0, RECV_END_T: 0.0 || DIST, DIST_START_T: 0.0, DIST_END_T: 0.0 || LOAD, LOAD_START_T: 1765434055.094349, LOAD_END_T: 1765434061.959934 || MSG_MTo, MSG_MTo_START_T: 0.0, MSG_MTo_END_T: 0.0
Loaded FEMNIST test split partition_id=14 with 378 samples
Wall-clock time: 1765434197.4805787 ||Test loss: 0.1876 || Test accuracy: 0.9339 || CPU time: 7.4451 || CPU utilization: 0.0905 || R#439's duration (s): 82.2607 || Cumulative runtime (s): 31693.8261 || Loading data delay (s): 6.4586 || Eval delay (s): 0.5569 || Agg delay (s): 0.0000 || Coordination delay (s): 0.0000 || DIST task delay: 0.0000 || RECV task delay: 0.0000 || Queueing delay: 0.0000 || MSG (from mid) Ave. delay: 0.0000 || Total cache delay: 0.0000 || Ave. cache delay: 0.0000
[R#439] CUMULATIVE_RUNTIME_SEC=31693.8261
Top Aggregator Timestamps: CACHE, CACHE_START_T: 0.0, CACHE_END_T: 0.0 || AGG, AGG_START_T: 0.0, AGG_END_T: 0.0 || EVAL, EVAL_START_T: 1765434196.923673, EVAL_END_T: 1765434197.4805481 || RECV, RECV_START_T: 0.0, RECV_END_T: 0.0 || DIST, DIST_START_T: 0.0, DIST_END_T: 0.0 || LOAD, LOAD_START_T: 1765434115.2227476, LOAD_END_T: 1765434121.6813967 || MSG_MTo, MSG_MTo_START_T: 0.0, MSG_MTo_END_T: 0.0
Loaded FEMNIST test split partition_id=50 with 313 samples
Wall-clock time: 1765434258.209082 ||Test loss: 0.4327 || Test accuracy: 0.8658 || CPU time: 6.3465 || CPU utilization: 0.1045 || R#440's duration (s): 60.7285 || Cumulative runtime (s): 31754.5546 || Loading data delay (s): 6.8999 || Eval delay (s): 0.4659 || Agg delay (s): 0.0000 || Coordination delay (s): 0.0000 || DIST task delay: 0.0000 || RECV task delay: 0.0000 || Queueing delay: 0.0000 || MSG (from mid) Ave. delay: 0.0000 || Total cache delay: 0.0000 || Ave. cache delay: 0.0000
[R#440] CUMULATIVE_RUNTIME_SEC=31754.5546
Top Aggregator Timestamps: CACHE, CACHE_START_T: 0.0, CACHE_END_T: 0.0 || AGG, AGG_START_T: 0.0, AGG_END_T: 0.0 || EVAL, EVAL_START_T: 1765434257.7431386, EVAL_END_T: 1765434258.2090485 || RECV, RECV_START_T: 0.0, RECV_END_T: 0.0 || DIST, DIST_START_T: 0.0, DIST_END_T: 0.0 || LOAD, LOAD_START_T: 1765434197.4839067, LOAD_END_T: 1765434204.3838239 || MSG_MTo, MSG_MTo_START_T: 0.0, MSG_MTo_END_T: 0.0
Loaded FEMNIST test split partition_id=53 with 326 samples
Wall-clock time: 1765434335.0751996 ||Test loss: 0.7534 || Test accuracy: 0.8037 || CPU time: 6.5061 || CPU utilization: 0.0846 || R#441's duration (s): 76.8661 || Cumulative runtime (s): 31831.4207 || Loading data delay (s): 6.4183 || Eval delay (s): 0.4813 || Agg delay (s): 0.0000 || Coordination delay (s): 0.0000 || DIST task delay: 0.0000 || RECV task delay: 0.0000 || Queueing delay: 0.0000 || MSG (from mid) Ave. delay: 0.0000 || Total cache delay: 0.0000 || Ave. cache delay: 0.0000
[R#441] CUMULATIVE_RUNTIME_SEC=31831.4207
Top Aggregator Timestamps: CACHE, CACHE_START_T: 0.0, CACHE_END_T: 0.0 || AGG, AGG_START_T: 0.0, AGG_END_T: 0.0 || EVAL, EVAL_START_T: 1765434334.5938423, EVAL_END_T: 1765434335.0751762 || RECV, RECV_START_T: 0.0, RECV_END_T: 0.0 || DIST, DIST_START_T: 0.0, DIST_END_T: 0.0 || LOAD, LOAD_START_T: 1765434258.212383, LOAD_END_T: 1765434264.6306407 || MSG_MTo, MSG_MTo_START_T: 0.0, MSG_MTo_END_T: 0.0
Loaded FEMNIST test split partition_id=65 with 379 samples
Wall-clock time: 1765434396.1034033 ||Test loss: 0.2012 || Test accuracy: 0.9261 || CPU time: 7.5168 || CPU utilization: 0.1232 || R#442's duration (s): 61.0282 || Cumulative runtime (s): 31892.4489 || Loading data delay (s): 6.5344 || Eval delay (s): 0.5592 || Agg delay (s): 0.0000 || Coordination delay (s): 0.0000 || DIST task delay: 0.0000 || RECV task delay: 0.0000 || Queueing delay: 0.0000 || MSG (from mid) Ave. delay: 0.0000 || Total cache delay: 0.0000 || Ave. cache delay: 0.0000
[R#442] CUMULATIVE_RUNTIME_SEC=31892.4489
Top Aggregator Timestamps: CACHE, CACHE_START_T: 0.0, CACHE_END_T: 0.0 || AGG, AGG_START_T: 0.0, AGG_END_T: 0.0 || EVAL, EVAL_START_T: 1765434395.5441818, EVAL_END_T: 1765434396.1033762 || RECV, RECV_START_T: 0.0, RECV_END_T: 0.0 || DIST, DIST_START_T: 0.0, DIST_END_T: 0.0 || LOAD, LOAD_START_T: 1765434335.0781336, LOAD_END_T: 1765434341.612553 || MSG_MTo, MSG_MTo_START_T: 0.0, MSG_MTo_END_T: 0.0
Loaded FEMNIST test split partition_id=54 with 428 samples
Wall-clock time: 1765434458.4354174 ||Test loss: 0.1926 || Test accuracy: 0.9463 || CPU time: 8.3941 || CPU utilization: 0.1347 || R#443's duration (s): 62.3320 || Cumulative runtime (s): 31954.7809 || Loading data delay (s): 6.8456 || Eval delay (s): 0.6290 || Agg delay (s): 0.0000 || Coordination delay (s): 0.0000 || DIST task delay: 0.0000 || RECV task delay: 0.0000 || Queueing delay: 0.0000 || MSG (from mid) Ave. delay: 0.0000 || Total cache delay: 0.0000 || Ave. cache delay: 0.0000
[R#443] CUMULATIVE_RUNTIME_SEC=31954.7809
Top Aggregator Timestamps: CACHE, CACHE_START_T: 0.0, CACHE_END_T: 0.0 || AGG, AGG_START_T: 0.0, AGG_END_T: 0.0 || EVAL, EVAL_START_T: 1765434457.8063452, EVAL_END_T: 1765434458.4353878 || RECV, RECV_START_T: 0.0, RECV_END_T: 0.0 || DIST, DIST_START_T: 0.0, DIST_END_T: 0.0 || LOAD, LOAD_START_T: 1765434396.1066344, LOAD_END_T: 1765434402.9522758 || MSG_MTo, MSG_MTo_START_T: 0.0, MSG_MTo_END_T: 0.0
Loaded FEMNIST test split partition_id=42 with 330 samples
Wall-clock time: 1765434538.1023686 ||Test loss: 0.7111 || Test accuracy: 0.8545 || CPU time: 6.7684 || CPU utilization: 0.0850 || R#444's duration (s): 79.6670 || Cumulative runtime (s): 32034.4479 || Loading data delay (s): 6.6810 || Eval delay (s): 0.4978 || Agg delay (s): 0.0000 || Coordination delay (s): 0.0000 || DIST task delay: 0.0000 || RECV task delay: 0.0000 || Queueing delay: 0.0000 || MSG (from mid) Ave. delay: 0.0000 || Total cache delay: 0.0000 || Ave. cache delay: 0.0000
[R#444] CUMULATIVE_RUNTIME_SEC=32034.4479
Top Aggregator Timestamps: CACHE, CACHE_START_T: 0.0, CACHE_END_T: 0.0 || AGG, AGG_START_T: 0.0, AGG_END_T: 0.0 || EVAL, EVAL_START_T: 1765434537.6045187, EVAL_END_T: 1765434538.102337 || RECV, RECV_START_T: 0.0, RECV_END_T: 0.0 || DIST, DIST_START_T: 0.0, DIST_END_T: 0.0 || LOAD, LOAD_START_T: 1765434458.438692, LOAD_END_T: 1765434465.1197212 || MSG_MTo, MSG_MTo_START_T: 0.0, MSG_MTo_END_T: 0.0
Loaded FEMNIST test split partition_id=13 with 329 samples
Wall-clock time: 1765434610.69838 ||Test loss: 0.6250 || Test accuracy: 0.8024 || CPU time: 6.5885 || CPU utilization: 0.0908 || R#445's duration (s): 72.5960 || Cumulative runtime (s): 32107.0439 || Loading data delay (s): 6.7072 || Eval delay (s): 0.4880 || Agg delay (s): 0.0000 || Coordination delay (s): 0.0000 || DIST task delay: 0.0000 || RECV task delay: 0.0000 || Queueing delay: 0.0000 || MSG (from mid) Ave. delay: 0.0000 || Total cache delay: 0.0000 || Ave. cache delay: 0.0000
[R#445] CUMULATIVE_RUNTIME_SEC=32107.0439
Top Aggregator Timestamps: CACHE, CACHE_START_T: 0.0, CACHE_END_T: 0.0 || AGG, AGG_START_T: 0.0, AGG_END_T: 0.0 || EVAL, EVAL_START_T: 1765434610.2103975, EVAL_END_T: 1765434610.6983564 || RECV, RECV_START_T: 0.0, RECV_END_T: 0.0 || DIST, DIST_START_T: 0.0, DIST_END_T: 0.0 || LOAD, LOAD_START_T: 1765434538.1059053, LOAD_END_T: 1765434544.8130975 || MSG_MTo, MSG_MTo_START_T: 0.0, MSG_MTo_END_T: 0.0
Loaded FEMNIST test split partition_id=61 with 356 samples
Wall-clock time: 1765434698.0054371 ||Test loss: 1.7958 || Test accuracy: 0.5478 || CPU time: 7.1946 || CPU utilization: 0.0824 || R#446's duration (s): 87.3071 || Cumulative runtime (s): 32194.3509 || Loading data delay (s): 6.6947 || Eval delay (s): 0.5303 || Agg delay (s): 0.0000 || Coordination delay (s): 0.0000 || DIST task delay: 0.0000 || RECV task delay: 0.0000 || Queueing delay: 0.0000 || MSG (from mid) Ave. delay: 0.0000 || Total cache delay: 0.0000 || Ave. cache delay: 0.0000
[R#446] CUMULATIVE_RUNTIME_SEC=32194.3509
Top Aggregator Timestamps: CACHE, CACHE_START_T: 0.0, CACHE_END_T: 0.0 || AGG, AGG_START_T: 0.0, AGG_END_T: 0.0 || EVAL, EVAL_START_T: 1765434697.47516, EVAL_END_T: 1765434698.0054133 || RECV, RECV_START_T: 0.0, RECV_END_T: 0.0 || DIST, DIST_START_T: 0.0, DIST_END_T: 0.0 || LOAD, LOAD_START_T: 1765434610.7014, LOAD_END_T: 1765434617.396117 || MSG_MTo, MSG_MTo_START_T: 0.0, MSG_MTo_END_T: 0.0
Loaded FEMNIST test split partition_id=50 with 313 samples
Wall-clock time: 1765434768.843026 ||Test loss: 0.3972 || Test accuracy: 0.9042 || CPU time: 6.7548 || CPU utilization: 0.0954 || R#447's duration (s): 70.8376 || Cumulative runtime (s): 32265.1885 || Loading data delay (s): 6.4627 || Eval delay (s): 0.5075 || Agg delay (s): 0.0000 || Coordination delay (s): 0.0000 || DIST task delay: 0.0000 || RECV task delay: 0.0000 || Queueing delay: 0.0000 || MSG (from mid) Ave. delay: 0.0000 || Total cache delay: 0.0000 || Ave. cache delay: 0.0000
[R#447] CUMULATIVE_RUNTIME_SEC=32265.1885
Top Aggregator Timestamps: CACHE, CACHE_START_T: 0.0, CACHE_END_T: 0.0 || AGG, AGG_START_T: 0.0, AGG_END_T: 0.0 || EVAL, EVAL_START_T: 1765434768.3355446, EVAL_END_T: 1765434768.8430026 || RECV, RECV_START_T: 0.0, RECV_END_T: 0.0 || DIST, DIST_START_T: 0.0, DIST_END_T: 0.0 || LOAD, LOAD_START_T: 1765434698.00864, LOAD_END_T: 1765434704.4713657 || MSG_MTo, MSG_MTo_START_T: 0.0, MSG_MTo_END_T: 0.0
Loaded FEMNIST test split partition_id=40 with 375 samples
Wall-clock time: 1765434849.8885345 ||Test loss: 0.5230 || Test accuracy: 0.8320 || CPU time: 7.7649 || CPU utilization: 0.0958 || R#448's duration (s): 81.0455 || Cumulative runtime (s): 32346.2340 || Loading data delay (s): 6.7902 || Eval delay (s): 0.5753 || Agg delay (s): 0.0000 || Coordination delay (s): 0.0000 || DIST task delay: 0.0000 || RECV task delay: 0.0000 || Queueing delay: 0.0000 || MSG (from mid) Ave. delay: 0.0000 || Total cache delay: 0.0000 || Ave. cache delay: 0.0000
[R#448] CUMULATIVE_RUNTIME_SEC=32346.2340
Top Aggregator Timestamps: CACHE, CACHE_START_T: 0.0, CACHE_END_T: 0.0 || AGG, AGG_START_T: 0.0, AGG_END_T: 0.0 || EVAL, EVAL_START_T: 1765434849.3131928, EVAL_END_T: 1765434849.8885071 || RECV, RECV_START_T: 0.0, RECV_END_T: 0.0 || DIST, DIST_START_T: 0.0, DIST_END_T: 0.0 || LOAD, LOAD_START_T: 1765434768.8462453, LOAD_END_T: 1765434775.6364582 || MSG_MTo, MSG_MTo_START_T: 0.0, MSG_MTo_END_T: 0.0
Loaded FEMNIST test split partition_id=20 with 371 samples
Wall-clock time: 1765434909.301891 ||Test loss: 0.3281 || Test accuracy: 0.8949 || CPU time: 7.7038 || CPU utilization: 0.1297 || R#449's duration (s): 59.4134 || Cumulative runtime (s): 32405.6474 || Loading data delay (s): 6.8437 || Eval delay (s): 0.5659 || Agg delay (s): 0.0000 || Coordination delay (s): 0.0000 || DIST task delay: 0.0000 || RECV task delay: 0.0000 || Queueing delay: 0.0000 || MSG (from mid) Ave. delay: 0.0000 || Total cache delay: 0.0000 || Ave. cache delay: 0.0000
[R#449] CUMULATIVE_RUNTIME_SEC=32405.6474
Top Aggregator Timestamps: CACHE, CACHE_START_T: 0.0, CACHE_END_T: 0.0 || AGG, AGG_START_T: 0.0, AGG_END_T: 0.0 || EVAL, EVAL_START_T: 1765434908.7360058, EVAL_END_T: 1765434909.3018644 || RECV, RECV_START_T: 0.0, RECV_END_T: 0.0 || DIST, DIST_START_T: 0.0, DIST_END_T: 0.0 || LOAD, LOAD_START_T: 1765434849.8919177, LOAD_END_T: 1765434856.7355907 || MSG_MTo, MSG_MTo_START_T: 0.0, MSG_MTo_END_T: 0.0
Loaded FEMNIST test split partition_id=1 with 413 samples
Wall-clock time: 1765434980.8971133 ||Test loss: 0.3887 || Test accuracy: 0.8692 || CPU time: 8.1439 || CPU utilization: 0.1137 || R#450's duration (s): 71.5952 || Cumulative runtime (s): 32477.2426 || Loading data delay (s): 6.5194 || Eval delay (s): 0.6073 || Agg delay (s): 0.0000 || Coordination delay (s): 0.0000 || DIST task delay: 0.0000 || RECV task delay: 0.0000 || Queueing delay: 0.0000 || MSG (from mid) Ave. delay: 0.0000 || Total cache delay: 0.0000 || Ave. cache delay: 0.0000
[R#450] CUMULATIVE_RUNTIME_SEC=32477.2426
Top Aggregator Timestamps: CACHE, CACHE_START_T: 0.0, CACHE_END_T: 0.0 || AGG, AGG_START_T: 0.0, AGG_END_T: 0.0 || EVAL, EVAL_START_T: 1765434980.2897916, EVAL_END_T: 1765434980.8970883 || RECV, RECV_START_T: 0.0, RECV_END_T: 0.0 || DIST, DIST_START_T: 0.0, DIST_END_T: 0.0 || LOAD, LOAD_START_T: 1765434909.3046937, LOAD_END_T: 1765434915.824069 || MSG_MTo, MSG_MTo_START_T: 0.0, MSG_MTo_END_T: 0.0
Loaded FEMNIST test split partition_id=9 with 377 samples
Wall-clock time: 1765435050.6756058 ||Test loss: 0.8231 || Test accuracy: 0.7560 || CPU time: 7.9204 || CPU utilization: 0.1135 || R#451's duration (s): 69.7785 || Cumulative runtime (s): 32547.0211 || Loading data delay (s): 6.6615 || Eval delay (s): 0.5891 || Agg delay (s): 0.0000 || Coordination delay (s): 0.0000 || DIST task delay: 0.0000 || RECV task delay: 0.0000 || Queueing delay: 0.0000 || MSG (from mid) Ave. delay: 0.0000 || Total cache delay: 0.0000 || Ave. cache delay: 0.0000
[R#451] CUMULATIVE_RUNTIME_SEC=32547.0211
Top Aggregator Timestamps: CACHE, CACHE_START_T: 0.0, CACHE_END_T: 0.0 || AGG, AGG_START_T: 0.0, AGG_END_T: 0.0 || EVAL, EVAL_START_T: 1765435050.0865219, EVAL_END_T: 1765435050.6755805 || RECV, RECV_START_T: 0.0, RECV_END_T: 0.0 || DIST, DIST_START_T: 0.0, DIST_END_T: 0.0 || LOAD, LOAD_START_T: 1765434980.9003105, LOAD_END_T: 1765434987.5618248 || MSG_MTo, MSG_MTo_START_T: 0.0, MSG_MTo_END_T: 0.0
Loaded FEMNIST test split partition_id=56 with 343 samples
Wall-clock time: 1765435125.3788207 ||Test loss: 0.4831 || Test accuracy: 0.8484 || CPU time: 7.3724 || CPU utilization: 0.0987 || R#452's duration (s): 74.7032 || Cumulative runtime (s): 32621.7243 || Loading data delay (s): 6.3951 || Eval delay (s): 0.5467 || Agg delay (s): 0.0000 || Coordination delay (s): 0.0000 || DIST task delay: 0.0000 || RECV task delay: 0.0000 || Queueing delay: 0.0000 || MSG (from mid) Ave. delay: 0.0000 || Total cache delay: 0.0000 || Ave. cache delay: 0.0000
[R#452] CUMULATIVE_RUNTIME_SEC=32621.7243
Top Aggregator Timestamps: CACHE, CACHE_START_T: 0.0, CACHE_END_T: 0.0 || AGG, AGG_START_T: 0.0, AGG_END_T: 0.0 || EVAL, EVAL_START_T: 1765435124.8320587, EVAL_END_T: 1765435125.3787978 || RECV, RECV_START_T: 0.0, RECV_END_T: 0.0 || DIST, DIST_START_T: 0.0, DIST_END_T: 0.0 || LOAD, LOAD_START_T: 1765435050.6787107, LOAD_END_T: 1765435057.0738478 || MSG_MTo, MSG_MTo_START_T: 0.0, MSG_MTo_END_T: 0.0
Loaded FEMNIST test split partition_id=40 with 375 samples
Wall-clock time: 1765435196.4598339 ||Test loss: 0.5915 || Test accuracy: 0.8293 || CPU time: 8.8671 || CPU utilization: 0.1247 || R#453's duration (s): 71.0810 || Cumulative runtime (s): 32692.8053 || Loading data delay (s): 6.6424 || Eval delay (s): 0.6922 || Agg delay (s): 0.0000 || Coordination delay (s): 0.0000 || DIST task delay: 0.0000 || RECV task delay: 0.0000 || Queueing delay: 0.0000 || MSG (from mid) Ave. delay: 0.0000 || Total cache delay: 0.0000 || Ave. cache delay: 0.0000
[R#453] CUMULATIVE_RUNTIME_SEC=32692.8053
Top Aggregator Timestamps: CACHE, CACHE_START_T: 0.0, CACHE_END_T: 0.0 || AGG, AGG_START_T: 0.0, AGG_END_T: 0.0 || EVAL, EVAL_START_T: 1765435195.7676442, EVAL_END_T: 1765435196.4598072 || RECV, RECV_START_T: 0.0, RECV_END_T: 0.0 || DIST, DIST_START_T: 0.0, DIST_END_T: 0.0 || LOAD, LOAD_START_T: 1765435125.3824432, LOAD_END_T: 1765435132.0248222 || MSG_MTo, MSG_MTo_START_T: 0.0, MSG_MTo_END_T: 0.0
Loaded FEMNIST test split partition_id=38 with 347 samples
Wall-clock time: 1765435274.6346104 ||Test loss: 0.4757 || Test accuracy: 0.8761 || CPU time: 7.1873 || CPU utilization: 0.0919 || R#454's duration (s): 78.1748 || Cumulative runtime (s): 32770.9801 || Loading data delay (s): 7.2432 || Eval delay (s): 0.5361 || Agg delay (s): 0.0000 || Coordination delay (s): 0.0000 || DIST task delay: 0.0000 || RECV task delay: 0.0000 || Queueing delay: 0.0000 || MSG (from mid) Ave. delay: 0.0000 || Total cache delay: 0.0000 || Ave. cache delay: 0.0000
[R#454] CUMULATIVE_RUNTIME_SEC=32770.9801
Top Aggregator Timestamps: CACHE, CACHE_START_T: 0.0, CACHE_END_T: 0.0 || AGG, AGG_START_T: 0.0, AGG_END_T: 0.0 || EVAL, EVAL_START_T: 1765435274.0984871, EVAL_END_T: 1765435274.6345804 || RECV, RECV_START_T: 0.0, RECV_END_T: 0.0 || DIST, DIST_START_T: 0.0, DIST_END_T: 0.0 || LOAD, LOAD_START_T: 1765435196.4637752, LOAD_END_T: 1765435203.7069433 || MSG_MTo, MSG_MTo_START_T: 0.0, MSG_MTo_END_T: 0.0
Loaded FEMNIST test split partition_id=61 with 356 samples
Wall-clock time: 1765435364.8448293 ||Test loss: 1.7150 || Test accuracy: 0.5871 || CPU time: 7.3142 || CPU utilization: 0.0811 || R#455's duration (s): 90.2102 || Cumulative runtime (s): 32861.1903 || Loading data delay (s): 6.6680 || Eval delay (s): 0.5463 || Agg delay (s): 0.0000 || Coordination delay (s): 0.0000 || DIST task delay: 0.0000 || RECV task delay: 0.0000 || Queueing delay: 0.0000 || MSG (from mid) Ave. delay: 0.0000 || Total cache delay: 0.0000 || Ave. cache delay: 0.0000
[R#455] CUMULATIVE_RUNTIME_SEC=32861.1903
Top Aggregator Timestamps: CACHE, CACHE_START_T: 0.0, CACHE_END_T: 0.0 || AGG, AGG_START_T: 0.0, AGG_END_T: 0.0 || EVAL, EVAL_START_T: 1765435364.2985327, EVAL_END_T: 1765435364.8448045 || RECV, RECV_START_T: 0.0, RECV_END_T: 0.0 || DIST, DIST_START_T: 0.0, DIST_END_T: 0.0 || LOAD, LOAD_START_T: 1765435274.6380873, LOAD_END_T: 1765435281.3061244 || MSG_MTo, MSG_MTo_START_T: 0.0, MSG_MTo_END_T: 0.0
Loaded FEMNIST test split partition_id=3 with 397 samples
Wall-clock time: 1765435441.8164666 ||Test loss: 0.3382 || Test accuracy: 0.9219 || CPU time: 7.9718 || CPU utilization: 0.1036 || R#456's duration (s): 76.9716 || Cumulative runtime (s): 32938.1620 || Loading data delay (s): 6.7462 || Eval delay (s): 0.5955 || Agg delay (s): 0.0000 || Coordination delay (s): 0.0000 || DIST task delay: 0.0000 || RECV task delay: 0.0000 || Queueing delay: 0.0000 || MSG (from mid) Ave. delay: 0.0000 || Total cache delay: 0.0000 || Ave. cache delay: 0.0000
[R#456] CUMULATIVE_RUNTIME_SEC=32938.1620
Top Aggregator Timestamps: CACHE, CACHE_START_T: 0.0, CACHE_END_T: 0.0 || AGG, AGG_START_T: 0.0, AGG_END_T: 0.0 || EVAL, EVAL_START_T: 1765435441.220904, EVAL_END_T: 1765435441.8164449 || RECV, RECV_START_T: 0.0, RECV_END_T: 0.0 || DIST, DIST_START_T: 0.0, DIST_END_T: 0.0 || LOAD, LOAD_START_T: 1765435364.8481576, LOAD_END_T: 1765435371.594394 || MSG_MTo, MSG_MTo_START_T: 0.0, MSG_MTo_END_T: 0.0
Loaded FEMNIST test split partition_id=56 with 343 samples
Wall-clock time: 1765435521.383936 ||Test loss: 0.4826 || Test accuracy: 0.8455 || CPU time: 7.0944 || CPU utilization: 0.0892 || R#457's duration (s): 79.5675 || Cumulative runtime (s): 33017.7294 || Loading data delay (s): 6.5498 || Eval delay (s): 0.5230 || Agg delay (s): 0.0000 || Coordination delay (s): 0.0000 || DIST task delay: 0.0000 || RECV task delay: 0.0000 || Queueing delay: 0.0000 || MSG (from mid) Ave. delay: 0.0000 || Total cache delay: 0.0000 || Ave. cache delay: 0.0000
[R#457] CUMULATIVE_RUNTIME_SEC=33017.7294
Top Aggregator Timestamps: CACHE, CACHE_START_T: 0.0, CACHE_END_T: 0.0 || AGG, AGG_START_T: 0.0, AGG_END_T: 0.0 || EVAL, EVAL_START_T: 1765435520.8608813, EVAL_END_T: 1765435521.383907 || RECV, RECV_START_T: 0.0, RECV_END_T: 0.0 || DIST, DIST_START_T: 0.0, DIST_END_T: 0.0 || LOAD, LOAD_START_T: 1765435441.8197656, LOAD_END_T: 1765435448.369542 || MSG_MTo, MSG_MTo_START_T: 0.0, MSG_MTo_END_T: 0.0
Loaded FEMNIST test split partition_id=5 with 351 samples
Wall-clock time: 1765435584.9037695 ||Test loss: 0.6670 || Test accuracy: 0.8291 || CPU time: 6.8981 || CPU utilization: 0.1086 || R#458's duration (s): 63.5198 || Cumulative runtime (s): 33081.2493 || Loading data delay (s): 6.7015 || Eval delay (s): 0.5178 || Agg delay (s): 0.0000 || Coordination delay (s): 0.0000 || DIST task delay: 0.0000 || RECV task delay: 0.0000 || Queueing delay: 0.0000 || MSG (from mid) Ave. delay: 0.0000 || Total cache delay: 0.0000 || Ave. cache delay: 0.0000
[R#458] CUMULATIVE_RUNTIME_SEC=33081.2493
Top Aggregator Timestamps: CACHE, CACHE_START_T: 0.0, CACHE_END_T: 0.0 || AGG, AGG_START_T: 0.0, AGG_END_T: 0.0 || EVAL, EVAL_START_T: 1765435584.385984, EVAL_END_T: 1765435584.9037476 || RECV, RECV_START_T: 0.0, RECV_END_T: 0.0 || DIST, DIST_START_T: 0.0, DIST_END_T: 0.0 || LOAD, LOAD_START_T: 1765435521.388014, LOAD_END_T: 1765435528.089554 || MSG_MTo, MSG_MTo_START_T: 0.0, MSG_MTo_END_T: 0.0
Loaded FEMNIST test split partition_id=40 with 375 samples
Wall-clock time: 1765435660.0981295 ||Test loss: 0.5177 || Test accuracy: 0.8507 || CPU time: 7.7176 || CPU utilization: 0.1026 || R#459's duration (s): 75.1944 || Cumulative runtime (s): 33156.4436 || Loading data delay (s): 6.6750 || Eval delay (s): 0.5734 || Agg delay (s): 0.0000 || Coordination delay (s): 0.0000 || DIST task delay: 0.0000 || RECV task delay: 0.0000 || Queueing delay: 0.0000 || MSG (from mid) Ave. delay: 0.0000 || Total cache delay: 0.0000 || Ave. cache delay: 0.0000
[R#459] CUMULATIVE_RUNTIME_SEC=33156.4436
Top Aggregator Timestamps: CACHE, CACHE_START_T: 0.0, CACHE_END_T: 0.0 || AGG, AGG_START_T: 0.0, AGG_END_T: 0.0 || EVAL, EVAL_START_T: 1765435659.524708, EVAL_END_T: 1765435660.0980976 || RECV, RECV_START_T: 0.0, RECV_END_T: 0.0 || DIST, DIST_START_T: 0.0, DIST_END_T: 0.0 || LOAD, LOAD_START_T: 1765435584.9070373, LOAD_END_T: 1765435591.5820773 || MSG_MTo, MSG_MTo_START_T: 0.0, MSG_MTo_END_T: 0.0
Loaded FEMNIST test split partition_id=19 with 377 samples
Wall-clock time: 1765435725.1905885 ||Test loss: 0.4336 || Test accuracy: 0.8568 || CPU time: 7.9391 || CPU utilization: 0.1220 || R#460's duration (s): 65.0925 || Cumulative runtime (s): 33221.5361 || Loading data delay (s): 6.6473 || Eval delay (s): 0.6028 || Agg delay (s): 0.0000 || Coordination delay (s): 0.0000 || DIST task delay: 0.0000 || RECV task delay: 0.0000 || Queueing delay: 0.0000 || MSG (from mid) Ave. delay: 0.0000 || Total cache delay: 0.0000 || Ave. cache delay: 0.0000
[R#460] CUMULATIVE_RUNTIME_SEC=33221.5361
Top Aggregator Timestamps: CACHE, CACHE_START_T: 0.0, CACHE_END_T: 0.0 || AGG, AGG_START_T: 0.0, AGG_END_T: 0.0 || EVAL, EVAL_START_T: 1765435724.587734, EVAL_END_T: 1765435725.1905622 || RECV, RECV_START_T: 0.0, RECV_END_T: 0.0 || DIST, DIST_START_T: 0.0, DIST_END_T: 0.0 || LOAD, LOAD_START_T: 1765435660.1009963, LOAD_END_T: 1765435666.7482479 || MSG_MTo, MSG_MTo_START_T: 0.0, MSG_MTo_END_T: 0.0
Loaded FEMNIST test split partition_id=30 with 284 samples
Wall-clock time: 1765435804.6063664 ||Test loss: 0.3567 || Test accuracy: 0.8838 || CPU time: 5.8054 || CPU utilization: 0.0731 || R#461's duration (s): 79.4158 || Cumulative runtime (s): 33300.9519 || Loading data delay (s): 6.6586 || Eval delay (s): 0.4290 || Agg delay (s): 0.0000 || Coordination delay (s): 0.0000 || DIST task delay: 0.0000 || RECV task delay: 0.0000 || Queueing delay: 0.0000 || MSG (from mid) Ave. delay: 0.0000 || Total cache delay: 0.0000 || Ave. cache delay: 0.0000
[R#461] CUMULATIVE_RUNTIME_SEC=33300.9519
Top Aggregator Timestamps: CACHE, CACHE_START_T: 0.0, CACHE_END_T: 0.0 || AGG, AGG_START_T: 0.0, AGG_END_T: 0.0 || EVAL, EVAL_START_T: 1765435804.1773486, EVAL_END_T: 1765435804.6063435 || RECV, RECV_START_T: 0.0, RECV_END_T: 0.0 || DIST, DIST_START_T: 0.0, DIST_END_T: 0.0 || LOAD, LOAD_START_T: 1765435725.1937864, LOAD_END_T: 1765435731.8523834 || MSG_MTo, MSG_MTo_START_T: 0.0, MSG_MTo_END_T: 0.0
Loaded FEMNIST test split partition_id=62 with 390 samples
Wall-clock time: 1765435871.808653 ||Test loss: 0.5373 || Test accuracy: 0.8590 || CPU time: 7.8652 || CPU utilization: 0.1170 || R#462's duration (s): 67.2023 || Cumulative runtime (s): 33368.1541 || Loading data delay (s): 6.6185 || Eval delay (s): 0.5876 || Agg delay (s): 0.0000 || Coordination delay (s): 0.0000 || DIST task delay: 0.0000 || RECV task delay: 0.0000 || Queueing delay: 0.0000 || MSG (from mid) Ave. delay: 0.0000 || Total cache delay: 0.0000 || Ave. cache delay: 0.0000
[R#462] CUMULATIVE_RUNTIME_SEC=33368.1541
Top Aggregator Timestamps: CACHE, CACHE_START_T: 0.0, CACHE_END_T: 0.0 || AGG, AGG_START_T: 0.0, AGG_END_T: 0.0 || EVAL, EVAL_START_T: 1765435871.2210033, EVAL_END_T: 1765435871.8086262 || RECV, RECV_START_T: 0.0, RECV_END_T: 0.0 || DIST, DIST_START_T: 0.0, DIST_END_T: 0.0 || LOAD, LOAD_START_T: 1765435804.6095753, LOAD_END_T: 1765435811.2280383 || MSG_MTo, MSG_MTo_START_T: 0.0, MSG_MTo_END_T: 0.0
Loaded FEMNIST test split partition_id=12 with 308 samples
Wall-clock time: 1765435959.6604478 ||Test loss: 0.6065 || Test accuracy: 0.8312 || CPU time: 6.5443 || CPU utilization: 0.0745 || R#463's duration (s): 87.8518 || Cumulative runtime (s): 33456.0059 || Loading data delay (s): 6.8485 || Eval delay (s): 0.4801 || Agg delay (s): 0.0000 || Coordination delay (s): 0.0000 || DIST task delay: 0.0000 || RECV task delay: 0.0000 || Queueing delay: 0.0000 || MSG (from mid) Ave. delay: 0.0000 || Total cache delay: 0.0000 || Ave. cache delay: 0.0000
[R#463] CUMULATIVE_RUNTIME_SEC=33456.0059
Top Aggregator Timestamps: CACHE, CACHE_START_T: 0.0, CACHE_END_T: 0.0 || AGG, AGG_START_T: 0.0, AGG_END_T: 0.0 || EVAL, EVAL_START_T: 1765435959.1803057, EVAL_END_T: 1765435959.6604202 || RECV, RECV_START_T: 0.0, RECV_END_T: 0.0 || DIST, DIST_START_T: 0.0, DIST_END_T: 0.0 || LOAD, LOAD_START_T: 1765435871.8115842, LOAD_END_T: 1765435878.6601033 || MSG_MTo, MSG_MTo_START_T: 0.0, MSG_MTo_END_T: 0.0
Loaded FEMNIST test split partition_id=22 with 334 samples
Wall-clock time: 1765436026.1539767 ||Test loss: 0.9692 || Test accuracy: 0.7455 || CPU time: 6.8938 || CPU utilization: 0.1037 || R#464's duration (s): 66.4935 || Cumulative runtime (s): 33522.4995 || Loading data delay (s): 6.7654 || Eval delay (s): 0.5197 || Agg delay (s): 0.0000 || Coordination delay (s): 0.0000 || DIST task delay: 0.0000 || RECV task delay: 0.0000 || Queueing delay: 0.0000 || MSG (from mid) Ave. delay: 0.0000 || Total cache delay: 0.0000 || Ave. cache delay: 0.0000
[R#464] CUMULATIVE_RUNTIME_SEC=33522.4995
Top Aggregator Timestamps: CACHE, CACHE_START_T: 0.0, CACHE_END_T: 0.0 || AGG, AGG_START_T: 0.0, AGG_END_T: 0.0 || EVAL, EVAL_START_T: 1765436025.6342318, EVAL_END_T: 1765436026.1539497 || RECV, RECV_START_T: 0.0, RECV_END_T: 0.0 || DIST, DIST_START_T: 0.0, DIST_END_T: 0.0 || LOAD, LOAD_START_T: 1765435959.6637802, LOAD_END_T: 1765435966.4291413 || MSG_MTo, MSG_MTo_START_T: 0.0, MSG_MTo_END_T: 0.0
Loaded FEMNIST test split partition_id=31 with 407 samples
Wall-clock time: 1765436101.4555006 ||Test loss: 0.4609 || Test accuracy: 0.8600 || CPU time: 8.0949 || CPU utilization: 0.1075 || R#465's duration (s): 75.3015 || Cumulative runtime (s): 33597.8010 || Loading data delay (s): 6.6235 || Eval delay (s): 0.6032 || Agg delay (s): 0.0000 || Coordination delay (s): 0.0000 || DIST task delay: 0.0000 || RECV task delay: 0.0000 || Queueing delay: 0.0000 || MSG (from mid) Ave. delay: 0.0000 || Total cache delay: 0.0000 || Ave. cache delay: 0.0000
[R#465] CUMULATIVE_RUNTIME_SEC=33597.8010
Top Aggregator Timestamps: CACHE, CACHE_START_T: 0.0, CACHE_END_T: 0.0 || AGG, AGG_START_T: 0.0, AGG_END_T: 0.0 || EVAL, EVAL_START_T: 1765436100.852254, EVAL_END_T: 1765436101.4554768 || RECV, RECV_START_T: 0.0, RECV_END_T: 0.0 || DIST, DIST_START_T: 0.0, DIST_END_T: 0.0 || LOAD, LOAD_START_T: 1765436026.1572545, LOAD_END_T: 1765436032.7807558 || MSG_MTo, MSG_MTo_START_T: 0.0, MSG_MTo_END_T: 0.0
Loaded FEMNIST test split partition_id=15 with 370 samples
Wall-clock time: 1765436171.471331 ||Test loss: 0.4293 || Test accuracy: 0.8486 || CPU time: 7.6918 || CPU utilization: 0.1099 || R#466's duration (s): 70.0158 || Cumulative runtime (s): 33667.8168 || Loading data delay (s): 6.6439 || Eval delay (s): 0.5693 || Agg delay (s): 0.0000 || Coordination delay (s): 0.0000 || DIST task delay: 0.0000 || RECV task delay: 0.0000 || Queueing delay: 0.0000 || MSG (from mid) Ave. delay: 0.0000 || Total cache delay: 0.0000 || Ave. cache delay: 0.0000
[R#466] CUMULATIVE_RUNTIME_SEC=33667.8168
Top Aggregator Timestamps: CACHE, CACHE_START_T: 0.0, CACHE_END_T: 0.0 || AGG, AGG_START_T: 0.0, AGG_END_T: 0.0 || EVAL, EVAL_START_T: 1765436170.9020133, EVAL_END_T: 1765436171.4713006 || RECV, RECV_START_T: 0.0, RECV_END_T: 0.0 || DIST, DIST_START_T: 0.0, DIST_END_T: 0.0 || LOAD, LOAD_START_T: 1765436101.458708, LOAD_END_T: 1765436108.1026266 || MSG_MTo, MSG_MTo_START_T: 0.0, MSG_MTo_END_T: 0.0
Loaded FEMNIST test split partition_id=4 with 315 samples
Wall-clock time: 1765436233.691788 ||Test loss: 0.7122 || Test accuracy: 0.8254 || CPU time: 6.3493 || CPU utilization: 0.1020 || R#467's duration (s): 62.2205 || Cumulative runtime (s): 33730.0373 || Loading data delay (s): 6.5178 || Eval delay (s): 0.4737 || Agg delay (s): 0.0000 || Coordination delay (s): 0.0000 || DIST task delay: 0.0000 || RECV task delay: 0.0000 || Queueing delay: 0.0000 || MSG (from mid) Ave. delay: 0.0000 || Total cache delay: 0.0000 || Ave. cache delay: 0.0000
[R#467] CUMULATIVE_RUNTIME_SEC=33730.0373
Top Aggregator Timestamps: CACHE, CACHE_START_T: 0.0, CACHE_END_T: 0.0 || AGG, AGG_START_T: 0.0, AGG_END_T: 0.0 || EVAL, EVAL_START_T: 1765436233.2180507, EVAL_END_T: 1765436233.6917646 || RECV, RECV_START_T: 0.0, RECV_END_T: 0.0 || DIST, DIST_START_T: 0.0, DIST_END_T: 0.0 || LOAD, LOAD_START_T: 1765436171.4742928, LOAD_END_T: 1765436177.992095 || MSG_MTo, MSG_MTo_START_T: 0.0, MSG_MTo_END_T: 0.0
Loaded FEMNIST test split partition_id=8 with 418 samples
Wall-clock time: 1765436298.9431913 ||Test loss: 0.2262 || Test accuracy: 0.9187 || CPU time: 9.3290 || CPU utilization: 0.1430 || R#468's duration (s): 65.2514 || Cumulative runtime (s): 33795.2887 || Loading data delay (s): 6.9167 || Eval delay (s): 0.6988 || Agg delay (s): 0.0000 || Coordination delay (s): 0.0000 || DIST task delay: 0.0000 || RECV task delay: 0.0000 || Queueing delay: 0.0000 || MSG (from mid) Ave. delay: 0.0000 || Total cache delay: 0.0000 || Ave. cache delay: 0.0000
[R#468] CUMULATIVE_RUNTIME_SEC=33795.2887
Top Aggregator Timestamps: CACHE, CACHE_START_T: 0.0, CACHE_END_T: 0.0 || AGG, AGG_START_T: 0.0, AGG_END_T: 0.0 || EVAL, EVAL_START_T: 1765436298.244398, EVAL_END_T: 1765436298.943162 || RECV, RECV_START_T: 0.0, RECV_END_T: 0.0 || DIST, DIST_START_T: 0.0, DIST_END_T: 0.0 || LOAD, LOAD_START_T: 1765436233.6949449, LOAD_END_T: 1765436240.6116045 || MSG_MTo, MSG_MTo_START_T: 0.0, MSG_MTo_END_T: 0.0
Loaded FEMNIST test split partition_id=51 with 396 samples
Wall-clock time: 1765436371.751134 ||Test loss: 0.3355 || Test accuracy: 0.8990 || CPU time: 8.4478 || CPU utilization: 0.1160 || R#469's duration (s): 72.8079 || Cumulative runtime (s): 33868.0966 || Loading data delay (s): 7.0391 || Eval delay (s): 0.6251 || Agg delay (s): 0.0000 || Coordination delay (s): 0.0000 || DIST task delay: 0.0000 || RECV task delay: 0.0000 || Queueing delay: 0.0000 || MSG (from mid) Ave. delay: 0.0000 || Total cache delay: 0.0000 || Ave. cache delay: 0.0000
[R#469] CUMULATIVE_RUNTIME_SEC=33868.0966
Top Aggregator Timestamps: CACHE, CACHE_START_T: 0.0, CACHE_END_T: 0.0 || AGG, AGG_START_T: 0.0, AGG_END_T: 0.0 || EVAL, EVAL_START_T: 1765436371.126056, EVAL_END_T: 1765436371.7511098 || RECV, RECV_START_T: 0.0, RECV_END_T: 0.0 || DIST, DIST_START_T: 0.0, DIST_END_T: 0.0 || LOAD, LOAD_START_T: 1765436298.9467106, LOAD_END_T: 1765436305.985836 || MSG_MTo, MSG_MTo_START_T: 0.0, MSG_MTo_END_T: 0.0
Loaded FEMNIST test split partition_id=59 with 361 samples
Wall-clock time: 1765436458.2604022 ||Test loss: 0.5743 || Test accuracy: 0.8449 || CPU time: 7.3999 || CPU utilization: 0.0855 || R#470's duration (s): 86.5093 || Cumulative runtime (s): 33954.6059 || Loading data delay (s): 6.7361 || Eval delay (s): 0.5493 || Agg delay (s): 0.0000 || Coordination delay (s): 0.0000 || DIST task delay: 0.0000 || RECV task delay: 0.0000 || Queueing delay: 0.0000 || MSG (from mid) Ave. delay: 0.0000 || Total cache delay: 0.0000 || Ave. cache delay: 0.0000
[R#470] CUMULATIVE_RUNTIME_SEC=33954.6059
Top Aggregator Timestamps: CACHE, CACHE_START_T: 0.0, CACHE_END_T: 0.0 || AGG, AGG_START_T: 0.0, AGG_END_T: 0.0 || EVAL, EVAL_START_T: 1765436457.7110603, EVAL_END_T: 1765436458.2603738 || RECV, RECV_START_T: 0.0, RECV_END_T: 0.0 || DIST, DIST_START_T: 0.0, DIST_END_T: 0.0 || LOAD, LOAD_START_T: 1765436371.7545092, LOAD_END_T: 1765436378.4905672 || MSG_MTo, MSG_MTo_START_T: 0.0, MSG_MTo_END_T: 0.0
Loaded FEMNIST test split partition_id=17 with 424 samples
Wall-clock time: 1765436536.3929338 ||Test loss: 0.3703 || Test accuracy: 0.8844 || CPU time: 8.5800 || CPU utilization: 0.1098 || R#471's duration (s): 78.1325 || Cumulative runtime (s): 34032.7384 || Loading data delay (s): 6.7314 || Eval delay (s): 0.6439 || Agg delay (s): 0.0000 || Coordination delay (s): 0.0000 || DIST task delay: 0.0000 || RECV task delay: 0.0000 || Queueing delay: 0.0000 || MSG (from mid) Ave. delay: 0.0000 || Total cache delay: 0.0000 || Ave. cache delay: 0.0000
[R#471] CUMULATIVE_RUNTIME_SEC=34032.7384
Top Aggregator Timestamps: CACHE, CACHE_START_T: 0.0, CACHE_END_T: 0.0 || AGG, AGG_START_T: 0.0, AGG_END_T: 0.0 || EVAL, EVAL_START_T: 1765436535.749016, EVAL_END_T: 1765436536.3928869 || RECV, RECV_START_T: 0.0, RECV_END_T: 0.0 || DIST, DIST_START_T: 0.0, DIST_END_T: 0.0 || LOAD, LOAD_START_T: 1765436458.263549, LOAD_END_T: 1765436464.9949405 || MSG_MTo, MSG_MTo_START_T: 0.0, MSG_MTo_END_T: 0.0
Loaded FEMNIST test split partition_id=66 with 428 samples
Wall-clock time: 1765436628.2045586 ||Test loss: 0.6527 || Test accuracy: 0.7991 || CPU time: 8.3634 || CPU utilization: 0.0911 || R#472's duration (s): 91.8116 || Cumulative runtime (s): 34124.5500 || Loading data delay (s): 6.3910 || Eval delay (s): 0.6303 || Agg delay (s): 0.0000 || Coordination delay (s): 0.0000 || DIST task delay: 0.0000 || RECV task delay: 0.0000 || Queueing delay: 0.0000 || MSG (from mid) Ave. delay: 0.0000 || Total cache delay: 0.0000 || Ave. cache delay: 0.0000
[R#472] CUMULATIVE_RUNTIME_SEC=34124.5500
Top Aggregator Timestamps: CACHE, CACHE_START_T: 0.0, CACHE_END_T: 0.0 || AGG, AGG_START_T: 0.0, AGG_END_T: 0.0 || EVAL, EVAL_START_T: 1765436627.5742433, EVAL_END_T: 1765436628.2045317 || RECV, RECV_START_T: 0.0, RECV_END_T: 0.0 || DIST, DIST_START_T: 0.0, DIST_END_T: 0.0 || LOAD, LOAD_START_T: 1765436536.3961527, LOAD_END_T: 1765436542.78717 || MSG_MTo, MSG_MTo_START_T: 0.0, MSG_MTo_END_T: 0.0
Loaded FEMNIST test split partition_id=7 with 375 samples
Wall-clock time: 1765436691.9890165 ||Test loss: 0.7082 || Test accuracy: 0.7680 || CPU time: 8.3040 || CPU utilization: 0.1302 || R#473's duration (s): 63.7845 || Cumulative runtime (s): 34188.3345 || Loading data delay (s): 6.8737 || Eval delay (s): 0.6226 || Agg delay (s): 0.0000 || Coordination delay (s): 0.0000 || DIST task delay: 0.0000 || RECV task delay: 0.0000 || Queueing delay: 0.0000 || MSG (from mid) Ave. delay: 0.0000 || Total cache delay: 0.0000 || Ave. cache delay: 0.0000
[R#473] CUMULATIVE_RUNTIME_SEC=34188.3345
Top Aggregator Timestamps: CACHE, CACHE_START_T: 0.0, CACHE_END_T: 0.0 || AGG, AGG_START_T: 0.0, AGG_END_T: 0.0 || EVAL, EVAL_START_T: 1765436691.3663547, EVAL_END_T: 1765436691.9889925 || RECV, RECV_START_T: 0.0, RECV_END_T: 0.0 || DIST, DIST_START_T: 0.0, DIST_END_T: 0.0 || LOAD, LOAD_START_T: 1765436628.2075336, LOAD_END_T: 1765436635.0812075 || MSG_MTo, MSG_MTo_START_T: 0.0, MSG_MTo_END_T: 0.0
Loaded FEMNIST test split partition_id=52 with 218 samples
Wall-clock time: 1765436765.4441133 ||Test loss: 0.5060 || Test accuracy: 0.8532 || CPU time: 5.0003 || CPU utilization: 0.0681 || R#474's duration (s): 73.4551 || Cumulative runtime (s): 34261.7896 || Loading data delay (s): 6.5973 || Eval delay (s): 0.3749 || Agg delay (s): 0.0000 || Coordination delay (s): 0.0000 || DIST task delay: 0.0000 || RECV task delay: 0.0000 || Queueing delay: 0.0000 || MSG (from mid) Ave. delay: 0.0000 || Total cache delay: 0.0000 || Ave. cache delay: 0.0000
[R#474] CUMULATIVE_RUNTIME_SEC=34261.7896
Top Aggregator Timestamps: CACHE, CACHE_START_T: 0.0, CACHE_END_T: 0.0 || AGG, AGG_START_T: 0.0, AGG_END_T: 0.0 || EVAL, EVAL_START_T: 1765436765.069205, EVAL_END_T: 1765436765.4440892 || RECV, RECV_START_T: 0.0, RECV_END_T: 0.0 || DIST, DIST_START_T: 0.0, DIST_END_T: 0.0 || LOAD, LOAD_START_T: 1765436691.9924603, LOAD_END_T: 1765436698.5897822 || MSG_MTo, MSG_MTo_START_T: 0.0, MSG_MTo_END_T: 0.0
Loaded FEMNIST test split partition_id=61 with 356 samples
Wall-clock time: 1765436837.5940785 ||Test loss: 1.7056 || Test accuracy: 0.5787 || CPU time: 7.2641 || CPU utilization: 0.1007 || R#475's duration (s): 72.1500 || Cumulative runtime (s): 34333.9396 || Loading data delay (s): 6.7282 || Eval delay (s): 0.5387 || Agg delay (s): 0.0000 || Coordination delay (s): 0.0000 || DIST task delay: 0.0000 || RECV task delay: 0.0000 || Queueing delay: 0.0000 || MSG (from mid) Ave. delay: 0.0000 || Total cache delay: 0.0000 || Ave. cache delay: 0.0000
[R#475] CUMULATIVE_RUNTIME_SEC=34333.9396
Top Aggregator Timestamps: CACHE, CACHE_START_T: 0.0, CACHE_END_T: 0.0 || AGG, AGG_START_T: 0.0, AGG_END_T: 0.0 || EVAL, EVAL_START_T: 1765436837.0554008, EVAL_END_T: 1765436837.594056 || RECV, RECV_START_T: 0.0, RECV_END_T: 0.0 || DIST, DIST_START_T: 0.0, DIST_END_T: 0.0 || LOAD, LOAD_START_T: 1765436765.4475276, LOAD_END_T: 1765436772.1757321 || MSG_MTo, MSG_MTo_START_T: 0.0, MSG_MTo_END_T: 0.0
Loaded FEMNIST test split partition_id=65 with 379 samples
Wall-clock time: 1765436925.3878067 ||Test loss: 0.2181 || Test accuracy: 0.9103 || CPU time: 7.5953 || CPU utilization: 0.0865 || R#476's duration (s): 87.7937 || Cumulative runtime (s): 34421.7333 || Loading data delay (s): 6.9505 || Eval delay (s): 0.5679 || Agg delay (s): 0.0000 || Coordination delay (s): 0.0000 || DIST task delay: 0.0000 || RECV task delay: 0.0000 || Queueing delay: 0.0000 || MSG (from mid) Ave. delay: 0.0000 || Total cache delay: 0.0000 || Ave. cache delay: 0.0000
[R#476] CUMULATIVE_RUNTIME_SEC=34421.7333
Top Aggregator Timestamps: CACHE, CACHE_START_T: 0.0, CACHE_END_T: 0.0 || AGG, AGG_START_T: 0.0, AGG_END_T: 0.0 || EVAL, EVAL_START_T: 1765436924.8199143, EVAL_END_T: 1765436925.3877826 || RECV, RECV_START_T: 0.0, RECV_END_T: 0.0 || DIST, DIST_START_T: 0.0, DIST_END_T: 0.0 || LOAD, LOAD_START_T: 1765436837.5973465, LOAD_END_T: 1765436844.5478554 || MSG_MTo, MSG_MTo_START_T: 0.0, MSG_MTo_END_T: 0.0
Loaded FEMNIST test split partition_id=10 with 436 samples
Wall-clock time: 1765437014.3975205 ||Test loss: 0.2888 || Test accuracy: 0.9037 || CPU time: 8.8816 || CPU utilization: 0.0998 || R#477's duration (s): 89.0097 || Cumulative runtime (s): 34510.7430 || Loading data delay (s): 7.0424 || Eval delay (s): 0.6633 || Agg delay (s): 0.0000 || Coordination delay (s): 0.0000 || DIST task delay: 0.0000 || RECV task delay: 0.0000 || Queueing delay: 0.0000 || MSG (from mid) Ave. delay: 0.0000 || Total cache delay: 0.0000 || Ave. cache delay: 0.0000
[R#477] CUMULATIVE_RUNTIME_SEC=34510.7430
Top Aggregator Timestamps: CACHE, CACHE_START_T: 0.0, CACHE_END_T: 0.0 || AGG, AGG_START_T: 0.0, AGG_END_T: 0.0 || EVAL, EVAL_START_T: 1765437013.7341475, EVAL_END_T: 1765437014.3974888 || RECV, RECV_START_T: 0.0, RECV_END_T: 0.0 || DIST, DIST_START_T: 0.0, DIST_END_T: 0.0 || LOAD, LOAD_START_T: 1765436925.3909328, LOAD_END_T: 1765436932.433332 || MSG_MTo, MSG_MTo_START_T: 0.0, MSG_MTo_END_T: 0.0
Loaded FEMNIST test split partition_id=22 with 334 samples
Wall-clock time: 1765437098.204889 ||Test loss: 0.9903 || Test accuracy: 0.7036 || CPU time: 6.6445 || CPU utilization: 0.0793 || R#478's duration (s): 83.8074 || Cumulative runtime (s): 34594.5504 || Loading data delay (s): 6.6202 || Eval delay (s): 0.4980 || Agg delay (s): 0.0000 || Coordination delay (s): 0.0000 || DIST task delay: 0.0000 || RECV task delay: 0.0000 || Queueing delay: 0.0000 || MSG (from mid) Ave. delay: 0.0000 || Total cache delay: 0.0000 || Ave. cache delay: 0.0000
[R#478] CUMULATIVE_RUNTIME_SEC=34594.5504
Top Aggregator Timestamps: CACHE, CACHE_START_T: 0.0, CACHE_END_T: 0.0 || AGG, AGG_START_T: 0.0, AGG_END_T: 0.0 || EVAL, EVAL_START_T: 1765437097.7068605, EVAL_END_T: 1765437098.2048612 || RECV, RECV_START_T: 0.0, RECV_END_T: 0.0 || DIST, DIST_START_T: 0.0, DIST_END_T: 0.0 || LOAD, LOAD_START_T: 1765437014.4008045, LOAD_END_T: 1765437021.0210032 || MSG_MTo, MSG_MTo_START_T: 0.0, MSG_MTo_END_T: 0.0
Loaded FEMNIST test split partition_id=54 with 428 samples
Wall-clock time: 1765437156.1760085 ||Test loss: 0.2024 || Test accuracy: 0.9439 || CPU time: 8.3720 || CPU utilization: 0.1444 || R#479's duration (s): 57.9711 || Cumulative runtime (s): 34652.5215 || Loading data delay (s): 6.7174 || Eval delay (s): 0.6283 || Agg delay (s): 0.0000 || Coordination delay (s): 0.0000 || DIST task delay: 0.0000 || RECV task delay: 0.0000 || Queueing delay: 0.0000 || MSG (from mid) Ave. delay: 0.0000 || Total cache delay: 0.0000 || Ave. cache delay: 0.0000
[R#479] CUMULATIVE_RUNTIME_SEC=34652.5215
Top Aggregator Timestamps: CACHE, CACHE_START_T: 0.0, CACHE_END_T: 0.0 || AGG, AGG_START_T: 0.0, AGG_END_T: 0.0 || EVAL, EVAL_START_T: 1765437155.5476644, EVAL_END_T: 1765437156.175984 || RECV, RECV_START_T: 0.0, RECV_END_T: 0.0 || DIST, DIST_START_T: 0.0, DIST_END_T: 0.0 || LOAD, LOAD_START_T: 1765437098.2081752, LOAD_END_T: 1765437104.9255471 || MSG_MTo, MSG_MTo_START_T: 0.0, MSG_MTo_END_T: 0.0
Loaded FEMNIST test split partition_id=28 with 399 samples
Wall-clock time: 1765437218.344499 ||Test loss: 0.4111 || Test accuracy: 0.8772 || CPU time: 7.7720 || CPU utilization: 0.1250 || R#480's duration (s): 62.1685 || Cumulative runtime (s): 34714.6900 || Loading data delay (s): 6.6473 || Eval delay (s): 0.5859 || Agg delay (s): 0.0000 || Coordination delay (s): 0.0000 || DIST task delay: 0.0000 || RECV task delay: 0.0000 || Queueing delay: 0.0000 || MSG (from mid) Ave. delay: 0.0000 || Total cache delay: 0.0000 || Ave. cache delay: 0.0000
[R#480] CUMULATIVE_RUNTIME_SEC=34714.6900
Top Aggregator Timestamps: CACHE, CACHE_START_T: 0.0, CACHE_END_T: 0.0 || AGG, AGG_START_T: 0.0, AGG_END_T: 0.0 || EVAL, EVAL_START_T: 1765437217.7585926, EVAL_END_T: 1765437218.3444757 || RECV, RECV_START_T: 0.0, RECV_END_T: 0.0 || DIST, DIST_START_T: 0.0, DIST_END_T: 0.0 || LOAD, LOAD_START_T: 1765437156.1792138, LOAD_END_T: 1765437162.8265188 || MSG_MTo, MSG_MTo_START_T: 0.0, MSG_MTo_END_T: 0.0
Loaded FEMNIST test split partition_id=49 with 393 samples
Wall-clock time: 1765437315.5959866 ||Test loss: 0.2320 || Test accuracy: 0.9008 || CPU time: 7.8052 || CPU utilization: 0.0803 || R#481's duration (s): 97.2515 || Cumulative runtime (s): 34811.9415 || Loading data delay (s): 6.5221 || Eval delay (s): 0.5835 || Agg delay (s): 0.0000 || Coordination delay (s): 0.0000 || DIST task delay: 0.0000 || RECV task delay: 0.0000 || Queueing delay: 0.0000 || MSG (from mid) Ave. delay: 0.0000 || Total cache delay: 0.0000 || Ave. cache delay: 0.0000
[R#481] CUMULATIVE_RUNTIME_SEC=34811.9415
Top Aggregator Timestamps: CACHE, CACHE_START_T: 0.0, CACHE_END_T: 0.0 || AGG, AGG_START_T: 0.0, AGG_END_T: 0.0 || EVAL, EVAL_START_T: 1765437315.0124345, EVAL_END_T: 1765437315.595961 || RECV, RECV_START_T: 0.0, RECV_END_T: 0.0 || DIST, DIST_START_T: 0.0, DIST_END_T: 0.0 || LOAD, LOAD_START_T: 1765437218.3474677, LOAD_END_T: 1765437224.86956 || MSG_MTo, MSG_MTo_START_T: 0.0, MSG_MTo_END_T: 0.0
Loaded FEMNIST test split partition_id=60 with 303 samples
Wall-clock time: 1765437390.899987 ||Test loss: 0.4698 || Test accuracy: 0.8416 || CPU time: 6.0934 || CPU utilization: 0.0809 || R#482's duration (s): 75.3040 || Cumulative runtime (s): 34887.2455 || Loading data delay (s): 6.6576 || Eval delay (s): 0.4554 || Agg delay (s): 0.0000 || Coordination delay (s): 0.0000 || DIST task delay: 0.0000 || RECV task delay: 0.0000 || Queueing delay: 0.0000 || MSG (from mid) Ave. delay: 0.0000 || Total cache delay: 0.0000 || Ave. cache delay: 0.0000
[R#482] CUMULATIVE_RUNTIME_SEC=34887.2455
Top Aggregator Timestamps: CACHE, CACHE_START_T: 0.0, CACHE_END_T: 0.0 || AGG, AGG_START_T: 0.0, AGG_END_T: 0.0 || EVAL, EVAL_START_T: 1765437390.4445763, EVAL_END_T: 1765437390.8999596 || RECV, RECV_START_T: 0.0, RECV_END_T: 0.0 || DIST, DIST_START_T: 0.0, DIST_END_T: 0.0 || LOAD, LOAD_START_T: 1765437315.5993211, LOAD_END_T: 1765437322.2568903 || MSG_MTo, MSG_MTo_START_T: 0.0, MSG_MTo_END_T: 0.0
Loaded FEMNIST test split partition_id=22 with 334 samples
Wall-clock time: 1765437458.7568524 ||Test loss: 0.9621 || Test accuracy: 0.7515 || CPU time: 7.2780 || CPU utilization: 0.1073 || R#483's duration (s): 67.8569 || Cumulative runtime (s): 34955.1023 || Loading data delay (s): 6.6534 || Eval delay (s): 0.5563 || Agg delay (s): 0.0000 || Coordination delay (s): 0.0000 || DIST task delay: 0.0000 || RECV task delay: 0.0000 || Queueing delay: 0.0000 || MSG (from mid) Ave. delay: 0.0000 || Total cache delay: 0.0000 || Ave. cache delay: 0.0000
[R#483] CUMULATIVE_RUNTIME_SEC=34955.1023
Top Aggregator Timestamps: CACHE, CACHE_START_T: 0.0, CACHE_END_T: 0.0 || AGG, AGG_START_T: 0.0, AGG_END_T: 0.0 || EVAL, EVAL_START_T: 1765437458.2005694, EVAL_END_T: 1765437458.7568266 || RECV, RECV_START_T: 0.0, RECV_END_T: 0.0 || DIST, DIST_START_T: 0.0, DIST_END_T: 0.0 || LOAD, LOAD_START_T: 1765437390.902773, LOAD_END_T: 1765437397.5561626 || MSG_MTo, MSG_MTo_START_T: 0.0, MSG_MTo_END_T: 0.0
Loaded FEMNIST test split partition_id=47 with 395 samples
Wall-clock time: 1765437522.0763528 ||Test loss: 0.4418 || Test accuracy: 0.8582 || CPU time: 7.8349 || CPU utilization: 0.1237 || R#484's duration (s): 63.3195 || Cumulative runtime (s): 35018.4218 || Loading data delay (s): 6.7001 || Eval delay (s): 0.5867 || Agg delay (s): 0.0000 || Coordination delay (s): 0.0000 || DIST task delay: 0.0000 || RECV task delay: 0.0000 || Queueing delay: 0.0000 || MSG (from mid) Ave. delay: 0.0000 || Total cache delay: 0.0000 || Ave. cache delay: 0.0000
[R#484] CUMULATIVE_RUNTIME_SEC=35018.4218
Top Aggregator Timestamps: CACHE, CACHE_START_T: 0.0, CACHE_END_T: 0.0 || AGG, AGG_START_T: 0.0, AGG_END_T: 0.0 || EVAL, EVAL_START_T: 1765437521.4896154, EVAL_END_T: 1765437522.0763247 || RECV, RECV_START_T: 0.0, RECV_END_T: 0.0 || DIST, DIST_START_T: 0.0, DIST_END_T: 0.0 || LOAD, LOAD_START_T: 1765437458.7600043, LOAD_END_T: 1765437465.4601235 || MSG_MTo, MSG_MTo_START_T: 0.0, MSG_MTo_END_T: 0.0
Loaded FEMNIST test split partition_id=58 with 346 samples
Wall-clock time: 1765437590.6615572 ||Test loss: 0.4901 || Test accuracy: 0.8353 || CPU time: 7.0965 || CPU utilization: 0.1035 || R#485's duration (s): 68.5852 || Cumulative runtime (s): 35087.0070 || Loading data delay (s): 6.7536 || Eval delay (s): 0.5251 || Agg delay (s): 0.0000 || Coordination delay (s): 0.0000 || DIST task delay: 0.0000 || RECV task delay: 0.0000 || Queueing delay: 0.0000 || MSG (from mid) Ave. delay: 0.0000 || Total cache delay: 0.0000 || Ave. cache delay: 0.0000
[R#485] CUMULATIVE_RUNTIME_SEC=35087.0070
Top Aggregator Timestamps: CACHE, CACHE_START_T: 0.0, CACHE_END_T: 0.0 || AGG, AGG_START_T: 0.0, AGG_END_T: 0.0 || EVAL, EVAL_START_T: 1765437590.136394, EVAL_END_T: 1765437590.6615329 || RECV, RECV_START_T: 0.0, RECV_END_T: 0.0 || DIST, DIST_START_T: 0.0, DIST_END_T: 0.0 || LOAD, LOAD_START_T: 1765437522.0791867, LOAD_END_T: 1765437528.8328047 || MSG_MTo, MSG_MTo_START_T: 0.0, MSG_MTo_END_T: 0.0
Loaded FEMNIST test split partition_id=7 with 375 samples
Wall-clock time: 1765437654.8527055 ||Test loss: 0.6871 || Test accuracy: 0.7840 || CPU time: 7.9689 || CPU utilization: 0.1241 || R#486's duration (s): 64.1911 || Cumulative runtime (s): 35151.1982 || Loading data delay (s): 6.7906 || Eval delay (s): 0.6157 || Agg delay (s): 0.0000 || Coordination delay (s): 0.0000 || DIST task delay: 0.0000 || RECV task delay: 0.0000 || Queueing delay: 0.0000 || MSG (from mid) Ave. delay: 0.0000 || Total cache delay: 0.0000 || Ave. cache delay: 0.0000
[R#486] CUMULATIVE_RUNTIME_SEC=35151.1982
Top Aggregator Timestamps: CACHE, CACHE_START_T: 0.0, CACHE_END_T: 0.0 || AGG, AGG_START_T: 0.0, AGG_END_T: 0.0 || EVAL, EVAL_START_T: 1765437654.2370126, EVAL_END_T: 1765437654.852679 || RECV, RECV_START_T: 0.0, RECV_END_T: 0.0 || DIST, DIST_START_T: 0.0, DIST_END_T: 0.0 || LOAD, LOAD_START_T: 1765437590.6648376, LOAD_END_T: 1765437597.4554386 || MSG_MTo, MSG_MTo_START_T: 0.0, MSG_MTo_END_T: 0.0
Loaded FEMNIST test split partition_id=67 with 253 samples
Wall-clock time: 1765437716.9816554 ||Test loss: 0.9026 || Test accuracy: 0.7826 || CPU time: 5.1555 || CPU utilization: 0.0830 || R#487's duration (s): 62.1289 || Cumulative runtime (s): 35213.3271 || Loading data delay (s): 6.9870 || Eval delay (s): 0.3787 || Agg delay (s): 0.0000 || Coordination delay (s): 0.0000 || DIST task delay: 0.0000 || RECV task delay: 0.0000 || Queueing delay: 0.0000 || MSG (from mid) Ave. delay: 0.0000 || Total cache delay: 0.0000 || Ave. cache delay: 0.0000
[R#487] CUMULATIVE_RUNTIME_SEC=35213.3271
Top Aggregator Timestamps: CACHE, CACHE_START_T: 0.0, CACHE_END_T: 0.0 || AGG, AGG_START_T: 0.0, AGG_END_T: 0.0 || EVAL, EVAL_START_T: 1765437716.6029596, EVAL_END_T: 1765437716.9816222 || RECV, RECV_START_T: 0.0, RECV_END_T: 0.0 || DIST, DIST_START_T: 0.0, DIST_END_T: 0.0 || LOAD, LOAD_START_T: 1765437654.8560536, LOAD_END_T: 1765437661.8430314 || MSG_MTo, MSG_MTo_START_T: 0.0, MSG_MTo_END_T: 0.0
Loaded FEMNIST test split partition_id=51 with 396 samples
Wall-clock time: 1765437797.1705227 ||Test loss: 0.3233 || Test accuracy: 0.8990 || CPU time: 7.9144 || CPU utilization: 0.0987 || R#488's duration (s): 80.1889 || Cumulative runtime (s): 35293.5160 || Loading data delay (s): 6.4814 || Eval delay (s): 0.5901 || Agg delay (s): 0.0000 || Coordination delay (s): 0.0000 || DIST task delay: 0.0000 || RECV task delay: 0.0000 || Queueing delay: 0.0000 || MSG (from mid) Ave. delay: 0.0000 || Total cache delay: 0.0000 || Ave. cache delay: 0.0000
[R#488] CUMULATIVE_RUNTIME_SEC=35293.5160
Top Aggregator Timestamps: CACHE, CACHE_START_T: 0.0, CACHE_END_T: 0.0 || AGG, AGG_START_T: 0.0, AGG_END_T: 0.0 || EVAL, EVAL_START_T: 1765437796.5804148, EVAL_END_T: 1765437797.1704955 || RECV, RECV_START_T: 0.0, RECV_END_T: 0.0 || DIST, DIST_START_T: 0.0, DIST_END_T: 0.0 || LOAD, LOAD_START_T: 1765437716.9848173, LOAD_END_T: 1765437723.4661937 || MSG_MTo, MSG_MTo_START_T: 0.0, MSG_MTo_END_T: 0.0
Loaded FEMNIST test split partition_id=16 with 312 samples
Wall-clock time: 1765437870.476252 ||Test loss: 0.5403 || Test accuracy: 0.8558 || CPU time: 6.3170 || CPU utilization: 0.0862 || R#489's duration (s): 73.3057 || Cumulative runtime (s): 35366.8217 || Loading data delay (s): 6.8906 || Eval delay (s): 0.4683 || Agg delay (s): 0.0000 || Coordination delay (s): 0.0000 || DIST task delay: 0.0000 || RECV task delay: 0.0000 || Queueing delay: 0.0000 || MSG (from mid) Ave. delay: 0.0000 || Total cache delay: 0.0000 || Ave. cache delay: 0.0000
[R#489] CUMULATIVE_RUNTIME_SEC=35366.8217
Top Aggregator Timestamps: CACHE, CACHE_START_T: 0.0, CACHE_END_T: 0.0 || AGG, AGG_START_T: 0.0, AGG_END_T: 0.0 || EVAL, EVAL_START_T: 1765437870.007914, EVAL_END_T: 1765437870.4762275 || RECV, RECV_START_T: 0.0, RECV_END_T: 0.0 || DIST, DIST_START_T: 0.0, DIST_END_T: 0.0 || LOAD, LOAD_START_T: 1765437797.1736171, LOAD_END_T: 1765437804.0642142 || MSG_MTo, MSG_MTo_START_T: 0.0, MSG_MTo_END_T: 0.0
Loaded FEMNIST test split partition_id=37 with 403 samples
Wall-clock time: 1765437940.3901815 ||Test loss: 0.5571 || Test accuracy: 0.8486 || CPU time: 8.3641 || CPU utilization: 0.1196 || R#490's duration (s): 69.9139 || Cumulative runtime (s): 35436.7357 || Loading data delay (s): 6.6929 || Eval delay (s): 0.6304 || Agg delay (s): 0.0000 || Coordination delay (s): 0.0000 || DIST task delay: 0.0000 || RECV task delay: 0.0000 || Queueing delay: 0.0000 || MSG (from mid) Ave. delay: 0.0000 || Total cache delay: 0.0000 || Ave. cache delay: 0.0000
[R#490] CUMULATIVE_RUNTIME_SEC=35436.7357
Top Aggregator Timestamps: CACHE, CACHE_START_T: 0.0, CACHE_END_T: 0.0 || AGG, AGG_START_T: 0.0, AGG_END_T: 0.0 || EVAL, EVAL_START_T: 1765437939.7597432, EVAL_END_T: 1765437940.3901587 || RECV, RECV_START_T: 0.0, RECV_END_T: 0.0 || DIST, DIST_START_T: 0.0, DIST_END_T: 0.0 || LOAD, LOAD_START_T: 1765437870.479497, LOAD_END_T: 1765437877.1723542 || MSG_MTo, MSG_MTo_START_T: 0.0, MSG_MTo_END_T: 0.0
Loaded FEMNIST test split partition_id=17 with 424 samples
Wall-clock time: 1765438012.5022326 ||Test loss: 0.3201 || Test accuracy: 0.9057 || CPU time: 8.4753 || CPU utilization: 0.1175 || R#491's duration (s): 72.1121 || Cumulative runtime (s): 35508.8477 || Loading data delay (s): 6.6002 || Eval delay (s): 0.6368 || Agg delay (s): 0.0000 || Coordination delay (s): 0.0000 || DIST task delay: 0.0000 || RECV task delay: 0.0000 || Queueing delay: 0.0000 || MSG (from mid) Ave. delay: 0.0000 || Total cache delay: 0.0000 || Ave. cache delay: 0.0000
[R#491] CUMULATIVE_RUNTIME_SEC=35508.8477
Top Aggregator Timestamps: CACHE, CACHE_START_T: 0.0, CACHE_END_T: 0.0 || AGG, AGG_START_T: 0.0, AGG_END_T: 0.0 || EVAL, EVAL_START_T: 1765438011.865401, EVAL_END_T: 1765438012.5022044 || RECV, RECV_START_T: 0.0, RECV_END_T: 0.0 || DIST, DIST_START_T: 0.0, DIST_END_T: 0.0 || LOAD, LOAD_START_T: 1765437940.3935974, LOAD_END_T: 1765437946.9937537 || MSG_MTo, MSG_MTo_START_T: 0.0, MSG_MTo_END_T: 0.0
Loaded FEMNIST test split partition_id=4 with 315 samples
Wall-clock time: 1765438087.714174 ||Test loss: 0.7665 || Test accuracy: 0.8222 || CPU time: 6.6208 || CPU utilization: 0.0880 || R#492's duration (s): 75.2119 || Cumulative runtime (s): 35584.0597 || Loading data delay (s): 6.9061 || Eval delay (s): 0.5120 || Agg delay (s): 0.0000 || Coordination delay (s): 0.0000 || DIST task delay: 0.0000 || RECV task delay: 0.0000 || Queueing delay: 0.0000 || MSG (from mid) Ave. delay: 0.0000 || Total cache delay: 0.0000 || Ave. cache delay: 0.0000
[R#492] CUMULATIVE_RUNTIME_SEC=35584.0597
Top Aggregator Timestamps: CACHE, CACHE_START_T: 0.0, CACHE_END_T: 0.0 || AGG, AGG_START_T: 0.0, AGG_END_T: 0.0 || EVAL, EVAL_START_T: 1765438087.2021751, EVAL_END_T: 1765438087.7141433 || RECV, RECV_START_T: 0.0, RECV_END_T: 0.0 || DIST, DIST_START_T: 0.0, DIST_END_T: 0.0 || LOAD, LOAD_START_T: 1765438012.5055199, LOAD_END_T: 1765438019.4116397 || MSG_MTo, MSG_MTo_START_T: 0.0, MSG_MTo_END_T: 0.0
Loaded FEMNIST test split partition_id=8 with 418 samples
Wall-clock time: 1765438165.5886931 ||Test loss: 0.1786 || Test accuracy: 0.9330 || CPU time: 8.5552 || CPU utilization: 0.1099 || R#493's duration (s): 77.8745 || Cumulative runtime (s): 35661.9342 || Loading data delay (s): 6.4857 || Eval delay (s): 0.6524 || Agg delay (s): 0.0000 || Coordination delay (s): 0.0000 || DIST task delay: 0.0000 || RECV task delay: 0.0000 || Queueing delay: 0.0000 || MSG (from mid) Ave. delay: 0.0000 || Total cache delay: 0.0000 || Ave. cache delay: 0.0000
[R#493] CUMULATIVE_RUNTIME_SEC=35661.9342
Top Aggregator Timestamps: CACHE, CACHE_START_T: 0.0, CACHE_END_T: 0.0 || AGG, AGG_START_T: 0.0, AGG_END_T: 0.0 || EVAL, EVAL_START_T: 1765438164.9362757, EVAL_END_T: 1765438165.5886698 || RECV, RECV_START_T: 0.0, RECV_END_T: 0.0 || DIST, DIST_START_T: 0.0, DIST_END_T: 0.0 || LOAD, LOAD_START_T: 1765438087.7173007, LOAD_END_T: 1765438094.203015 || MSG_MTo, MSG_MTo_START_T: 0.0, MSG_MTo_END_T: 0.0
Loaded FEMNIST test split partition_id=41 with 358 samples
Wall-clock time: 1765438245.690534 ||Test loss: 0.5738 || Test accuracy: 0.8156 || CPU time: 7.2514 || CPU utilization: 0.0905 || R#494's duration (s): 80.1018 || Cumulative runtime (s): 35742.0360 || Loading data delay (s): 6.7230 || Eval delay (s): 0.5409 || Agg delay (s): 0.0000 || Coordination delay (s): 0.0000 || DIST task delay: 0.0000 || RECV task delay: 0.0000 || Queueing delay: 0.0000 || MSG (from mid) Ave. delay: 0.0000 || Total cache delay: 0.0000 || Ave. cache delay: 0.0000
[R#494] CUMULATIVE_RUNTIME_SEC=35742.0360
Top Aggregator Timestamps: CACHE, CACHE_START_T: 0.0, CACHE_END_T: 0.0 || AGG, AGG_START_T: 0.0, AGG_END_T: 0.0 || EVAL, EVAL_START_T: 1765438245.1496549, EVAL_END_T: 1765438245.6905053 || RECV, RECV_START_T: 0.0, RECV_END_T: 0.0 || DIST, DIST_START_T: 0.0, DIST_END_T: 0.0 || LOAD, LOAD_START_T: 1765438165.5918412, LOAD_END_T: 1765438172.3148823 || MSG_MTo, MSG_MTo_START_T: 0.0, MSG_MTo_END_T: 0.0
Loaded FEMNIST test split partition_id=7 with 375 samples
Wall-clock time: 1765438309.4757817 ||Test loss: 0.7245 || Test accuracy: 0.7653 || CPU time: 7.6452 || CPU utilization: 0.1199 || R#495's duration (s): 63.7852 || Cumulative runtime (s): 35805.8213 || Loading data delay (s): 6.5476 || Eval delay (s): 0.5715 || Agg delay (s): 0.0000 || Coordination delay (s): 0.0000 || DIST task delay: 0.0000 || RECV task delay: 0.0000 || Queueing delay: 0.0000 || MSG (from mid) Ave. delay: 0.0000 || Total cache delay: 0.0000 || Ave. cache delay: 0.0000
[R#495] CUMULATIVE_RUNTIME_SEC=35805.8213
Top Aggregator Timestamps: CACHE, CACHE_START_T: 0.0, CACHE_END_T: 0.0 || AGG, AGG_START_T: 0.0, AGG_END_T: 0.0 || EVAL, EVAL_START_T: 1765438308.904223, EVAL_END_T: 1765438309.475753 || RECV, RECV_START_T: 0.0, RECV_END_T: 0.0 || DIST, DIST_START_T: 0.0, DIST_END_T: 0.0 || LOAD, LOAD_START_T: 1765438245.6938286, LOAD_END_T: 1765438252.2414432 || MSG_MTo, MSG_MTo_START_T: 0.0, MSG_MTo_END_T: 0.0
Loaded FEMNIST test split partition_id=40 with 375 samples
Wall-clock time: 1765438382.4565408 ||Test loss: 0.5611 || Test accuracy: 0.8427 || CPU time: 7.5187 || CPU utilization: 0.1030 || R#496's duration (s): 72.9808 || Cumulative runtime (s): 35878.8020 || Loading data delay (s): 6.7980 || Eval delay (s): 0.5596 || Agg delay (s): 0.0000 || Coordination delay (s): 0.0000 || DIST task delay: 0.0000 || RECV task delay: 0.0000 || Queueing delay: 0.0000 || MSG (from mid) Ave. delay: 0.0000 || Total cache delay: 0.0000 || Ave. cache delay: 0.0000
[R#496] CUMULATIVE_RUNTIME_SEC=35878.8020
Top Aggregator Timestamps: CACHE, CACHE_START_T: 0.0, CACHE_END_T: 0.0 || AGG, AGG_START_T: 0.0, AGG_END_T: 0.0 || EVAL, EVAL_START_T: 1765438381.8969016, EVAL_END_T: 1765438382.456515 || RECV, RECV_START_T: 0.0, RECV_END_T: 0.0 || DIST, DIST_START_T: 0.0, DIST_END_T: 0.0 || LOAD, LOAD_START_T: 1765438309.4791832, LOAD_END_T: 1765438316.2771742 || MSG_MTo, MSG_MTo_START_T: 0.0, MSG_MTo_END_T: 0.0
Loaded FEMNIST test split partition_id=29 with 247 samples
Wall-clock time: 1765438457.0069265 ||Test loss: 0.8560 || Test accuracy: 0.7287 || CPU time: 5.3364 || CPU utilization: 0.0716 || R#497's duration (s): 74.5504 || Cumulative runtime (s): 35953.3524 || Loading data delay (s): 6.9205 || Eval delay (s): 0.3946 || Agg delay (s): 0.0000 || Coordination delay (s): 0.0000 || DIST task delay: 0.0000 || RECV task delay: 0.0000 || Queueing delay: 0.0000 || MSG (from mid) Ave. delay: 0.0000 || Total cache delay: 0.0000 || Ave. cache delay: 0.0000
[R#497] CUMULATIVE_RUNTIME_SEC=35953.3524
Top Aggregator Timestamps: CACHE, CACHE_START_T: 0.0, CACHE_END_T: 0.0 || AGG, AGG_START_T: 0.0, AGG_END_T: 0.0 || EVAL, EVAL_START_T: 1765438456.6122906, EVAL_END_T: 1765438457.0069008 || RECV, RECV_START_T: 0.0, RECV_END_T: 0.0 || DIST, DIST_START_T: 0.0, DIST_END_T: 0.0 || LOAD, LOAD_START_T: 1765438382.4598818, LOAD_END_T: 1765438389.3803754 || MSG_MTo, MSG_MTo_START_T: 0.0, MSG_MTo_END_T: 0.0
Loaded FEMNIST test split partition_id=66 with 428 samples
Wall-clock time: 1765438519.998933 ||Test loss: 0.6686 || Test accuracy: 0.8061 || CPU time: 8.6664 || CPU utilization: 0.1376 || R#498's duration (s): 62.9920 || Cumulative runtime (s): 36016.3444 || Loading data delay (s): 6.4987 || Eval delay (s): 0.6461 || Agg delay (s): 0.0000 || Coordination delay (s): 0.0000 || DIST task delay: 0.0000 || RECV task delay: 0.0000 || Queueing delay: 0.0000 || MSG (from mid) Ave. delay: 0.0000 || Total cache delay: 0.0000 || Ave. cache delay: 0.0000
[R#498] CUMULATIVE_RUNTIME_SEC=36016.3444
Top Aggregator Timestamps: CACHE, CACHE_START_T: 0.0, CACHE_END_T: 0.0 || AGG, AGG_START_T: 0.0, AGG_END_T: 0.0 || EVAL, EVAL_START_T: 1765438519.3528268, EVAL_END_T: 1765438519.9989007 || RECV, RECV_START_T: 0.0, RECV_END_T: 0.0 || DIST, DIST_START_T: 0.0, DIST_END_T: 0.0 || LOAD, LOAD_START_T: 1765438457.010174, LOAD_END_T: 1765438463.5088491 || MSG_MTo, MSG_MTo_START_T: 0.0, MSG_MTo_END_T: 0.0
Loaded FEMNIST test split partition_id=11 with 425 samples
Wall-clock time: 1765438585.0170963 ||Test loss: 1.1379 || Test accuracy: 0.7106 || CPU time: 8.4510 || CPU utilization: 0.1300 || R#499's duration (s): 65.0182 || Cumulative runtime (s): 36081.3626 || Loading data delay (s): 6.6530 || Eval delay (s): 0.6315 || Agg delay (s): 0.0000 || Coordination delay (s): 0.0000 || DIST task delay: 0.0000 || RECV task delay: 0.0000 || Queueing delay: 0.0000 || MSG (from mid) Ave. delay: 0.0000 || Total cache delay: 0.0000 || Ave. cache delay: 0.0000
[R#499] CUMULATIVE_RUNTIME_SEC=36081.3626
Top Aggregator Timestamps: CACHE, CACHE_START_T: 0.0, CACHE_END_T: 0.0 || AGG, AGG_START_T: 0.0, AGG_END_T: 0.0 || EVAL, EVAL_START_T: 1765438584.3855567, EVAL_END_T: 1765438585.017072 || RECV, RECV_START_T: 0.0, RECV_END_T: 0.0 || DIST, DIST_START_T: 0.0, DIST_END_T: 0.0 || LOAD, LOAD_START_T: 1765438520.001911, LOAD_END_T: 1765438526.654913 || MSG_MTo, MSG_MTo_START_T: 0.0, MSG_MTo_END_T: 0.0
Loaded FEMNIST test split partition_id=12 with 308 samples
Wall-clock time: 1765438645.794966 ||Test loss: 0.5995 || Test accuracy: 0.8506 || CPU time: 6.3161 || CPU utilization: 0.1039 || R#500's duration (s): 60.7779 || Cumulative runtime (s): 36142.1405 || Loading data delay (s): 6.4998 || Eval delay (s): 0.4673 || Agg delay (s): 0.0000 || Coordination delay (s): 0.0000 || DIST task delay: 0.0000 || RECV task delay: 0.0000 || Queueing delay: 0.0000 || MSG (from mid) Ave. delay: 0.0000 || Total cache delay: 0.0000 || Ave. cache delay: 0.0000
[R#500] CUMULATIVE_RUNTIME_SEC=36142.1405
Top Aggregator Timestamps: CACHE, CACHE_START_T: 0.0, CACHE_END_T: 0.0 || AGG, AGG_START_T: 0.0, AGG_END_T: 0.0 || EVAL, EVAL_START_T: 1765438645.327687, EVAL_END_T: 1765438645.794942 || RECV, RECV_START_T: 0.0, RECV_END_T: 0.0 || DIST, DIST_START_T: 0.0, DIST_END_T: 0.0 || LOAD, LOAD_START_T: 1765438585.0203755, LOAD_END_T: 1765438591.5201988 || MSG_MTo, MSG_MTo_START_T: 0.0, MSG_MTo_END_T: 0.0
Loaded FEMNIST test split partition_id=7 with 375 samples
Wall-clock time: 1765438713.8328671 ||Test loss: 0.5840 || Test accuracy: 0.7973 || CPU time: 7.4693 || CPU utilization: 0.1098 || R#501's duration (s): 68.0379 || Cumulative runtime (s): 36210.1784 || Loading data delay (s): 6.9129 || Eval delay (s): 0.5582 || Agg delay (s): 0.0000 || Coordination delay (s): 0.0000 || DIST task delay: 0.0000 || RECV task delay: 0.0000 || Queueing delay: 0.0000 || MSG (from mid) Ave. delay: 0.0000 || Total cache delay: 0.0000 || Ave. cache delay: 0.0000
[R#501] CUMULATIVE_RUNTIME_SEC=36210.1784
Top Aggregator Timestamps: CACHE, CACHE_START_T: 0.0, CACHE_END_T: 0.0 || AGG, AGG_START_T: 0.0, AGG_END_T: 0.0 || EVAL, EVAL_START_T: 1765438713.2746284, EVAL_END_T: 1765438713.8328435 || RECV, RECV_START_T: 0.0, RECV_END_T: 0.0 || DIST, DIST_START_T: 0.0, DIST_END_T: 0.0 || LOAD, LOAD_START_T: 1765438645.7981868, LOAD_END_T: 1765438652.7111325 || MSG_MTo, MSG_MTo_START_T: 0.0, MSG_MTo_END_T: 0.0
Loaded FEMNIST test split partition_id=3 with 397 samples
Wall-clock time: 1765438771.5107355 ||Test loss: 0.3445 || Test accuracy: 0.9295 || CPU time: 7.8430 || CPU utilization: 0.1360 || R#502's duration (s): 57.6779 || Cumulative runtime (s): 36267.8562 || Loading data delay (s): 6.8368 || Eval delay (s): 0.5887 || Agg delay (s): 0.0000 || Coordination delay (s): 0.0000 || DIST task delay: 0.0000 || RECV task delay: 0.0000 || Queueing delay: 0.0000 || MSG (from mid) Ave. delay: 0.0000 || Total cache delay: 0.0000 || Ave. cache delay: 0.0000
[R#502] CUMULATIVE_RUNTIME_SEC=36267.8562
Top Aggregator Timestamps: CACHE, CACHE_START_T: 0.0, CACHE_END_T: 0.0 || AGG, AGG_START_T: 0.0, AGG_END_T: 0.0 || EVAL, EVAL_START_T: 1765438770.9219778, EVAL_END_T: 1765438771.5107124 || RECV, RECV_START_T: 0.0, RECV_END_T: 0.0 || DIST, DIST_START_T: 0.0, DIST_END_T: 0.0 || LOAD, LOAD_START_T: 1765438713.8358996, LOAD_END_T: 1765438720.6727476 || MSG_MTo, MSG_MTo_START_T: 0.0, MSG_MTo_END_T: 0.0
Loaded FEMNIST test split partition_id=29 with 247 samples
Wall-clock time: 1765438837.672012 ||Test loss: 0.9083 || Test accuracy: 0.7409 || CPU time: 5.2438 || CPU utilization: 0.0793 || R#503's duration (s): 66.1613 || Cumulative runtime (s): 36334.0175 || Loading data delay (s): 6.4729 || Eval delay (s): 0.3917 || Agg delay (s): 0.0000 || Coordination delay (s): 0.0000 || DIST task delay: 0.0000 || RECV task delay: 0.0000 || Queueing delay: 0.0000 || MSG (from mid) Ave. delay: 0.0000 || Total cache delay: 0.0000 || Ave. cache delay: 0.0000
[R#503] CUMULATIVE_RUNTIME_SEC=36334.0175
Top Aggregator Timestamps: CACHE, CACHE_START_T: 0.0, CACHE_END_T: 0.0 || AGG, AGG_START_T: 0.0, AGG_END_T: 0.0 || EVAL, EVAL_START_T: 1765438837.2803338, EVAL_END_T: 1765438837.6719882 || RECV, RECV_START_T: 0.0, RECV_END_T: 0.0 || DIST, DIST_START_T: 0.0, DIST_END_T: 0.0 || LOAD, LOAD_START_T: 1765438771.513917, LOAD_END_T: 1765438777.986837 || MSG_MTo, MSG_MTo_START_T: 0.0, MSG_MTo_END_T: 0.0
Loaded FEMNIST test split partition_id=56 with 343 samples
Wall-clock time: 1765438899.1564965 ||Test loss: 0.4198 || Test accuracy: 0.8659 || CPU time: 6.8700 || CPU utilization: 0.1117 || R#504's duration (s): 61.4845 || Cumulative runtime (s): 36395.5020 || Loading data delay (s): 6.7947 || Eval delay (s): 0.5120 || Agg delay (s): 0.0000 || Coordination delay (s): 0.0000 || DIST task delay: 0.0000 || RECV task delay: 0.0000 || Queueing delay: 0.0000 || MSG (from mid) Ave. delay: 0.0000 || Total cache delay: 0.0000 || Ave. cache delay: 0.0000
[R#504] CUMULATIVE_RUNTIME_SEC=36395.5020
Top Aggregator Timestamps: CACHE, CACHE_START_T: 0.0, CACHE_END_T: 0.0 || AGG, AGG_START_T: 0.0, AGG_END_T: 0.0 || EVAL, EVAL_START_T: 1765438898.6444883, EVAL_END_T: 1765438899.156473 || RECV, RECV_START_T: 0.0, RECV_END_T: 0.0 || DIST, DIST_START_T: 0.0, DIST_END_T: 0.0 || LOAD, LOAD_START_T: 1765438837.675242, LOAD_END_T: 1765438844.469972 || MSG_MTo, MSG_MTo_START_T: 0.0, MSG_MTo_END_T: 0.0
Loaded FEMNIST test split partition_id=24 with 374 samples
Wall-clock time: 1765438985.6908214 ||Test loss: 0.3707 || Test accuracy: 0.8717 || CPU time: 7.4174 || CPU utilization: 0.0857 || R#505's duration (s): 86.5343 || Cumulative runtime (s): 36482.0363 || Loading data delay (s): 6.3542 || Eval delay (s): 0.5525 || Agg delay (s): 0.0000 || Coordination delay (s): 0.0000 || DIST task delay: 0.0000 || RECV task delay: 0.0000 || Queueing delay: 0.0000 || MSG (from mid) Ave. delay: 0.0000 || Total cache delay: 0.0000 || Ave. cache delay: 0.0000
[R#505] CUMULATIVE_RUNTIME_SEC=36482.0363
Top Aggregator Timestamps: CACHE, CACHE_START_T: 0.0, CACHE_END_T: 0.0 || AGG, AGG_START_T: 0.0, AGG_END_T: 0.0 || EVAL, EVAL_START_T: 1765438985.138324, EVAL_END_T: 1765438985.6907942 || RECV, RECV_START_T: 0.0, RECV_END_T: 0.0 || DIST, DIST_START_T: 0.0, DIST_END_T: 0.0 || LOAD, LOAD_START_T: 1765438899.1597674, LOAD_END_T: 1765438905.5139277 || MSG_MTo, MSG_MTo_START_T: 0.0, MSG_MTo_END_T: 0.0
Loaded FEMNIST test split partition_id=29 with 247 samples
Wall-clock time: 1765439052.5295308 ||Test loss: 0.8941 || Test accuracy: 0.7530 || CPU time: 5.1322 || CPU utilization: 0.0768 || R#506's duration (s): 66.8387 || Cumulative runtime (s): 36548.8750 || Loading data delay (s): 6.6528 || Eval delay (s): 0.3805 || Agg delay (s): 0.0000 || Coordination delay (s): 0.0000 || DIST task delay: 0.0000 || RECV task delay: 0.0000 || Queueing delay: 0.0000 || MSG (from mid) Ave. delay: 0.0000 || Total cache delay: 0.0000 || Ave. cache delay: 0.0000
[R#506] CUMULATIVE_RUNTIME_SEC=36548.8750
Top Aggregator Timestamps: CACHE, CACHE_START_T: 0.0, CACHE_END_T: 0.0 || AGG, AGG_START_T: 0.0, AGG_END_T: 0.0 || EVAL, EVAL_START_T: 1765439052.1490426, EVAL_END_T: 1765439052.5295076 || RECV, RECV_START_T: 0.0, RECV_END_T: 0.0 || DIST, DIST_START_T: 0.0, DIST_END_T: 0.0 || LOAD, LOAD_START_T: 1765438985.69371, LOAD_END_T: 1765438992.3465369 || MSG_MTo, MSG_MTo_START_T: 0.0, MSG_MTo_END_T: 0.0
Loaded FEMNIST test split partition_id=8 with 418 samples
Wall-clock time: 1765439129.8309786 ||Test loss: 0.2118 || Test accuracy: 0.9378 || CPU time: 8.3578 || CPU utilization: 0.1081 || R#507's duration (s): 77.3014 || Cumulative runtime (s): 36626.1765 || Loading data delay (s): 6.9516 || Eval delay (s): 0.6258 || Agg delay (s): 0.0000 || Coordination delay (s): 0.0000 || DIST task delay: 0.0000 || RECV task delay: 0.0000 || Queueing delay: 0.0000 || MSG (from mid) Ave. delay: 0.0000 || Total cache delay: 0.0000 || Ave. cache delay: 0.0000
[R#507] CUMULATIVE_RUNTIME_SEC=36626.1765
Top Aggregator Timestamps: CACHE, CACHE_START_T: 0.0, CACHE_END_T: 0.0 || AGG, AGG_START_T: 0.0, AGG_END_T: 0.0 || EVAL, EVAL_START_T: 1765439129.2051551, EVAL_END_T: 1765439129.8309512 || RECV, RECV_START_T: 0.0, RECV_END_T: 0.0 || DIST, DIST_START_T: 0.0, DIST_END_T: 0.0 || LOAD, LOAD_START_T: 1765439052.5328407, LOAD_END_T: 1765439059.4844291 || MSG_MTo, MSG_MTo_START_T: 0.0, MSG_MTo_END_T: 0.0
Loaded FEMNIST test split partition_id=47 with 395 samples
Wall-clock time: 1765439200.6248405 ||Test loss: 0.3486 || Test accuracy: 0.8886 || CPU time: 7.9563 || CPU utilization: 0.1124 || R#508's duration (s): 70.7939 || Cumulative runtime (s): 36696.9703 || Loading data delay (s): 6.3097 || Eval delay (s): 0.5994 || Agg delay (s): 0.0000 || Coordination delay (s): 0.0000 || DIST task delay: 0.0000 || RECV task delay: 0.0000 || Queueing delay: 0.0000 || MSG (from mid) Ave. delay: 0.0000 || Total cache delay: 0.0000 || Ave. cache delay: 0.0000
[R#508] CUMULATIVE_RUNTIME_SEC=36696.9703
Top Aggregator Timestamps: CACHE, CACHE_START_T: 0.0, CACHE_END_T: 0.0 || AGG, AGG_START_T: 0.0, AGG_END_T: 0.0 || EVAL, EVAL_START_T: 1765439200.0254428, EVAL_END_T: 1765439200.624813 || RECV, RECV_START_T: 0.0, RECV_END_T: 0.0 || DIST, DIST_START_T: 0.0, DIST_END_T: 0.0 || LOAD, LOAD_START_T: 1765439129.8341951, LOAD_END_T: 1765439136.1439002 || MSG_MTo, MSG_MTo_START_T: 0.0, MSG_MTo_END_T: 0.0
Loaded FEMNIST test split partition_id=36 with 384 samples
Wall-clock time: 1765439273.856616 ||Test loss: 0.4776 || Test accuracy: 0.8672 || CPU time: 7.5255 || CPU utilization: 0.1028 || R#509's duration (s): 73.2318 || Cumulative runtime (s): 36770.2021 || Loading data delay (s): 6.6520 || Eval delay (s): 0.5704 || Agg delay (s): 0.0000 || Coordination delay (s): 0.0000 || DIST task delay: 0.0000 || RECV task delay: 0.0000 || Queueing delay: 0.0000 || MSG (from mid) Ave. delay: 0.0000 || Total cache delay: 0.0000 || Ave. cache delay: 0.0000
[R#509] CUMULATIVE_RUNTIME_SEC=36770.2021
Top Aggregator Timestamps: CACHE, CACHE_START_T: 0.0, CACHE_END_T: 0.0 || AGG, AGG_START_T: 0.0, AGG_END_T: 0.0 || EVAL, EVAL_START_T: 1765439273.2861683, EVAL_END_T: 1765439273.8565857 || RECV, RECV_START_T: 0.0, RECV_END_T: 0.0 || DIST, DIST_START_T: 0.0, DIST_END_T: 0.0 || LOAD, LOAD_START_T: 1765439200.6278439, LOAD_END_T: 1765439207.279877 || MSG_MTo, MSG_MTo_START_T: 0.0, MSG_MTo_END_T: 0.0
Loaded FEMNIST test split partition_id=17 with 424 samples
Wall-clock time: 1765439331.9839585 ||Test loss: 0.3467 || Test accuracy: 0.8892 || CPU time: 8.4135 || CPU utilization: 0.1447 || R#510's duration (s): 58.1273 || Cumulative runtime (s): 36828.3294 || Loading data delay (s): 6.4155 || Eval delay (s): 0.6369 || Agg delay (s): 0.0000 || Coordination delay (s): 0.0000 || DIST task delay: 0.0000 || RECV task delay: 0.0000 || Queueing delay: 0.0000 || MSG (from mid) Ave. delay: 0.0000 || Total cache delay: 0.0000 || Ave. cache delay: 0.0000
[R#510] CUMULATIVE_RUNTIME_SEC=36828.3294
Top Aggregator Timestamps: CACHE, CACHE_START_T: 0.0, CACHE_END_T: 0.0 || AGG, AGG_START_T: 0.0, AGG_END_T: 0.0 || EVAL, EVAL_START_T: 1765439331.3470273, EVAL_END_T: 1765439331.9839365 || RECV, RECV_START_T: 0.0, RECV_END_T: 0.0 || DIST, DIST_START_T: 0.0, DIST_END_T: 0.0 || LOAD, LOAD_START_T: 1765439273.859933, LOAD_END_T: 1765439280.2754219 || MSG_MTo, MSG_MTo_START_T: 0.0, MSG_MTo_END_T: 0.0
Loaded FEMNIST test split partition_id=66 with 428 samples
Wall-clock time: 1765439392.1281798 ||Test loss: 0.7460 || Test accuracy: 0.7734 || CPU time: 8.5086 || CPU utilization: 0.1415 || R#511's duration (s): 60.1442 || Cumulative runtime (s): 36888.4737 || Loading data delay (s): 6.5436 || Eval delay (s): 0.6431 || Agg delay (s): 0.0000 || Coordination delay (s): 0.0000 || DIST task delay: 0.0000 || RECV task delay: 0.0000 || Queueing delay: 0.0000 || MSG (from mid) Ave. delay: 0.0000 || Total cache delay: 0.0000 || Ave. cache delay: 0.0000
[R#511] CUMULATIVE_RUNTIME_SEC=36888.4737
Top Aggregator Timestamps: CACHE, CACHE_START_T: 0.0, CACHE_END_T: 0.0 || AGG, AGG_START_T: 0.0, AGG_END_T: 0.0 || EVAL, EVAL_START_T: 1765439391.4850285, EVAL_END_T: 1765439392.1281555 || RECV, RECV_START_T: 0.0, RECV_END_T: 0.0 || DIST, DIST_START_T: 0.0, DIST_END_T: 0.0 || LOAD, LOAD_START_T: 1765439331.9880776, LOAD_END_T: 1765439338.5316331 || MSG_MTo, MSG_MTo_START_T: 0.0, MSG_MTo_END_T: 0.0
Loaded FEMNIST test split partition_id=10 with 436 samples
Wall-clock time: 1765439454.4080577 ||Test loss: 0.2604 || Test accuracy: 0.9128 || CPU time: 8.6732 || CPU utilization: 0.1393 || R#512's duration (s): 62.2799 || Cumulative runtime (s): 36950.7535 || Loading data delay (s): 6.9199 || Eval delay (s): 0.6528 || Agg delay (s): 0.0000 || Coordination delay (s): 0.0000 || DIST task delay: 0.0000 || RECV task delay: 0.0000 || Queueing delay: 0.0000 || MSG (from mid) Ave. delay: 0.0000 || Total cache delay: 0.0000 || Ave. cache delay: 0.0000
[R#512] CUMULATIVE_RUNTIME_SEC=36950.7535
Top Aggregator Timestamps: CACHE, CACHE_START_T: 0.0, CACHE_END_T: 0.0 || AGG, AGG_START_T: 0.0, AGG_END_T: 0.0 || EVAL, EVAL_START_T: 1765439453.7552643, EVAL_END_T: 1765439454.4080338 || RECV, RECV_START_T: 0.0, RECV_END_T: 0.0 || DIST, DIST_START_T: 0.0, DIST_END_T: 0.0 || LOAD, LOAD_START_T: 1765439392.1315067, LOAD_END_T: 1765439399.0513718 || MSG_MTo, MSG_MTo_START_T: 0.0, MSG_MTo_END_T: 0.0
Loaded FEMNIST test split partition_id=50 with 313 samples
Wall-clock time: 1765439510.410561 ||Test loss: 0.3894 || Test accuracy: 0.8946 || CPU time: 6.2838 || CPU utilization: 0.1122 || R#513's duration (s): 56.0025 || Cumulative runtime (s): 37006.7561 || Loading data delay (s): 6.3361 || Eval delay (s): 0.4637 || Agg delay (s): 0.0000 || Coordination delay (s): 0.0000 || DIST task delay: 0.0000 || RECV task delay: 0.0000 || Queueing delay: 0.0000 || MSG (from mid) Ave. delay: 0.0000 || Total cache delay: 0.0000 || Ave. cache delay: 0.0000
[R#513] CUMULATIVE_RUNTIME_SEC=37006.7561
Top Aggregator Timestamps: CACHE, CACHE_START_T: 0.0, CACHE_END_T: 0.0 || AGG, AGG_START_T: 0.0, AGG_END_T: 0.0 || EVAL, EVAL_START_T: 1765439509.9468396, EVAL_END_T: 1765439510.4105272 || RECV, RECV_START_T: 0.0, RECV_END_T: 0.0 || DIST, DIST_START_T: 0.0, DIST_END_T: 0.0 || LOAD, LOAD_START_T: 1765439454.411253, LOAD_END_T: 1765439460.7473993 || MSG_MTo, MSG_MTo_START_T: 0.0, MSG_MTo_END_T: 0.0
Loaded FEMNIST test split partition_id=34 with 376 samples
Wall-clock time: 1765439570.4226594 ||Test loss: 0.5001 || Test accuracy: 0.8165 || CPU time: 7.5677 || CPU utilization: 0.1261 || R#514's duration (s): 60.0121 || Cumulative runtime (s): 37066.7681 || Loading data delay (s): 6.6969 || Eval delay (s): 0.5681 || Agg delay (s): 0.0000 || Coordination delay (s): 0.0000 || DIST task delay: 0.0000 || RECV task delay: 0.0000 || Queueing delay: 0.0000 || MSG (from mid) Ave. delay: 0.0000 || Total cache delay: 0.0000 || Ave. cache delay: 0.0000
[R#514] CUMULATIVE_RUNTIME_SEC=37066.7681
Top Aggregator Timestamps: CACHE, CACHE_START_T: 0.0, CACHE_END_T: 0.0 || AGG, AGG_START_T: 0.0, AGG_END_T: 0.0 || EVAL, EVAL_START_T: 1765439569.8545377, EVAL_END_T: 1765439570.4226322 || RECV, RECV_START_T: 0.0, RECV_END_T: 0.0 || DIST, DIST_START_T: 0.0, DIST_END_T: 0.0 || LOAD, LOAD_START_T: 1765439510.4135556, LOAD_END_T: 1765439517.1104228 || MSG_MTo, MSG_MTo_START_T: 0.0, MSG_MTo_END_T: 0.0
Loaded FEMNIST test split partition_id=22 with 334 samples
Wall-clock time: 1765439632.5988743 ||Test loss: 0.8327 || Test accuracy: 0.7695 || CPU time: 6.5965 || CPU utilization: 0.1061 || R#515's duration (s): 62.1762 || Cumulative runtime (s): 37128.9444 || Loading data delay (s): 6.5645 || Eval delay (s): 0.4927 || Agg delay (s): 0.0000 || Coordination delay (s): 0.0000 || DIST task delay: 0.0000 || RECV task delay: 0.0000 || Queueing delay: 0.0000 || MSG (from mid) Ave. delay: 0.0000 || Total cache delay: 0.0000 || Ave. cache delay: 0.0000
[R#515] CUMULATIVE_RUNTIME_SEC=37128.9444
Top Aggregator Timestamps: CACHE, CACHE_START_T: 0.0, CACHE_END_T: 0.0 || AGG, AGG_START_T: 0.0, AGG_END_T: 0.0 || EVAL, EVAL_START_T: 1765439632.1061323, EVAL_END_T: 1765439632.5988474 || RECV, RECV_START_T: 0.0, RECV_END_T: 0.0 || DIST, DIST_START_T: 0.0, DIST_END_T: 0.0 || LOAD, LOAD_START_T: 1765439570.4258704, LOAD_END_T: 1765439576.9903848 || MSG_MTo, MSG_MTo_START_T: 0.0, MSG_MTo_END_T: 0.0
Loaded FEMNIST test split partition_id=54 with 428 samples
Wall-clock time: 1765439711.8478098 ||Test loss: 0.1946 || Test accuracy: 0.9439 || CPU time: 8.4515 || CPU utilization: 0.1066 || R#516's duration (s): 79.2489 || Cumulative runtime (s): 37208.1933 || Loading data delay (s): 6.6080 || Eval delay (s): 0.6321 || Agg delay (s): 0.0000 || Coordination delay (s): 0.0000 || DIST task delay: 0.0000 || RECV task delay: 0.0000 || Queueing delay: 0.0000 || MSG (from mid) Ave. delay: 0.0000 || Total cache delay: 0.0000 || Ave. cache delay: 0.0000
[R#516] CUMULATIVE_RUNTIME_SEC=37208.1933
Top Aggregator Timestamps: CACHE, CACHE_START_T: 0.0, CACHE_END_T: 0.0 || AGG, AGG_START_T: 0.0, AGG_END_T: 0.0 || EVAL, EVAL_START_T: 1765439711.215707, EVAL_END_T: 1765439711.8477829 || RECV, RECV_START_T: 0.0, RECV_END_T: 0.0 || DIST, DIST_START_T: 0.0, DIST_END_T: 0.0 || LOAD, LOAD_START_T: 1765439632.602138, LOAD_END_T: 1765439639.2100923 || MSG_MTo, MSG_MTo_START_T: 0.0, MSG_MTo_END_T: 0.0
Loaded FEMNIST test split partition_id=13 with 329 samples
Wall-clock time: 1765439773.539809 ||Test loss: 0.5847 || Test accuracy: 0.8085 || CPU time: 6.6389 || CPU utilization: 0.1076 || R#517's duration (s): 61.6920 || Cumulative runtime (s): 37269.8853 || Loading data delay (s): 6.9590 || Eval delay (s): 0.4943 || Agg delay (s): 0.0000 || Coordination delay (s): 0.0000 || DIST task delay: 0.0000 || RECV task delay: 0.0000 || Queueing delay: 0.0000 || MSG (from mid) Ave. delay: 0.0000 || Total cache delay: 0.0000 || Ave. cache delay: 0.0000
[R#517] CUMULATIVE_RUNTIME_SEC=37269.8853
Top Aggregator Timestamps: CACHE, CACHE_START_T: 0.0, CACHE_END_T: 0.0 || AGG, AGG_START_T: 0.0, AGG_END_T: 0.0 || EVAL, EVAL_START_T: 1765439773.0454705, EVAL_END_T: 1765439773.539781 || RECV, RECV_START_T: 0.0, RECV_END_T: 0.0 || DIST, DIST_START_T: 0.0, DIST_END_T: 0.0 || LOAD, LOAD_START_T: 1765439711.8510838, LOAD_END_T: 1765439718.8101182 || MSG_MTo, MSG_MTo_START_T: 0.0, MSG_MTo_END_T: 0.0
Loaded FEMNIST test split partition_id=1 with 413 samples
Wall-clock time: 1765439860.094487 ||Test loss: 0.2740 || Test accuracy: 0.9056 || CPU time: 8.1356 || CPU utilization: 0.0940 || R#518's duration (s): 86.5547 || Cumulative runtime (s): 37356.4400 || Loading data delay (s): 6.4443 || Eval delay (s): 0.6082 || Agg delay (s): 0.0000 || Coordination delay (s): 0.0000 || DIST task delay: 0.0000 || RECV task delay: 0.0000 || Queueing delay: 0.0000 || MSG (from mid) Ave. delay: 0.0000 || Total cache delay: 0.0000 || Ave. cache delay: 0.0000
[R#518] CUMULATIVE_RUNTIME_SEC=37356.4400
Top Aggregator Timestamps: CACHE, CACHE_START_T: 0.0, CACHE_END_T: 0.0 || AGG, AGG_START_T: 0.0, AGG_END_T: 0.0 || EVAL, EVAL_START_T: 1765439859.4862227, EVAL_END_T: 1765439860.0944588 || RECV, RECV_START_T: 0.0, RECV_END_T: 0.0 || DIST, DIST_START_T: 0.0, DIST_END_T: 0.0 || LOAD, LOAD_START_T: 1765439773.5430915, LOAD_END_T: 1765439779.9873607 || MSG_MTo, MSG_MTo_START_T: 0.0, MSG_MTo_END_T: 0.0
Loaded FEMNIST test split partition_id=13 with 329 samples
Wall-clock time: 1765439933.2287655 ||Test loss: 0.5835 || Test accuracy: 0.8237 || CPU time: 6.6755 || CPU utilization: 0.0913 || R#519's duration (s): 73.1343 || Cumulative runtime (s): 37429.5743 || Loading data delay (s): 6.6996 || Eval delay (s): 0.4925 || Agg delay (s): 0.0000 || Coordination delay (s): 0.0000 || DIST task delay: 0.0000 || RECV task delay: 0.0000 || Queueing delay: 0.0000 || MSG (from mid) Ave. delay: 0.0000 || Total cache delay: 0.0000 || Ave. cache delay: 0.0000
[R#519] CUMULATIVE_RUNTIME_SEC=37429.5743
Top Aggregator Timestamps: CACHE, CACHE_START_T: 0.0, CACHE_END_T: 0.0 || AGG, AGG_START_T: 0.0, AGG_END_T: 0.0 || EVAL, EVAL_START_T: 1765439932.7362134, EVAL_END_T: 1765439933.2287395 || RECV, RECV_START_T: 0.0, RECV_END_T: 0.0 || DIST, DIST_START_T: 0.0, DIST_END_T: 0.0 || LOAD, LOAD_START_T: 1765439860.09858, LOAD_END_T: 1765439866.798202 || MSG_MTo, MSG_MTo_START_T: 0.0, MSG_MTo_END_T: 0.0
Loaded FEMNIST test split partition_id=41 with 358 samples
Wall-clock time: 1765440003.0739734 ||Test loss: 0.6105 || Test accuracy: 0.8408 || CPU time: 7.4577 || CPU utilization: 0.1068 || R#520's duration (s): 69.8452 || Cumulative runtime (s): 37499.4195 || Loading data delay (s): 6.8567 || Eval delay (s): 0.5505 || Agg delay (s): 0.0000 || Coordination delay (s): 0.0000 || DIST task delay: 0.0000 || RECV task delay: 0.0000 || Queueing delay: 0.0000 || MSG (from mid) Ave. delay: 0.0000 || Total cache delay: 0.0000 || Ave. cache delay: 0.0000
[R#520] CUMULATIVE_RUNTIME_SEC=37499.4195
Top Aggregator Timestamps: CACHE, CACHE_START_T: 0.0, CACHE_END_T: 0.0 || AGG, AGG_START_T: 0.0, AGG_END_T: 0.0 || EVAL, EVAL_START_T: 1765440002.5234597, EVAL_END_T: 1765440003.0739522 || RECV, RECV_START_T: 0.0, RECV_END_T: 0.0 || DIST, DIST_START_T: 0.0, DIST_END_T: 0.0 || LOAD, LOAD_START_T: 1765439933.2331512, LOAD_END_T: 1765439940.089882 || MSG_MTo, MSG_MTo_START_T: 0.0, MSG_MTo_END_T: 0.0
Loaded FEMNIST test split partition_id=48 with 131 samples
Wall-clock time: 1765440075.5358605 ||Test loss: 4.5864 || Test accuracy: 0.2290 || CPU time: 2.9321 || CPU utilization: 0.0405 || R#521's duration (s): 72.4619 || Cumulative runtime (s): 37571.8813 || Loading data delay (s): 7.4637 || Eval delay (s): 0.2079 || Agg delay (s): 0.0000 || Coordination delay (s): 0.0000 || DIST task delay: 0.0000 || RECV task delay: 0.0000 || Queueing delay: 0.0000 || MSG (from mid) Ave. delay: 0.0000 || Total cache delay: 0.0000 || Ave. cache delay: 0.0000
[R#521] CUMULATIVE_RUNTIME_SEC=37571.8813
Top Aggregator Timestamps: CACHE, CACHE_START_T: 0.0, CACHE_END_T: 0.0 || AGG, AGG_START_T: 0.0, AGG_END_T: 0.0 || EVAL, EVAL_START_T: 1765440075.3278973, EVAL_END_T: 1765440075.5358362 || RECV, RECV_START_T: 0.0, RECV_END_T: 0.0 || DIST, DIST_START_T: 0.0, DIST_END_T: 0.0 || LOAD, LOAD_START_T: 1765440003.077327, LOAD_END_T: 1765440010.5410562 || MSG_MTo, MSG_MTo_START_T: 0.0, MSG_MTo_END_T: 0.0
Loaded FEMNIST test split partition_id=64 with 355 samples
Wall-clock time: 1765440159.817847 ||Test loss: 0.7667 || Test accuracy: 0.7775 || CPU time: 7.2187 || CPU utilization: 0.0856 || R#522's duration (s): 84.2820 || Cumulative runtime (s): 37656.1633 || Loading data delay (s): 6.8712 || Eval delay (s): 0.5311 || Agg delay (s): 0.0000 || Coordination delay (s): 0.0000 || DIST task delay: 0.0000 || RECV task delay: 0.0000 || Queueing delay: 0.0000 || MSG (from mid) Ave. delay: 0.0000 || Total cache delay: 0.0000 || Ave. cache delay: 0.0000
[R#522] CUMULATIVE_RUNTIME_SEC=37656.1633
Top Aggregator Timestamps: CACHE, CACHE_START_T: 0.0, CACHE_END_T: 0.0 || AGG, AGG_START_T: 0.0, AGG_END_T: 0.0 || EVAL, EVAL_START_T: 1765440159.2867174, EVAL_END_T: 1765440159.8178215 || RECV, RECV_START_T: 0.0, RECV_END_T: 0.0 || DIST, DIST_START_T: 0.0, DIST_END_T: 0.0 || LOAD, LOAD_START_T: 1765440075.539806, LOAD_END_T: 1765440082.4110212 || MSG_MTo, MSG_MTo_START_T: 0.0, MSG_MTo_END_T: 0.0
Loaded FEMNIST test split partition_id=39 with 373 samples
Wall-clock time: 1765440244.3360472 ||Test loss: 0.2985 || Test accuracy: 0.8928 || CPU time: 7.9018 || CPU utilization: 0.0935 || R#523's duration (s): 84.5182 || Cumulative runtime (s): 37740.6815 || Loading data delay (s): 6.2669 || Eval delay (s): 0.5893 || Agg delay (s): 0.0000 || Coordination delay (s): 0.0000 || DIST task delay: 0.0000 || RECV task delay: 0.0000 || Queueing delay: 0.0000 || MSG (from mid) Ave. delay: 0.0000 || Total cache delay: 0.0000 || Ave. cache delay: 0.0000
[R#523] CUMULATIVE_RUNTIME_SEC=37740.6815
Top Aggregator Timestamps: CACHE, CACHE_START_T: 0.0, CACHE_END_T: 0.0 || AGG, AGG_START_T: 0.0, AGG_END_T: 0.0 || EVAL, EVAL_START_T: 1765440243.746687, EVAL_END_T: 1765440244.3360224 || RECV, RECV_START_T: 0.0, RECV_END_T: 0.0 || DIST, DIST_START_T: 0.0, DIST_END_T: 0.0 || LOAD, LOAD_START_T: 1765440159.820804, LOAD_END_T: 1765440166.087753 || MSG_MTo, MSG_MTo_START_T: 0.0, MSG_MTo_END_T: 0.0
Loaded FEMNIST test split partition_id=30 with 284 samples
Wall-clock time: 1765440331.0810256 ||Test loss: 0.3747 || Test accuracy: 0.8803 || CPU time: 5.8150 || CPU utilization: 0.0670 || R#524's duration (s): 86.7450 || Cumulative runtime (s): 37827.4265 || Loading data delay (s): 6.8683 || Eval delay (s): 0.4245 || Agg delay (s): 0.0000 || Coordination delay (s): 0.0000 || DIST task delay: 0.0000 || RECV task delay: 0.0000 || Queueing delay: 0.0000 || MSG (from mid) Ave. delay: 0.0000 || Total cache delay: 0.0000 || Ave. cache delay: 0.0000
[R#524] CUMULATIVE_RUNTIME_SEC=37827.4265
Top Aggregator Timestamps: CACHE, CACHE_START_T: 0.0, CACHE_END_T: 0.0 || AGG, AGG_START_T: 0.0, AGG_END_T: 0.0 || EVAL, EVAL_START_T: 1765440330.6564534, EVAL_END_T: 1765440331.0810013 || RECV, RECV_START_T: 0.0, RECV_END_T: 0.0 || DIST, DIST_START_T: 0.0, DIST_END_T: 0.0 || LOAD, LOAD_START_T: 1765440244.3392391, LOAD_END_T: 1765440251.2075677 || MSG_MTo, MSG_MTo_START_T: 0.0, MSG_MTo_END_T: 0.0
Loaded FEMNIST test split partition_id=51 with 396 samples
Wall-clock time: 1765440406.8620439 ||Test loss: 0.2827 || Test accuracy: 0.9015 || CPU time: 7.8777 || CPU utilization: 0.1040 || R#525's duration (s): 75.7810 || Cumulative runtime (s): 37903.2075 || Loading data delay (s): 6.6960 || Eval delay (s): 0.5870 || Agg delay (s): 0.0000 || Coordination delay (s): 0.0000 || DIST task delay: 0.0000 || RECV task delay: 0.0000 || Queueing delay: 0.0000 || MSG (from mid) Ave. delay: 0.0000 || Total cache delay: 0.0000 || Ave. cache delay: 0.0000
[R#525] CUMULATIVE_RUNTIME_SEC=37903.2075
Top Aggregator Timestamps: CACHE, CACHE_START_T: 0.0, CACHE_END_T: 0.0 || AGG, AGG_START_T: 0.0, AGG_END_T: 0.0 || EVAL, EVAL_START_T: 1765440406.2750616, EVAL_END_T: 1765440406.8620164 || RECV, RECV_START_T: 0.0, RECV_END_T: 0.0 || DIST, DIST_START_T: 0.0, DIST_END_T: 0.0 || LOAD, LOAD_START_T: 1765440331.0843134, LOAD_END_T: 1765440337.780336 || MSG_MTo, MSG_MTo_START_T: 0.0, MSG_MTo_END_T: 0.0
Loaded FEMNIST test split partition_id=50 with 313 samples
Wall-clock time: 1765440480.5894856 ||Test loss: 0.4044 || Test accuracy: 0.8882 || CPU time: 6.3568 || CPU utilization: 0.0862 || R#526's duration (s): 73.7274 || Cumulative runtime (s): 37976.9350 || Loading data delay (s): 6.4633 || Eval delay (s): 0.4670 || Agg delay (s): 0.0000 || Coordination delay (s): 0.0000 || DIST task delay: 0.0000 || RECV task delay: 0.0000 || Queueing delay: 0.0000 || MSG (from mid) Ave. delay: 0.0000 || Total cache delay: 0.0000 || Ave. cache delay: 0.0000
[R#526] CUMULATIVE_RUNTIME_SEC=37976.9350
Top Aggregator Timestamps: CACHE, CACHE_START_T: 0.0, CACHE_END_T: 0.0 || AGG, AGG_START_T: 0.0, AGG_END_T: 0.0 || EVAL, EVAL_START_T: 1765440480.1224978, EVAL_END_T: 1765440480.5894601 || RECV, RECV_START_T: 0.0, RECV_END_T: 0.0 || DIST, DIST_START_T: 0.0, DIST_END_T: 0.0 || LOAD, LOAD_START_T: 1765440406.8653443, LOAD_END_T: 1765440413.3286202 || MSG_MTo, MSG_MTo_START_T: 0.0, MSG_MTo_END_T: 0.0
Loaded FEMNIST test split partition_id=52 with 218 samples
Wall-clock time: 1765440552.4841824 ||Test loss: 0.4281 || Test accuracy: 0.8761 || CPU time: 4.4892 || CPU utilization: 0.0624 || R#527's duration (s): 71.8947 || Cumulative runtime (s): 38048.8297 || Loading data delay (s): 6.5936 || Eval delay (s): 0.3281 || Agg delay (s): 0.0000 || Coordination delay (s): 0.0000 || DIST task delay: 0.0000 || RECV task delay: 0.0000 || Queueing delay: 0.0000 || MSG (from mid) Ave. delay: 0.0000 || Total cache delay: 0.0000 || Ave. cache delay: 0.0000
[R#527] CUMULATIVE_RUNTIME_SEC=38048.8297
Top Aggregator Timestamps: CACHE, CACHE_START_T: 0.0, CACHE_END_T: 0.0 || AGG, AGG_START_T: 0.0, AGG_END_T: 0.0 || EVAL, EVAL_START_T: 1765440552.1560762, EVAL_END_T: 1765440552.484159 || RECV, RECV_START_T: 0.0, RECV_END_T: 0.0 || DIST, DIST_START_T: 0.0, DIST_END_T: 0.0 || LOAD, LOAD_START_T: 1765440480.5922756, LOAD_END_T: 1765440487.185846 || MSG_MTo, MSG_MTo_START_T: 0.0, MSG_MTo_END_T: 0.0
Loaded FEMNIST test split partition_id=63 with 413 samples
Wall-clock time: 1765440622.8405874 ||Test loss: 0.3381 || Test accuracy: 0.8959 || CPU time: 8.0030 || CPU utilization: 0.1137 || R#528's duration (s): 70.3564 || Cumulative runtime (s): 38119.1861 || Loading data delay (s): 6.5869 || Eval delay (s): 0.6027 || Agg delay (s): 0.0000 || Coordination delay (s): 0.0000 || DIST task delay: 0.0000 || RECV task delay: 0.0000 || Queueing delay: 0.0000 || MSG (from mid) Ave. delay: 0.0000 || Total cache delay: 0.0000 || Ave. cache delay: 0.0000
[R#528] CUMULATIVE_RUNTIME_SEC=38119.1861
Top Aggregator Timestamps: CACHE, CACHE_START_T: 0.0, CACHE_END_T: 0.0 || AGG, AGG_START_T: 0.0, AGG_END_T: 0.0 || EVAL, EVAL_START_T: 1765440622.2378592, EVAL_END_T: 1765440622.8405638 || RECV, RECV_START_T: 0.0, RECV_END_T: 0.0 || DIST, DIST_START_T: 0.0, DIST_END_T: 0.0 || LOAD, LOAD_START_T: 1765440552.4873981, LOAD_END_T: 1765440559.0742617 || MSG_MTo, MSG_MTo_START_T: 0.0, MSG_MTo_END_T: 0.0
Loaded FEMNIST test split partition_id=6 with 380 samples
Wall-clock time: 1765440704.4341598 ||Test loss: 0.4509 || Test accuracy: 0.8737 || CPU time: 7.5941 || CPU utilization: 0.0931 || R#529's duration (s): 81.5936 || Cumulative runtime (s): 38200.7796 || Loading data delay (s): 6.5872 || Eval delay (s): 0.5718 || Agg delay (s): 0.0000 || Coordination delay (s): 0.0000 || DIST task delay: 0.0000 || RECV task delay: 0.0000 || Queueing delay: 0.0000 || MSG (from mid) Ave. delay: 0.0000 || Total cache delay: 0.0000 || Ave. cache delay: 0.0000
[R#529] CUMULATIVE_RUNTIME_SEC=38200.7796
Top Aggregator Timestamps: CACHE, CACHE_START_T: 0.0, CACHE_END_T: 0.0 || AGG, AGG_START_T: 0.0, AGG_END_T: 0.0 || EVAL, EVAL_START_T: 1765440703.8623009, EVAL_END_T: 1765440704.4341338 || RECV, RECV_START_T: 0.0, RECV_END_T: 0.0 || DIST, DIST_START_T: 0.0, DIST_END_T: 0.0 || LOAD, LOAD_START_T: 1765440622.8433754, LOAD_END_T: 1765440629.4306254 || MSG_MTo, MSG_MTo_START_T: 0.0, MSG_MTo_END_T: 0.0
Loaded FEMNIST test split partition_id=7 with 375 samples
Wall-clock time: 1765440779.729621 ||Test loss: 0.6430 || Test accuracy: 0.7867 || CPU time: 7.4231 || CPU utilization: 0.0986 || R#530's duration (s): 75.2955 || Cumulative runtime (s): 38276.0751 || Loading data delay (s): 6.6684 || Eval delay (s): 0.5506 || Agg delay (s): 0.0000 || Coordination delay (s): 0.0000 || DIST task delay: 0.0000 || RECV task delay: 0.0000 || Queueing delay: 0.0000 || MSG (from mid) Ave. delay: 0.0000 || Total cache delay: 0.0000 || Ave. cache delay: 0.0000
[R#530] CUMULATIVE_RUNTIME_SEC=38276.0751
Top Aggregator Timestamps: CACHE, CACHE_START_T: 0.0, CACHE_END_T: 0.0 || AGG, AGG_START_T: 0.0, AGG_END_T: 0.0 || EVAL, EVAL_START_T: 1765440779.1789978, EVAL_END_T: 1765440779.7295914 || RECV, RECV_START_T: 0.0, RECV_END_T: 0.0 || DIST, DIST_START_T: 0.0, DIST_END_T: 0.0 || LOAD, LOAD_START_T: 1765440704.4374897, LOAD_END_T: 1765440711.1058717 || MSG_MTo, MSG_MTo_START_T: 0.0, MSG_MTo_END_T: 0.0
Loaded FEMNIST test split partition_id=48 with 131 samples
Wall-clock time: 1765440849.8159344 ||Test loss: 4.3439 || Test accuracy: 0.2214 || CPU time: 2.8954 || CPU utilization: 0.0413 || R#531's duration (s): 70.0863 || Cumulative runtime (s): 38346.1614 || Loading data delay (s): 6.8785 || Eval delay (s): 0.2048 || Agg delay (s): 0.0000 || Coordination delay (s): 0.0000 || DIST task delay: 0.0000 || RECV task delay: 0.0000 || Queueing delay: 0.0000 || MSG (from mid) Ave. delay: 0.0000 || Total cache delay: 0.0000 || Ave. cache delay: 0.0000
[R#531] CUMULATIVE_RUNTIME_SEC=38346.1614
Top Aggregator Timestamps: CACHE, CACHE_START_T: 0.0, CACHE_END_T: 0.0 || AGG, AGG_START_T: 0.0, AGG_END_T: 0.0 || EVAL, EVAL_START_T: 1765440849.6110797, EVAL_END_T: 1765440849.815911 || RECV, RECV_START_T: 0.0, RECV_END_T: 0.0 || DIST, DIST_START_T: 0.0, DIST_END_T: 0.0 || LOAD, LOAD_START_T: 1765440779.732872, LOAD_END_T: 1765440786.611419 || MSG_MTo, MSG_MTo_START_T: 0.0, MSG_MTo_END_T: 0.0
Loaded FEMNIST test split partition_id=60 with 303 samples
Wall-clock time: 1765440919.705325 ||Test loss: 0.3693 || Test accuracy: 0.8944 || CPU time: 6.0286 || CPU utilization: 0.0863 || R#532's duration (s): 69.8894 || Cumulative runtime (s): 38416.0508 || Loading data delay (s): 6.6123 || Eval delay (s): 0.4479 || Agg delay (s): 0.0000 || Coordination delay (s): 0.0000 || DIST task delay: 0.0000 || RECV task delay: 0.0000 || Queueing delay: 0.0000 || MSG (from mid) Ave. delay: 0.0000 || Total cache delay: 0.0000 || Ave. cache delay: 0.0000
[R#532] CUMULATIVE_RUNTIME_SEC=38416.0508
Top Aggregator Timestamps: CACHE, CACHE_START_T: 0.0, CACHE_END_T: 0.0 || AGG, AGG_START_T: 0.0, AGG_END_T: 0.0 || EVAL, EVAL_START_T: 1765440919.257393, EVAL_END_T: 1765440919.7053013 || RECV, RECV_START_T: 0.0, RECV_END_T: 0.0 || DIST, DIST_START_T: 0.0, DIST_END_T: 0.0 || LOAD, LOAD_START_T: 1765440849.818716, LOAD_END_T: 1765440856.4309902 || MSG_MTo, MSG_MTo_START_T: 0.0, MSG_MTo_END_T: 0.0
Loaded FEMNIST test split partition_id=49 with 393 samples
Wall-clock time: 1765440989.0824041 ||Test loss: 0.2329 || Test accuracy: 0.9186 || CPU time: 7.8475 || CPU utilization: 0.1131 || R#533's duration (s): 69.3771 || Cumulative runtime (s): 38485.4279 || Loading data delay (s): 6.7573 || Eval delay (s): 0.5821 || Agg delay (s): 0.0000 || Coordination delay (s): 0.0000 || DIST task delay: 0.0000 || RECV task delay: 0.0000 || Queueing delay: 0.0000 || MSG (from mid) Ave. delay: 0.0000 || Total cache delay: 0.0000 || Ave. cache delay: 0.0000
[R#533] CUMULATIVE_RUNTIME_SEC=38485.4279
Top Aggregator Timestamps: CACHE, CACHE_START_T: 0.0, CACHE_END_T: 0.0 || AGG, AGG_START_T: 0.0, AGG_END_T: 0.0 || EVAL, EVAL_START_T: 1765440988.5002353, EVAL_END_T: 1765440989.0823762 || RECV, RECV_START_T: 0.0, RECV_END_T: 0.0 || DIST, DIST_START_T: 0.0, DIST_END_T: 0.0 || LOAD, LOAD_START_T: 1765440919.7085893, LOAD_END_T: 1765440926.4658945 || MSG_MTo, MSG_MTo_START_T: 0.0, MSG_MTo_END_T: 0.0
Loaded FEMNIST test split partition_id=13 with 329 samples
Wall-clock time: 1765441051.094396 ||Test loss: 0.5101 || Test accuracy: 0.8328 || CPU time: 6.4835 || CPU utilization: 0.1046 || R#534's duration (s): 62.0120 || Cumulative runtime (s): 38547.4399 || Loading data delay (s): 6.4290 || Eval delay (s): 0.4834 || Agg delay (s): 0.0000 || Coordination delay (s): 0.0000 || DIST task delay: 0.0000 || RECV task delay: 0.0000 || Queueing delay: 0.0000 || MSG (from mid) Ave. delay: 0.0000 || Total cache delay: 0.0000 || Ave. cache delay: 0.0000
[R#534] CUMULATIVE_RUNTIME_SEC=38547.4399
Top Aggregator Timestamps: CACHE, CACHE_START_T: 0.0, CACHE_END_T: 0.0 || AGG, AGG_START_T: 0.0, AGG_END_T: 0.0 || EVAL, EVAL_START_T: 1765441050.610932, EVAL_END_T: 1765441051.0943696 || RECV, RECV_START_T: 0.0, RECV_END_T: 0.0 || DIST, DIST_START_T: 0.0, DIST_END_T: 0.0 || LOAD, LOAD_START_T: 1765440989.0856304, LOAD_END_T: 1765440995.5146298 || MSG_MTo, MSG_MTo_START_T: 0.0, MSG_MTo_END_T: 0.0
Loaded FEMNIST test split partition_id=50 with 313 samples
Wall-clock time: 1765441155.0103323 ||Test loss: 0.3112 || Test accuracy: 0.9265 || CPU time: 6.2903 || CPU utilization: 0.0605 || R#535's duration (s): 103.9159 || Cumulative runtime (s): 38651.3558 || Loading data delay (s): 6.6635 || Eval delay (s): 0.4626 || Agg delay (s): 0.0000 || Coordination delay (s): 0.0000 || DIST task delay: 0.0000 || RECV task delay: 0.0000 || Queueing delay: 0.0000 || MSG (from mid) Ave. delay: 0.0000 || Total cache delay: 0.0000 || Ave. cache delay: 0.0000
[R#535] CUMULATIVE_RUNTIME_SEC=38651.3558
Top Aggregator Timestamps: CACHE, CACHE_START_T: 0.0, CACHE_END_T: 0.0 || AGG, AGG_START_T: 0.0, AGG_END_T: 0.0 || EVAL, EVAL_START_T: 1765441154.5476687, EVAL_END_T: 1765441155.010307 || RECV, RECV_START_T: 0.0, RECV_END_T: 0.0 || DIST, DIST_START_T: 0.0, DIST_END_T: 0.0 || LOAD, LOAD_START_T: 1765441051.097138, LOAD_END_T: 1765441057.7605946 || MSG_MTo, MSG_MTo_START_T: 0.0, MSG_MTo_END_T: 0.0
Loaded FEMNIST test split partition_id=3 with 397 samples
Wall-clock time: 1765441214.7916749 ||Test loss: 0.3620 || Test accuracy: 0.9093 || CPU time: 7.6596 || CPU utilization: 0.1281 || R#536's duration (s): 59.7813 || Cumulative runtime (s): 38711.1372 || Loading data delay (s): 6.6705 || Eval delay (s): 0.5779 || Agg delay (s): 0.0000 || Coordination delay (s): 0.0000 || DIST task delay: 0.0000 || RECV task delay: 0.0000 || Queueing delay: 0.0000 || MSG (from mid) Ave. delay: 0.0000 || Total cache delay: 0.0000 || Ave. cache delay: 0.0000
[R#536] CUMULATIVE_RUNTIME_SEC=38711.1372
Top Aggregator Timestamps: CACHE, CACHE_START_T: 0.0, CACHE_END_T: 0.0 || AGG, AGG_START_T: 0.0, AGG_END_T: 0.0 || EVAL, EVAL_START_T: 1765441214.213765, EVAL_END_T: 1765441214.7916505 || RECV, RECV_START_T: 0.0, RECV_END_T: 0.0 || DIST, DIST_START_T: 0.0, DIST_END_T: 0.0 || LOAD, LOAD_START_T: 1765441155.0136085, LOAD_END_T: 1765441161.6841104 || MSG_MTo, MSG_MTo_START_T: 0.0, MSG_MTo_END_T: 0.0
Loaded FEMNIST test split partition_id=8 with 418 samples
Wall-clock time: 1765441301.1926544 ||Test loss: 0.1614 || Test accuracy: 0.9330 || CPU time: 8.2194 || CPU utilization: 0.0951 || R#537's duration (s): 86.4010 || Cumulative runtime (s): 38797.5381 || Loading data delay (s): 6.5160 || Eval delay (s): 0.6144 || Agg delay (s): 0.0000 || Coordination delay (s): 0.0000 || DIST task delay: 0.0000 || RECV task delay: 0.0000 || Queueing delay: 0.0000 || MSG (from mid) Ave. delay: 0.0000 || Total cache delay: 0.0000 || Ave. cache delay: 0.0000
[R#537] CUMULATIVE_RUNTIME_SEC=38797.5381
Top Aggregator Timestamps: CACHE, CACHE_START_T: 0.0, CACHE_END_T: 0.0 || AGG, AGG_START_T: 0.0, AGG_END_T: 0.0 || EVAL, EVAL_START_T: 1765441300.5782454, EVAL_END_T: 1765441301.1926262 || RECV, RECV_START_T: 0.0, RECV_END_T: 0.0 || DIST, DIST_START_T: 0.0, DIST_END_T: 0.0 || LOAD, LOAD_START_T: 1765441214.7944386, LOAD_END_T: 1765441221.3104708 || MSG_MTo, MSG_MTo_START_T: 0.0, MSG_MTo_END_T: 0.0
Loaded FEMNIST test split partition_id=24 with 374 samples
Wall-clock time: 1765441364.7266486 ||Test loss: 0.4183 || Test accuracy: 0.8717 || CPU time: 7.4515 || CPU utilization: 0.1173 || R#538's duration (s): 63.5340 || Cumulative runtime (s): 38861.0721 || Loading data delay (s): 6.6796 || Eval delay (s): 0.5521 || Agg delay (s): 0.0000 || Coordination delay (s): 0.0000 || DIST task delay: 0.0000 || RECV task delay: 0.0000 || Queueing delay: 0.0000 || MSG (from mid) Ave. delay: 0.0000 || Total cache delay: 0.0000 || Ave. cache delay: 0.0000
[R#538] CUMULATIVE_RUNTIME_SEC=38861.0721
Top Aggregator Timestamps: CACHE, CACHE_START_T: 0.0, CACHE_END_T: 0.0 || AGG, AGG_START_T: 0.0, AGG_END_T: 0.0 || EVAL, EVAL_START_T: 1765441364.1745458, EVAL_END_T: 1765441364.726625 || RECV, RECV_START_T: 0.0, RECV_END_T: 0.0 || DIST, DIST_START_T: 0.0, DIST_END_T: 0.0 || LOAD, LOAD_START_T: 1765441301.195894, LOAD_END_T: 1765441307.8755293 || MSG_MTo, MSG_MTo_START_T: 0.0, MSG_MTo_END_T: 0.0
Loaded FEMNIST test split partition_id=46 with 430 samples
Wall-clock time: 1765441435.3061774 ||Test loss: 0.1745 || Test accuracy: 0.9419 || CPU time: 8.4733 || CPU utilization: 0.1201 || R#539's duration (s): 70.5795 || Cumulative runtime (s): 38931.6517 || Loading data delay (s): 6.5480 || Eval delay (s): 0.6353 || Agg delay (s): 0.0000 || Coordination delay (s): 0.0000 || DIST task delay: 0.0000 || RECV task delay: 0.0000 || Queueing delay: 0.0000 || MSG (from mid) Ave. delay: 0.0000 || Total cache delay: 0.0000 || Ave. cache delay: 0.0000
[R#539] CUMULATIVE_RUNTIME_SEC=38931.6517
Top Aggregator Timestamps: CACHE, CACHE_START_T: 0.0, CACHE_END_T: 0.0 || AGG, AGG_START_T: 0.0, AGG_END_T: 0.0 || EVAL, EVAL_START_T: 1765441434.6708422, EVAL_END_T: 1765441435.3061538 || RECV, RECV_START_T: 0.0, RECV_END_T: 0.0 || DIST, DIST_START_T: 0.0, DIST_END_T: 0.0 || LOAD, LOAD_START_T: 1765441364.7294087, LOAD_END_T: 1765441371.2773995 || MSG_MTo, MSG_MTo_START_T: 0.0, MSG_MTo_END_T: 0.0
Loaded FEMNIST test split partition_id=7 with 375 samples
Wall-clock time: 1765441498.3456256 ||Test loss: 0.6660 || Test accuracy: 0.7920 || CPU time: 7.5507 || CPU utilization: 0.1198 || R#540's duration (s): 63.0394 || Cumulative runtime (s): 38994.6911 || Loading data delay (s): 6.6542 || Eval delay (s): 0.5605 || Agg delay (s): 0.0000 || Coordination delay (s): 0.0000 || DIST task delay: 0.0000 || RECV task delay: 0.0000 || Queueing delay: 0.0000 || MSG (from mid) Ave. delay: 0.0000 || Total cache delay: 0.0000 || Ave. cache delay: 0.0000
[R#540] CUMULATIVE_RUNTIME_SEC=38994.6911
Top Aggregator Timestamps: CACHE, CACHE_START_T: 0.0, CACHE_END_T: 0.0 || AGG, AGG_START_T: 0.0, AGG_END_T: 0.0 || EVAL, EVAL_START_T: 1765441497.785132, EVAL_END_T: 1765441498.345594 || RECV, RECV_START_T: 0.0, RECV_END_T: 0.0 || DIST, DIST_START_T: 0.0, DIST_END_T: 0.0 || LOAD, LOAD_START_T: 1765441435.3090527, LOAD_END_T: 1765441441.9632292 || MSG_MTo, MSG_MTo_START_T: 0.0, MSG_MTo_END_T: 0.0
Loaded FEMNIST test split partition_id=13 with 329 samples
Wall-clock time: 1765441564.7863371 ||Test loss: 0.6082 || Test accuracy: 0.8237 || CPU time: 6.5759 || CPU utilization: 0.0990 || R#541's duration (s): 66.4407 || Cumulative runtime (s): 39061.1318 || Loading data delay (s): 6.6075 || Eval delay (s): 0.4882 || Agg delay (s): 0.0000 || Coordination delay (s): 0.0000 || DIST task delay: 0.0000 || RECV task delay: 0.0000 || Queueing delay: 0.0000 || MSG (from mid) Ave. delay: 0.0000 || Total cache delay: 0.0000 || Ave. cache delay: 0.0000
[R#541] CUMULATIVE_RUNTIME_SEC=39061.1318
Top Aggregator Timestamps: CACHE, CACHE_START_T: 0.0, CACHE_END_T: 0.0 || AGG, AGG_START_T: 0.0, AGG_END_T: 0.0 || EVAL, EVAL_START_T: 1765441564.2981603, EVAL_END_T: 1765441564.7863104 || RECV, RECV_START_T: 0.0, RECV_END_T: 0.0 || DIST, DIST_START_T: 0.0, DIST_END_T: 0.0 || LOAD, LOAD_START_T: 1765441498.3483863, LOAD_END_T: 1765441504.9558532 || MSG_MTo, MSG_MTo_START_T: 0.0, MSG_MTo_END_T: 0.0
Loaded FEMNIST test split partition_id=53 with 326 samples
Wall-clock time: 1765441658.8110383 ||Test loss: 0.7481 || Test accuracy: 0.8190 || CPU time: 6.5585 || CPU utilization: 0.0698 || R#542's duration (s): 94.0247 || Cumulative runtime (s): 39155.1565 || Loading data delay (s): 6.6508 || Eval delay (s): 0.4833 || Agg delay (s): 0.0000 || Coordination delay (s): 0.0000 || DIST task delay: 0.0000 || RECV task delay: 0.0000 || Queueing delay: 0.0000 || MSG (from mid) Ave. delay: 0.0000 || Total cache delay: 0.0000 || Ave. cache delay: 0.0000
[R#542] CUMULATIVE_RUNTIME_SEC=39155.1565
Top Aggregator Timestamps: CACHE, CACHE_START_T: 0.0, CACHE_END_T: 0.0 || AGG, AGG_START_T: 0.0, AGG_END_T: 0.0 || EVAL, EVAL_START_T: 1765441658.32767, EVAL_END_T: 1765441658.8110123 || RECV, RECV_START_T: 0.0, RECV_END_T: 0.0 || DIST, DIST_START_T: 0.0, DIST_END_T: 0.0 || LOAD, LOAD_START_T: 1765441564.789573, LOAD_END_T: 1765441571.4403322 || MSG_MTo, MSG_MTo_START_T: 0.0, MSG_MTo_END_T: 0.0
Loaded FEMNIST test split partition_id=34 with 376 samples
Wall-clock time: 1765441725.8460498 ||Test loss: 0.4659 || Test accuracy: 0.8537 || CPU time: 7.5182 || CPU utilization: 0.1122 || R#543's duration (s): 67.0350 || Cumulative runtime (s): 39222.1915 || Loading data delay (s): 6.6980 || Eval delay (s): 0.5607 || Agg delay (s): 0.0000 || Coordination delay (s): 0.0000 || DIST task delay: 0.0000 || RECV task delay: 0.0000 || Queueing delay: 0.0000 || MSG (from mid) Ave. delay: 0.0000 || Total cache delay: 0.0000 || Ave. cache delay: 0.0000
[R#543] CUMULATIVE_RUNTIME_SEC=39222.1915
Top Aggregator Timestamps: CACHE, CACHE_START_T: 0.0, CACHE_END_T: 0.0 || AGG, AGG_START_T: 0.0, AGG_END_T: 0.0 || EVAL, EVAL_START_T: 1765441725.285314, EVAL_END_T: 1765441725.8460257 || RECV, RECV_START_T: 0.0, RECV_END_T: 0.0 || DIST, DIST_START_T: 0.0, DIST_END_T: 0.0 || LOAD, LOAD_START_T: 1765441658.8139074, LOAD_END_T: 1765441665.5119042 || MSG_MTo, MSG_MTo_START_T: 0.0, MSG_MTo_END_T: 0.0
Loaded FEMNIST test split partition_id=38 with 347 samples
Wall-clock time: 1765441785.6478982 ||Test loss: 0.4982 || Test accuracy: 0.8761 || CPU time: 6.9791 || CPU utilization: 0.1167 || R#544's duration (s): 59.8018 || Cumulative runtime (s): 39281.9934 || Loading data delay (s): 6.7258 || Eval delay (s): 0.5194 || Agg delay (s): 0.0000 || Coordination delay (s): 0.0000 || DIST task delay: 0.0000 || RECV task delay: 0.0000 || Queueing delay: 0.0000 || MSG (from mid) Ave. delay: 0.0000 || Total cache delay: 0.0000 || Ave. cache delay: 0.0000
[R#544] CUMULATIVE_RUNTIME_SEC=39281.9934
Top Aggregator Timestamps: CACHE, CACHE_START_T: 0.0, CACHE_END_T: 0.0 || AGG, AGG_START_T: 0.0, AGG_END_T: 0.0 || EVAL, EVAL_START_T: 1765441785.1284206, EVAL_END_T: 1765441785.6478617 || RECV, RECV_START_T: 0.0, RECV_END_T: 0.0 || DIST, DIST_START_T: 0.0, DIST_END_T: 0.0 || LOAD, LOAD_START_T: 1765441725.849312, LOAD_END_T: 1765441732.575063 || MSG_MTo, MSG_MTo_START_T: 0.0, MSG_MTo_END_T: 0.0
Loaded FEMNIST test split partition_id=47 with 395 samples
Wall-clock time: 1765441854.6710887 ||Test loss: 0.3907 || Test accuracy: 0.8911 || CPU time: 8.2610 || CPU utilization: 0.1197 || R#545's duration (s): 69.0232 || Cumulative runtime (s): 39351.0166 || Loading data delay (s): 6.9758 || Eval delay (s): 0.6113 || Agg delay (s): 0.0000 || Coordination delay (s): 0.0000 || DIST task delay: 0.0000 || RECV task delay: 0.0000 || Queueing delay: 0.0000 || MSG (from mid) Ave. delay: 0.0000 || Total cache delay: 0.0000 || Ave. cache delay: 0.0000
[R#545] CUMULATIVE_RUNTIME_SEC=39351.0166
Top Aggregator Timestamps: CACHE, CACHE_START_T: 0.0, CACHE_END_T: 0.0 || AGG, AGG_START_T: 0.0, AGG_END_T: 0.0 || EVAL, EVAL_START_T: 1765441854.0597322, EVAL_END_T: 1765441854.6710658 || RECV, RECV_START_T: 0.0, RECV_END_T: 0.0 || DIST, DIST_START_T: 0.0, DIST_END_T: 0.0 || LOAD, LOAD_START_T: 1765441785.6513562, LOAD_END_T: 1765441792.6271465 || MSG_MTo, MSG_MTo_START_T: 0.0, MSG_MTo_END_T: 0.0
Loaded FEMNIST test split partition_id=14 with 378 samples
Wall-clock time: 1765441915.3808532 ||Test loss: 0.2131 || Test accuracy: 0.9286 || CPU time: 8.0283 || CPU utilization: 0.1322 || R#546's duration (s): 60.7098 || Cumulative runtime (s): 39411.7263 || Loading data delay (s): 6.4331 || Eval delay (s): 0.5992 || Agg delay (s): 0.0000 || Coordination delay (s): 0.0000 || DIST task delay: 0.0000 || RECV task delay: 0.0000 || Queueing delay: 0.0000 || MSG (from mid) Ave. delay: 0.0000 || Total cache delay: 0.0000 || Ave. cache delay: 0.0000
[R#546] CUMULATIVE_RUNTIME_SEC=39411.7263
Top Aggregator Timestamps: CACHE, CACHE_START_T: 0.0, CACHE_END_T: 0.0 || AGG, AGG_START_T: 0.0, AGG_END_T: 0.0 || EVAL, EVAL_START_T: 1765441914.7816658, EVAL_END_T: 1765441915.380827 || RECV, RECV_START_T: 0.0, RECV_END_T: 0.0 || DIST, DIST_START_T: 0.0, DIST_END_T: 0.0 || LOAD, LOAD_START_T: 1765441854.6740189, LOAD_END_T: 1765441861.1071262 || MSG_MTo, MSG_MTo_START_T: 0.0, MSG_MTo_END_T: 0.0
Loaded FEMNIST test split partition_id=21 with 292 samples
Wall-clock time: 1765441976.183388 ||Test loss: 1.0648 || Test accuracy: 0.7534 || CPU time: 6.0721 || CPU utilization: 0.0999 || R#547's duration (s): 60.8025 || Cumulative runtime (s): 39472.5289 || Loading data delay (s): 6.9839 || Eval delay (s): 0.4437 || Agg delay (s): 0.0000 || Coordination delay (s): 0.0000 || DIST task delay: 0.0000 || RECV task delay: 0.0000 || Queueing delay: 0.0000 || MSG (from mid) Ave. delay: 0.0000 || Total cache delay: 0.0000 || Ave. cache delay: 0.0000
[R#547] CUMULATIVE_RUNTIME_SEC=39472.5289
Top Aggregator Timestamps: CACHE, CACHE_START_T: 0.0, CACHE_END_T: 0.0 || AGG, AGG_START_T: 0.0, AGG_END_T: 0.0 || EVAL, EVAL_START_T: 1765441975.7396383, EVAL_END_T: 1765441976.1833599 || RECV, RECV_START_T: 0.0, RECV_END_T: 0.0 || DIST, DIST_START_T: 0.0, DIST_END_T: 0.0 || LOAD, LOAD_START_T: 1765441915.3843198, LOAD_END_T: 1765441922.3682423 || MSG_MTo, MSG_MTo_START_T: 0.0, MSG_MTo_END_T: 0.0
Loaded FEMNIST test split partition_id=18 with 383 samples
Wall-clock time: 1765442046.8781617 ||Test loss: 0.5329 || Test accuracy: 0.8225 || CPU time: 7.7798 || CPU utilization: 0.1100 || R#548's duration (s): 70.6948 || Cumulative runtime (s): 39543.2237 || Loading data delay (s): 6.3297 || Eval delay (s): 0.5813 || Agg delay (s): 0.0000 || Coordination delay (s): 0.0000 || DIST task delay: 0.0000 || RECV task delay: 0.0000 || Queueing delay: 0.0000 || MSG (from mid) Ave. delay: 0.0000 || Total cache delay: 0.0000 || Ave. cache delay: 0.0000
[R#548] CUMULATIVE_RUNTIME_SEC=39543.2237
Top Aggregator Timestamps: CACHE, CACHE_START_T: 0.0, CACHE_END_T: 0.0 || AGG, AGG_START_T: 0.0, AGG_END_T: 0.0 || EVAL, EVAL_START_T: 1765442046.2968102, EVAL_END_T: 1765442046.8781188 || RECV, RECV_START_T: 0.0, RECV_END_T: 0.0 || DIST, DIST_START_T: 0.0, DIST_END_T: 0.0 || LOAD, LOAD_START_T: 1765441976.1866608, LOAD_END_T: 1765441982.5163589 || MSG_MTo, MSG_MTo_START_T: 0.0, MSG_MTo_END_T: 0.0
Loaded FEMNIST test split partition_id=63 with 413 samples
Wall-clock time: 1765442128.5546808 ||Test loss: 0.3055 || Test accuracy: 0.9007 || CPU time: 8.2799 || CPU utilization: 0.1014 || R#549's duration (s): 81.6765 || Cumulative runtime (s): 39624.9002 || Loading data delay (s): 6.7977 || Eval delay (s): 0.6187 || Agg delay (s): 0.0000 || Coordination delay (s): 0.0000 || DIST task delay: 0.0000 || RECV task delay: 0.0000 || Queueing delay: 0.0000 || MSG (from mid) Ave. delay: 0.0000 || Total cache delay: 0.0000 || Ave. cache delay: 0.0000
[R#549] CUMULATIVE_RUNTIME_SEC=39624.9002
Top Aggregator Timestamps: CACHE, CACHE_START_T: 0.0, CACHE_END_T: 0.0 || AGG, AGG_START_T: 0.0, AGG_END_T: 0.0 || EVAL, EVAL_START_T: 1765442127.9359508, EVAL_END_T: 1765442128.5546422 || RECV, RECV_START_T: 0.0, RECV_END_T: 0.0 || DIST, DIST_START_T: 0.0, DIST_END_T: 0.0 || LOAD, LOAD_START_T: 1765442046.881773, LOAD_END_T: 1765442053.6794658 || MSG_MTo, MSG_MTo_START_T: 0.0, MSG_MTo_END_T: 0.0
Loaded FEMNIST test split partition_id=12 with 308 samples
Wall-clock time: 1765442219.477806 ||Test loss: 0.4923 || Test accuracy: 0.8604 || CPU time: 6.4378 || CPU utilization: 0.0708 || R#550's duration (s): 90.9231 || Cumulative runtime (s): 39715.8233 || Loading data delay (s): 6.6843 || Eval delay (s): 0.4748 || Agg delay (s): 0.0000 || Coordination delay (s): 0.0000 || DIST task delay: 0.0000 || RECV task delay: 0.0000 || Queueing delay: 0.0000 || MSG (from mid) Ave. delay: 0.0000 || Total cache delay: 0.0000 || Ave. cache delay: 0.0000
[R#550] CUMULATIVE_RUNTIME_SEC=39715.8233
Top Aggregator Timestamps: CACHE, CACHE_START_T: 0.0, CACHE_END_T: 0.0 || AGG, AGG_START_T: 0.0, AGG_END_T: 0.0 || EVAL, EVAL_START_T: 1765442219.0030215, EVAL_END_T: 1765442219.4777727 || RECV, RECV_START_T: 0.0, RECV_END_T: 0.0 || DIST, DIST_START_T: 0.0, DIST_END_T: 0.0 || LOAD, LOAD_START_T: 1765442128.5580938, LOAD_END_T: 1765442135.2423627 || MSG_MTo, MSG_MTo_START_T: 0.0, MSG_MTo_END_T: 0.0
Loaded FEMNIST test split partition_id=31 with 407 samples
Wall-clock time: 1765442291.0482385 ||Test loss: 0.4335 || Test accuracy: 0.8771 || CPU time: 8.0335 || CPU utilization: 0.1122 || R#551's duration (s): 71.5704 || Cumulative runtime (s): 39787.3937 || Loading data delay (s): 6.5103 || Eval delay (s): 0.6039 || Agg delay (s): 0.0000 || Coordination delay (s): 0.0000 || DIST task delay: 0.0000 || RECV task delay: 0.0000 || Queueing delay: 0.0000 || MSG (from mid) Ave. delay: 0.0000 || Total cache delay: 0.0000 || Ave. cache delay: 0.0000
[R#551] CUMULATIVE_RUNTIME_SEC=39787.3937
Top Aggregator Timestamps: CACHE, CACHE_START_T: 0.0, CACHE_END_T: 0.0 || AGG, AGG_START_T: 0.0, AGG_END_T: 0.0 || EVAL, EVAL_START_T: 1765442290.4443088, EVAL_END_T: 1765442291.0482118 || RECV, RECV_START_T: 0.0, RECV_END_T: 0.0 || DIST, DIST_START_T: 0.0, DIST_END_T: 0.0 || LOAD, LOAD_START_T: 1765442219.4807694, LOAD_END_T: 1765442225.9910197 || MSG_MTo, MSG_MTo_START_T: 0.0, MSG_MTo_END_T: 0.0
Loaded FEMNIST test split partition_id=33 with 337 samples
Wall-clock time: 1765442356.8432148 ||Test loss: 0.5499 || Test accuracy: 0.8457 || CPU time: 6.8555 || CPU utilization: 0.1042 || R#552's duration (s): 65.7950 || Cumulative runtime (s): 39853.1887 || Loading data delay (s): 6.7722 || Eval delay (s): 0.5070 || Agg delay (s): 0.0000 || Coordination delay (s): 0.0000 || DIST task delay: 0.0000 || RECV task delay: 0.0000 || Queueing delay: 0.0000 || MSG (from mid) Ave. delay: 0.0000 || Total cache delay: 0.0000 || Ave. cache delay: 0.0000
[R#552] CUMULATIVE_RUNTIME_SEC=39853.1887
Top Aggregator Timestamps: CACHE, CACHE_START_T: 0.0, CACHE_END_T: 0.0 || AGG, AGG_START_T: 0.0, AGG_END_T: 0.0 || EVAL, EVAL_START_T: 1765442356.336185, EVAL_END_T: 1765442356.8431947 || RECV, RECV_START_T: 0.0, RECV_END_T: 0.0 || DIST, DIST_START_T: 0.0, DIST_END_T: 0.0 || LOAD, LOAD_START_T: 1765442291.0513918, LOAD_END_T: 1765442297.8236144 || MSG_MTo, MSG_MTo_START_T: 0.0, MSG_MTo_END_T: 0.0
Loaded FEMNIST test split partition_id=23 with 418 samples
Wall-clock time: 1765442428.7162101 ||Test loss: 0.2742 || Test accuracy: 0.9115 || CPU time: 9.4414 || CPU utilization: 0.1314 || R#553's duration (s): 71.8730 || Cumulative runtime (s): 39925.0617 || Loading data delay (s): 6.1769 || Eval delay (s): 0.6939 || Agg delay (s): 0.0000 || Coordination delay (s): 0.0000 || DIST task delay: 0.0000 || RECV task delay: 0.0000 || Queueing delay: 0.0000 || MSG (from mid) Ave. delay: 0.0000 || Total cache delay: 0.0000 || Ave. cache delay: 0.0000
[R#553] CUMULATIVE_RUNTIME_SEC=39925.0617
Top Aggregator Timestamps: CACHE, CACHE_START_T: 0.0, CACHE_END_T: 0.0 || AGG, AGG_START_T: 0.0, AGG_END_T: 0.0 || EVAL, EVAL_START_T: 1765442428.022301, EVAL_END_T: 1765442428.7161806 || RECV, RECV_START_T: 0.0, RECV_END_T: 0.0 || DIST, DIST_START_T: 0.0, DIST_END_T: 0.0 || LOAD, LOAD_START_T: 1765442356.8465228, LOAD_END_T: 1765442363.0234034 || MSG_MTo, MSG_MTo_START_T: 0.0, MSG_MTo_END_T: 0.0
Loaded FEMNIST test split partition_id=1 with 413 samples
Wall-clock time: 1765442496.7357872 ||Test loss: 0.2729 || Test accuracy: 0.9153 || CPU time: 9.1622 || CPU utilization: 0.1347 || R#554's duration (s): 68.0196 || Cumulative runtime (s): 39993.0813 || Loading data delay (s): 7.0314 || Eval delay (s): 0.6774 || Agg delay (s): 0.0000 || Coordination delay (s): 0.0000 || DIST task delay: 0.0000 || RECV task delay: 0.0000 || Queueing delay: 0.0000 || MSG (from mid) Ave. delay: 0.0000 || Total cache delay: 0.0000 || Ave. cache delay: 0.0000
[R#554] CUMULATIVE_RUNTIME_SEC=39993.0813
Top Aggregator Timestamps: CACHE, CACHE_START_T: 0.0, CACHE_END_T: 0.0 || AGG, AGG_START_T: 0.0, AGG_END_T: 0.0 || EVAL, EVAL_START_T: 1765442496.0583684, EVAL_END_T: 1765442496.7357628 || RECV, RECV_START_T: 0.0, RECV_END_T: 0.0 || DIST, DIST_START_T: 0.0, DIST_END_T: 0.0 || LOAD, LOAD_START_T: 1765442428.7197258, LOAD_END_T: 1765442435.7511756 || MSG_MTo, MSG_MTo_START_T: 0.0, MSG_MTo_END_T: 0.0
Loaded FEMNIST test split partition_id=22 with 334 samples
Wall-clock time: 1765442564.341255 ||Test loss: 0.8448 || Test accuracy: 0.7575 || CPU time: 7.2717 || CPU utilization: 0.1076 || R#555's duration (s): 67.6055 || Cumulative runtime (s): 40060.6867 || Loading data delay (s): 6.5702 || Eval delay (s): 0.5302 || Agg delay (s): 0.0000 || Coordination delay (s): 0.0000 || DIST task delay: 0.0000 || RECV task delay: 0.0000 || Queueing delay: 0.0000 || MSG (from mid) Ave. delay: 0.0000 || Total cache delay: 0.0000 || Ave. cache delay: 0.0000
[R#555] CUMULATIVE_RUNTIME_SEC=40060.6867
Top Aggregator Timestamps: CACHE, CACHE_START_T: 0.0, CACHE_END_T: 0.0 || AGG, AGG_START_T: 0.0, AGG_END_T: 0.0 || EVAL, EVAL_START_T: 1765442563.8109937, EVAL_END_T: 1765442564.3412232 || RECV, RECV_START_T: 0.0, RECV_END_T: 0.0 || DIST, DIST_START_T: 0.0, DIST_END_T: 0.0 || LOAD, LOAD_START_T: 1765442496.7393057, LOAD_END_T: 1765442503.309533 || MSG_MTo, MSG_MTo_START_T: 0.0, MSG_MTo_END_T: 0.0
Loaded FEMNIST test split partition_id=58 with 346 samples
Wall-clock time: 1765442635.3116992 ||Test loss: 0.5318 || Test accuracy: 0.8353 || CPU time: 7.4450 || CPU utilization: 0.1049 || R#556's duration (s): 70.9704 || Cumulative runtime (s): 40131.6572 || Loading data delay (s): 6.7395 || Eval delay (s): 0.5429 || Agg delay (s): 0.0000 || Coordination delay (s): 0.0000 || DIST task delay: 0.0000 || RECV task delay: 0.0000 || Queueing delay: 0.0000 || MSG (from mid) Ave. delay: 0.0000 || Total cache delay: 0.0000 || Ave. cache delay: 0.0000
[R#556] CUMULATIVE_RUNTIME_SEC=40131.6572
Top Aggregator Timestamps: CACHE, CACHE_START_T: 0.0, CACHE_END_T: 0.0 || AGG, AGG_START_T: 0.0, AGG_END_T: 0.0 || EVAL, EVAL_START_T: 1765442634.7687254, EVAL_END_T: 1765442635.3116708 || RECV, RECV_START_T: 0.0, RECV_END_T: 0.0 || DIST, DIST_START_T: 0.0, DIST_END_T: 0.0 || LOAD, LOAD_START_T: 1765442564.3442998, LOAD_END_T: 1765442571.0837946 || MSG_MTo, MSG_MTo_START_T: 0.0, MSG_MTo_END_T: 0.0
Loaded FEMNIST test split partition_id=28 with 399 samples
Wall-clock time: 1765442701.4915407 ||Test loss: 0.3907 || Test accuracy: 0.8797 || CPU time: 8.4312 || CPU utilization: 0.1274 || R#557's duration (s): 66.1798 || Cumulative runtime (s): 40197.8370 || Loading data delay (s): 6.5514 || Eval delay (s): 0.6305 || Agg delay (s): 0.0000 || Coordination delay (s): 0.0000 || DIST task delay: 0.0000 || RECV task delay: 0.0000 || Queueing delay: 0.0000 || MSG (from mid) Ave. delay: 0.0000 || Total cache delay: 0.0000 || Ave. cache delay: 0.0000
[R#557] CUMULATIVE_RUNTIME_SEC=40197.8370
Top Aggregator Timestamps: CACHE, CACHE_START_T: 0.0, CACHE_END_T: 0.0 || AGG, AGG_START_T: 0.0, AGG_END_T: 0.0 || EVAL, EVAL_START_T: 1765442700.8609855, EVAL_END_T: 1765442701.4915135 || RECV, RECV_START_T: 0.0, RECV_END_T: 0.0 || DIST, DIST_START_T: 0.0, DIST_END_T: 0.0 || LOAD, LOAD_START_T: 1765442635.3145025, LOAD_END_T: 1765442641.8658612 || MSG_MTo, MSG_MTo_START_T: 0.0, MSG_MTo_END_T: 0.0
Loaded FEMNIST test split partition_id=32 with 278 samples
Wall-clock time: 1765442782.407482 ||Test loss: 0.3922 || Test accuracy: 0.8525 || CPU time: 6.1833 || CPU utilization: 0.0764 || R#558's duration (s): 80.9159 || Cumulative runtime (s): 40278.7530 || Loading data delay (s): 6.6721 || Eval delay (s): 0.4511 || Agg delay (s): 0.0000 || Coordination delay (s): 0.0000 || DIST task delay: 0.0000 || RECV task delay: 0.0000 || Queueing delay: 0.0000 || MSG (from mid) Ave. delay: 0.0000 || Total cache delay: 0.0000 || Ave. cache delay: 0.0000
[R#558] CUMULATIVE_RUNTIME_SEC=40278.7530
Top Aggregator Timestamps: CACHE, CACHE_START_T: 0.0, CACHE_END_T: 0.0 || AGG, AGG_START_T: 0.0, AGG_END_T: 0.0 || EVAL, EVAL_START_T: 1765442781.9563973, EVAL_END_T: 1765442782.4074612 || RECV, RECV_START_T: 0.0, RECV_END_T: 0.0 || DIST, DIST_START_T: 0.0, DIST_END_T: 0.0 || LOAD, LOAD_START_T: 1765442701.494855, LOAD_END_T: 1765442708.167004 || MSG_MTo, MSG_MTo_START_T: 0.0, MSG_MTo_END_T: 0.0
Loaded FEMNIST test split partition_id=28 with 399 samples
Wall-clock time: 1765442859.225042 ||Test loss: 0.4026 || Test accuracy: 0.8897 || CPU time: 7.9099 || CPU utilization: 0.1030 || R#559's duration (s): 76.8176 || Cumulative runtime (s): 40355.5705 || Loading data delay (s): 6.8357 || Eval delay (s): 0.5893 || Agg delay (s): 0.0000 || Coordination delay (s): 0.0000 || DIST task delay: 0.0000 || RECV task delay: 0.0000 || Queueing delay: 0.0000 || MSG (from mid) Ave. delay: 0.0000 || Total cache delay: 0.0000 || Ave. cache delay: 0.0000
[R#559] CUMULATIVE_RUNTIME_SEC=40355.5705
Top Aggregator Timestamps: CACHE, CACHE_START_T: 0.0, CACHE_END_T: 0.0 || AGG, AGG_START_T: 0.0, AGG_END_T: 0.0 || EVAL, EVAL_START_T: 1765442858.635685, EVAL_END_T: 1765442859.2250133 || RECV, RECV_START_T: 0.0, RECV_END_T: 0.0 || DIST, DIST_START_T: 0.0, DIST_END_T: 0.0 || LOAD, LOAD_START_T: 1765442782.4107711, LOAD_END_T: 1765442789.2464418 || MSG_MTo, MSG_MTo_START_T: 0.0, MSG_MTo_END_T: 0.0
Loaded FEMNIST test split partition_id=18 with 383 samples
Wall-clock time: 1765442927.5765545 ||Test loss: 0.5231 || Test accuracy: 0.8277 || CPU time: 7.6137 || CPU utilization: 0.1114 || R#560's duration (s): 68.3515 || Cumulative runtime (s): 40423.9220 || Loading data delay (s): 6.7187 || Eval delay (s): 0.5728 || Agg delay (s): 0.0000 || Coordination delay (s): 0.0000 || DIST task delay: 0.0000 || RECV task delay: 0.0000 || Queueing delay: 0.0000 || MSG (from mid) Ave. delay: 0.0000 || Total cache delay: 0.0000 || Ave. cache delay: 0.0000
[R#560] CUMULATIVE_RUNTIME_SEC=40423.9220
Top Aggregator Timestamps: CACHE, CACHE_START_T: 0.0, CACHE_END_T: 0.0 || AGG, AGG_START_T: 0.0, AGG_END_T: 0.0 || EVAL, EVAL_START_T: 1765442927.0037045, EVAL_END_T: 1765442927.5765324 || RECV, RECV_START_T: 0.0, RECV_END_T: 0.0 || DIST, DIST_START_T: 0.0, DIST_END_T: 0.0 || LOAD, LOAD_START_T: 1765442859.2283225, LOAD_END_T: 1765442865.9470608 || MSG_MTo, MSG_MTo_START_T: 0.0, MSG_MTo_END_T: 0.0
Loaded FEMNIST test split partition_id=38 with 347 samples
Wall-clock time: 1765442991.0874476 ||Test loss: 0.4337 || Test accuracy: 0.8905 || CPU time: 6.8829 || CPU utilization: 0.1084 || R#561's duration (s): 63.5109 || Cumulative runtime (s): 40487.4329 || Loading data delay (s): 6.5038 || Eval delay (s): 0.5137 || Agg delay (s): 0.0000 || Coordination delay (s): 0.0000 || DIST task delay: 0.0000 || RECV task delay: 0.0000 || Queueing delay: 0.0000 || MSG (from mid) Ave. delay: 0.0000 || Total cache delay: 0.0000 || Ave. cache delay: 0.0000
[R#561] CUMULATIVE_RUNTIME_SEC=40487.4329
Top Aggregator Timestamps: CACHE, CACHE_START_T: 0.0, CACHE_END_T: 0.0 || AGG, AGG_START_T: 0.0, AGG_END_T: 0.0 || EVAL, EVAL_START_T: 1765442990.5737472, EVAL_END_T: 1765442991.0874226 || RECV, RECV_START_T: 0.0, RECV_END_T: 0.0 || DIST, DIST_START_T: 0.0, DIST_END_T: 0.0 || LOAD, LOAD_START_T: 1765442927.5799072, LOAD_END_T: 1765442934.083731 || MSG_MTo, MSG_MTo_START_T: 0.0, MSG_MTo_END_T: 0.0
Loaded FEMNIST test split partition_id=55 with 373 samples
Wall-clock time: 1765443055.8454576 ||Test loss: 0.8998 || Test accuracy: 0.7560 || CPU time: 7.5454 || CPU utilization: 0.1165 || R#562's duration (s): 64.7580 || Cumulative runtime (s): 40552.1909 || Loading data delay (s): 7.1675 || Eval delay (s): 0.5595 || Agg delay (s): 0.0000 || Coordination delay (s): 0.0000 || DIST task delay: 0.0000 || RECV task delay: 0.0000 || Queueing delay: 0.0000 || MSG (from mid) Ave. delay: 0.0000 || Total cache delay: 0.0000 || Ave. cache delay: 0.0000
[R#562] CUMULATIVE_RUNTIME_SEC=40552.1909
Top Aggregator Timestamps: CACHE, CACHE_START_T: 0.0, CACHE_END_T: 0.0 || AGG, AGG_START_T: 0.0, AGG_END_T: 0.0 || EVAL, EVAL_START_T: 1765443055.2858853, EVAL_END_T: 1765443055.845433 || RECV, RECV_START_T: 0.0, RECV_END_T: 0.0 || DIST, DIST_START_T: 0.0, DIST_END_T: 0.0 || LOAD, LOAD_START_T: 1765442991.090334, LOAD_END_T: 1765442998.2578647 || MSG_MTo, MSG_MTo_START_T: 0.0, MSG_MTo_END_T: 0.0
Loaded FEMNIST test split partition_id=40 with 375 samples
Wall-clock time: 1765443133.487845 ||Test loss: 0.4801 || Test accuracy: 0.8587 || CPU time: 7.5877 || CPU utilization: 0.0977 || R#563's duration (s): 77.6424 || Cumulative runtime (s): 40629.8333 || Loading data delay (s): 6.4902 || Eval delay (s): 0.5633 || Agg delay (s): 0.0000 || Coordination delay (s): 0.0000 || DIST task delay: 0.0000 || RECV task delay: 0.0000 || Queueing delay: 0.0000 || MSG (from mid) Ave. delay: 0.0000 || Total cache delay: 0.0000 || Ave. cache delay: 0.0000
[R#563] CUMULATIVE_RUNTIME_SEC=40629.8333
Top Aggregator Timestamps: CACHE, CACHE_START_T: 0.0, CACHE_END_T: 0.0 || AGG, AGG_START_T: 0.0, AGG_END_T: 0.0 || EVAL, EVAL_START_T: 1765443132.9244728, EVAL_END_T: 1765443133.4878156 || RECV, RECV_START_T: 0.0, RECV_END_T: 0.0 || DIST, DIST_START_T: 0.0, DIST_END_T: 0.0 || LOAD, LOAD_START_T: 1765443055.8486207, LOAD_END_T: 1765443062.3387787 || MSG_MTo, MSG_MTo_START_T: 0.0, MSG_MTo_END_T: 0.0
Loaded FEMNIST test split partition_id=50 with 313 samples
Wall-clock time: 1765443210.2058358 ||Test loss: 0.3054 || Test accuracy: 0.9297 || CPU time: 6.3836 || CPU utilization: 0.0832 || R#564's duration (s): 76.7180 || Cumulative runtime (s): 40706.5513 || Loading data delay (s): 6.9137 || Eval delay (s): 0.4703 || Agg delay (s): 0.0000 || Coordination delay (s): 0.0000 || DIST task delay: 0.0000 || RECV task delay: 0.0000 || Queueing delay: 0.0000 || MSG (from mid) Ave. delay: 0.0000 || Total cache delay: 0.0000 || Ave. cache delay: 0.0000
[R#564] CUMULATIVE_RUNTIME_SEC=40706.5513
Top Aggregator Timestamps: CACHE, CACHE_START_T: 0.0, CACHE_END_T: 0.0 || AGG, AGG_START_T: 0.0, AGG_END_T: 0.0 || EVAL, EVAL_START_T: 1765443209.735478, EVAL_END_T: 1765443210.2058077 || RECV, RECV_START_T: 0.0, RECV_END_T: 0.0 || DIST, DIST_START_T: 0.0, DIST_END_T: 0.0 || LOAD, LOAD_START_T: 1765443133.4911237, LOAD_END_T: 1765443140.40483 || MSG_MTo, MSG_MTo_START_T: 0.0, MSG_MTo_END_T: 0.0
Loaded FEMNIST test split partition_id=46 with 430 samples
Wall-clock time: 1765443289.3666475 ||Test loss: 0.2008 || Test accuracy: 0.9349 || CPU time: 8.4752 || CPU utilization: 0.1071 || R#565's duration (s): 79.1608 || Cumulative runtime (s): 40785.7121 || Loading data delay (s): 6.3157 || Eval delay (s): 0.6413 || Agg delay (s): 0.0000 || Coordination delay (s): 0.0000 || DIST task delay: 0.0000 || RECV task delay: 0.0000 || Queueing delay: 0.0000 || MSG (from mid) Ave. delay: 0.0000 || Total cache delay: 0.0000 || Ave. cache delay: 0.0000
[R#565] CUMULATIVE_RUNTIME_SEC=40785.7121
Top Aggregator Timestamps: CACHE, CACHE_START_T: 0.0, CACHE_END_T: 0.0 || AGG, AGG_START_T: 0.0, AGG_END_T: 0.0 || EVAL, EVAL_START_T: 1765443288.7252772, EVAL_END_T: 1765443289.3666227 || RECV, RECV_START_T: 0.0, RECV_END_T: 0.0 || DIST, DIST_START_T: 0.0, DIST_END_T: 0.0 || LOAD, LOAD_START_T: 1765443210.2091546, LOAD_END_T: 1765443216.5248382 || MSG_MTo, MSG_MTo_START_T: 0.0, MSG_MTo_END_T: 0.0
Loaded FEMNIST test split partition_id=57 with 388 samples
Wall-clock time: 1765443364.5026743 ||Test loss: 0.2593 || Test accuracy: 0.9227 || CPU time: 7.7999 || CPU utilization: 0.1038 || R#566's duration (s): 75.1360 || Cumulative runtime (s): 40860.8482 || Loading data delay (s): 6.9125 || Eval delay (s): 0.5788 || Agg delay (s): 0.0000 || Coordination delay (s): 0.0000 || DIST task delay: 0.0000 || RECV task delay: 0.0000 || Queueing delay: 0.0000 || MSG (from mid) Ave. delay: 0.0000 || Total cache delay: 0.0000 || Ave. cache delay: 0.0000
[R#566] CUMULATIVE_RUNTIME_SEC=40860.8482
Top Aggregator Timestamps: CACHE, CACHE_START_T: 0.0, CACHE_END_T: 0.0 || AGG, AGG_START_T: 0.0, AGG_END_T: 0.0 || EVAL, EVAL_START_T: 1765443363.9238656, EVAL_END_T: 1765443364.5026517 || RECV, RECV_START_T: 0.0, RECV_END_T: 0.0 || DIST, DIST_START_T: 0.0, DIST_END_T: 0.0 || LOAD, LOAD_START_T: 1765443289.3699481, LOAD_END_T: 1765443296.2824502 || MSG_MTo, MSG_MTo_START_T: 0.0, MSG_MTo_END_T: 0.0
Loaded FEMNIST test split partition_id=23 with 418 samples
Wall-clock time: 1765443434.883952 ||Test loss: 0.2471 || Test accuracy: 0.9306 || CPU time: 8.3847 || CPU utilization: 0.1191 || R#567's duration (s): 70.3813 || Cumulative runtime (s): 40931.2294 || Loading data delay (s): 6.4191 || Eval delay (s): 0.6232 || Agg delay (s): 0.0000 || Coordination delay (s): 0.0000 || DIST task delay: 0.0000 || RECV task delay: 0.0000 || Queueing delay: 0.0000 || MSG (from mid) Ave. delay: 0.0000 || Total cache delay: 0.0000 || Ave. cache delay: 0.0000
[R#567] CUMULATIVE_RUNTIME_SEC=40931.2294
Top Aggregator Timestamps: CACHE, CACHE_START_T: 0.0, CACHE_END_T: 0.0 || AGG, AGG_START_T: 0.0, AGG_END_T: 0.0 || EVAL, EVAL_START_T: 1765443434.2607665, EVAL_END_T: 1765443434.8839283 || RECV, RECV_START_T: 0.0, RECV_END_T: 0.0 || DIST, DIST_START_T: 0.0, DIST_END_T: 0.0 || LOAD, LOAD_START_T: 1765443364.5059721, LOAD_END_T: 1765443370.9251132 || MSG_MTo, MSG_MTo_START_T: 0.0, MSG_MTo_END_T: 0.0
Loaded FEMNIST test split partition_id=66 with 428 samples
Wall-clock time: 1765443505.526814 ||Test loss: 0.6530 || Test accuracy: 0.7991 || CPU time: 8.7202 || CPU utilization: 0.1234 || R#568's duration (s): 70.6429 || Cumulative runtime (s): 41001.8723 || Loading data delay (s): 6.6853 || Eval delay (s): 0.6501 || Agg delay (s): 0.0000 || Coordination delay (s): 0.0000 || DIST task delay: 0.0000 || RECV task delay: 0.0000 || Queueing delay: 0.0000 || MSG (from mid) Ave. delay: 0.0000 || Total cache delay: 0.0000 || Ave. cache delay: 0.0000
[R#568] CUMULATIVE_RUNTIME_SEC=41001.8723
Top Aggregator Timestamps: CACHE, CACHE_START_T: 0.0, CACHE_END_T: 0.0 || AGG, AGG_START_T: 0.0, AGG_END_T: 0.0 || EVAL, EVAL_START_T: 1765443504.876714, EVAL_END_T: 1765443505.5267892 || RECV, RECV_START_T: 0.0, RECV_END_T: 0.0 || DIST, DIST_START_T: 0.0, DIST_END_T: 0.0 || LOAD, LOAD_START_T: 1765443434.886791, LOAD_END_T: 1765443441.5720744 || MSG_MTo, MSG_MTo_START_T: 0.0, MSG_MTo_END_T: 0.0
Loaded FEMNIST test split partition_id=37 with 403 samples
Wall-clock time: 1765443581.491381 ||Test loss: 0.5459 || Test accuracy: 0.8511 || CPU time: 8.0632 || CPU utilization: 0.1061 || R#569's duration (s): 75.9646 || Cumulative runtime (s): 41077.8369 || Loading data delay (s): 6.4002 || Eval delay (s): 0.5995 || Agg delay (s): 0.0000 || Coordination delay (s): 0.0000 || DIST task delay: 0.0000 || RECV task delay: 0.0000 || Queueing delay: 0.0000 || MSG (from mid) Ave. delay: 0.0000 || Total cache delay: 0.0000 || Ave. cache delay: 0.0000
[R#569] CUMULATIVE_RUNTIME_SEC=41077.8369
Top Aggregator Timestamps: CACHE, CACHE_START_T: 0.0, CACHE_END_T: 0.0 || AGG, AGG_START_T: 0.0, AGG_END_T: 0.0 || EVAL, EVAL_START_T: 1765443580.891903, EVAL_END_T: 1765443581.4913583 || RECV, RECV_START_T: 0.0, RECV_END_T: 0.0 || DIST, DIST_START_T: 0.0, DIST_END_T: 0.0 || LOAD, LOAD_START_T: 1765443505.5301094, LOAD_END_T: 1765443511.9303162 || MSG_MTo, MSG_MTo_START_T: 0.0, MSG_MTo_END_T: 0.0
Loaded FEMNIST test split partition_id=38 with 347 samples
Wall-clock time: 1765443663.0911922 ||Test loss: 0.4641 || Test accuracy: 0.9020 || CPU time: 7.1907 || CPU utilization: 0.0881 || R#570's duration (s): 81.5998 || Cumulative runtime (s): 41159.4367 || Loading data delay (s): 6.6356 || Eval delay (s): 0.5311 || Agg delay (s): 0.0000 || Coordination delay (s): 0.0000 || DIST task delay: 0.0000 || RECV task delay: 0.0000 || Queueing delay: 0.0000 || MSG (from mid) Ave. delay: 0.0000 || Total cache delay: 0.0000 || Ave. cache delay: 0.0000
[R#570] CUMULATIVE_RUNTIME_SEC=41159.4367
Top Aggregator Timestamps: CACHE, CACHE_START_T: 0.0, CACHE_END_T: 0.0 || AGG, AGG_START_T: 0.0, AGG_END_T: 0.0 || EVAL, EVAL_START_T: 1765443662.5600471, EVAL_END_T: 1765443663.091145 || RECV, RECV_START_T: 0.0, RECV_END_T: 0.0 || DIST, DIST_START_T: 0.0, DIST_END_T: 0.0 || LOAD, LOAD_START_T: 1765443581.4946473, LOAD_END_T: 1765443588.1302662 || MSG_MTo, MSG_MTo_START_T: 0.0, MSG_MTo_END_T: 0.0
Loaded FEMNIST test split partition_id=40 with 375 samples
Wall-clock time: 1765443740.2990806 ||Test loss: 0.5521 || Test accuracy: 0.8480 || CPU time: 7.5379 || CPU utilization: 0.0976 || R#571's duration (s): 77.2079 || Cumulative runtime (s): 41236.6446 || Loading data delay (s): 6.9027 || Eval delay (s): 0.5611 || Agg delay (s): 0.0000 || Coordination delay (s): 0.0000 || DIST task delay: 0.0000 || RECV task delay: 0.0000 || Queueing delay: 0.0000 || MSG (from mid) Ave. delay: 0.0000 || Total cache delay: 0.0000 || Ave. cache delay: 0.0000
[R#571] CUMULATIVE_RUNTIME_SEC=41236.6446
Top Aggregator Timestamps: CACHE, CACHE_START_T: 0.0, CACHE_END_T: 0.0 || AGG, AGG_START_T: 0.0, AGG_END_T: 0.0 || EVAL, EVAL_START_T: 1765443739.7379136, EVAL_END_T: 1765443740.2990577 || RECV, RECV_START_T: 0.0, RECV_END_T: 0.0 || DIST, DIST_START_T: 0.0, DIST_END_T: 0.0 || LOAD, LOAD_START_T: 1765443663.0946877, LOAD_END_T: 1765443669.997416 || MSG_MTo, MSG_MTo_START_T: 0.0, MSG_MTo_END_T: 0.0
Loaded FEMNIST test split partition_id=55 with 373 samples
Wall-clock time: 1765443805.136963 ||Test loss: 0.9388 || Test accuracy: 0.7399 || CPU time: 7.4470 || CPU utilization: 0.1149 || R#572's duration (s): 64.8379 || Cumulative runtime (s): 41301.4825 || Loading data delay (s): 6.4518 || Eval delay (s): 0.5518 || Agg delay (s): 0.0000 || Coordination delay (s): 0.0000 || DIST task delay: 0.0000 || RECV task delay: 0.0000 || Queueing delay: 0.0000 || MSG (from mid) Ave. delay: 0.0000 || Total cache delay: 0.0000 || Ave. cache delay: 0.0000
[R#572] CUMULATIVE_RUNTIME_SEC=41301.4825
Top Aggregator Timestamps: CACHE, CACHE_START_T: 0.0, CACHE_END_T: 0.0 || AGG, AGG_START_T: 0.0, AGG_END_T: 0.0 || EVAL, EVAL_START_T: 1765443804.5850933, EVAL_END_T: 1765443805.1369388 || RECV, RECV_START_T: 0.0, RECV_END_T: 0.0 || DIST, DIST_START_T: 0.0, DIST_END_T: 0.0 || LOAD, LOAD_START_T: 1765443740.3020706, LOAD_END_T: 1765443746.753861 || MSG_MTo, MSG_MTo_START_T: 0.0, MSG_MTo_END_T: 0.0
Loaded FEMNIST test split partition_id=55 with 373 samples
Wall-clock time: 1765443886.488746 ||Test loss: 0.9035 || Test accuracy: 0.7587 || CPU time: 7.3894 || CPU utilization: 0.0908 || R#573's duration (s): 81.3518 || Cumulative runtime (s): 41382.8342 || Loading data delay (s): 6.6759 || Eval delay (s): 0.5508 || Agg delay (s): 0.0000 || Coordination delay (s): 0.0000 || DIST task delay: 0.0000 || RECV task delay: 0.0000 || Queueing delay: 0.0000 || MSG (from mid) Ave. delay: 0.0000 || Total cache delay: 0.0000 || Ave. cache delay: 0.0000
[R#573] CUMULATIVE_RUNTIME_SEC=41382.8342
Top Aggregator Timestamps: CACHE, CACHE_START_T: 0.0, CACHE_END_T: 0.0 || AGG, AGG_START_T: 0.0, AGG_END_T: 0.0 || EVAL, EVAL_START_T: 1765443885.9379482, EVAL_END_T: 1765443886.4887073 || RECV, RECV_START_T: 0.0, RECV_END_T: 0.0 || DIST, DIST_START_T: 0.0, DIST_END_T: 0.0 || LOAD, LOAD_START_T: 1765443805.1401906, LOAD_END_T: 1765443811.8160684 || MSG_MTo, MSG_MTo_START_T: 0.0, MSG_MTo_END_T: 0.0
Loaded FEMNIST test split partition_id=53 with 326 samples
Wall-clock time: 1765443965.4499662 ||Test loss: 0.7213 || Test accuracy: 0.8282 || CPU time: 6.9786 || CPU utilization: 0.0884 || R#574's duration (s): 78.9612 || Cumulative runtime (s): 41461.7955 || Loading data delay (s): 6.5865 || Eval delay (s): 0.5089 || Agg delay (s): 0.0000 || Coordination delay (s): 0.0000 || DIST task delay: 0.0000 || RECV task delay: 0.0000 || Queueing delay: 0.0000 || MSG (from mid) Ave. delay: 0.0000 || Total cache delay: 0.0000 || Ave. cache delay: 0.0000
[R#574] CUMULATIVE_RUNTIME_SEC=41461.7955
Top Aggregator Timestamps: CACHE, CACHE_START_T: 0.0, CACHE_END_T: 0.0 || AGG, AGG_START_T: 0.0, AGG_END_T: 0.0 || EVAL, EVAL_START_T: 1765443964.9410074, EVAL_END_T: 1765443965.4499345 || RECV, RECV_START_T: 0.0, RECV_END_T: 0.0 || DIST, DIST_START_T: 0.0, DIST_END_T: 0.0 || LOAD, LOAD_START_T: 1765443886.4917686, LOAD_END_T: 1765443893.078241 || MSG_MTo, MSG_MTo_START_T: 0.0, MSG_MTo_END_T: 0.0
Loaded FEMNIST test split partition_id=19 with 377 samples
Wall-clock time: 1765444046.284742 ||Test loss: 0.4540 || Test accuracy: 0.8674 || CPU time: 7.5366 || CPU utilization: 0.0932 || R#575's duration (s): 80.8348 || Cumulative runtime (s): 41542.6302 || Loading data delay (s): 6.5982 || Eval delay (s): 0.5714 || Agg delay (s): 0.0000 || Coordination delay (s): 0.0000 || DIST task delay: 0.0000 || RECV task delay: 0.0000 || Queueing delay: 0.0000 || MSG (from mid) Ave. delay: 0.0000 || Total cache delay: 0.0000 || Ave. cache delay: 0.0000
[R#575] CUMULATIVE_RUNTIME_SEC=41542.6302
Top Aggregator Timestamps: CACHE, CACHE_START_T: 0.0, CACHE_END_T: 0.0 || AGG, AGG_START_T: 0.0, AGG_END_T: 0.0 || EVAL, EVAL_START_T: 1765444045.7132795, EVAL_END_T: 1765444046.2847176 || RECV, RECV_START_T: 0.0, RECV_END_T: 0.0 || DIST, DIST_START_T: 0.0, DIST_END_T: 0.0 || LOAD, LOAD_START_T: 1765443965.4529946, LOAD_END_T: 1765443972.0512037 || MSG_MTo, MSG_MTo_START_T: 0.0, MSG_MTo_END_T: 0.0
Loaded FEMNIST test split partition_id=51 with 396 samples
Wall-clock time: 1765444127.6641803 ||Test loss: 0.3159 || Test accuracy: 0.9066 || CPU time: 7.8613 || CPU utilization: 0.0966 || R#576's duration (s): 81.3794 || Cumulative runtime (s): 41624.0097 || Loading data delay (s): 6.9715 || Eval delay (s): 0.5910 || Agg delay (s): 0.0000 || Coordination delay (s): 0.0000 || DIST task delay: 0.0000 || RECV task delay: 0.0000 || Queueing delay: 0.0000 || MSG (from mid) Ave. delay: 0.0000 || Total cache delay: 0.0000 || Ave. cache delay: 0.0000
[R#576] CUMULATIVE_RUNTIME_SEC=41624.0097
Top Aggregator Timestamps: CACHE, CACHE_START_T: 0.0, CACHE_END_T: 0.0 || AGG, AGG_START_T: 0.0, AGG_END_T: 0.0 || EVAL, EVAL_START_T: 1765444127.0731485, EVAL_END_T: 1765444127.6641572 || RECV, RECV_START_T: 0.0, RECV_END_T: 0.0 || DIST, DIST_START_T: 0.0, DIST_END_T: 0.0 || LOAD, LOAD_START_T: 1765444046.2880428, LOAD_END_T: 1765444053.2595594 || MSG_MTo, MSG_MTo_START_T: 0.0, MSG_MTo_END_T: 0.0
Loaded FEMNIST test split partition_id=65 with 379 samples
Wall-clock time: 1765444199.41137 ||Test loss: 0.1420 || Test accuracy: 0.9499 || CPU time: 7.7220 || CPU utilization: 0.1076 || R#577's duration (s): 71.7472 || Cumulative runtime (s): 41695.7569 || Loading data delay (s): 6.4785 || Eval delay (s): 0.5820 || Agg delay (s): 0.0000 || Coordination delay (s): 0.0000 || DIST task delay: 0.0000 || RECV task delay: 0.0000 || Queueing delay: 0.0000 || MSG (from mid) Ave. delay: 0.0000 || Total cache delay: 0.0000 || Ave. cache delay: 0.0000
[R#577] CUMULATIVE_RUNTIME_SEC=41695.7569
Top Aggregator Timestamps: CACHE, CACHE_START_T: 0.0, CACHE_END_T: 0.0 || AGG, AGG_START_T: 0.0, AGG_END_T: 0.0 || EVAL, EVAL_START_T: 1765444198.8293805, EVAL_END_T: 1765444199.4113405 || RECV, RECV_START_T: 0.0, RECV_END_T: 0.0 || DIST, DIST_START_T: 0.0, DIST_END_T: 0.0 || LOAD, LOAD_START_T: 1765444127.6674585, LOAD_END_T: 1765444134.1459103 || MSG_MTo, MSG_MTo_START_T: 0.0, MSG_MTo_END_T: 0.0
Loaded FEMNIST test split partition_id=24 with 374 samples
Wall-clock time: 1765444259.6869202 ||Test loss: 0.3725 || Test accuracy: 0.8824 || CPU time: 7.6735 || CPU utilization: 0.1273 || R#578's duration (s): 60.2756 || Cumulative runtime (s): 41756.0324 || Loading data delay (s): 6.7537 || Eval delay (s): 0.5684 || Agg delay (s): 0.0000 || Coordination delay (s): 0.0000 || DIST task delay: 0.0000 || RECV task delay: 0.0000 || Queueing delay: 0.0000 || MSG (from mid) Ave. delay: 0.0000 || Total cache delay: 0.0000 || Ave. cache delay: 0.0000
[R#578] CUMULATIVE_RUNTIME_SEC=41756.0324
Top Aggregator Timestamps: CACHE, CACHE_START_T: 0.0, CACHE_END_T: 0.0 || AGG, AGG_START_T: 0.0, AGG_END_T: 0.0 || EVAL, EVAL_START_T: 1765444259.118503, EVAL_END_T: 1765444259.6868935 || RECV, RECV_START_T: 0.0, RECV_END_T: 0.0 || DIST, DIST_START_T: 0.0, DIST_END_T: 0.0 || LOAD, LOAD_START_T: 1765444199.4146714, LOAD_END_T: 1765444206.168408 || MSG_MTo, MSG_MTo_START_T: 0.0, MSG_MTo_END_T: 0.0
Loaded FEMNIST test split partition_id=41 with 358 samples
Wall-clock time: 1765444333.65752 ||Test loss: 0.5691 || Test accuracy: 0.8296 || CPU time: 7.2413 || CPU utilization: 0.0979 || R#579's duration (s): 73.9706 || Cumulative runtime (s): 41830.0030 || Loading data delay (s): 6.4605 || Eval delay (s): 0.5365 || Agg delay (s): 0.0000 || Coordination delay (s): 0.0000 || DIST task delay: 0.0000 || RECV task delay: 0.0000 || Queueing delay: 0.0000 || MSG (from mid) Ave. delay: 0.0000 || Total cache delay: 0.0000 || Ave. cache delay: 0.0000
[R#579] CUMULATIVE_RUNTIME_SEC=41830.0030
Top Aggregator Timestamps: CACHE, CACHE_START_T: 0.0, CACHE_END_T: 0.0 || AGG, AGG_START_T: 0.0, AGG_END_T: 0.0 || EVAL, EVAL_START_T: 1765444333.120955, EVAL_END_T: 1765444333.6574974 || RECV, RECV_START_T: 0.0, RECV_END_T: 0.0 || DIST, DIST_START_T: 0.0, DIST_END_T: 0.0 || LOAD, LOAD_START_T: 1765444259.6902273, LOAD_END_T: 1765444266.150712 || MSG_MTo, MSG_MTo_START_T: 0.0, MSG_MTo_END_T: 0.0
Loaded FEMNIST test split partition_id=32 with 278 samples
Wall-clock time: 1765444402.2949963 ||Test loss: 0.4521 || Test accuracy: 0.8525 || CPU time: 5.7222 || CPU utilization: 0.0834 || R#580's duration (s): 68.6375 || Cumulative runtime (s): 41898.6405 || Loading data delay (s): 6.6087 || Eval delay (s): 0.4202 || Agg delay (s): 0.0000 || Coordination delay (s): 0.0000 || DIST task delay: 0.0000 || RECV task delay: 0.0000 || Queueing delay: 0.0000 || MSG (from mid) Ave. delay: 0.0000 || Total cache delay: 0.0000 || Ave. cache delay: 0.0000
[R#580] CUMULATIVE_RUNTIME_SEC=41898.6405
Top Aggregator Timestamps: CACHE, CACHE_START_T: 0.0, CACHE_END_T: 0.0 || AGG, AGG_START_T: 0.0, AGG_END_T: 0.0 || EVAL, EVAL_START_T: 1765444401.8747377, EVAL_END_T: 1765444402.2949746 || RECV, RECV_START_T: 0.0, RECV_END_T: 0.0 || DIST, DIST_START_T: 0.0, DIST_END_T: 0.0 || LOAD, LOAD_START_T: 1765444333.6607678, LOAD_END_T: 1765444340.2694812 || MSG_MTo, MSG_MTo_START_T: 0.0, MSG_MTo_END_T: 0.0
Loaded FEMNIST test split partition_id=60 with 303 samples
Wall-clock time: 1765444479.8723562 ||Test loss: 0.4175 || Test accuracy: 0.8581 || CPU time: 6.0061 || CPU utilization: 0.0774 || R#581's duration (s): 77.5774 || Cumulative runtime (s): 41976.2178 || Loading data delay (s): 6.9282 || Eval delay (s): 0.4514 || Agg delay (s): 0.0000 || Coordination delay (s): 0.0000 || DIST task delay: 0.0000 || RECV task delay: 0.0000 || Queueing delay: 0.0000 || MSG (from mid) Ave. delay: 0.0000 || Total cache delay: 0.0000 || Ave. cache delay: 0.0000
[R#581] CUMULATIVE_RUNTIME_SEC=41976.2178
Top Aggregator Timestamps: CACHE, CACHE_START_T: 0.0, CACHE_END_T: 0.0 || AGG, AGG_START_T: 0.0, AGG_END_T: 0.0 || EVAL, EVAL_START_T: 1765444479.4209638, EVAL_END_T: 1765444479.87233 || RECV, RECV_START_T: 0.0, RECV_END_T: 0.0 || DIST, DIST_START_T: 0.0, DIST_END_T: 0.0 || LOAD, LOAD_START_T: 1765444402.2991157, LOAD_END_T: 1765444409.2272868 || MSG_MTo, MSG_MTo_START_T: 0.0, MSG_MTo_END_T: 0.0
Loaded FEMNIST test split partition_id=60 with 303 samples
Wall-clock time: 1765444546.3920138 ||Test loss: 0.3977 || Test accuracy: 0.8614 || CPU time: 5.9662 || CPU utilization: 0.0897 || R#582's duration (s): 66.5197 || Cumulative runtime (s): 42042.7375 || Loading data delay (s): 6.4323 || Eval delay (s): 0.4510 || Agg delay (s): 0.0000 || Coordination delay (s): 0.0000 || DIST task delay: 0.0000 || RECV task delay: 0.0000 || Queueing delay: 0.0000 || MSG (from mid) Ave. delay: 0.0000 || Total cache delay: 0.0000 || Ave. cache delay: 0.0000
[R#582] CUMULATIVE_RUNTIME_SEC=42042.7375
Top Aggregator Timestamps: CACHE, CACHE_START_T: 0.0, CACHE_END_T: 0.0 || AGG, AGG_START_T: 0.0, AGG_END_T: 0.0 || EVAL, EVAL_START_T: 1765444545.9410033, EVAL_END_T: 1765444546.3919904 || RECV, RECV_START_T: 0.0, RECV_END_T: 0.0 || DIST, DIST_START_T: 0.0, DIST_END_T: 0.0 || LOAD, LOAD_START_T: 1765444479.875678, LOAD_END_T: 1765444486.3079734 || MSG_MTo, MSG_MTo_START_T: 0.0, MSG_MTo_END_T: 0.0
Loaded FEMNIST test split partition_id=52 with 218 samples
Wall-clock time: 1765444628.2608888 ||Test loss: 0.4316 || Test accuracy: 0.8761 || CPU time: 4.6471 || CPU utilization: 0.0568 || R#583's duration (s): 81.8689 || Cumulative runtime (s): 42124.6064 || Loading data delay (s): 6.6966 || Eval delay (s): 0.3413 || Agg delay (s): 0.0000 || Coordination delay (s): 0.0000 || DIST task delay: 0.0000 || RECV task delay: 0.0000 || Queueing delay: 0.0000 || MSG (from mid) Ave. delay: 0.0000 || Total cache delay: 0.0000 || Ave. cache delay: 0.0000
[R#583] CUMULATIVE_RUNTIME_SEC=42124.6064
Top Aggregator Timestamps: CACHE, CACHE_START_T: 0.0, CACHE_END_T: 0.0 || AGG, AGG_START_T: 0.0, AGG_END_T: 0.0 || EVAL, EVAL_START_T: 1765444627.9195774, EVAL_END_T: 1765444628.2608645 || RECV, RECV_START_T: 0.0, RECV_END_T: 0.0 || DIST, DIST_START_T: 0.0, DIST_END_T: 0.0 || LOAD, LOAD_START_T: 1765444546.39498, LOAD_END_T: 1765444553.0915823 || MSG_MTo, MSG_MTo_START_T: 0.0, MSG_MTo_END_T: 0.0
Loaded FEMNIST test split partition_id=42 with 330 samples
Wall-clock time: 1765444705.2611895 ||Test loss: 0.6499 || Test accuracy: 0.8758 || CPU time: 6.6705 || CPU utilization: 0.0866 || R#584's duration (s): 77.0003 || Cumulative runtime (s): 42201.6067 || Loading data delay (s): 6.4812 || Eval delay (s): 0.4945 || Agg delay (s): 0.0000 || Coordination delay (s): 0.0000 || DIST task delay: 0.0000 || RECV task delay: 0.0000 || Queueing delay: 0.0000 || MSG (from mid) Ave. delay: 0.0000 || Total cache delay: 0.0000 || Ave. cache delay: 0.0000
[R#584] CUMULATIVE_RUNTIME_SEC=42201.6067
Top Aggregator Timestamps: CACHE, CACHE_START_T: 0.0, CACHE_END_T: 0.0 || AGG, AGG_START_T: 0.0, AGG_END_T: 0.0 || EVAL, EVAL_START_T: 1765444704.7666233, EVAL_END_T: 1765444705.261163 || RECV, RECV_START_T: 0.0, RECV_END_T: 0.0 || DIST, DIST_START_T: 0.0, DIST_END_T: 0.0 || LOAD, LOAD_START_T: 1765444628.2641692, LOAD_END_T: 1765444634.74536 || MSG_MTo, MSG_MTo_START_T: 0.0, MSG_MTo_END_T: 0.0
Loaded FEMNIST test split partition_id=5 with 351 samples
Wall-clock time: 1765444777.1381087 ||Test loss: 0.5586 || Test accuracy: 0.8632 || CPU time: 7.0642 || CPU utilization: 0.0983 || R#585's duration (s): 71.8769 || Cumulative runtime (s): 42273.4836 || Loading data delay (s): 6.6404 || Eval delay (s): 0.5264 || Agg delay (s): 0.0000 || Coordination delay (s): 0.0000 || DIST task delay: 0.0000 || RECV task delay: 0.0000 || Queueing delay: 0.0000 || MSG (from mid) Ave. delay: 0.0000 || Total cache delay: 0.0000 || Ave. cache delay: 0.0000
[R#585] CUMULATIVE_RUNTIME_SEC=42273.4836
Top Aggregator Timestamps: CACHE, CACHE_START_T: 0.0, CACHE_END_T: 0.0 || AGG, AGG_START_T: 0.0, AGG_END_T: 0.0 || EVAL, EVAL_START_T: 1765444776.6116533, EVAL_END_T: 1765444777.1380847 || RECV, RECV_START_T: 0.0, RECV_END_T: 0.0 || DIST, DIST_START_T: 0.0, DIST_END_T: 0.0 || LOAD, LOAD_START_T: 1765444705.264425, LOAD_END_T: 1765444711.9048347 || MSG_MTo, MSG_MTo_START_T: 0.0, MSG_MTo_END_T: 0.0
Loaded FEMNIST test split partition_id=45 with 327 samples
Wall-clock time: 1765444847.6189988 ||Test loss: 0.9595 || Test accuracy: 0.7309 || CPU time: 6.7117 || CPU utilization: 0.0952 || R#586's duration (s): 70.4809 || Cumulative runtime (s): 42343.9645 || Loading data delay (s): 6.5731 || Eval delay (s): 0.5014 || Agg delay (s): 0.0000 || Coordination delay (s): 0.0000 || DIST task delay: 0.0000 || RECV task delay: 0.0000 || Queueing delay: 0.0000 || MSG (from mid) Ave. delay: 0.0000 || Total cache delay: 0.0000 || Ave. cache delay: 0.0000
[R#586] CUMULATIVE_RUNTIME_SEC=42343.9645
Top Aggregator Timestamps: CACHE, CACHE_START_T: 0.0, CACHE_END_T: 0.0 || AGG, AGG_START_T: 0.0, AGG_END_T: 0.0 || EVAL, EVAL_START_T: 1765444847.1175296, EVAL_END_T: 1765444847.6189756 || RECV, RECV_START_T: 0.0, RECV_END_T: 0.0 || DIST, DIST_START_T: 0.0, DIST_END_T: 0.0 || LOAD, LOAD_START_T: 1765444777.1408978, LOAD_END_T: 1765444783.7139645 || MSG_MTo, MSG_MTo_START_T: 0.0, MSG_MTo_END_T: 0.0
Loaded FEMNIST test split partition_id=28 with 399 samples
Wall-clock time: 1765444923.963615 ||Test loss: 0.4315 || Test accuracy: 0.8672 || CPU time: 8.1107 || CPU utilization: 0.1062 || R#587's duration (s): 76.3446 || Cumulative runtime (s): 42420.3091 || Loading data delay (s): 6.7250 || Eval delay (s): 0.6100 || Agg delay (s): 0.0000 || Coordination delay (s): 0.0000 || DIST task delay: 0.0000 || RECV task delay: 0.0000 || Queueing delay: 0.0000 || MSG (from mid) Ave. delay: 0.0000 || Total cache delay: 0.0000 || Ave. cache delay: 0.0000
[R#587] CUMULATIVE_RUNTIME_SEC=42420.3091
Top Aggregator Timestamps: CACHE, CACHE_START_T: 0.0, CACHE_END_T: 0.0 || AGG, AGG_START_T: 0.0, AGG_END_T: 0.0 || EVAL, EVAL_START_T: 1765444923.3535795, EVAL_END_T: 1765444923.9635887 || RECV, RECV_START_T: 0.0, RECV_END_T: 0.0 || DIST, DIST_START_T: 0.0, DIST_END_T: 0.0 || LOAD, LOAD_START_T: 1765444847.6222723, LOAD_END_T: 1765444854.3472834 || MSG_MTo, MSG_MTo_START_T: 0.0, MSG_MTo_END_T: 0.0
Loaded FEMNIST test split partition_id=42 with 330 samples
Wall-clock time: 1765445009.0097702 ||Test loss: 0.5695 || Test accuracy: 0.8788 || CPU time: 6.7338 || CPU utilization: 0.0792 || R#588's duration (s): 85.0462 || Cumulative runtime (s): 42505.3553 || Loading data delay (s): 6.6539 || Eval delay (s): 0.4989 || Agg delay (s): 0.0000 || Coordination delay (s): 0.0000 || DIST task delay: 0.0000 || RECV task delay: 0.0000 || Queueing delay: 0.0000 || MSG (from mid) Ave. delay: 0.0000 || Total cache delay: 0.0000 || Ave. cache delay: 0.0000
[R#588] CUMULATIVE_RUNTIME_SEC=42505.3553
Top Aggregator Timestamps: CACHE, CACHE_START_T: 0.0, CACHE_END_T: 0.0 || AGG, AGG_START_T: 0.0, AGG_END_T: 0.0 || EVAL, EVAL_START_T: 1765445008.510805, EVAL_END_T: 1765445009.009746 || RECV, RECV_START_T: 0.0, RECV_END_T: 0.0 || DIST, DIST_START_T: 0.0, DIST_END_T: 0.0 || LOAD, LOAD_START_T: 1765444923.9664786, LOAD_END_T: 1765444930.6204185 || MSG_MTo, MSG_MTo_START_T: 0.0, MSG_MTo_END_T: 0.0
Loaded FEMNIST test split partition_id=43 with 330 samples
Wall-clock time: 1765445086.0609307 ||Test loss: 0.3673 || Test accuracy: 0.8788 || CPU time: 6.8058 || CPU utilization: 0.0883 || R#589's duration (s): 77.0512 || Cumulative runtime (s): 42582.4064 || Loading data delay (s): 6.6676 || Eval delay (s): 0.5111 || Agg delay (s): 0.0000 || Coordination delay (s): 0.0000 || DIST task delay: 0.0000 || RECV task delay: 0.0000 || Queueing delay: 0.0000 || MSG (from mid) Ave. delay: 0.0000 || Total cache delay: 0.0000 || Ave. cache delay: 0.0000
[R#589] CUMULATIVE_RUNTIME_SEC=42582.4064
Top Aggregator Timestamps: CACHE, CACHE_START_T: 0.0, CACHE_END_T: 0.0 || AGG, AGG_START_T: 0.0, AGG_END_T: 0.0 || EVAL, EVAL_START_T: 1765445085.5498, EVAL_END_T: 1765445086.0608969 || RECV, RECV_START_T: 0.0, RECV_END_T: 0.0 || DIST, DIST_START_T: 0.0, DIST_END_T: 0.0 || LOAD, LOAD_START_T: 1765445009.0130682, LOAD_END_T: 1765445015.6806245 || MSG_MTo, MSG_MTo_START_T: 0.0, MSG_MTo_END_T: 0.0
Loaded FEMNIST test split partition_id=25 with 317 samples
Wall-clock time: 1765445149.3849404 ||Test loss: 0.4003 || Test accuracy: 0.8770 || CPU time: 6.6100 || CPU utilization: 0.1044 || R#590's duration (s): 63.3240 || Cumulative runtime (s): 42645.7304 || Loading data delay (s): 6.9597 || Eval delay (s): 0.4893 || Agg delay (s): 0.0000 || Coordination delay (s): 0.0000 || DIST task delay: 0.0000 || RECV task delay: 0.0000 || Queueing delay: 0.0000 || MSG (from mid) Ave. delay: 0.0000 || Total cache delay: 0.0000 || Ave. cache delay: 0.0000
[R#590] CUMULATIVE_RUNTIME_SEC=42645.7304
Top Aggregator Timestamps: CACHE, CACHE_START_T: 0.0, CACHE_END_T: 0.0 || AGG, AGG_START_T: 0.0, AGG_END_T: 0.0 || EVAL, EVAL_START_T: 1765445148.895595, EVAL_END_T: 1765445149.3848999 || RECV, RECV_START_T: 0.0, RECV_END_T: 0.0 || DIST, DIST_START_T: 0.0, DIST_END_T: 0.0 || LOAD, LOAD_START_T: 1765445086.0642307, LOAD_END_T: 1765445093.023933 || MSG_MTo, MSG_MTo_START_T: 0.0, MSG_MTo_END_T: 0.0
Loaded FEMNIST test split partition_id=7 with 375 samples
Wall-clock time: 1765445213.2941928 ||Test loss: 0.6064 || Test accuracy: 0.7973 || CPU time: 7.6729 || CPU utilization: 0.1201 || R#591's duration (s): 63.9093 || Cumulative runtime (s): 42709.6397 || Loading data delay (s): 6.5181 || Eval delay (s): 0.5722 || Agg delay (s): 0.0000 || Coordination delay (s): 0.0000 || DIST task delay: 0.0000 || RECV task delay: 0.0000 || Queueing delay: 0.0000 || MSG (from mid) Ave. delay: 0.0000 || Total cache delay: 0.0000 || Ave. cache delay: 0.0000
[R#591] CUMULATIVE_RUNTIME_SEC=42709.6397
Top Aggregator Timestamps: CACHE, CACHE_START_T: 0.0, CACHE_END_T: 0.0 || AGG, AGG_START_T: 0.0, AGG_END_T: 0.0 || EVAL, EVAL_START_T: 1765445212.7219799, EVAL_END_T: 1765445213.2941663 || RECV, RECV_START_T: 0.0, RECV_END_T: 0.0 || DIST, DIST_START_T: 0.0, DIST_END_T: 0.0 || LOAD, LOAD_START_T: 1765445149.3881934, LOAD_END_T: 1765445155.9062932 || MSG_MTo, MSG_MTo_START_T: 0.0, MSG_MTo_END_T: 0.0
Loaded FEMNIST test split partition_id=63 with 413 samples
Wall-clock time: 1765445281.7317767 ||Test loss: 0.3566 || Test accuracy: 0.9080 || CPU time: 8.2903 || CPU utilization: 0.1211 || R#592's duration (s): 68.4376 || Cumulative runtime (s): 42778.0773 || Loading data delay (s): 6.9712 || Eval delay (s): 0.6240 || Agg delay (s): 0.0000 || Coordination delay (s): 0.0000 || DIST task delay: 0.0000 || RECV task delay: 0.0000 || Queueing delay: 0.0000 || MSG (from mid) Ave. delay: 0.0000 || Total cache delay: 0.0000 || Ave. cache delay: 0.0000
[R#592] CUMULATIVE_RUNTIME_SEC=42778.0773
Top Aggregator Timestamps: CACHE, CACHE_START_T: 0.0, CACHE_END_T: 0.0 || AGG, AGG_START_T: 0.0, AGG_END_T: 0.0 || EVAL, EVAL_START_T: 1765445281.1077154, EVAL_END_T: 1765445281.7317476 || RECV, RECV_START_T: 0.0, RECV_END_T: 0.0 || DIST, DIST_START_T: 0.0, DIST_END_T: 0.0 || LOAD, LOAD_START_T: 1765445213.2976692, LOAD_END_T: 1765445220.268908 || MSG_MTo, MSG_MTo_START_T: 0.0, MSG_MTo_END_T: 0.0
Loaded FEMNIST test split partition_id=5 with 351 samples
Wall-clock time: 1765445352.9994373 ||Test loss: 0.6180 || Test accuracy: 0.8376 || CPU time: 7.0927 || CPU utilization: 0.0995 || R#593's duration (s): 71.2677 || Cumulative runtime (s): 42849.3449 || Loading data delay (s): 6.5250 || Eval delay (s): 0.5321 || Agg delay (s): 0.0000 || Coordination delay (s): 0.0000 || DIST task delay: 0.0000 || RECV task delay: 0.0000 || Queueing delay: 0.0000 || MSG (from mid) Ave. delay: 0.0000 || Total cache delay: 0.0000 || Ave. cache delay: 0.0000
[R#593] CUMULATIVE_RUNTIME_SEC=42849.3449
Top Aggregator Timestamps: CACHE, CACHE_START_T: 0.0, CACHE_END_T: 0.0 || AGG, AGG_START_T: 0.0, AGG_END_T: 0.0 || EVAL, EVAL_START_T: 1765445352.467275, EVAL_END_T: 1765445352.999409 || RECV, RECV_START_T: 0.0, RECV_END_T: 0.0 || DIST, DIST_START_T: 0.0, DIST_END_T: 0.0 || LOAD, LOAD_START_T: 1765445281.735084, LOAD_END_T: 1765445288.2600727 || MSG_MTo, MSG_MTo_START_T: 0.0, MSG_MTo_END_T: 0.0
Loaded FEMNIST test split partition_id=53 with 326 samples
Wall-clock time: 1765445427.7587037 ||Test loss: 0.7582 || Test accuracy: 0.8006 || CPU time: 6.7732 || CPU utilization: 0.0906 || R#594's duration (s): 74.7593 || Cumulative runtime (s): 42924.1042 || Loading data delay (s): 6.7493 || Eval delay (s): 0.4989 || Agg delay (s): 0.0000 || Coordination delay (s): 0.0000 || DIST task delay: 0.0000 || RECV task delay: 0.0000 || Queueing delay: 0.0000 || MSG (from mid) Ave. delay: 0.0000 || Total cache delay: 0.0000 || Ave. cache delay: 0.0000
[R#594] CUMULATIVE_RUNTIME_SEC=42924.1042
Top Aggregator Timestamps: CACHE, CACHE_START_T: 0.0, CACHE_END_T: 0.0 || AGG, AGG_START_T: 0.0, AGG_END_T: 0.0 || EVAL, EVAL_START_T: 1765445427.2597773, EVAL_END_T: 1765445427.758671 || RECV, RECV_START_T: 0.0, RECV_END_T: 0.0 || DIST, DIST_START_T: 0.0, DIST_END_T: 0.0 || LOAD, LOAD_START_T: 1765445353.0027657, LOAD_END_T: 1765445359.7520723 || MSG_MTo, MSG_MTo_START_T: 0.0, MSG_MTo_END_T: 0.0
Loaded FEMNIST test split partition_id=21 with 292 samples
Wall-clock time: 1765445510.6236548 ||Test loss: 0.9992 || Test accuracy: 0.7534 || CPU time: 6.1129 || CPU utilization: 0.0738 || R#595's duration (s): 82.8650 || Cumulative runtime (s): 43006.9691 || Loading data delay (s): 6.8777 || Eval delay (s): 0.4513 || Agg delay (s): 0.0000 || Coordination delay (s): 0.0000 || DIST task delay: 0.0000 || RECV task delay: 0.0000 || Queueing delay: 0.0000 || MSG (from mid) Ave. delay: 0.0000 || Total cache delay: 0.0000 || Ave. cache delay: 0.0000
[R#595] CUMULATIVE_RUNTIME_SEC=43006.9691
Top Aggregator Timestamps: CACHE, CACHE_START_T: 0.0, CACHE_END_T: 0.0 || AGG, AGG_START_T: 0.0, AGG_END_T: 0.0 || EVAL, EVAL_START_T: 1765445510.172371, EVAL_END_T: 1765445510.6236281 || RECV, RECV_START_T: 0.0, RECV_END_T: 0.0 || DIST, DIST_START_T: 0.0, DIST_END_T: 0.0 || LOAD, LOAD_START_T: 1765445427.7620003, LOAD_END_T: 1765445434.639746 || MSG_MTo, MSG_MTo_START_T: 0.0, MSG_MTo_END_T: 0.0
Loaded FEMNIST test split partition_id=6 with 380 samples
Wall-clock time: 1765445571.7960525 ||Test loss: 0.3972 || Test accuracy: 0.8947 || CPU time: 7.5864 || CPU utilization: 0.1240 || R#596's duration (s): 61.1724 || Cumulative runtime (s): 43068.1415 || Loading data delay (s): 6.7232 || Eval delay (s): 0.5674 || Agg delay (s): 0.0000 || Coordination delay (s): 0.0000 || DIST task delay: 0.0000 || RECV task delay: 0.0000 || Queueing delay: 0.0000 || MSG (from mid) Ave. delay: 0.0000 || Total cache delay: 0.0000 || Ave. cache delay: 0.0000
[R#596] CUMULATIVE_RUNTIME_SEC=43068.1415
Top Aggregator Timestamps: CACHE, CACHE_START_T: 0.0, CACHE_END_T: 0.0 || AGG, AGG_START_T: 0.0, AGG_END_T: 0.0 || EVAL, EVAL_START_T: 1765445571.2286565, EVAL_END_T: 1765445571.7960284 || RECV, RECV_START_T: 0.0, RECV_END_T: 0.0 || DIST, DIST_START_T: 0.0, DIST_END_T: 0.0 || LOAD, LOAD_START_T: 1765445510.6268194, LOAD_END_T: 1765445517.3500621 || MSG_MTo, MSG_MTo_START_T: 0.0, MSG_MTo_END_T: 0.0
Loaded FEMNIST test split partition_id=8 with 418 samples
Wall-clock time: 1765445634.9000113 ||Test loss: 0.1808 || Test accuracy: 0.9378 || CPU time: 8.5153 || CPU utilization: 0.1349 || R#597's duration (s): 63.1040 || Cumulative runtime (s): 43131.2455 || Loading data delay (s): 6.7196 || Eval delay (s): 0.6351 || Agg delay (s): 0.0000 || Coordination delay (s): 0.0000 || DIST task delay: 0.0000 || RECV task delay: 0.0000 || Queueing delay: 0.0000 || MSG (from mid) Ave. delay: 0.0000 || Total cache delay: 0.0000 || Ave. cache delay: 0.0000
[R#597] CUMULATIVE_RUNTIME_SEC=43131.2455
Top Aggregator Timestamps: CACHE, CACHE_START_T: 0.0, CACHE_END_T: 0.0 || AGG, AGG_START_T: 0.0, AGG_END_T: 0.0 || EVAL, EVAL_START_T: 1765445634.2648869, EVAL_END_T: 1765445634.8999848 || RECV, RECV_START_T: 0.0, RECV_END_T: 0.0 || DIST, DIST_START_T: 0.0, DIST_END_T: 0.0 || LOAD, LOAD_START_T: 1765445571.7993443, LOAD_END_T: 1765445578.5189836 || MSG_MTo, MSG_MTo_START_T: 0.0, MSG_MTo_END_T: 0.0
Loaded FEMNIST test split partition_id=45 with 327 samples
Wall-clock time: 1765445719.02552 ||Test loss: 0.9744 || Test accuracy: 0.7003 || CPU time: 6.7326 || CPU utilization: 0.0800 || R#598's duration (s): 84.1255 || Cumulative runtime (s): 43215.3710 || Loading data delay (s): 6.7069 || Eval delay (s): 0.4979 || Agg delay (s): 0.0000 || Coordination delay (s): 0.0000 || DIST task delay: 0.0000 || RECV task delay: 0.0000 || Queueing delay: 0.0000 || MSG (from mid) Ave. delay: 0.0000 || Total cache delay: 0.0000 || Ave. cache delay: 0.0000
[R#598] CUMULATIVE_RUNTIME_SEC=43215.3710
Top Aggregator Timestamps: CACHE, CACHE_START_T: 0.0, CACHE_END_T: 0.0 || AGG, AGG_START_T: 0.0, AGG_END_T: 0.0 || EVAL, EVAL_START_T: 1765445718.5275726, EVAL_END_T: 1765445719.0254862 || RECV, RECV_START_T: 0.0, RECV_END_T: 0.0 || DIST, DIST_START_T: 0.0, DIST_END_T: 0.0 || LOAD, LOAD_START_T: 1765445634.9033015, LOAD_END_T: 1765445641.6102424 || MSG_MTo, MSG_MTo_START_T: 0.0, MSG_MTo_END_T: 0.0
Loaded FEMNIST test split partition_id=13 with 329 samples
Wall-clock time: 1765445795.772871 ||Test loss: 0.5143 || Test accuracy: 0.8207 || CPU time: 6.7364 || CPU utilization: 0.0878 || R#599's duration (s): 76.7474 || Cumulative runtime (s): 43292.1184 || Loading data delay (s): 6.4332 || Eval delay (s): 0.5017 || Agg delay (s): 0.0000 || Coordination delay (s): 0.0000 || DIST task delay: 0.0000 || RECV task delay: 0.0000 || Queueing delay: 0.0000 || MSG (from mid) Ave. delay: 0.0000 || Total cache delay: 0.0000 || Ave. cache delay: 0.0000
[R#599] CUMULATIVE_RUNTIME_SEC=43292.1184
Top Aggregator Timestamps: CACHE, CACHE_START_T: 0.0, CACHE_END_T: 0.0 || AGG, AGG_START_T: 0.0, AGG_END_T: 0.0 || EVAL, EVAL_START_T: 1765445795.2711127, EVAL_END_T: 1765445795.772839 || RECV, RECV_START_T: 0.0, RECV_END_T: 0.0 || DIST, DIST_START_T: 0.0, DIST_END_T: 0.0 || LOAD, LOAD_START_T: 1765445719.0288744, LOAD_END_T: 1765445725.4621181 || MSG_MTo, MSG_MTo_START_T: 0.0, MSG_MTo_END_T: 0.0
Loaded FEMNIST test split partition_id=25 with 317 samples
Wall-clock time: 1765445855.5600786 ||Test loss: 0.4164 || Test accuracy: 0.8612 || CPU time: 6.4443 || CPU utilization: 0.1078 || R#600's duration (s): 59.7872 || Cumulative runtime (s): 43351.9056 || Loading data delay (s): 6.8914 || Eval delay (s): 0.4803 || Agg delay (s): 0.0000 || Coordination delay (s): 0.0000 || DIST task delay: 0.0000 || RECV task delay: 0.0000 || Queueing delay: 0.0000 || MSG (from mid) Ave. delay: 0.0000 || Total cache delay: 0.0000 || Ave. cache delay: 0.0000
[R#600] CUMULATIVE_RUNTIME_SEC=43351.9056
Top Aggregator Timestamps: CACHE, CACHE_START_T: 0.0, CACHE_END_T: 0.0 || AGG, AGG_START_T: 0.0, AGG_END_T: 0.0 || EVAL, EVAL_START_T: 1765445855.0797827, EVAL_END_T: 1765445855.560056 || RECV, RECV_START_T: 0.0, RECV_END_T: 0.0 || DIST, DIST_START_T: 0.0, DIST_END_T: 0.0 || LOAD, LOAD_START_T: 1765445795.7758682, LOAD_END_T: 1765445802.6672807 || MSG_MTo, MSG_MTo_START_T: 0.0, MSG_MTo_END_T: 0.0
Loaded FEMNIST test split partition_id=3 with 397 samples
Wall-clock time: 1765445926.4380941 ||Test loss: 0.3297 || Test accuracy: 0.9295 || CPU time: 7.9285 || CPU utilization: 0.1119 || R#601's duration (s): 70.8780 || Cumulative runtime (s): 43422.7836 || Loading data delay (s): 6.6164 || Eval delay (s): 0.5965 || Agg delay (s): 0.0000 || Coordination delay (s): 0.0000 || DIST task delay: 0.0000 || RECV task delay: 0.0000 || Queueing delay: 0.0000 || MSG (from mid) Ave. delay: 0.0000 || Total cache delay: 0.0000 || Ave. cache delay: 0.0000
[R#601] CUMULATIVE_RUNTIME_SEC=43422.7836
Top Aggregator Timestamps: CACHE, CACHE_START_T: 0.0, CACHE_END_T: 0.0 || AGG, AGG_START_T: 0.0, AGG_END_T: 0.0 || EVAL, EVAL_START_T: 1765445925.841589, EVAL_END_T: 1765445926.4380708 || RECV, RECV_START_T: 0.0, RECV_END_T: 0.0 || DIST, DIST_START_T: 0.0, DIST_END_T: 0.0 || LOAD, LOAD_START_T: 1765445855.5633337, LOAD_END_T: 1765445862.17975 || MSG_MTo, MSG_MTo_START_T: 0.0, MSG_MTo_END_T: 0.0
Loaded FEMNIST test split partition_id=34 with 376 samples
Wall-clock time: 1765445999.4996138 ||Test loss: 0.4483 || Test accuracy: 0.8644 || CPU time: 7.6501 || CPU utilization: 0.1047 || R#602's duration (s): 73.0615 || Cumulative runtime (s): 43495.8451 || Loading data delay (s): 7.0153 || Eval delay (s): 0.5731 || Agg delay (s): 0.0000 || Coordination delay (s): 0.0000 || DIST task delay: 0.0000 || RECV task delay: 0.0000 || Queueing delay: 0.0000 || MSG (from mid) Ave. delay: 0.0000 || Total cache delay: 0.0000 || Ave. cache delay: 0.0000
[R#602] CUMULATIVE_RUNTIME_SEC=43495.8451
Top Aggregator Timestamps: CACHE, CACHE_START_T: 0.0, CACHE_END_T: 0.0 || AGG, AGG_START_T: 0.0, AGG_END_T: 0.0 || EVAL, EVAL_START_T: 1765445998.926497, EVAL_END_T: 1765445999.49959 || RECV, RECV_START_T: 0.0, RECV_END_T: 0.0 || DIST, DIST_START_T: 0.0, DIST_END_T: 0.0 || LOAD, LOAD_START_T: 1765445926.4418225, LOAD_END_T: 1765445933.457135 || MSG_MTo, MSG_MTo_START_T: 0.0, MSG_MTo_END_T: 0.0
Loaded FEMNIST test split partition_id=38 with 347 samples
Wall-clock time: 1765446073.6679988 ||Test loss: 0.4890 || Test accuracy: 0.8790 || CPU time: 6.9355 || CPU utilization: 0.0935 || R#603's duration (s): 74.1684 || Cumulative runtime (s): 43570.0135 || Loading data delay (s): 6.4718 || Eval delay (s): 0.5214 || Agg delay (s): 0.0000 || Coordination delay (s): 0.0000 || DIST task delay: 0.0000 || RECV task delay: 0.0000 || Queueing delay: 0.0000 || MSG (from mid) Ave. delay: 0.0000 || Total cache delay: 0.0000 || Ave. cache delay: 0.0000
[R#603] CUMULATIVE_RUNTIME_SEC=43570.0135
Top Aggregator Timestamps: CACHE, CACHE_START_T: 0.0, CACHE_END_T: 0.0 || AGG, AGG_START_T: 0.0, AGG_END_T: 0.0 || EVAL, EVAL_START_T: 1765446073.1466103, EVAL_END_T: 1765446073.6679754 || RECV, RECV_START_T: 0.0, RECV_END_T: 0.0 || DIST, DIST_START_T: 0.0, DIST_END_T: 0.0 || LOAD, LOAD_START_T: 1765445999.5029538, LOAD_END_T: 1765446005.974737 || MSG_MTo, MSG_MTo_START_T: 0.0, MSG_MTo_END_T: 0.0
Loaded FEMNIST test split partition_id=59 with 361 samples
Wall-clock time: 1765446134.642037 ||Test loss: 0.5522 || Test accuracy: 0.8421 || CPU time: 7.3464 || CPU utilization: 0.1205 || R#604's duration (s): 60.9740 || Cumulative runtime (s): 43630.9875 || Loading data delay (s): 6.8116 || Eval delay (s): 0.5461 || Agg delay (s): 0.0000 || Coordination delay (s): 0.0000 || DIST task delay: 0.0000 || RECV task delay: 0.0000 || Queueing delay: 0.0000 || MSG (from mid) Ave. delay: 0.0000 || Total cache delay: 0.0000 || Ave. cache delay: 0.0000
[R#604] CUMULATIVE_RUNTIME_SEC=43630.9875
Top Aggregator Timestamps: CACHE, CACHE_START_T: 0.0, CACHE_END_T: 0.0 || AGG, AGG_START_T: 0.0, AGG_END_T: 0.0 || EVAL, EVAL_START_T: 1765446134.0958757, EVAL_END_T: 1765446134.6420093 || RECV, RECV_START_T: 0.0, RECV_END_T: 0.0 || DIST, DIST_START_T: 0.0, DIST_END_T: 0.0 || LOAD, LOAD_START_T: 1765446073.6712234, LOAD_END_T: 1765446080.4827943 || MSG_MTo, MSG_MTo_START_T: 0.0, MSG_MTo_END_T: 0.0
Loaded FEMNIST test split partition_id=37 with 403 samples
Wall-clock time: 1765446197.4838092 ||Test loss: 0.5089 || Test accuracy: 0.8511 || CPU time: 8.0523 || CPU utilization: 0.1281 || R#605's duration (s): 62.8418 || Cumulative runtime (s): 43693.8293 || Loading data delay (s): 6.4013 || Eval delay (s): 0.6023 || Agg delay (s): 0.0000 || Coordination delay (s): 0.0000 || DIST task delay: 0.0000 || RECV task delay: 0.0000 || Queueing delay: 0.0000 || MSG (from mid) Ave. delay: 0.0000 || Total cache delay: 0.0000 || Ave. cache delay: 0.0000
[R#605] CUMULATIVE_RUNTIME_SEC=43693.8293
Top Aggregator Timestamps: CACHE, CACHE_START_T: 0.0, CACHE_END_T: 0.0 || AGG, AGG_START_T: 0.0, AGG_END_T: 0.0 || EVAL, EVAL_START_T: 1765446196.8814886, EVAL_END_T: 1765446197.4837844 || RECV, RECV_START_T: 0.0, RECV_END_T: 0.0 || DIST, DIST_START_T: 0.0, DIST_END_T: 0.0 || LOAD, LOAD_START_T: 1765446134.6450775, LOAD_END_T: 1765446141.0463588 || MSG_MTo, MSG_MTo_START_T: 0.0, MSG_MTo_END_T: 0.0
Loaded FEMNIST test split partition_id=26 with 363 samples
Wall-clock time: 1765446273.3431315 ||Test loss: 0.2538 || Test accuracy: 0.9229 || CPU time: 7.5563 || CPU utilization: 0.0996 || R#606's duration (s): 75.8593 || Cumulative runtime (s): 43769.6886 || Loading data delay (s): 6.6474 || Eval delay (s): 0.5686 || Agg delay (s): 0.0000 || Coordination delay (s): 0.0000 || DIST task delay: 0.0000 || RECV task delay: 0.0000 || Queueing delay: 0.0000 || MSG (from mid) Ave. delay: 0.0000 || Total cache delay: 0.0000 || Ave. cache delay: 0.0000
[R#606] CUMULATIVE_RUNTIME_SEC=43769.6886
Top Aggregator Timestamps: CACHE, CACHE_START_T: 0.0, CACHE_END_T: 0.0 || AGG, AGG_START_T: 0.0, AGG_END_T: 0.0 || EVAL, EVAL_START_T: 1765446272.7744765, EVAL_END_T: 1765446273.3431003 || RECV, RECV_START_T: 0.0, RECV_END_T: 0.0 || DIST, DIST_START_T: 0.0, DIST_END_T: 0.0 || LOAD, LOAD_START_T: 1765446197.4870472, LOAD_END_T: 1765446204.1344447 || MSG_MTo, MSG_MTo_START_T: 0.0, MSG_MTo_END_T: 0.0
Loaded FEMNIST test split partition_id=46 with 430 samples
Wall-clock time: 1765446337.173499 ||Test loss: 0.1870 || Test accuracy: 0.9395 || CPU time: 8.6262 || CPU utilization: 0.1351 || R#607's duration (s): 63.8304 || Cumulative runtime (s): 43833.5190 || Loading data delay (s): 7.0386 || Eval delay (s): 0.6475 || Agg delay (s): 0.0000 || Coordination delay (s): 0.0000 || DIST task delay: 0.0000 || RECV task delay: 0.0000 || Queueing delay: 0.0000 || MSG (from mid) Ave. delay: 0.0000 || Total cache delay: 0.0000 || Ave. cache delay: 0.0000
[R#607] CUMULATIVE_RUNTIME_SEC=43833.5190
Top Aggregator Timestamps: CACHE, CACHE_START_T: 0.0, CACHE_END_T: 0.0 || AGG, AGG_START_T: 0.0, AGG_END_T: 0.0 || EVAL, EVAL_START_T: 1765446336.5259192, EVAL_END_T: 1765446337.173469 || RECV, RECV_START_T: 0.0, RECV_END_T: 0.0 || DIST, DIST_START_T: 0.0, DIST_END_T: 0.0 || LOAD, LOAD_START_T: 1765446273.3464177, LOAD_END_T: 1765446280.3850136 || MSG_MTo, MSG_MTo_START_T: 0.0, MSG_MTo_END_T: 0.0
Loaded FEMNIST test split partition_id=22 with 334 samples
Wall-clock time: 1765446400.4286232 ||Test loss: 0.9294 || Test accuracy: 0.7425 || CPU time: 6.6675 || CPU utilization: 0.1054 || R#608's duration (s): 63.2551 || Cumulative runtime (s): 43896.7741 || Loading data delay (s): 6.4484 || Eval delay (s): 0.5036 || Agg delay (s): 0.0000 || Coordination delay (s): 0.0000 || DIST task delay: 0.0000 || RECV task delay: 0.0000 || Queueing delay: 0.0000 || MSG (from mid) Ave. delay: 0.0000 || Total cache delay: 0.0000 || Ave. cache delay: 0.0000
[R#608] CUMULATIVE_RUNTIME_SEC=43896.7741
Top Aggregator Timestamps: CACHE, CACHE_START_T: 0.0, CACHE_END_T: 0.0 || AGG, AGG_START_T: 0.0, AGG_END_T: 0.0 || EVAL, EVAL_START_T: 1765446399.9250486, EVAL_END_T: 1765446400.4285986 || RECV, RECV_START_T: 0.0, RECV_END_T: 0.0 || DIST, DIST_START_T: 0.0, DIST_END_T: 0.0 || LOAD, LOAD_START_T: 1765446337.1764421, LOAD_END_T: 1765446343.6248357 || MSG_MTo, MSG_MTo_START_T: 0.0, MSG_MTo_END_T: 0.0
Loaded FEMNIST test split partition_id=56 with 343 samples
Wall-clock time: 1765446468.4616337 ||Test loss: 0.4310 || Test accuracy: 0.8892 || CPU time: 7.1687 || CPU utilization: 0.1054 || R#609's duration (s): 68.0330 || Cumulative runtime (s): 43964.8071 || Loading data delay (s): 6.6232 || Eval delay (s): 0.5379 || Agg delay (s): 0.0000 || Coordination delay (s): 0.0000 || DIST task delay: 0.0000 || RECV task delay: 0.0000 || Queueing delay: 0.0000 || MSG (from mid) Ave. delay: 0.0000 || Total cache delay: 0.0000 || Ave. cache delay: 0.0000
[R#609] CUMULATIVE_RUNTIME_SEC=43964.8071
Top Aggregator Timestamps: CACHE, CACHE_START_T: 0.0, CACHE_END_T: 0.0 || AGG, AGG_START_T: 0.0, AGG_END_T: 0.0 || EVAL, EVAL_START_T: 1765446467.9237535, EVAL_END_T: 1765446468.4616075 || RECV, RECV_START_T: 0.0, RECV_END_T: 0.0 || DIST, DIST_START_T: 0.0, DIST_END_T: 0.0 || LOAD, LOAD_START_T: 1765446400.431948, LOAD_END_T: 1765446407.0551643 || MSG_MTo, MSG_MTo_START_T: 0.0, MSG_MTo_END_T: 0.0
Loaded FEMNIST test split partition_id=16 with 312 samples
Wall-clock time: 1765446543.9799333 ||Test loss: 0.4241 || Test accuracy: 0.8974 || CPU time: 6.4820 || CPU utilization: 0.0858 || R#610's duration (s): 75.5183 || Cumulative runtime (s): 44040.3254 || Loading data delay (s): 6.8108 || Eval delay (s): 0.4819 || Agg delay (s): 0.0000 || Coordination delay (s): 0.0000 || DIST task delay: 0.0000 || RECV task delay: 0.0000 || Queueing delay: 0.0000 || MSG (from mid) Ave. delay: 0.0000 || Total cache delay: 0.0000 || Ave. cache delay: 0.0000
[R#610] CUMULATIVE_RUNTIME_SEC=44040.3254
Top Aggregator Timestamps: CACHE, CACHE_START_T: 0.0, CACHE_END_T: 0.0 || AGG, AGG_START_T: 0.0, AGG_END_T: 0.0 || EVAL, EVAL_START_T: 1765446543.497977, EVAL_END_T: 1765446543.9799094 || RECV, RECV_START_T: 0.0, RECV_END_T: 0.0 || DIST, DIST_START_T: 0.0, DIST_END_T: 0.0 || LOAD, LOAD_START_T: 1765446468.4654922, LOAD_END_T: 1765446475.2762468 || MSG_MTo, MSG_MTo_START_T: 0.0, MSG_MTo_END_T: 0.0
Loaded FEMNIST test split partition_id=26 with 363 samples
Wall-clock time: 1765446611.4893014 ||Test loss: 0.2762 || Test accuracy: 0.9118 || CPU time: 7.3688 || CPU utilization: 0.1092 || R#611's duration (s): 67.5094 || Cumulative runtime (s): 44107.8348 || Loading data delay (s): 6.5886 || Eval delay (s): 0.5509 || Agg delay (s): 0.0000 || Coordination delay (s): 0.0000 || DIST task delay: 0.0000 || RECV task delay: 0.0000 || Queueing delay: 0.0000 || MSG (from mid) Ave. delay: 0.0000 || Total cache delay: 0.0000 || Ave. cache delay: 0.0000
[R#611] CUMULATIVE_RUNTIME_SEC=44107.8348
Top Aggregator Timestamps: CACHE, CACHE_START_T: 0.0, CACHE_END_T: 0.0 || AGG, AGG_START_T: 0.0, AGG_END_T: 0.0 || EVAL, EVAL_START_T: 1765446610.9383333, EVAL_END_T: 1765446611.4892778 || RECV, RECV_START_T: 0.0, RECV_END_T: 0.0 || DIST, DIST_START_T: 0.0, DIST_END_T: 0.0 || LOAD, LOAD_START_T: 1765446543.9832323, LOAD_END_T: 1765446550.5717824 || MSG_MTo, MSG_MTo_START_T: 0.0, MSG_MTo_END_T: 0.0
Loaded FEMNIST test split partition_id=44 with 343 samples
Wall-clock time: 1765446677.3423533 ||Test loss: 0.7953 || Test accuracy: 0.8017 || CPU time: 6.9920 || CPU utilization: 0.1062 || R#612's duration (s): 65.8531 || Cumulative runtime (s): 44173.6878 || Loading data delay (s): 7.0472 || Eval delay (s): 0.5211 || Agg delay (s): 0.0000 || Coordination delay (s): 0.0000 || DIST task delay: 0.0000 || RECV task delay: 0.0000 || Queueing delay: 0.0000 || MSG (from mid) Ave. delay: 0.0000 || Total cache delay: 0.0000 || Ave. cache delay: 0.0000
[R#612] CUMULATIVE_RUNTIME_SEC=44173.6878
Top Aggregator Timestamps: CACHE, CACHE_START_T: 0.0, CACHE_END_T: 0.0 || AGG, AGG_START_T: 0.0, AGG_END_T: 0.0 || EVAL, EVAL_START_T: 1765446676.8212147, EVAL_END_T: 1765446677.3423235 || RECV, RECV_START_T: 0.0, RECV_END_T: 0.0 || DIST, DIST_START_T: 0.0, DIST_END_T: 0.0 || LOAD, LOAD_START_T: 1765446611.492125, LOAD_END_T: 1765446618.539284 || MSG_MTo, MSG_MTo_START_T: 0.0, MSG_MTo_END_T: 0.0
Loaded FEMNIST test split partition_id=12 with 308 samples
Wall-clock time: 1765446756.3843951 ||Test loss: 0.5259 || Test accuracy: 0.8604 || CPU time: 6.3253 || CPU utilization: 0.0800 || R#613's duration (s): 79.0420 || Cumulative runtime (s): 44252.7299 || Loading data delay (s): 6.7000 || Eval delay (s): 0.4713 || Agg delay (s): 0.0000 || Coordination delay (s): 0.0000 || DIST task delay: 0.0000 || RECV task delay: 0.0000 || Queueing delay: 0.0000 || MSG (from mid) Ave. delay: 0.0000 || Total cache delay: 0.0000 || Ave. cache delay: 0.0000
[R#613] CUMULATIVE_RUNTIME_SEC=44252.7299
Top Aggregator Timestamps: CACHE, CACHE_START_T: 0.0, CACHE_END_T: 0.0 || AGG, AGG_START_T: 0.0, AGG_END_T: 0.0 || EVAL, EVAL_START_T: 1765446755.9130855, EVAL_END_T: 1765446756.3843675 || RECV, RECV_START_T: 0.0, RECV_END_T: 0.0 || DIST, DIST_START_T: 0.0, DIST_END_T: 0.0 || LOAD, LOAD_START_T: 1765446677.3454268, LOAD_END_T: 1765446684.0454264 || MSG_MTo, MSG_MTo_START_T: 0.0, MSG_MTo_END_T: 0.0
Loaded FEMNIST test split partition_id=2 with 404 samples
Wall-clock time: 1765446821.7051136 ||Test loss: 0.4129 || Test accuracy: 0.8936 || CPU time: 8.9820 || CPU utilization: 0.1375 || R#614's duration (s): 65.3207 || Cumulative runtime (s): 44318.0506 || Loading data delay (s): 6.6312 || Eval delay (s): 0.6689 || Agg delay (s): 0.0000 || Coordination delay (s): 0.0000 || DIST task delay: 0.0000 || RECV task delay: 0.0000 || Queueing delay: 0.0000 || MSG (from mid) Ave. delay: 0.0000 || Total cache delay: 0.0000 || Ave. cache delay: 0.0000
[R#614] CUMULATIVE_RUNTIME_SEC=44318.0506
Top Aggregator Timestamps: CACHE, CACHE_START_T: 0.0, CACHE_END_T: 0.0 || AGG, AGG_START_T: 0.0, AGG_END_T: 0.0 || EVAL, EVAL_START_T: 1765446821.0361898, EVAL_END_T: 1765446821.7050889 || RECV, RECV_START_T: 0.0, RECV_END_T: 0.0 || DIST, DIST_START_T: 0.0, DIST_END_T: 0.0 || LOAD, LOAD_START_T: 1765446756.3872259, LOAD_END_T: 1765446763.0184715 || MSG_MTo, MSG_MTo_START_T: 0.0, MSG_MTo_END_T: 0.0
Loaded FEMNIST test split partition_id=2 with 404 samples
Wall-clock time: 1765446879.5578482 ||Test loss: 0.4554 || Test accuracy: 0.8787 || CPU time: 8.3709 || CPU utilization: 0.1447 || R#615's duration (s): 57.8527 || Cumulative runtime (s): 44375.9033 || Loading data delay (s): 6.7171 || Eval delay (s): 0.6225 || Agg delay (s): 0.0000 || Coordination delay (s): 0.0000 || DIST task delay: 0.0000 || RECV task delay: 0.0000 || Queueing delay: 0.0000 || MSG (from mid) Ave. delay: 0.0000 || Total cache delay: 0.0000 || Ave. cache delay: 0.0000
[R#615] CUMULATIVE_RUNTIME_SEC=44375.9033
Top Aggregator Timestamps: CACHE, CACHE_START_T: 0.0, CACHE_END_T: 0.0 || AGG, AGG_START_T: 0.0, AGG_END_T: 0.0 || EVAL, EVAL_START_T: 1765446878.9353573, EVAL_END_T: 1765446879.5578163 || RECV, RECV_START_T: 0.0, RECV_END_T: 0.0 || DIST, DIST_START_T: 0.0, DIST_END_T: 0.0 || LOAD, LOAD_START_T: 1765446821.7084255, LOAD_END_T: 1765446828.4255266 || MSG_MTo, MSG_MTo_START_T: 0.0, MSG_MTo_END_T: 0.0
Loaded FEMNIST test split partition_id=27 with 446 samples
Wall-clock time: 1765446955.9024508 ||Test loss: 0.5046 || Test accuracy: 0.8700 || CPU time: 8.9646 || CPU utilization: 0.1174 || R#616's duration (s): 76.3446 || Cumulative runtime (s): 44452.2479 || Loading data delay (s): 6.9089 || Eval delay (s): 0.6720 || Agg delay (s): 0.0000 || Coordination delay (s): 0.0000 || DIST task delay: 0.0000 || RECV task delay: 0.0000 || Queueing delay: 0.0000 || MSG (from mid) Ave. delay: 0.0000 || Total cache delay: 0.0000 || Ave. cache delay: 0.0000
[R#616] CUMULATIVE_RUNTIME_SEC=44452.2479
Top Aggregator Timestamps: CACHE, CACHE_START_T: 0.0, CACHE_END_T: 0.0 || AGG, AGG_START_T: 0.0, AGG_END_T: 0.0 || EVAL, EVAL_START_T: 1765446955.23041, EVAL_END_T: 1765446955.9024224 || RECV, RECV_START_T: 0.0, RECV_END_T: 0.0 || DIST, DIST_START_T: 0.0, DIST_END_T: 0.0 || LOAD, LOAD_START_T: 1765446879.5606735, LOAD_END_T: 1765446886.4696112 || MSG_MTo, MSG_MTo_START_T: 0.0, MSG_MTo_END_T: 0.0
Loaded FEMNIST test split partition_id=46 with 430 samples
Wall-clock time: 1765447018.5684574 ||Test loss: 0.1698 || Test accuracy: 0.9395 || CPU time: 8.5481 || CPU utilization: 0.1364 || R#617's duration (s): 62.6660 || Cumulative runtime (s): 44514.9139 || Loading data delay (s): 6.3056 || Eval delay (s): 0.6421 || Agg delay (s): 0.0000 || Coordination delay (s): 0.0000 || DIST task delay: 0.0000 || RECV task delay: 0.0000 || Queueing delay: 0.0000 || MSG (from mid) Ave. delay: 0.0000 || Total cache delay: 0.0000 || Ave. cache delay: 0.0000
[R#617] CUMULATIVE_RUNTIME_SEC=44514.9139
Top Aggregator Timestamps: CACHE, CACHE_START_T: 0.0, CACHE_END_T: 0.0 || AGG, AGG_START_T: 0.0, AGG_END_T: 0.0 || EVAL, EVAL_START_T: 1765447017.9263792, EVAL_END_T: 1765447018.568434 || RECV, RECV_START_T: 0.0, RECV_END_T: 0.0 || DIST, DIST_START_T: 0.0, DIST_END_T: 0.0 || LOAD, LOAD_START_T: 1765446955.9056995, LOAD_END_T: 1765446962.2113345 || MSG_MTo, MSG_MTo_START_T: 0.0, MSG_MTo_END_T: 0.0
Loaded FEMNIST test split partition_id=28 with 399 samples
Wall-clock time: 1765447088.5424492 ||Test loss: 0.4209 || Test accuracy: 0.8747 || CPU time: 8.2150 || CPU utilization: 0.1174 || R#618's duration (s): 69.9740 || Cumulative runtime (s): 44584.8879 || Loading data delay (s): 6.9349 || Eval delay (s): 0.6143 || Agg delay (s): 0.0000 || Coordination delay (s): 0.0000 || DIST task delay: 0.0000 || RECV task delay: 0.0000 || Queueing delay: 0.0000 || MSG (from mid) Ave. delay: 0.0000 || Total cache delay: 0.0000 || Ave. cache delay: 0.0000
[R#618] CUMULATIVE_RUNTIME_SEC=44584.8879
Top Aggregator Timestamps: CACHE, CACHE_START_T: 0.0, CACHE_END_T: 0.0 || AGG, AGG_START_T: 0.0, AGG_END_T: 0.0 || EVAL, EVAL_START_T: 1765447087.9281113, EVAL_END_T: 1765447088.5424218 || RECV, RECV_START_T: 0.0, RECV_END_T: 0.0 || DIST, DIST_START_T: 0.0, DIST_END_T: 0.0 || LOAD, LOAD_START_T: 1765447018.5713968, LOAD_END_T: 1765447025.5062616 || MSG_MTo, MSG_MTo_START_T: 0.0, MSG_MTo_END_T: 0.0
Loaded FEMNIST test split partition_id=39 with 373 samples
Wall-clock time: 1765447152.2025964 ||Test loss: 0.3131 || Test accuracy: 0.9035 || CPU time: 7.5860 || CPU utilization: 0.1192 || R#619's duration (s): 63.6601 || Cumulative runtime (s): 44648.5481 || Loading data delay (s): 6.6197 || Eval delay (s): 0.5685 || Agg delay (s): 0.0000 || Coordination delay (s): 0.0000 || DIST task delay: 0.0000 || RECV task delay: 0.0000 || Queueing delay: 0.0000 || MSG (from mid) Ave. delay: 0.0000 || Total cache delay: 0.0000 || Ave. cache delay: 0.0000
[R#619] CUMULATIVE_RUNTIME_SEC=44648.5481
Top Aggregator Timestamps: CACHE, CACHE_START_T: 0.0, CACHE_END_T: 0.0 || AGG, AGG_START_T: 0.0, AGG_END_T: 0.0 || EVAL, EVAL_START_T: 1765447151.6340334, EVAL_END_T: 1765447152.2025723 || RECV, RECV_START_T: 0.0, RECV_END_T: 0.0 || DIST, DIST_START_T: 0.0, DIST_END_T: 0.0 || LOAD, LOAD_START_T: 1765447088.545846, LOAD_END_T: 1765447095.165518 || MSG_MTo, MSG_MTo_START_T: 0.0, MSG_MTo_END_T: 0.0
Loaded FEMNIST test split partition_id=57 with 388 samples
Wall-clock time: 1765447226.9386785 ||Test loss: 0.2691 || Test accuracy: 0.9149 || CPU time: 7.9240 || CPU utilization: 0.1060 || R#620's duration (s): 74.7361 || Cumulative runtime (s): 44723.2842 || Loading data delay (s): 6.9402 || Eval delay (s): 0.5955 || Agg delay (s): 0.0000 || Coordination delay (s): 0.0000 || DIST task delay: 0.0000 || RECV task delay: 0.0000 || Queueing delay: 0.0000 || MSG (from mid) Ave. delay: 0.0000 || Total cache delay: 0.0000 || Ave. cache delay: 0.0000
[R#620] CUMULATIVE_RUNTIME_SEC=44723.2842
Top Aggregator Timestamps: CACHE, CACHE_START_T: 0.0, CACHE_END_T: 0.0 || AGG, AGG_START_T: 0.0, AGG_END_T: 0.0 || EVAL, EVAL_START_T: 1765447226.343117, EVAL_END_T: 1765447226.9386516 || RECV, RECV_START_T: 0.0, RECV_END_T: 0.0 || DIST, DIST_START_T: 0.0, DIST_END_T: 0.0 || LOAD, LOAD_START_T: 1765447152.2066765, LOAD_END_T: 1765447159.1468756 || MSG_MTo, MSG_MTo_START_T: 0.0, MSG_MTo_END_T: 0.0
Loaded FEMNIST test split partition_id=16 with 312 samples
Wall-clock time: 1765447289.9839892 ||Test loss: 0.4883 || Test accuracy: 0.8462 || CPU time: 6.4062 || CPU utilization: 0.1016 || R#621's duration (s): 63.0453 || Cumulative runtime (s): 44786.3295 || Loading data delay (s): 6.6929 || Eval delay (s): 0.4772 || Agg delay (s): 0.0000 || Coordination delay (s): 0.0000 || DIST task delay: 0.0000 || RECV task delay: 0.0000 || Queueing delay: 0.0000 || MSG (from mid) Ave. delay: 0.0000 || Total cache delay: 0.0000 || Ave. cache delay: 0.0000
[R#621] CUMULATIVE_RUNTIME_SEC=44786.3295
Top Aggregator Timestamps: CACHE, CACHE_START_T: 0.0, CACHE_END_T: 0.0 || AGG, AGG_START_T: 0.0, AGG_END_T: 0.0 || EVAL, EVAL_START_T: 1765447289.506782, EVAL_END_T: 1765447289.983965 || RECV, RECV_START_T: 0.0, RECV_END_T: 0.0 || DIST, DIST_START_T: 0.0, DIST_END_T: 0.0 || LOAD, LOAD_START_T: 1765447226.941733, LOAD_END_T: 1765447233.6346238 || MSG_MTo, MSG_MTo_START_T: 0.0, MSG_MTo_END_T: 0.0
Loaded FEMNIST test split partition_id=41 with 358 samples
Wall-clock time: 1765447354.083777 ||Test loss: 0.4908 || Test accuracy: 0.8547 || CPU time: 7.2334 || CPU utilization: 0.1128 || R#622's duration (s): 64.0998 || Cumulative runtime (s): 44850.4293 || Loading data delay (s): 6.6969 || Eval delay (s): 0.5408 || Agg delay (s): 0.0000 || Coordination delay (s): 0.0000 || DIST task delay: 0.0000 || RECV task delay: 0.0000 || Queueing delay: 0.0000 || MSG (from mid) Ave. delay: 0.0000 || Total cache delay: 0.0000 || Ave. cache delay: 0.0000
[R#622] CUMULATIVE_RUNTIME_SEC=44850.4293
Top Aggregator Timestamps: CACHE, CACHE_START_T: 0.0, CACHE_END_T: 0.0 || AGG, AGG_START_T: 0.0, AGG_END_T: 0.0 || EVAL, EVAL_START_T: 1765447353.5429842, EVAL_END_T: 1765447354.0837507 || RECV, RECV_START_T: 0.0, RECV_END_T: 0.0 || DIST, DIST_START_T: 0.0, DIST_END_T: 0.0 || LOAD, LOAD_START_T: 1765447289.9872813, LOAD_END_T: 1765447296.6841657 || MSG_MTo, MSG_MTo_START_T: 0.0, MSG_MTo_END_T: 0.0
Loaded FEMNIST test split partition_id=65 with 379 samples
Wall-clock time: 1765447425.9506102 ||Test loss: 0.1950 || Test accuracy: 0.9314 || CPU time: 7.5963 || CPU utilization: 0.1057 || R#623's duration (s): 71.8668 || Cumulative runtime (s): 44922.2961 || Loading data delay (s): 6.7891 || Eval delay (s): 0.5692 || Agg delay (s): 0.0000 || Coordination delay (s): 0.0000 || DIST task delay: 0.0000 || RECV task delay: 0.0000 || Queueing delay: 0.0000 || MSG (from mid) Ave. delay: 0.0000 || Total cache delay: 0.0000 || Ave. cache delay: 0.0000
[R#623] CUMULATIVE_RUNTIME_SEC=44922.2961
Top Aggregator Timestamps: CACHE, CACHE_START_T: 0.0, CACHE_END_T: 0.0 || AGG, AGG_START_T: 0.0, AGG_END_T: 0.0 || EVAL, EVAL_START_T: 1765447425.3814187, EVAL_END_T: 1765447425.9505825 || RECV, RECV_START_T: 0.0, RECV_END_T: 0.0 || DIST, DIST_START_T: 0.0, DIST_END_T: 0.0 || LOAD, LOAD_START_T: 1765447354.0870402, LOAD_END_T: 1765447360.8761241 || MSG_MTo, MSG_MTo_START_T: 0.0, MSG_MTo_END_T: 0.0
Loaded FEMNIST test split partition_id=53 with 326 samples
Wall-clock time: 1765447499.622984 ||Test loss: 0.7339 || Test accuracy: 0.7975 || CPU time: 6.6380 || CPU utilization: 0.0901 || R#624's duration (s): 73.6724 || Cumulative runtime (s): 44995.9685 || Loading data delay (s): 6.5248 || Eval delay (s): 0.4923 || Agg delay (s): 0.0000 || Coordination delay (s): 0.0000 || DIST task delay: 0.0000 || RECV task delay: 0.0000 || Queueing delay: 0.0000 || MSG (from mid) Ave. delay: 0.0000 || Total cache delay: 0.0000 || Ave. cache delay: 0.0000
[R#624] CUMULATIVE_RUNTIME_SEC=44995.9685
Top Aggregator Timestamps: CACHE, CACHE_START_T: 0.0, CACHE_END_T: 0.0 || AGG, AGG_START_T: 0.0, AGG_END_T: 0.0 || EVAL, EVAL_START_T: 1765447499.1306784, EVAL_END_T: 1765447499.6229577 || RECV, RECV_START_T: 0.0, RECV_END_T: 0.0 || DIST, DIST_START_T: 0.0, DIST_END_T: 0.0 || LOAD, LOAD_START_T: 1765447425.9536917, LOAD_END_T: 1765447432.4785008 || MSG_MTo, MSG_MTo_START_T: 0.0, MSG_MTo_END_T: 0.0
Loaded FEMNIST test split partition_id=5 with 351 samples
Wall-clock time: 1765447572.241054 ||Test loss: 0.6434 || Test accuracy: 0.8462 || CPU time: 7.1171 || CPU utilization: 0.0980 || R#625's duration (s): 72.6181 || Cumulative runtime (s): 45068.5865 || Loading data delay (s): 6.9084 || Eval delay (s): 0.5290 || Agg delay (s): 0.0000 || Coordination delay (s): 0.0000 || DIST task delay: 0.0000 || RECV task delay: 0.0000 || Queueing delay: 0.0000 || MSG (from mid) Ave. delay: 0.0000 || Total cache delay: 0.0000 || Ave. cache delay: 0.0000
[R#625] CUMULATIVE_RUNTIME_SEC=45068.5865
Top Aggregator Timestamps: CACHE, CACHE_START_T: 0.0, CACHE_END_T: 0.0 || AGG, AGG_START_T: 0.0, AGG_END_T: 0.0 || EVAL, EVAL_START_T: 1765447571.712071, EVAL_END_T: 1765447572.2410278 || RECV, RECV_START_T: 0.0, RECV_END_T: 0.0 || DIST, DIST_START_T: 0.0, DIST_END_T: 0.0 || LOAD, LOAD_START_T: 1765447499.626789, LOAD_END_T: 1765447506.535233 || MSG_MTo, MSG_MTo_START_T: 0.0, MSG_MTo_END_T: 0.0
Loaded FEMNIST test split partition_id=8 with 418 samples
Wall-clock time: 1765447649.5929606 ||Test loss: 0.1822 || Test accuracy: 0.9306 || CPU time: 8.5835 || CPU utilization: 0.1110 || R#626's duration (s): 77.3519 || Cumulative runtime (s): 45145.9384 || Loading data delay (s): 6.4346 || Eval delay (s): 0.6364 || Agg delay (s): 0.0000 || Coordination delay (s): 0.0000 || DIST task delay: 0.0000 || RECV task delay: 0.0000 || Queueing delay: 0.0000 || MSG (from mid) Ave. delay: 0.0000 || Total cache delay: 0.0000 || Ave. cache delay: 0.0000
[R#626] CUMULATIVE_RUNTIME_SEC=45145.9384
Top Aggregator Timestamps: CACHE, CACHE_START_T: 0.0, CACHE_END_T: 0.0 || AGG, AGG_START_T: 0.0, AGG_END_T: 0.0 || EVAL, EVAL_START_T: 1765447648.9565437, EVAL_END_T: 1765447649.5929368 || RECV, RECV_START_T: 0.0, RECV_END_T: 0.0 || DIST, DIST_START_T: 0.0, DIST_END_T: 0.0 || LOAD, LOAD_START_T: 1765447572.2443938, LOAD_END_T: 1765447578.6790152 || MSG_MTo, MSG_MTo_START_T: 0.0, MSG_MTo_END_T: 0.0
Loaded FEMNIST test split partition_id=58 with 346 samples
Wall-clock time: 1765447741.7145288 ||Test loss: 0.3962 || Test accuracy: 0.8671 || CPU time: 7.0882 || CPU utilization: 0.0769 || R#627's duration (s): 92.1216 || Cumulative runtime (s): 45238.0600 || Loading data delay (s): 6.9357 || Eval delay (s): 0.5272 || Agg delay (s): 0.0000 || Coordination delay (s): 0.0000 || DIST task delay: 0.0000 || RECV task delay: 0.0000 || Queueing delay: 0.0000 || MSG (from mid) Ave. delay: 0.0000 || Total cache delay: 0.0000 || Ave. cache delay: 0.0000
[R#627] CUMULATIVE_RUNTIME_SEC=45238.0600
Top Aggregator Timestamps: CACHE, CACHE_START_T: 0.0, CACHE_END_T: 0.0 || AGG, AGG_START_T: 0.0, AGG_END_T: 0.0 || EVAL, EVAL_START_T: 1765447741.18732, EVAL_END_T: 1765447741.7145047 || RECV, RECV_START_T: 0.0, RECV_END_T: 0.0 || DIST, DIST_START_T: 0.0, DIST_END_T: 0.0 || LOAD, LOAD_START_T: 1765447649.5962505, LOAD_END_T: 1765447656.531958 || MSG_MTo, MSG_MTo_START_T: 0.0, MSG_MTo_END_T: 0.0
Loaded FEMNIST test split partition_id=8 with 418 samples
Wall-clock time: 1765447803.081365 ||Test loss: 0.1579 || Test accuracy: 0.9282 || CPU time: 8.6602 || CPU utilization: 0.1411 || R#628's duration (s): 61.3668 || Cumulative runtime (s): 45299.4269 || Loading data delay (s): 6.7463 || Eval delay (s): 0.6406 || Agg delay (s): 0.0000 || Coordination delay (s): 0.0000 || DIST task delay: 0.0000 || RECV task delay: 0.0000 || Queueing delay: 0.0000 || MSG (from mid) Ave. delay: 0.0000 || Total cache delay: 0.0000 || Ave. cache delay: 0.0000
[R#628] CUMULATIVE_RUNTIME_SEC=45299.4269
Top Aggregator Timestamps: CACHE, CACHE_START_T: 0.0, CACHE_END_T: 0.0 || AGG, AGG_START_T: 0.0, AGG_END_T: 0.0 || EVAL, EVAL_START_T: 1765447802.44077, EVAL_END_T: 1765447803.0813413 || RECV, RECV_START_T: 0.0, RECV_END_T: 0.0 || DIST, DIST_START_T: 0.0, DIST_END_T: 0.0 || LOAD, LOAD_START_T: 1765447741.7178726, LOAD_END_T: 1765447748.464145 || MSG_MTo, MSG_MTo_START_T: 0.0, MSG_MTo_END_T: 0.0
Loaded FEMNIST test split partition_id=60 with 303 samples
Wall-clock time: 1765447873.6166632 ||Test loss: 0.4133 || Test accuracy: 0.8746 || CPU time: 6.0542 || CPU utilization: 0.0858 || R#629's duration (s): 70.5353 || Cumulative runtime (s): 45369.9622 || Loading data delay (s): 6.7092 || Eval delay (s): 0.4517 || Agg delay (s): 0.0000 || Coordination delay (s): 0.0000 || DIST task delay: 0.0000 || RECV task delay: 0.0000 || Queueing delay: 0.0000 || MSG (from mid) Ave. delay: 0.0000 || Total cache delay: 0.0000 || Ave. cache delay: 0.0000
[R#629] CUMULATIVE_RUNTIME_SEC=45369.9622
Top Aggregator Timestamps: CACHE, CACHE_START_T: 0.0, CACHE_END_T: 0.0 || AGG, AGG_START_T: 0.0, AGG_END_T: 0.0 || EVAL, EVAL_START_T: 1765447873.1649075, EVAL_END_T: 1765447873.616641 || RECV, RECV_START_T: 0.0, RECV_END_T: 0.0 || DIST, DIST_START_T: 0.0, DIST_END_T: 0.0 || LOAD, LOAD_START_T: 1765447803.0846634, LOAD_END_T: 1765447809.7938576 || MSG_MTo, MSG_MTo_START_T: 0.0, MSG_MTo_END_T: 0.0
Loaded FEMNIST test split partition_id=20 with 371 samples
Wall-clock time: 1765447932.910964 ||Test loss: 0.4245 || Test accuracy: 0.8760 || CPU time: 7.5798 || CPU utilization: 0.1278 || R#630's duration (s): 59.2943 || Cumulative runtime (s): 45429.2565 || Loading data delay (s): 6.7317 || Eval delay (s): 0.5610 || Agg delay (s): 0.0000 || Coordination delay (s): 0.0000 || DIST task delay: 0.0000 || RECV task delay: 0.0000 || Queueing delay: 0.0000 || MSG (from mid) Ave. delay: 0.0000 || Total cache delay: 0.0000 || Ave. cache delay: 0.0000
[R#630] CUMULATIVE_RUNTIME_SEC=45429.2565
Top Aggregator Timestamps: CACHE, CACHE_START_T: 0.0, CACHE_END_T: 0.0 || AGG, AGG_START_T: 0.0, AGG_END_T: 0.0 || EVAL, EVAL_START_T: 1765447932.349976, EVAL_END_T: 1765447932.9109414 || RECV, RECV_START_T: 0.0, RECV_END_T: 0.0 || DIST, DIST_START_T: 0.0, DIST_END_T: 0.0 || LOAD, LOAD_START_T: 1765447873.6198194, LOAD_END_T: 1765447880.3515527 || MSG_MTo, MSG_MTo_START_T: 0.0, MSG_MTo_END_T: 0.0
Loaded FEMNIST test split partition_id=24 with 374 samples
Wall-clock time: 1765448014.4526453 ||Test loss: 0.4029 || Test accuracy: 0.8824 || CPU time: 7.7194 || CPU utilization: 0.0947 || R#631's duration (s): 81.5417 || Cumulative runtime (s): 45510.7981 || Loading data delay (s): 6.5613 || Eval delay (s): 0.5770 || Agg delay (s): 0.0000 || Coordination delay (s): 0.0000 || DIST task delay: 0.0000 || RECV task delay: 0.0000 || Queueing delay: 0.0000 || MSG (from mid) Ave. delay: 0.0000 || Total cache delay: 0.0000 || Ave. cache delay: 0.0000
[R#631] CUMULATIVE_RUNTIME_SEC=45510.7981
Top Aggregator Timestamps: CACHE, CACHE_START_T: 0.0, CACHE_END_T: 0.0 || AGG, AGG_START_T: 0.0, AGG_END_T: 0.0 || EVAL, EVAL_START_T: 1765448013.8756065, EVAL_END_T: 1765448014.4526038 || RECV, RECV_START_T: 0.0, RECV_END_T: 0.0 || DIST, DIST_START_T: 0.0, DIST_END_T: 0.0 || LOAD, LOAD_START_T: 1765447932.9144716, LOAD_END_T: 1765447939.4757996 || MSG_MTo, MSG_MTo_START_T: 0.0, MSG_MTo_END_T: 0.0
Loaded FEMNIST test split partition_id=32 with 278 samples
Wall-clock time: 1765448082.0033317 ||Test loss: 0.3716 || Test accuracy: 0.8777 || CPU time: 5.8824 || CPU utilization: 0.0871 || R#632's duration (s): 67.5507 || Cumulative runtime (s): 45578.3488 || Loading data delay (s): 6.7262 || Eval delay (s): 0.4411 || Agg delay (s): 0.0000 || Coordination delay (s): 0.0000 || DIST task delay: 0.0000 || RECV task delay: 0.0000 || Queueing delay: 0.0000 || MSG (from mid) Ave. delay: 0.0000 || Total cache delay: 0.0000 || Ave. cache delay: 0.0000
[R#632] CUMULATIVE_RUNTIME_SEC=45578.3488
Top Aggregator Timestamps: CACHE, CACHE_START_T: 0.0, CACHE_END_T: 0.0 || AGG, AGG_START_T: 0.0, AGG_END_T: 0.0 || EVAL, EVAL_START_T: 1765448081.5622375, EVAL_END_T: 1765448082.003301 || RECV, RECV_START_T: 0.0, RECV_END_T: 0.0 || DIST, DIST_START_T: 0.0, DIST_END_T: 0.0 || LOAD, LOAD_START_T: 1765448014.4562323, LOAD_END_T: 1765448021.1824148 || MSG_MTo, MSG_MTo_START_T: 0.0, MSG_MTo_END_T: 0.0
Loaded FEMNIST test split partition_id=57 with 388 samples
Wall-clock time: 1765448163.8456004 ||Test loss: 0.2693 || Test accuracy: 0.9278 || CPU time: 8.0162 || CPU utilization: 0.0979 || R#633's duration (s): 81.8423 || Cumulative runtime (s): 45660.1911 || Loading data delay (s): 6.6609 || Eval delay (s): 0.6034 || Agg delay (s): 0.0000 || Coordination delay (s): 0.0000 || DIST task delay: 0.0000 || RECV task delay: 0.0000 || Queueing delay: 0.0000 || MSG (from mid) Ave. delay: 0.0000 || Total cache delay: 0.0000 || Ave. cache delay: 0.0000
[R#633] CUMULATIVE_RUNTIME_SEC=45660.1911
Top Aggregator Timestamps: CACHE, CACHE_START_T: 0.0, CACHE_END_T: 0.0 || AGG, AGG_START_T: 0.0, AGG_END_T: 0.0 || EVAL, EVAL_START_T: 1765448163.2421234, EVAL_END_T: 1765448163.8455703 || RECV, RECV_START_T: 0.0, RECV_END_T: 0.0 || DIST, DIST_START_T: 0.0, DIST_END_T: 0.0 || LOAD, LOAD_START_T: 1765448082.0072117, LOAD_END_T: 1765448088.6680696 || MSG_MTo, MSG_MTo_START_T: 0.0, MSG_MTo_END_T: 0.0
Loaded FEMNIST test split partition_id=10 with 436 samples
Wall-clock time: 1765448232.389289 ||Test loss: 0.2827 || Test accuracy: 0.9083 || CPU time: 8.8815 || CPU utilization: 0.1296 || R#634's duration (s): 68.5437 || Cumulative runtime (s): 45728.7348 || Loading data delay (s): 6.6328 || Eval delay (s): 0.6571 || Agg delay (s): 0.0000 || Coordination delay (s): 0.0000 || DIST task delay: 0.0000 || RECV task delay: 0.0000 || Queueing delay: 0.0000 || MSG (from mid) Ave. delay: 0.0000 || Total cache delay: 0.0000 || Ave. cache delay: 0.0000
[R#634] CUMULATIVE_RUNTIME_SEC=45728.7348
Top Aggregator Timestamps: CACHE, CACHE_START_T: 0.0, CACHE_END_T: 0.0 || AGG, AGG_START_T: 0.0, AGG_END_T: 0.0 || EVAL, EVAL_START_T: 1765448231.7321658, EVAL_END_T: 1765448232.3892653 || RECV, RECV_START_T: 0.0, RECV_END_T: 0.0 || DIST, DIST_START_T: 0.0, DIST_END_T: 0.0 || LOAD, LOAD_START_T: 1765448163.8488383, LOAD_END_T: 1765448170.481608 || MSG_MTo, MSG_MTo_START_T: 0.0, MSG_MTo_END_T: 0.0
Loaded FEMNIST test split partition_id=46 with 430 samples
Wall-clock time: 1765448297.399417 ||Test loss: 0.1926 || Test accuracy: 0.9349 || CPU time: 8.4622 || CPU utilization: 0.1302 || R#635's duration (s): 65.0101 || Cumulative runtime (s): 45793.7449 || Loading data delay (s): 6.5942 || Eval delay (s): 0.6363 || Agg delay (s): 0.0000 || Coordination delay (s): 0.0000 || DIST task delay: 0.0000 || RECV task delay: 0.0000 || Queueing delay: 0.0000 || MSG (from mid) Ave. delay: 0.0000 || Total cache delay: 0.0000 || Ave. cache delay: 0.0000
[R#635] CUMULATIVE_RUNTIME_SEC=45793.7449
Top Aggregator Timestamps: CACHE, CACHE_START_T: 0.0, CACHE_END_T: 0.0 || AGG, AGG_START_T: 0.0, AGG_END_T: 0.0 || EVAL, EVAL_START_T: 1765448296.76312, EVAL_END_T: 1765448297.3993926 || RECV, RECV_START_T: 0.0, RECV_END_T: 0.0 || DIST, DIST_START_T: 0.0, DIST_END_T: 0.0 || LOAD, LOAD_START_T: 1765448232.392579, LOAD_END_T: 1765448238.9867504 || MSG_MTo, MSG_MTo_START_T: 0.0, MSG_MTo_END_T: 0.0
Loaded FEMNIST test split partition_id=61 with 356 samples
Wall-clock time: 1765448379.7921548 ||Test loss: 1.6850 || Test accuracy: 0.5871 || CPU time: 7.3678 || CPU utilization: 0.0894 || R#636's duration (s): 82.3927 || Cumulative runtime (s): 45876.1376 || Loading data delay (s): 6.7847 || Eval delay (s): 0.5547 || Agg delay (s): 0.0000 || Coordination delay (s): 0.0000 || DIST task delay: 0.0000 || RECV task delay: 0.0000 || Queueing delay: 0.0000 || MSG (from mid) Ave. delay: 0.0000 || Total cache delay: 0.0000 || Ave. cache delay: 0.0000
[R#636] CUMULATIVE_RUNTIME_SEC=45876.1376
Top Aggregator Timestamps: CACHE, CACHE_START_T: 0.0, CACHE_END_T: 0.0 || AGG, AGG_START_T: 0.0, AGG_END_T: 0.0 || EVAL, EVAL_START_T: 1765448379.237447, EVAL_END_T: 1765448379.7921286 || RECV, RECV_START_T: 0.0, RECV_END_T: 0.0 || DIST, DIST_START_T: 0.0, DIST_END_T: 0.0 || LOAD, LOAD_START_T: 1765448297.402675, LOAD_END_T: 1765448304.1873977 || MSG_MTo, MSG_MTo_START_T: 0.0, MSG_MTo_END_T: 0.0
Loaded FEMNIST test split partition_id=6 with 380 samples
Wall-clock time: 1765448457.6045055 ||Test loss: 0.4179 || Test accuracy: 0.8816 || CPU time: 7.6290 || CPU utilization: 0.0980 || R#637's duration (s): 77.8124 || Cumulative runtime (s): 45953.9500 || Loading data delay (s): 6.9674 || Eval delay (s): 0.5750 || Agg delay (s): 0.0000 || Coordination delay (s): 0.0000 || DIST task delay: 0.0000 || RECV task delay: 0.0000 || Queueing delay: 0.0000 || MSG (from mid) Ave. delay: 0.0000 || Total cache delay: 0.0000 || Ave. cache delay: 0.0000
[R#637] CUMULATIVE_RUNTIME_SEC=45953.9500
Top Aggregator Timestamps: CACHE, CACHE_START_T: 0.0, CACHE_END_T: 0.0 || AGG, AGG_START_T: 0.0, AGG_END_T: 0.0 || EVAL, EVAL_START_T: 1765448457.0295024, EVAL_END_T: 1765448457.6044824 || RECV, RECV_START_T: 0.0, RECV_END_T: 0.0 || DIST, DIST_START_T: 0.0, DIST_END_T: 0.0 || LOAD, LOAD_START_T: 1765448379.7954407, LOAD_END_T: 1765448386.7627919 || MSG_MTo, MSG_MTo_START_T: 0.0, MSG_MTo_END_T: 0.0
Loaded FEMNIST test split partition_id=9 with 377 samples
Wall-clock time: 1765448520.3330986 ||Test loss: 0.8078 || Test accuracy: 0.7745 || CPU time: 7.5172 || CPU utilization: 0.1198 || R#638's duration (s): 62.7286 || Cumulative runtime (s): 46016.6786 || Loading data delay (s): 6.7734 || Eval delay (s): 0.5597 || Agg delay (s): 0.0000 || Coordination delay (s): 0.0000 || DIST task delay: 0.0000 || RECV task delay: 0.0000 || Queueing delay: 0.0000 || MSG (from mid) Ave. delay: 0.0000 || Total cache delay: 0.0000 || Ave. cache delay: 0.0000
[R#638] CUMULATIVE_RUNTIME_SEC=46016.6786
Top Aggregator Timestamps: CACHE, CACHE_START_T: 0.0, CACHE_END_T: 0.0 || AGG, AGG_START_T: 0.0, AGG_END_T: 0.0 || EVAL, EVAL_START_T: 1765448519.7733955, EVAL_END_T: 1765448520.333071 || RECV, RECV_START_T: 0.0, RECV_END_T: 0.0 || DIST, DIST_START_T: 0.0, DIST_END_T: 0.0 || LOAD, LOAD_START_T: 1765448457.607834, LOAD_END_T: 1765448464.381188 || MSG_MTo, MSG_MTo_START_T: 0.0, MSG_MTo_END_T: 0.0
Loaded FEMNIST test split partition_id=20 with 371 samples
Wall-clock time: 1765448601.7219377 ||Test loss: 0.3429 || Test accuracy: 0.8895 || CPU time: 7.5617 || CPU utilization: 0.0929 || R#639's duration (s): 81.3888 || Cumulative runtime (s): 46098.0674 || Loading data delay (s): 6.6481 || Eval delay (s): 0.5574 || Agg delay (s): 0.0000 || Coordination delay (s): 0.0000 || DIST task delay: 0.0000 || RECV task delay: 0.0000 || Queueing delay: 0.0000 || MSG (from mid) Ave. delay: 0.0000 || Total cache delay: 0.0000 || Ave. cache delay: 0.0000
[R#639] CUMULATIVE_RUNTIME_SEC=46098.0674
Top Aggregator Timestamps: CACHE, CACHE_START_T: 0.0, CACHE_END_T: 0.0 || AGG, AGG_START_T: 0.0, AGG_END_T: 0.0 || EVAL, EVAL_START_T: 1765448601.164522, EVAL_END_T: 1765448601.7219148 || RECV, RECV_START_T: 0.0, RECV_END_T: 0.0 || DIST, DIST_START_T: 0.0, DIST_END_T: 0.0 || LOAD, LOAD_START_T: 1765448520.336262, LOAD_END_T: 1765448526.9843826 || MSG_MTo, MSG_MTo_START_T: 0.0, MSG_MTo_END_T: 0.0
Loaded FEMNIST test split partition_id=16 with 312 samples
Wall-clock time: 1765448663.0935156 ||Test loss: 0.4189 || Test accuracy: 0.8814 || CPU time: 6.3889 || CPU utilization: 0.1041 || R#640's duration (s): 61.3716 || Cumulative runtime (s): 46159.4390 || Loading data delay (s): 6.7544 || Eval delay (s): 0.4704 || Agg delay (s): 0.0000 || Coordination delay (s): 0.0000 || DIST task delay: 0.0000 || RECV task delay: 0.0000 || Queueing delay: 0.0000 || MSG (from mid) Ave. delay: 0.0000 || Total cache delay: 0.0000 || Ave. cache delay: 0.0000
[R#640] CUMULATIVE_RUNTIME_SEC=46159.4390
Top Aggregator Timestamps: CACHE, CACHE_START_T: 0.0, CACHE_END_T: 0.0 || AGG, AGG_START_T: 0.0, AGG_END_T: 0.0 || EVAL, EVAL_START_T: 1765448662.623122, EVAL_END_T: 1765448663.0934932 || RECV, RECV_START_T: 0.0, RECV_END_T: 0.0 || DIST, DIST_START_T: 0.0, DIST_END_T: 0.0 || LOAD, LOAD_START_T: 1765448601.7249103, LOAD_END_T: 1765448608.4792829 || MSG_MTo, MSG_MTo_START_T: 0.0, MSG_MTo_END_T: 0.0
Loaded FEMNIST test split partition_id=60 with 303 samples
Wall-clock time: 1765448725.6350498 ||Test loss: 0.4615 || Test accuracy: 0.8416 || CPU time: 6.1370 || CPU utilization: 0.0981 || R#641's duration (s): 62.5415 || Cumulative runtime (s): 46221.9805 || Loading data delay (s): 6.4030 || Eval delay (s): 0.4559 || Agg delay (s): 0.0000 || Coordination delay (s): 0.0000 || DIST task delay: 0.0000 || RECV task delay: 0.0000 || Queueing delay: 0.0000 || MSG (from mid) Ave. delay: 0.0000 || Total cache delay: 0.0000 || Ave. cache delay: 0.0000
[R#641] CUMULATIVE_RUNTIME_SEC=46221.9805
Top Aggregator Timestamps: CACHE, CACHE_START_T: 0.0, CACHE_END_T: 0.0 || AGG, AGG_START_T: 0.0, AGG_END_T: 0.0 || EVAL, EVAL_START_T: 1765448725.1791298, EVAL_END_T: 1765448725.635026 || RECV, RECV_START_T: 0.0, RECV_END_T: 0.0 || DIST, DIST_START_T: 0.0, DIST_END_T: 0.0 || LOAD, LOAD_START_T: 1765448663.0966666, LOAD_END_T: 1765448669.4996388 || MSG_MTo, MSG_MTo_START_T: 0.0, MSG_MTo_END_T: 0.0
Loaded FEMNIST test split partition_id=57 with 388 samples
Wall-clock time: 1765448796.1198628 ||Test loss: 0.3777 || Test accuracy: 0.9046 || CPU time: 7.8549 || CPU utilization: 0.1114 || R#642's duration (s): 70.4848 || Cumulative runtime (s): 46292.4654 || Loading data delay (s): 6.5745 || Eval delay (s): 0.5838 || Agg delay (s): 0.0000 || Coordination delay (s): 0.0000 || DIST task delay: 0.0000 || RECV task delay: 0.0000 || Queueing delay: 0.0000 || MSG (from mid) Ave. delay: 0.0000 || Total cache delay: 0.0000 || Ave. cache delay: 0.0000
[R#642] CUMULATIVE_RUNTIME_SEC=46292.4654
Top Aggregator Timestamps: CACHE, CACHE_START_T: 0.0, CACHE_END_T: 0.0 || AGG, AGG_START_T: 0.0, AGG_END_T: 0.0 || EVAL, EVAL_START_T: 1765448795.5360835, EVAL_END_T: 1765448796.1198397 || RECV, RECV_START_T: 0.0, RECV_END_T: 0.0 || DIST, DIST_START_T: 0.0, DIST_END_T: 0.0 || LOAD, LOAD_START_T: 1765448725.638242, LOAD_END_T: 1765448732.2127054 || MSG_MTo, MSG_MTo_START_T: 0.0, MSG_MTo_END_T: 0.0
Loaded FEMNIST test split partition_id=16 with 312 samples
Wall-clock time: 1765448867.6274378 ||Test loss: 0.5114 || Test accuracy: 0.8622 || CPU time: 6.9523 || CPU utilization: 0.0972 || R#643's duration (s): 71.5076 || Cumulative runtime (s): 46363.9729 || Loading data delay (s): 6.8807 || Eval delay (s): 0.5220 || Agg delay (s): 0.0000 || Coordination delay (s): 0.0000 || DIST task delay: 0.0000 || RECV task delay: 0.0000 || Queueing delay: 0.0000 || MSG (from mid) Ave. delay: 0.0000 || Total cache delay: 0.0000 || Ave. cache delay: 0.0000
[R#643] CUMULATIVE_RUNTIME_SEC=46363.9729
Top Aggregator Timestamps: CACHE, CACHE_START_T: 0.0, CACHE_END_T: 0.0 || AGG, AGG_START_T: 0.0, AGG_END_T: 0.0 || EVAL, EVAL_START_T: 1765448867.1054347, EVAL_END_T: 1765448867.6274128 || RECV, RECV_START_T: 0.0, RECV_END_T: 0.0 || DIST, DIST_START_T: 0.0, DIST_END_T: 0.0 || LOAD, LOAD_START_T: 1765448796.1231556, LOAD_END_T: 1765448803.003887 || MSG_MTo, MSG_MTo_START_T: 0.0, MSG_MTo_END_T: 0.0
Loaded FEMNIST test split partition_id=8 with 418 samples
Wall-clock time: 1765448948.7936282 ||Test loss: 0.1953 || Test accuracy: 0.9211 || CPU time: 8.5841 || CPU utilization: 0.1058 || R#644's duration (s): 81.1662 || Cumulative runtime (s): 46445.1391 || Loading data delay (s): 6.4268 || Eval delay (s): 0.6327 || Agg delay (s): 0.0000 || Coordination delay (s): 0.0000 || DIST task delay: 0.0000 || RECV task delay: 0.0000 || Queueing delay: 0.0000 || MSG (from mid) Ave. delay: 0.0000 || Total cache delay: 0.0000 || Ave. cache delay: 0.0000
[R#644] CUMULATIVE_RUNTIME_SEC=46445.1391
Top Aggregator Timestamps: CACHE, CACHE_START_T: 0.0, CACHE_END_T: 0.0 || AGG, AGG_START_T: 0.0, AGG_END_T: 0.0 || EVAL, EVAL_START_T: 1765448948.1609337, EVAL_END_T: 1765448948.7935998 || RECV, RECV_START_T: 0.0, RECV_END_T: 0.0 || DIST, DIST_START_T: 0.0, DIST_END_T: 0.0 || LOAD, LOAD_START_T: 1765448867.6303813, LOAD_END_T: 1765448874.0571828 || MSG_MTo, MSG_MTo_START_T: 0.0, MSG_MTo_END_T: 0.0
Loaded FEMNIST test split partition_id=44 with 343 samples
Wall-clock time: 1765449033.327584 ||Test loss: 0.7697 || Test accuracy: 0.8047 || CPU time: 6.8794 || CPU utilization: 0.0814 || R#645's duration (s): 84.5340 || Cumulative runtime (s): 46529.6731 || Loading data delay (s): 6.5595 || Eval delay (s): 0.5142 || Agg delay (s): 0.0000 || Coordination delay (s): 0.0000 || DIST task delay: 0.0000 || RECV task delay: 0.0000 || Queueing delay: 0.0000 || MSG (from mid) Ave. delay: 0.0000 || Total cache delay: 0.0000 || Ave. cache delay: 0.0000
[R#645] CUMULATIVE_RUNTIME_SEC=46529.6731
Top Aggregator Timestamps: CACHE, CACHE_START_T: 0.0, CACHE_END_T: 0.0 || AGG, AGG_START_T: 0.0, AGG_END_T: 0.0 || EVAL, EVAL_START_T: 1765449032.813317, EVAL_END_T: 1765449033.3275506 || RECV, RECV_START_T: 0.0, RECV_END_T: 0.0 || DIST, DIST_START_T: 0.0, DIST_END_T: 0.0 || LOAD, LOAD_START_T: 1765448948.7969537, LOAD_END_T: 1765448955.3564966 || MSG_MTo, MSG_MTo_START_T: 0.0, MSG_MTo_END_T: 0.0
Loaded FEMNIST test split partition_id=38 with 347 samples
Wall-clock time: 1765449116.6083927 ||Test loss: 0.4805 || Test accuracy: 0.8876 || CPU time: 6.8546 || CPU utilization: 0.0823 || R#646's duration (s): 83.2808 || Cumulative runtime (s): 46612.9539 || Loading data delay (s): 6.3075 || Eval delay (s): 0.5105 || Agg delay (s): 0.0000 || Coordination delay (s): 0.0000 || DIST task delay: 0.0000 || RECV task delay: 0.0000 || Queueing delay: 0.0000 || MSG (from mid) Ave. delay: 0.0000 || Total cache delay: 0.0000 || Ave. cache delay: 0.0000
[R#646] CUMULATIVE_RUNTIME_SEC=46612.9539
Top Aggregator Timestamps: CACHE, CACHE_START_T: 0.0, CACHE_END_T: 0.0 || AGG, AGG_START_T: 0.0, AGG_END_T: 0.0 || EVAL, EVAL_START_T: 1765449116.0979078, EVAL_END_T: 1765449116.608367 || RECV, RECV_START_T: 0.0, RECV_END_T: 0.0 || DIST, DIST_START_T: 0.0, DIST_END_T: 0.0 || LOAD, LOAD_START_T: 1765449033.3311439, LOAD_END_T: 1765449039.638653 || MSG_MTo, MSG_MTo_START_T: 0.0, MSG_MTo_END_T: 0.0
Loaded FEMNIST test split partition_id=26 with 363 samples
Wall-clock time: 1765449194.0957325 ||Test loss: 0.2737 || Test accuracy: 0.9063 || CPU time: 7.2384 || CPU utilization: 0.0934 || R#647's duration (s): 77.4873 || Cumulative runtime (s): 46690.4412 || Loading data delay (s): 6.8716 || Eval delay (s): 0.5401 || Agg delay (s): 0.0000 || Coordination delay (s): 0.0000 || DIST task delay: 0.0000 || RECV task delay: 0.0000 || Queueing delay: 0.0000 || MSG (from mid) Ave. delay: 0.0000 || Total cache delay: 0.0000 || Ave. cache delay: 0.0000
[R#647] CUMULATIVE_RUNTIME_SEC=46690.4412
Top Aggregator Timestamps: CACHE, CACHE_START_T: 0.0, CACHE_END_T: 0.0 || AGG, AGG_START_T: 0.0, AGG_END_T: 0.0 || EVAL, EVAL_START_T: 1765449193.5556362, EVAL_END_T: 1765449194.0957072 || RECV, RECV_START_T: 0.0, RECV_END_T: 0.0 || DIST, DIST_START_T: 0.0, DIST_END_T: 0.0 || LOAD, LOAD_START_T: 1765449116.611427, LOAD_END_T: 1765449123.4830287 || MSG_MTo, MSG_MTo_START_T: 0.0, MSG_MTo_END_T: 0.0
Loaded FEMNIST test split partition_id=41 with 358 samples
Wall-clock time: 1765449280.0854635 ||Test loss: 0.4560 || Test accuracy: 0.8743 || CPU time: 7.4016 || CPU utilization: 0.0861 || R#648's duration (s): 85.9897 || Cumulative runtime (s): 46776.4310 || Loading data delay (s): 6.3611 || Eval delay (s): 0.5447 || Agg delay (s): 0.0000 || Coordination delay (s): 0.0000 || DIST task delay: 0.0000 || RECV task delay: 0.0000 || Queueing delay: 0.0000 || MSG (from mid) Ave. delay: 0.0000 || Total cache delay: 0.0000 || Ave. cache delay: 0.0000
[R#648] CUMULATIVE_RUNTIME_SEC=46776.4310
Top Aggregator Timestamps: CACHE, CACHE_START_T: 0.0, CACHE_END_T: 0.0 || AGG, AGG_START_T: 0.0, AGG_END_T: 0.0 || EVAL, EVAL_START_T: 1765449279.5407863, EVAL_END_T: 1765449280.08544 || RECV, RECV_START_T: 0.0, RECV_END_T: 0.0 || DIST, DIST_START_T: 0.0, DIST_END_T: 0.0 || LOAD, LOAD_START_T: 1765449194.0990226, LOAD_END_T: 1765449200.4601178 || MSG_MTo, MSG_MTo_START_T: 0.0, MSG_MTo_END_T: 0.0
Loaded FEMNIST test split partition_id=29 with 247 samples
Wall-clock time: 1765449343.7222476 ||Test loss: 0.7599 || Test accuracy: 0.7652 || CPU time: 5.1741 || CPU utilization: 0.0813 || R#649's duration (s): 63.6368 || Cumulative runtime (s): 46840.0677 || Loading data delay (s): 6.9802 || Eval delay (s): 0.3777 || Agg delay (s): 0.0000 || Coordination delay (s): 0.0000 || DIST task delay: 0.0000 || RECV task delay: 0.0000 || Queueing delay: 0.0000 || MSG (from mid) Ave. delay: 0.0000 || Total cache delay: 0.0000 || Ave. cache delay: 0.0000
[R#649] CUMULATIVE_RUNTIME_SEC=46840.0677
Top Aggregator Timestamps: CACHE, CACHE_START_T: 0.0, CACHE_END_T: 0.0 || AGG, AGG_START_T: 0.0, AGG_END_T: 0.0 || EVAL, EVAL_START_T: 1765449343.3445137, EVAL_END_T: 1765449343.7222173 || RECV, RECV_START_T: 0.0, RECV_END_T: 0.0 || DIST, DIST_START_T: 0.0, DIST_END_T: 0.0 || LOAD, LOAD_START_T: 1765449280.0887678, LOAD_END_T: 1765449287.068985 || MSG_MTo, MSG_MTo_START_T: 0.0, MSG_MTo_END_T: 0.0
Loaded FEMNIST test split partition_id=4 with 315 samples
Wall-clock time: 1765449417.4742172 ||Test loss: 0.7108 || Test accuracy: 0.8127 || CPU time: 6.7868 || CPU utilization: 0.0920 || R#650's duration (s): 73.7520 || Cumulative runtime (s): 46913.8197 || Loading data delay (s): 6.4817 || Eval delay (s): 0.4996 || Agg delay (s): 0.0000 || Coordination delay (s): 0.0000 || DIST task delay: 0.0000 || RECV task delay: 0.0000 || Queueing delay: 0.0000 || MSG (from mid) Ave. delay: 0.0000 || Total cache delay: 0.0000 || Ave. cache delay: 0.0000
[R#650] CUMULATIVE_RUNTIME_SEC=46913.8197
Top Aggregator Timestamps: CACHE, CACHE_START_T: 0.0, CACHE_END_T: 0.0 || AGG, AGG_START_T: 0.0, AGG_END_T: 0.0 || EVAL, EVAL_START_T: 1765449416.9745352, EVAL_END_T: 1765449417.474179 || RECV, RECV_START_T: 0.0, RECV_END_T: 0.0 || DIST, DIST_START_T: 0.0, DIST_END_T: 0.0 || LOAD, LOAD_START_T: 1765449343.725504, LOAD_END_T: 1765449350.207217 || MSG_MTo, MSG_MTo_START_T: 0.0, MSG_MTo_END_T: 0.0
Loaded FEMNIST test split partition_id=17 with 424 samples
Wall-clock time: 1765449497.0825515 ||Test loss: 0.3150 || Test accuracy: 0.8892 || CPU time: 8.5199 || CPU utilization: 0.1070 || R#651's duration (s): 79.6083 || Cumulative runtime (s): 46993.4280 || Loading data delay (s): 6.9752 || Eval delay (s): 0.6469 || Agg delay (s): 0.0000 || Coordination delay (s): 0.0000 || DIST task delay: 0.0000 || RECV task delay: 0.0000 || Queueing delay: 0.0000 || MSG (from mid) Ave. delay: 0.0000 || Total cache delay: 0.0000 || Ave. cache delay: 0.0000
[R#651] CUMULATIVE_RUNTIME_SEC=46993.4280
Top Aggregator Timestamps: CACHE, CACHE_START_T: 0.0, CACHE_END_T: 0.0 || AGG, AGG_START_T: 0.0, AGG_END_T: 0.0 || EVAL, EVAL_START_T: 1765449496.435585, EVAL_END_T: 1765449497.0825274 || RECV, RECV_START_T: 0.0, RECV_END_T: 0.0 || DIST, DIST_START_T: 0.0, DIST_END_T: 0.0 || LOAD, LOAD_START_T: 1765449417.4777937, LOAD_END_T: 1765449424.4529486 || MSG_MTo, MSG_MTo_START_T: 0.0, MSG_MTo_END_T: 0.0
Loaded FEMNIST test split partition_id=34 with 376 samples
Wall-clock time: 1765449561.6410694 ||Test loss: 0.4381 || Test accuracy: 0.8617 || CPU time: 7.9986 || CPU utilization: 0.1239 || R#652's duration (s): 64.5585 || Cumulative runtime (s): 47057.9866 || Loading data delay (s): 7.1173 || Eval delay (s): 0.5958 || Agg delay (s): 0.0000 || Coordination delay (s): 0.0000 || DIST task delay: 0.0000 || RECV task delay: 0.0000 || Queueing delay: 0.0000 || MSG (from mid) Ave. delay: 0.0000 || Total cache delay: 0.0000 || Ave. cache delay: 0.0000
[R#652] CUMULATIVE_RUNTIME_SEC=47057.9866
Top Aggregator Timestamps: CACHE, CACHE_START_T: 0.0, CACHE_END_T: 0.0 || AGG, AGG_START_T: 0.0, AGG_END_T: 0.0 || EVAL, EVAL_START_T: 1765449561.0452054, EVAL_END_T: 1765449561.64104 || RECV, RECV_START_T: 0.0, RECV_END_T: 0.0 || DIST, DIST_START_T: 0.0, DIST_END_T: 0.0 || LOAD, LOAD_START_T: 1765449497.0875623, LOAD_END_T: 1765449504.2048333 || MSG_MTo, MSG_MTo_START_T: 0.0, MSG_MTo_END_T: 0.0
Loaded FEMNIST test split partition_id=50 with 313 samples
Wall-clock time: 1765449642.5952313 ||Test loss: 0.3491 || Test accuracy: 0.9169 || CPU time: 6.7226 || CPU utilization: 0.0830 || R#653's duration (s): 80.9542 || Cumulative runtime (s): 47138.9407 || Loading data delay (s): 6.9276 || Eval delay (s): 0.4981 || Agg delay (s): 0.0000 || Coordination delay (s): 0.0000 || DIST task delay: 0.0000 || RECV task delay: 0.0000 || Queueing delay: 0.0000 || MSG (from mid) Ave. delay: 0.0000 || Total cache delay: 0.0000 || Ave. cache delay: 0.0000
[R#653] CUMULATIVE_RUNTIME_SEC=47138.9407
Top Aggregator Timestamps: CACHE, CACHE_START_T: 0.0, CACHE_END_T: 0.0 || AGG, AGG_START_T: 0.0, AGG_END_T: 0.0 || EVAL, EVAL_START_T: 1765449642.0971007, EVAL_END_T: 1765449642.5952048 || RECV, RECV_START_T: 0.0, RECV_END_T: 0.0 || DIST, DIST_START_T: 0.0, DIST_END_T: 0.0 || LOAD, LOAD_START_T: 1765449561.6453352, LOAD_END_T: 1765449568.5729823 || MSG_MTo, MSG_MTo_START_T: 0.0, MSG_MTo_END_T: 0.0
Loaded FEMNIST test split partition_id=4 with 315 samples
Wall-clock time: 1765449720.6695004 ||Test loss: 0.6429 || Test accuracy: 0.8444 || CPU time: 6.5239 || CPU utilization: 0.0836 || R#654's duration (s): 78.0743 || Cumulative runtime (s): 47217.0150 || Loading data delay (s): 6.6094 || Eval delay (s): 0.4822 || Agg delay (s): 0.0000 || Coordination delay (s): 0.0000 || DIST task delay: 0.0000 || RECV task delay: 0.0000 || Queueing delay: 0.0000 || MSG (from mid) Ave. delay: 0.0000 || Total cache delay: 0.0000 || Ave. cache delay: 0.0000
[R#654] CUMULATIVE_RUNTIME_SEC=47217.0150
Top Aggregator Timestamps: CACHE, CACHE_START_T: 0.0, CACHE_END_T: 0.0 || AGG, AGG_START_T: 0.0, AGG_END_T: 0.0 || EVAL, EVAL_START_T: 1765449720.187246, EVAL_END_T: 1765449720.669478 || RECV, RECV_START_T: 0.0, RECV_END_T: 0.0 || DIST, DIST_START_T: 0.0, DIST_END_T: 0.0 || LOAD, LOAD_START_T: 1765449642.5988128, LOAD_END_T: 1765449649.2081816 || MSG_MTo, MSG_MTo_START_T: 0.0, MSG_MTo_END_T: 0.0
Loaded FEMNIST test split partition_id=49 with 393 samples
Wall-clock time: 1765449806.1542346 ||Test loss: 0.2216 || Test accuracy: 0.9186 || CPU time: 8.2424 || CPU utilization: 0.0964 || R#655's duration (s): 85.4847 || Cumulative runtime (s): 47302.4997 || Loading data delay (s): 6.9845 || Eval delay (s): 0.6192 || Agg delay (s): 0.0000 || Coordination delay (s): 0.0000 || DIST task delay: 0.0000 || RECV task delay: 0.0000 || Queueing delay: 0.0000 || MSG (from mid) Ave. delay: 0.0000 || Total cache delay: 0.0000 || Ave. cache delay: 0.0000
[R#655] CUMULATIVE_RUNTIME_SEC=47302.4997
Top Aggregator Timestamps: CACHE, CACHE_START_T: 0.0, CACHE_END_T: 0.0 || AGG, AGG_START_T: 0.0, AGG_END_T: 0.0 || EVAL, EVAL_START_T: 1765449805.5349832, EVAL_END_T: 1765449806.1542132 || RECV, RECV_START_T: 0.0, RECV_END_T: 0.0 || DIST, DIST_START_T: 0.0, DIST_END_T: 0.0 || LOAD, LOAD_START_T: 1765449720.672894, LOAD_END_T: 1765449727.6574328 || MSG_MTo, MSG_MTo_START_T: 0.0, MSG_MTo_END_T: 0.0
Loaded FEMNIST test split partition_id=34 with 376 samples
